{
  "type": "FeatureCollection",
  "source": "OpenStreetMap contributors, ODbL - relation 2805690 (fetched 2026-10-02)",
  "features": [
    {
      "type": "Feature",
      "properties": {
        "name": "Bieńkowice",
        "slug": "bienkowice",
        "osm_relation": 2319654,
        "in": {
          "en": "in Bieńkowice",
          "pl": "w Bieńkowicach"
        }
      },
      "geometry": {
        "type": "MultiPolygon",
        "coordinates": [
          [
            [
              [
                17.086762,
                51.046462
              ],
              [
                17.091168,
                51.045579
              ],
              [
                17.098386,
                51.045158
              ],
              [
                17.098682,
                51.045152
              ],
              [
                17.098718,
                51.045259
              ],
              [
                17.10339,
                51.045286
              ],
              [
                17.10486,
                51.048158
              ],
              [
                17.106508,
                51.049912
              ],
              [
                17.107231,
                51.050856
              ],
              [
                17.106554,
                51.051573
              ],
              [
                17.106385,
                51.052024
              ],
              [
                17.105927,
                51.052471
              ],
              [
                17.105207,
                51.052841
              ],
              [
                17.10414,
                51.053201
              ],
              [
                17.103544,
                51.053529
              ],
              [
                17.102894,
                51.054185
              ],
              [
                17.102126,
                51.055272
              ],
              [
                17.101789,
                51.055512
              ],
              [
                17.100022,
                51.056317
              ],
              [
                17.09864,
                51.056822
              ],
              [
                17.097144,
                51.058382
              ],
              [
                17.095762,
                51.05935
              ],
              [
                17.094236,
                51.058621
              ],
              [
                17.090924,
                51.055296
              ],
              [
                17.09032,
                51.054533
              ],
              [
                17.089908,
                51.053447
              ],
              [
                17.089103,
                51.051773
              ],
              [
                17.088777,
                51.051274
              ],
              [
                17.087887,
                51.049142
              ],
              [
                17.087589,
                51.048685
              ],
              [
                17.087023,
                51.048091
              ],
              [
                17.086884,
                51.047681
              ],
              [
                17.086762,
                51.046462
              ]
            ]
          ]
        ]
      }
    },
    {
      "type": "Feature",
      "properties": {
        "name": "Biskupin-Sępolno-Dąbie-Bartoszowice",
        "slug": "biskupin-sepolno-dabie-bartoszowice",
        "osm_relation": 2336794,
        "in": {
          "en": "in Biskupin-Sępolno-Dąbie-Bartoszowice",
          "pl": "na Biskupinie-Sępolnie-Dąbiu-Bartoszowicach"
        }
      },
      "geometry": {
        "type": "MultiPolygon",
        "coordinates": [
          [
            [
              [
                17.067029,
                51.104277
              ],
              [
                17.067759,
                51.104078
              ],
              [
                17.072327,
                51.102089
              ],
              [
                17.073661,
                51.101606
              ],
              [
                17.07771,
                51.099814
              ],
              [
                17.079899,
                51.098982
              ],
              [
                17.082081,
                51.098375
              ],
              [
                17.084447,
                51.097834
              ],
              [
                17.096065,
                51.094456
              ],
              [
                17.098415,
                51.093936
              ],
              [
                17.0996,
                51.093814
              ],
              [
                17.102824,
                51.09381
              ],
              [
                17.105211,
                51.0943
              ],
              [
                17.113162,
                51.096537
              ],
              [
                17.120108,
                51.099536
              ],
              [
                17.121141,
                51.099908
              ],
              [
                17.122163,
                51.10016
              ],
              [
                17.124364,
                51.100424
              ],
              [
                17.125862,
                51.100469
              ],
              [
                17.127472,
                51.100335
              ],
              [
                17.122084,
                51.104096
              ],
              [
                17.119247,
                51.106461
              ],
              [
                17.116709,
                51.10828
              ],
              [
                17.108502,
                51.113851
              ],
              [
                17.107623,
                51.113344
              ],
              [
                17.107304,
                51.113292
              ],
              [
                17.101867,
                51.113925
              ],
              [
                17.091459,
                51.11363
              ],
              [
                17.086492,
                51.112635
              ],
              [
                17.070395,
                51.107992
              ],
              [
                17.069668,
                51.108182
              ],
              [
                17.067029,
                51.104277
              ]
            ]
          ]
        ]
      }
    },
    {
      "type": "Feature",
      "properties": {
        "name": "Borek",
        "slug": "borek",
        "osm_relation": 2321991,
        "in": {
          "en": "in Borek",
          "pl": "na Borku"
        }
      },
      "geometry": {
        "type": "MultiPolygon",
        "coordinates": [
          [
            [
              [
                16.995911,
                51.089957
              ],
              [
                17.000155,
                51.089664
              ],
              [
                17.00113,
                51.089511
              ],
              [
                17.013004,
                51.086185
              ],
              [
                17.015772,
                51.085549
              ],
              [
                17.017752,
                51.085414
              ],
              [
                17.019199,
                51.084932
              ],
              [
                17.026186,
                51.083741
              ],
              [
                17.02609,
                51.083526
              ],
              [
                17.026676,
                51.082856
              ],
              [
                17.026116,
                51.081458
              ],
              [
                17.026266,
                51.081164
              ],
              [
                17.023448,
                51.075739
              ],
              [
                17.023382,
                51.075541
              ],
              [
                17.02378,
                51.075432
              ],
              [
                17.022669,
                51.073037
              ],
              [
                17.022619,
                51.072986
              ],
              [
                17.022334,
                51.07306
              ],
              [
                17.021252,
                51.070985
              ],
              [
                17.017007,
                51.070969
              ],
              [
                17.015278,
                51.07106
              ],
              [
                17.013769,
                51.071265
              ],
              [
                17.011453,
                51.07178
              ],
              [
                17.009138,
                51.072592
              ],
              [
                17.008228,
                51.073006
              ],
              [
                17.007136,
                51.073645
              ],
              [
                17.005525,
                51.074882
              ],
              [
                17.000469,
                51.079949
              ],
              [
                16.999009,
                51.081583
              ],
              [
                16.998056,
                51.082975
              ],
              [
                16.997201,
                51.084493
              ],
              [
                16.996456,
                51.086562
              ],
              [
                16.995911,
                51.089957
              ]
            ]
          ]
        ]
      }
    },
    {
      "type": "Feature",
      "properties": {
        "name": "Brochów",
        "slug": "brochow",
        "osm_relation": 2319686,
        "in": {
          "en": "in Brochów",
          "pl": "na Brochowie"
        }
      },
      "geometry": {
        "type": "MultiPolygon",
        "coordinates": [
          [
            [
              [
                17.065469,
                51.073012
              ],
              [
                17.064422,
                51.071674
              ],
              [
                17.063974,
                51.070846
              ],
              [
                17.063679,
                51.069925
              ],
              [
                17.063726,
                51.068915
              ],
              [
                17.06399,
                51.068254
              ],
              [
                17.064454,
                51.067408
              ],
              [
                17.068644,
                51.063772
              ],
              [
                17.069207,
                51.063203
              ],
              [
                17.069503,
                51.062767
              ],
              [
                17.069817,
                51.062016
              ],
              [
                17.070008,
                51.061308
              ],
              [
                17.069977,
                51.060714
              ],
              [
                17.069396,
                51.059008
              ],
              [
                17.070972,
                51.058806
              ],
              [
                17.071948,
                51.058816
              ],
              [
                17.072235,
                51.058458
              ],
              [
                17.072966,
                51.056378
              ],
              [
                17.074018,
                51.054335
              ],
              [
                17.074242,
                51.054038
              ],
              [
                17.076497,
                51.053788
              ],
              [
                17.078672,
                51.050472
              ],
              [
                17.082681,
                51.048742
              ],
              [
                17.083914,
                51.047993
              ],
              [
                17.08479,
                51.047246
              ],
              [
                17.085515,
                51.046753
              ],
              [
                17.086762,
                51.046462
              ],
              [
                17.086884,
                51.047681
              ],
              [
                17.087023,
                51.048091
              ],
              [
                17.087589,
                51.048685
              ],
              [
                17.087887,
                51.049142
              ],
              [
                17.088777,
                51.051274
              ],
              [
                17.089103,
                51.051773
              ],
              [
                17.089908,
                51.053447
              ],
              [
                17.09032,
                51.054533
              ],
              [
                17.090924,
                51.055296
              ],
              [
                17.094236,
                51.058621
              ],
              [
                17.092347,
                51.060268
              ],
              [
                17.09209,
                51.060144
              ],
              [
                17.090484,
                51.061459
              ],
              [
                17.090413,
                51.061683
              ],
              [
                17.090526,
                51.061858
              ],
              [
                17.090516,
                51.06205
              ],
              [
                17.089152,
                51.063597
              ],
              [
                17.087136,
                51.065125
              ],
              [
                17.086788,
                51.06561
              ],
              [
                17.085609,
                51.066631
              ],
              [
                17.082574,
                51.070007
              ],
              [
                17.081894,
                51.070886
              ],
              [
                17.080746,
                51.071949
              ],
              [
                17.078874,
                51.073972
              ],
              [
                17.078232,
                51.074803
              ],
              [
                17.077826,
                51.075108
              ],
              [
                17.076363,
                51.077423
              ],
              [
                17.074119,
                51.080167
              ],
              [
                17.072539,
                51.081651
              ],
              [
                17.073234,
                51.080495
              ],
              [
                17.073328,
                51.079837
              ],
              [
                17.073116,
                51.078334
              ],
              [
                17.072985,
                51.077872
              ],
              [
                17.072628,
                51.077235
              ],
              [
                17.071832,
                51.076456
              ],
              [
                17.070819,
                51.075773
              ],
              [
                17.067597,
                51.074664
              ],
              [
                17.066793,
                51.074251
              ],
              [
                17.06606,
                51.073657
              ],
              [
                17.065469,
                51.073012
              ]
            ]
          ]
        ]
      }
    },
    {
      "type": "Feature",
      "properties": {
        "name": "Gądów-Popowice Południowe",
        "slug": "gadow-popowice-poludniowe",
        "osm_relation": 2341611,
        "in": {
          "en": "in Gądów-Popowice Południowe",
          "pl": "na Gądowie-Popowicach Południowych"
        }
      },
      "geometry": {
        "type": "MultiPolygon",
        "coordinates": [
          [
            [
              [
                16.953204,
                51.127281
              ],
              [
                16.965064,
                51.118148
              ],
              [
                16.969541,
                51.117302
              ],
              [
                16.984285,
                51.114812
              ],
              [
                16.984537,
                51.115248
              ],
              [
                16.985802,
                51.115258
              ],
              [
                16.98725,
                51.115481
              ],
              [
                16.99192,
                51.117168
              ],
              [
                16.994511,
                51.118237
              ],
              [
                16.994992,
                51.118587
              ],
              [
                16.996234,
                51.120089
              ],
              [
                16.994323,
                51.121054
              ],
              [
                16.992628,
                51.121763
              ],
              [
                16.985984,
                51.124453
              ],
              [
                16.984037,
                51.125084
              ],
              [
                16.981447,
                51.126199
              ],
              [
                16.977925,
                51.127553
              ],
              [
                16.968053,
                51.130481
              ],
              [
                16.956876,
                51.132893
              ],
              [
                16.953681,
                51.127533
              ],
              [
                16.953204,
                51.127281
              ]
            ]
          ]
        ]
      }
    },
    {
      "type": "Feature",
      "properties": {
        "name": "Gaj",
        "slug": "gaj",
        "osm_relation": 2321993,
        "in": {
          "en": "in Gaj",
          "pl": "na Gaju"
        }
      },
      "geometry": {
        "type": "MultiPolygon",
        "coordinates": [
          [
            [
              [
                17.021252,
                51.070985
              ],
              [
                17.022334,
                51.07306
              ],
              [
                17.022619,
                51.072986
              ],
              [
                17.022669,
                51.073037
              ],
              [
                17.02378,
                51.075432
              ],
              [
                17.023382,
                51.075541
              ],
              [
                17.023448,
                51.075739
              ],
              [
                17.026266,
                51.081164
              ],
              [
                17.026116,
                51.081458
              ],
              [
                17.026676,
                51.082856
              ],
              [
                17.02609,
                51.083526
              ],
              [
                17.026186,
                51.083741
              ],
              [
                17.029865,
                51.083371
              ],
              [
                17.03269,
                51.083194
              ],
              [
                17.049449,
                51.082972
              ],
              [
                17.050942,
                51.078966
              ],
              [
                17.052113,
                51.076335
              ],
              [
                17.052965,
                51.073837
              ],
              [
                17.053117,
                51.073326
              ],
              [
                17.053113,
                51.071759
              ],
              [
                17.05334,
                51.071265
              ],
              [
                17.049499,
                51.071125
              ],
              [
                17.021252,
                51.070985
              ]
            ]
          ]
        ]
      }
    },
    {
      "type": "Feature",
      "properties": {
        "name": "Gajowice",
        "slug": "gajowice",
        "osm_relation": 2321926,
        "in": {
          "en": "in Gajowice",
          "pl": "na Gajowicach"
        }
      },
      "geometry": {
        "type": "MultiPolygon",
        "coordinates": [
          [
            [
              [
                16.99402,
                51.101976
              ],
              [
                17.003034,
                51.104425
              ],
              [
                17.003771,
                51.103841
              ],
              [
                17.004977,
                51.103114
              ],
              [
                17.006614,
                51.1024
              ],
              [
                17.011846,
                51.101046
              ],
              [
                17.013589,
                51.10085
              ],
              [
                17.014563,
                51.097174
              ],
              [
                17.013438,
                51.096814
              ],
              [
                17.011918,
                51.09593
              ],
              [
                17.009737,
                51.094891
              ],
              [
                17.010207,
                51.094664
              ],
              [
                17.008976,
                51.093526
              ],
              [
                17.008502,
                51.092724
              ],
              [
                17.008433,
                51.091908
              ],
              [
                17.008214,
                51.091382
              ],
              [
                17.00742,
                51.089931
              ],
              [
                17.006148,
                51.088102
              ],
              [
                17.00113,
                51.089511
              ],
              [
                17.000155,
                51.089664
              ],
              [
                16.995911,
                51.089957
              ],
              [
                16.995104,
                51.096168
              ],
              [
                16.994239,
                51.099829
              ],
              [
                16.99402,
                51.101976
              ]
            ]
          ]
        ]
      }
    },
    {
      "type": "Feature",
      "properties": {
        "name": "Grabiszyn-Grabiszynek",
        "slug": "grabiszyn-grabiszynek",
        "osm_relation": 2321453,
        "in": {
          "en": "in Grabiszyn-Grabiszynek",
          "pl": "na Grabiszynie-Grabiszynku"
        }
      },
      "geometry": {
        "type": "MultiPolygon",
        "coordinates": [
          [
            [
              [
                16.963319,
                51.093675
              ],
              [
                16.99402,
                51.101976
              ],
              [
                16.994239,
                51.099829
              ],
              [
                16.995104,
                51.096168
              ],
              [
                16.995648,
                51.091718
              ],
              [
                16.996456,
                51.086562
              ],
              [
                16.997201,
                51.084493
              ],
              [
                16.998056,
                51.082975
              ],
              [
                16.999325,
                51.08119
              ],
              [
                16.98405,
                51.07724
              ],
              [
                16.983362,
                51.077383
              ],
              [
                16.982028,
                51.077199
              ],
              [
                16.980227,
                51.079924
              ],
              [
                16.979395,
                51.080558
              ],
              [
                16.978201,
                51.080989
              ],
              [
                16.972854,
                51.08221
              ],
              [
                16.972062,
                51.082658
              ],
              [
                16.971267,
                51.083334
              ],
              [
                16.96933,
                51.084324
              ],
              [
                16.967023,
                51.087116
              ],
              [
                16.966876,
                51.087359
              ],
              [
                16.966835,
                51.087758
              ],
              [
                16.967038,
                51.088227
              ],
              [
                16.968544,
                51.090041
              ],
              [
                16.969118,
                51.091955
              ],
              [
                16.965033,
                51.092348
              ],
              [
                16.964804,
                51.09265
              ],
              [
                16.962981,
                51.092644
              ],
              [
                16.963,
                51.092956
              ],
              [
                16.963319,
                51.093675
              ]
            ]
          ]
        ]
      }
    },
    {
      "type": "Feature",
      "properties": {
        "name": "Huby",
        "slug": "huby",
        "osm_relation": 2336565,
        "in": {
          "en": "in Huby",
          "pl": "na Hubach"
        }
      },
      "geometry": {
        "type": "MultiPolygon",
        "coordinates": [
          [
            [
              [
                17.024978,
                51.08394
              ],
              [
                17.027541,
                51.083592
              ],
              [
                17.03269,
                51.083194
              ],
              [
                17.049449,
                51.082972
              ],
              [
                17.048717,
                51.084885
              ],
              [
                17.048971,
                51.084952
              ],
              [
                17.049348,
                51.084915
              ],
              [
                17.049443,
                51.086326
              ],
              [
                17.049105,
                51.086255
              ],
              [
                17.048468,
                51.087209
              ],
              [
                17.046877,
                51.090147
              ],
              [
                17.04683,
                51.090113
              ],
              [
                17.045872,
                51.093331
              ],
              [
                17.046021,
                51.093355
              ],
              [
                17.045846,
                51.09374
              ],
              [
                17.045912,
                51.093781
              ],
              [
                17.044397,
                51.094409
              ],
              [
                17.044673,
                51.094662
              ],
              [
                17.045008,
                51.094528
              ],
              [
                17.045319,
                51.094866
              ],
              [
                17.04456,
                51.095258
              ],
              [
                17.04468,
                51.095382
              ],
              [
                17.044547,
                51.095437
              ],
              [
                17.045362,
                51.096246
              ],
              [
                17.043134,
                51.097083
              ],
              [
                17.041677,
                51.097536
              ],
              [
                17.040006,
                51.097837
              ],
              [
                17.037201,
                51.098204
              ],
              [
                17.033391,
                51.098921
              ],
              [
                17.032755,
                51.097774
              ],
              [
                17.032535,
                51.09771
              ],
              [
                17.032368,
                51.097461
              ],
              [
                17.030949,
                51.094882
              ],
              [
                17.030984,
                51.094453
              ],
              [
                17.028692,
                51.089332
              ],
              [
                17.028018,
                51.088077
              ],
              [
                17.027506,
                51.087283
              ],
              [
                17.024978,
                51.08394
              ]
            ]
          ]
        ]
      }
    },
    {
      "type": "Feature",
      "properties": {
        "name": "Jagodno",
        "slug": "jagodno",
        "osm_relation": 2319698,
        "in": {
          "en": "in Jagodno",
          "pl": "na Jagodnie"
        }
      },
      "geometry": {
        "type": "MultiPolygon",
        "coordinates": [
          [
            [
              [
                17.046257,
                51.04614
              ],
              [
                17.050809,
                51.044378
              ],
              [
                17.052094,
                51.046119
              ],
              [
                17.060945,
                51.04523
              ],
              [
                17.060182,
                51.048148
              ],
              [
                17.059993,
                51.048634
              ],
              [
                17.060551,
                51.048813
              ],
              [
                17.061522,
                51.049331
              ],
              [
                17.062023,
                51.049892
              ],
              [
                17.065786,
                51.050262
              ],
              [
                17.066291,
                51.055164
              ],
              [
                17.065189,
                51.058992
              ],
              [
                17.067693,
                51.059131
              ],
              [
                17.069396,
                51.059008
              ],
              [
                17.069977,
                51.060714
              ],
              [
                17.070008,
                51.061308
              ],
              [
                17.069664,
                51.062418
              ],
              [
                17.069207,
                51.063203
              ],
              [
                17.068644,
                51.063772
              ],
              [
                17.064454,
                51.067408
              ],
              [
                17.063857,
                51.068553
              ],
              [
                17.063726,
                51.068915
              ],
              [
                17.063679,
                51.069925
              ],
              [
                17.063974,
                51.070846
              ],
              [
                17.064422,
                51.071674
              ],
              [
                17.065469,
                51.073012
              ],
              [
                17.063795,
                51.072398
              ],
              [
                17.062018,
                51.071934
              ],
              [
                17.056037,
                51.071406
              ],
              [
                17.05334,
                51.071265
              ],
              [
                17.053978,
                51.069987
              ],
              [
                17.053911,
                51.068784
              ],
              [
                17.054358,
                51.067218
              ],
              [
                17.048883,
                51.066651
              ],
              [
                17.048571,
                51.06656
              ],
              [
                17.048354,
                51.066378
              ],
              [
                17.048298,
                51.066241
              ],
              [
                17.04832,
                51.062567
              ],
              [
                17.04824,
                51.06092
              ],
              [
                17.047983,
                51.058435
              ],
              [
                17.046257,
                51.04614
              ]
            ]
          ]
        ]
      }
    },
    {
      "type": "Feature",
      "properties": {
        "name": "Jerzmanowo-Jarnołtów-Strachowice-Osiniec",
        "slug": "jerzmanowo-jarnoltow-strachowice-osiniec",
        "osm_relation": 2336901,
        "in": {
          "en": "in Jerzmanowo-Jarnołtów-Strachowice-Osiniec",
          "pl": "w Jerzmanowie-Jarnołtowie-Strachowicach-Osińcu"
        }
      },
      "geometry": {
        "type": "MultiPolygon",
        "coordinates": [
          [
            [
              [
                16.830656,
                51.111804
              ],
              [
                16.830811,
                51.112055
              ],
              [
                16.831534,
                51.112232
              ],
              [
                16.832044,
                51.112107
              ],
              [
                16.832575,
                51.111722
              ],
              [
                16.832802,
                51.111735
              ],
              [
                16.833167,
                51.111964
              ],
              [
                16.833192,
                51.112062
              ],
              [
                16.832967,
                51.112432
              ],
              [
                16.833149,
                51.112613
              ],
              [
                16.833372,
                51.112636
              ],
              [
                16.833686,
                51.112544
              ],
              [
                16.833834,
                51.112324
              ],
              [
                16.83367,
                51.111488
              ],
              [
                16.834066,
                51.111438
              ],
              [
                16.834669,
                51.111674
              ],
              [
                16.834734,
                51.111511
              ],
              [
                16.836886,
                51.110546
              ],
              [
                16.838147,
                51.110192
              ],
              [
                16.839495,
                51.110124
              ],
              [
                16.840941,
                51.110403
              ],
              [
                16.842232,
                51.110856
              ],
              [
                16.842627,
                51.110802
              ],
              [
                16.842619,
                51.110994
              ],
              [
                16.843389,
                51.111049
              ],
              [
                16.846664,
                51.110481
              ],
              [
                16.85195,
                51.109263
              ],
              [
                16.852434,
                51.10959
              ],
              [
                16.852719,
                51.110009
              ],
              [
                16.853874,
                51.110132
              ],
              [
                16.854006,
                51.110528
              ],
              [
                16.854141,
                51.110698
              ],
              [
                16.854583,
                51.110939
              ],
              [
                16.855214,
                51.111035
              ],
              [
                16.855767,
                51.110941
              ],
              [
                16.856925,
                51.111257
              ],
              [
                16.856908,
                51.111795
              ],
              [
                16.857119,
                51.112193
              ],
              [
                16.858248,
                51.112108
              ],
              [
                16.853952,
                51.107207
              ],
              [
                16.859026,
                51.100282
              ],
              [
                16.876814,
                51.094494
              ],
              [
                16.887346,
                51.093439
              ],
              [
                16.888382,
                51.094985
              ],
              [
                16.888427,
                51.09549
              ],
              [
                16.888275,
                51.096568
              ],
              [
                16.888401,
                51.09713
              ],
              [
                16.887745,
                51.097536
              ],
              [
                16.887565,
                51.097879
              ],
              [
                16.887897,
                51.098011
              ],
              [
                16.888911,
                51.098099
              ],
              [
                16.889143,
                51.09827
              ],
              [
                16.889372,
                51.098696
              ],
              [
                16.889712,
                51.099008
              ],
              [
                16.895221,
                51.098724
              ],
              [
                16.897448,
                51.098422
              ],
              [
                16.900061,
                51.097935
              ],
              [
                16.902743,
                51.097064
              ],
              [
                16.90369,
                51.096907
              ],
              [
                16.904813,
                51.097118
              ],
              [
                16.906758,
                51.097125
              ],
              [
                16.91091,
                51.09698
              ],
              [
                16.913575,
                51.097028
              ],
              [
                16.92292,
                51.097758
              ],
              [
                16.922994,
                51.092254
              ],
              [
                16.925316,
                51.093294
              ],
              [
                16.925023,
                51.097897
              ],
              [
                16.92374,
                51.109607
              ],
              [
                16.920165,
                51.109139
              ],
              [
                16.916333,
                51.108783
              ],
              [
                16.913442,
                51.112082
              ],
              [
                16.91118,
                51.114324
              ],
              [
                16.908531,
                51.116412
              ],
              [
                16.901294,
                51.121151
              ],
              [
                16.900355,
                51.121633
              ],
              [
                16.898962,
                51.122081
              ],
              [
                16.892519,
                51.123332
              ],
              [
                16.893473,
                51.125503
              ],
              [
                16.896262,
                51.129386
              ],
              [
                16.886392,
                51.131161
              ],
              [
                16.882431,
                51.132268
              ],
              [
                16.877737,
                51.134151
              ],
              [
                16.876433,
                51.134835
              ],
              [
                16.874808,
                51.135904
              ],
              [
                16.872696,
                51.137559
              ],
              [
                16.871236,
                51.137147
              ],
              [
                16.870274,
                51.136594
              ],
              [
                16.869617,
                51.136368
              ],
              [
                16.868622,
                51.136167
              ],
              [
                16.868217,
                51.135915
              ],
              [
                16.867427,
                51.135216
              ],
              [
                16.866714,
                51.134867
              ],
              [
                16.866658,
                51.134432
              ],
              [
                16.86684,
                51.134025
              ],
              [
                16.867376,
                51.133326
              ],
              [
                16.867523,
                51.132768
              ],
              [
                16.867502,
                51.132468
              ],
              [
                16.866802,
                51.132011
              ],
              [
                16.866502,
                51.131711
              ],
              [
                16.866166,
                51.130617
              ],
              [
                16.865986,
                51.130403
              ],
              [
                16.865564,
                51.130285
              ],
              [
                16.86463,
                51.130241
              ],
              [
                16.864386,
                51.129965
              ],
              [
                16.864381,
                51.129074
              ],
              [
                16.864221,
                51.128916
              ],
              [
                16.863836,
                51.128748
              ],
              [
                16.861879,
                51.128524
              ],
              [
                16.861584,
                51.128611
              ],
              [
                16.860982,
                51.12911
              ],
              [
                16.860448,
                51.129332
              ],
              [
                16.859905,
                51.129439
              ],
              [
                16.858464,
                51.129425
              ],
              [
                16.857422,
                51.129264
              ],
              [
                16.856624,
                51.128908
              ],
              [
                16.854315,
                51.128231
              ],
              [
                16.853821,
                51.128228
              ],
              [
                16.852995,
                51.128583
              ],
              [
                16.852505,
                51.128624
              ],
              [
                16.852258,
                51.128527
              ],
              [
                16.851864,
                51.128214
              ],
              [
                16.851328,
                51.12801
              ],
              [
                16.84974,
                51.127651
              ],
              [
                16.84963,
                51.127532
              ],
              [
                16.849583,
                51.127305
              ],
              [
                16.850029,
                51.126472
              ],
              [
                16.849814,
                51.125982
              ],
              [
                16.850819,
                51.12539
              ],
              [
                16.85096,
                51.125176
              ],
              [
                16.850784,
                51.124898
              ],
              [
                16.850492,
                51.124781
              ],
              [
                16.850345,
                51.124605
              ],
              [
                16.850245,
                51.123187
              ],
              [
                16.850027,
                51.122814
              ],
              [
                16.84968,
                51.122565
              ],
              [
                16.849331,
                51.122565
              ],
              [
                16.848855,
                51.123463
              ],
              [
                16.847898,
                51.124408
              ],
              [
                16.847789,
                51.124692
              ],
              [
                16.847488,
                51.124769
              ],
              [
                16.84696,
                51.124602
              ],
              [
                16.846356,
                51.124178
              ],
              [
                16.846361,
                51.12402
              ],
              [
                16.846811,
                51.123719
              ],
              [
                16.846442,
                51.12349
              ],
              [
                16.846169,
                51.123489
              ],
              [
                16.843968,
                51.124032
              ],
              [
                16.842954,
                51.124151
              ],
              [
                16.840654,
                51.124637
              ],
              [
                16.839763,
                51.124677
              ],
              [
                16.839084,
                51.124594
              ],
              [
                16.838761,
                51.124166
              ],
              [
                16.83855,
                51.123648
              ],
              [
                16.837829,
                51.1235
              ],
              [
                16.833307,
                51.124321
              ],
              [
                16.833282,
                51.124109
              ],
              [
                16.833644,
                51.124114
              ],
              [
                16.832682,
                51.122791
              ],
              [
                16.832727,
                51.122596
              ],
              [
                16.833593,
                51.121858
              ],
              [
                16.835201,
                51.120245
              ],
              [
                16.835895,
                51.119732
              ],
              [
                16.836887,
                51.119306
              ],
              [
                16.838987,
                51.118644
              ],
              [
                16.83943,
                51.118567
              ],
              [
                16.841574,
                51.117716
              ],
              [
                16.841815,
                51.117268
              ],
              [
                16.841854,
                51.116377
              ],
              [
                16.842906,
                51.116187
              ],
              [
                16.842798,
                51.115758
              ],
              [
                16.842519,
                51.115465
              ],
              [
                16.841685,
                51.114994
              ],
              [
                16.841166,
                51.115068
              ],
              [
                16.840918,
                51.115211
              ],
              [
                16.840869,
                51.115394
              ],
              [
                16.841943,
                51.115608
              ],
              [
                16.842023,
                51.115856
              ],
              [
                16.841846,
                51.116072
              ],
              [
                16.840991,
                51.115945
              ],
              [
                16.840302,
                51.116177
              ],
              [
                16.839477,
                51.11623
              ],
              [
                16.838971,
                51.116153
              ],
              [
                16.838354,
                51.116231
              ],
              [
                16.838205,
                51.116262
              ],
              [
                16.837961,
                51.116511
              ],
              [
                16.837548,
                51.117169
              ],
              [
                16.836972,
                51.117259
              ],
              [
                16.836481,
                51.117182
              ],
              [
                16.836185,
                51.116888
              ],
              [
                16.836094,
                51.116564
              ],
              [
                16.836081,
                51.116321
              ],
              [
                16.836338,
                51.115732
              ],
              [
                16.836375,
                51.115236
              ],
              [
                16.83592,
                51.114874
              ],
              [
                16.83526,
                51.114598
              ],
              [
                16.835099,
                51.114358
              ],
              [
                16.834704,
                51.114129
              ],
              [
                16.83424,
                51.114305
              ],
              [
                16.834007,
                51.11448
              ],
              [
                16.833468,
                51.114527
              ],
              [
                16.831909,
                51.113997
              ],
              [
                16.831544,
                51.113781
              ],
              [
                16.831201,
                51.113193
              ],
              [
                16.830851,
                51.11292
              ],
              [
                16.830451,
                51.11277
              ],
              [
                16.830207,
                51.112535
              ],
              [
                16.830176,
                51.112349
              ],
              [
                16.830459,
                51.111925
              ],
              [
                16.830656,
                51.111804
              ]
            ]
          ]
        ]
      }
    },
    {
      "type": "Feature",
      "properties": {
        "name": "Karłowice-Różanka",
        "slug": "karlowice-rozanka",
        "osm_relation": 2338684,
        "in": {
          "en": "in Karłowice-Różanka",
          "pl": "na Karłowicach-Różance"
        }
      },
      "geometry": {
        "type": "MultiPolygon",
        "coordinates": [
          [
            [
              [
                17.002208,
                51.131496
              ],
              [
                17.005779,
                51.146813
              ],
              [
                17.006264,
                51.149624
              ],
              [
                17.006361,
                51.152724
              ],
              [
                17.005561,
                51.155169
              ],
              [
                17.005574,
                51.155506
              ],
              [
                17.006038,
                51.155904
              ],
              [
                17.006735,
                51.156295
              ],
              [
                17.008199,
                51.15687
              ],
              [
                17.010154,
                51.157417
              ],
              [
                17.01261,
                51.157793
              ],
              [
                17.014938,
                51.157842
              ],
              [
                17.016604,
                51.157723
              ],
              [
                17.01588,
                51.156377
              ],
              [
                17.0171,
                51.155889
              ],
              [
                17.024105,
                51.1516
              ],
              [
                17.025284,
                51.151078
              ],
              [
                17.026442,
                51.150737
              ],
              [
                17.027578,
                51.15053
              ],
              [
                17.028607,
                51.150445
              ],
              [
                17.038756,
                51.150258
              ],
              [
                17.039573,
                51.150313
              ],
              [
                17.040382,
                51.150469
              ],
              [
                17.041743,
                51.150953
              ],
              [
                17.042296,
                51.151265
              ],
              [
                17.043329,
                51.151669
              ],
              [
                17.044911,
                51.151996
              ],
              [
                17.046332,
                51.152029
              ],
              [
                17.048928,
                51.151833
              ],
              [
                17.049757,
                51.151694
              ],
              [
                17.053756,
                51.150656
              ],
              [
                17.065237,
                51.145134
              ],
              [
                17.070229,
                51.143087
              ],
              [
                17.073639,
                51.141258
              ],
              [
                17.076097,
                51.140339
              ],
              [
                17.08161,
                51.14204
              ],
              [
                17.082044,
                51.140023
              ],
              [
                17.082046,
                51.139657
              ],
              [
                17.081325,
                51.137871
              ],
              [
                17.081008,
                51.136843
              ],
              [
                17.078591,
                51.130739
              ],
              [
                17.078335,
                51.127608
              ],
              [
                17.06605,
                51.128192
              ],
              [
                17.064338,
                51.12838
              ],
              [
                17.061776,
                51.128842
              ],
              [
                17.059287,
                51.129825
              ],
              [
                17.055254,
                51.132245
              ],
              [
                17.053059,
                51.133272
              ],
              [
                17.0522,
                51.133578
              ],
              [
                17.051137,
                51.133838
              ],
              [
                17.049387,
                51.13415
              ],
              [
                17.048198,
                51.134257
              ],
              [
                17.045945,
                51.134262
              ],
              [
                17.044083,
                51.134135
              ],
              [
                17.042288,
                51.133851
              ],
              [
                17.032714,
                51.131596
              ],
              [
                17.028644,
                51.13142
              ],
              [
                17.02068,
                51.131789
              ],
              [
                17.018506,
                51.131385
              ],
              [
                17.014111,
                51.131727
              ],
              [
                17.006151,
                51.131403
              ],
              [
                17.003916,
                51.131231
              ],
              [
                17.002208,
                51.131496
              ]
            ]
          ]
        ]
      }
    },
    {
      "type": "Feature",
      "properties": {
        "name": "Klecina",
        "slug": "klecina",
        "osm_relation": 2319817,
        "in": {
          "en": "in Klecina",
          "pl": "na Klecinie"
        }
      },
      "geometry": {
        "type": "MultiPolygon",
        "coordinates": [
          [
            [
              [
                16.957323,
                51.065442
              ],
              [
                16.958105,
                51.065309
              ],
              [
                16.968746,
                51.064572
              ],
              [
                16.969746,
                51.064923
              ],
              [
                16.970225,
                51.06672
              ],
              [
                16.97195,
                51.068252
              ],
              [
                16.972859,
                51.067733
              ],
              [
                16.973078,
                51.068211
              ],
              [
                16.978421,
                51.071302
              ],
              [
                16.979332,
                51.071936
              ],
              [
                16.980069,
                51.072587
              ],
              [
                16.980915,
                51.073468
              ],
              [
                16.98121,
                51.073915
              ],
              [
                16.981459,
                51.074569
              ],
              [
                16.98145,
                51.07537
              ],
              [
                16.981192,
                51.076518
              ],
              [
                16.981313,
                51.076706
              ],
              [
                16.982282,
                51.076783
              ],
              [
                16.982362,
                51.076234
              ],
              [
                16.982292,
                51.075788
              ],
              [
                16.982432,
                51.075294
              ],
              [
                16.98597,
                51.070394
              ],
              [
                16.986161,
                51.069986
              ],
              [
                16.986157,
                51.069582
              ],
              [
                16.985569,
                51.066789
              ],
              [
                16.986363,
                51.064213
              ],
              [
                16.986578,
                51.063875
              ],
              [
                16.988628,
                51.062504
              ],
              [
                16.989274,
                51.061988
              ],
              [
                16.989596,
                51.061396
              ],
              [
                16.989759,
                51.060896
              ],
              [
                16.989538,
                51.060402
              ],
              [
                16.989659,
                51.059973
              ],
              [
                16.990463,
                51.059073
              ],
              [
                16.990883,
                51.057735
              ],
              [
                16.990755,
                51.057678
              ],
              [
                16.990864,
                51.057539
              ],
              [
                16.990839,
                51.05669
              ],
              [
                16.990298,
                51.05613
              ],
              [
                16.989701,
                51.055691
              ],
              [
                16.989058,
                51.055414
              ],
              [
                16.98705,
                51.055159
              ],
              [
                16.986906,
                51.053639
              ],
              [
                16.98562,
                51.053732
              ],
              [
                16.984563,
                51.053954
              ],
              [
                16.983293,
                51.053933
              ],
              [
                16.98239,
                51.053451
              ],
              [
                16.981501,
                51.053379
              ],
              [
                16.981326,
                51.053112
              ],
              [
                16.979977,
                51.053151
              ],
              [
                16.978773,
                51.053292
              ],
              [
                16.977381,
                51.053565
              ],
              [
                16.977403,
                51.053702
              ],
              [
                16.975804,
                51.05416
              ],
              [
                16.975052,
                51.053947
              ],
              [
                16.974093,
                51.054284
              ],
              [
                16.973141,
                51.054826
              ],
              [
                16.971692,
                51.055405
              ],
              [
                16.968612,
                51.052107
              ],
              [
                16.966384,
                51.049185
              ],
              [
                16.964481,
                51.04957
              ],
              [
                16.963984,
                51.049968
              ],
              [
                16.962214,
                51.050979
              ],
              [
                16.961934,
                51.051235
              ],
              [
                16.96196,
                51.051288
              ],
              [
                16.958998,
                51.053963
              ],
              [
                16.958762,
                51.054494
              ],
              [
                16.958756,
                51.055715
              ],
              [
                16.958448,
                51.056227
              ],
              [
                16.957255,
                51.057522
              ],
              [
                16.955284,
                51.058608
              ],
              [
                16.955143,
                51.058748
              ],
              [
                16.955214,
                51.060785
              ],
              [
                16.956434,
                51.063336
              ],
              [
                16.957323,
                51.065442
              ]
            ]
          ]
        ]
      }
    },
    {
      "type": "Feature",
      "properties": {
        "name": "Kleczków",
        "slug": "kleczkow",
        "osm_relation": 2341612,
        "in": {
          "en": "in Kleczków",
          "pl": "na Kleczkowie"
        }
      },
      "geometry": {
        "type": "MultiPolygon",
        "coordinates": [
          [
            [
              [
                17.003916,
                51.131231
              ],
              [
                17.005785,
                51.131122
              ],
              [
                17.010984,
                51.12986
              ],
              [
                17.011951,
                51.129457
              ],
              [
                17.017308,
                51.127745
              ],
              [
                17.01839,
                51.127158
              ],
              [
                17.019193,
                51.126506
              ],
              [
                17.020261,
                51.125067
              ],
              [
                17.022641,
                51.125819
              ],
              [
                17.024936,
                51.126259
              ],
              [
                17.026035,
                51.126374
              ],
              [
                17.027232,
                51.126366
              ],
              [
                17.030536,
                51.126101
              ],
              [
                17.035149,
                51.125476
              ],
              [
                17.036551,
                51.125447
              ],
              [
                17.039917,
                51.125987
              ],
              [
                17.041792,
                51.12639
              ],
              [
                17.044412,
                51.127109
              ],
              [
                17.049589,
                51.128756
              ],
              [
                17.054297,
                51.130514
              ],
              [
                17.056167,
                51.131696
              ],
              [
                17.055254,
                51.132245
              ],
              [
                17.05316,
                51.13323
              ],
              [
                17.0522,
                51.133578
              ],
              [
                17.049387,
                51.13415
              ],
              [
                17.046837,
                51.134282
              ],
              [
                17.044083,
                51.134135
              ],
              [
                17.042288,
                51.133851
              ],
              [
                17.032714,
                51.131596
              ],
              [
                17.028644,
                51.13142
              ],
              [
                17.02068,
                51.131789
              ],
              [
                17.018506,
                51.131385
              ],
              [
                17.014111,
                51.131727
              ],
              [
                17.006151,
                51.131403
              ],
              [
                17.003916,
                51.131231
              ]
            ]
          ]
        ]
      }
    },
    {
      "type": "Feature",
      "properties": {
        "name": "Kowale",
        "slug": "kowale",
        "osm_relation": 2338685,
        "in": {
          "en": "in Kowale",
          "pl": "na Kowalach"
        }
      },
      "geometry": {
        "type": "MultiPolygon",
        "coordinates": [
          [
            [
              [
                17.078335,
                51.127608
              ],
              [
                17.078591,
                51.130739
              ],
              [
                17.080602,
                51.135758
              ],
              [
                17.081325,
                51.137871
              ],
              [
                17.082046,
                51.139657
              ],
              [
                17.082044,
                51.140023
              ],
              [
                17.08161,
                51.14204
              ],
              [
                17.096847,
                51.145481
              ],
              [
                17.097093,
                51.145058
              ],
              [
                17.097995,
                51.144331
              ],
              [
                17.098494,
                51.143791
              ],
              [
                17.098877,
                51.143041
              ],
              [
                17.099114,
                51.14201
              ],
              [
                17.100075,
                51.140058
              ],
              [
                17.101347,
                51.139341
              ],
              [
                17.101744,
                51.139204
              ],
              [
                17.102354,
                51.13914
              ],
              [
                17.103871,
                51.139488
              ],
              [
                17.104436,
                51.139457
              ],
              [
                17.104917,
                51.139194
              ],
              [
                17.106406,
                51.137716
              ],
              [
                17.10693,
                51.13746
              ],
              [
                17.107384,
                51.137377
              ],
              [
                17.109657,
                51.137468
              ],
              [
                17.110308,
                51.137678
              ],
              [
                17.110967,
                51.138005
              ],
              [
                17.112309,
                51.138865
              ],
              [
                17.11297,
                51.138997
              ],
              [
                17.11366,
                51.138815
              ],
              [
                17.115845,
                51.137788
              ],
              [
                17.11793,
                51.136274
              ],
              [
                17.120034,
                51.135931
              ],
              [
                17.120391,
                51.135419
              ],
              [
                17.120916,
                51.134144
              ],
              [
                17.121283,
                51.133778
              ],
              [
                17.123295,
                51.13285
              ],
              [
                17.125694,
                51.132004
              ],
              [
                17.126374,
                51.131546
              ],
              [
                17.127267,
                51.130604
              ],
              [
                17.127695,
                51.130483
              ],
              [
                17.128173,
                51.130413
              ],
              [
                17.128443,
                51.130453
              ],
              [
                17.12906,
                51.130322
              ],
              [
                17.129855,
                51.129434
              ],
              [
                17.131017,
                51.129013
              ],
              [
                17.123108,
                51.124895
              ],
              [
                17.116467,
                51.120714
              ],
              [
                17.116392,
                51.120578
              ],
              [
                17.116096,
                51.120457
              ],
              [
                17.115034,
                51.11857
              ],
              [
                17.113776,
                51.116786
              ],
              [
                17.113147,
                51.116196
              ],
              [
                17.111205,
                51.115407
              ],
              [
                17.108503,
                51.113852
              ],
              [
                17.10684,
                51.114993
              ],
              [
                17.104316,
                51.116946
              ],
              [
                17.097634,
                51.122928
              ],
              [
                17.095807,
                51.124173
              ],
              [
                17.093344,
                51.125396
              ],
              [
                17.091228,
                51.126134
              ],
              [
                17.089018,
                51.126718
              ],
              [
                17.08658,
                51.127136
              ],
              [
                17.078335,
                51.127608
              ]
            ]
          ]
        ]
      }
    },
    {
      "type": "Feature",
      "properties": {
        "name": "Krzyki-Partynice",
        "slug": "krzyki-partynice",
        "osm_relation": 2319809,
        "in": {
          "en": "in Krzyki-Partynice",
          "pl": "na Krzykach-Partynicach"
        }
      },
      "geometry": {
        "type": "MultiPolygon",
        "coordinates": [
          [
            [
              [
                16.982028,
                51.077199
              ],
              [
                16.982305,
                51.076674
              ],
              [
                16.982362,
                51.076234
              ],
              [
                16.982292,
                51.075788
              ],
              [
                16.982432,
                51.075294
              ],
              [
                16.98597,
                51.070394
              ],
              [
                16.986161,
                51.069986
              ],
              [
                16.986157,
                51.069582
              ],
              [
                16.985569,
                51.066789
              ],
              [
                16.986363,
                51.064213
              ],
              [
                16.986578,
                51.063875
              ],
              [
                16.988628,
                51.062504
              ],
              [
                16.989274,
                51.061988
              ],
              [
                16.989596,
                51.061396
              ],
              [
                16.989759,
                51.060896
              ],
              [
                16.989538,
                51.060402
              ],
              [
                16.989659,
                51.059973
              ],
              [
                16.990463,
                51.059073
              ],
              [
                16.990883,
                51.057735
              ],
              [
                16.992314,
                51.05635
              ],
              [
                16.992696,
                51.056065
              ],
              [
                16.992886,
                51.055756
              ],
              [
                16.993011,
                51.054923
              ],
              [
                16.992952,
                51.054229
              ],
              [
                16.992576,
                51.053161
              ],
              [
                16.992189,
                51.051563
              ],
              [
                16.992294,
                51.051552
              ],
              [
                16.992367,
                51.051801
              ],
              [
                16.992513,
                51.051691
              ],
              [
                16.995041,
                51.050788
              ],
              [
                16.99976,
                51.049252
              ],
              [
                17.00095,
                51.050163
              ],
              [
                17.002224,
                51.051432
              ],
              [
                17.004226,
                51.054074
              ],
              [
                17.004836,
                51.054935
              ],
              [
                17.005251,
                51.055687
              ],
              [
                17.008732,
                51.055121
              ],
              [
                17.011578,
                51.054367
              ],
              [
                17.011882,
                51.054227
              ],
              [
                17.013479,
                51.057423
              ],
              [
                17.014462,
                51.058585
              ],
              [
                17.016751,
                51.063165
              ],
              [
                17.017347,
                51.065347
              ],
              [
                17.017375,
                51.065793
              ],
              [
                17.017259,
                51.065956
              ],
              [
                17.017331,
                51.066216
              ],
              [
                17.017301,
                51.068257
              ],
              [
                17.017205,
                51.068705
              ],
              [
                17.017587,
                51.068841
              ],
              [
                17.017013,
                51.069537
              ],
              [
                17.016639,
                51.069868
              ],
              [
                17.016109,
                51.070259
              ],
              [
                17.015121,
                51.070816
              ],
              [
                17.015255,
                51.07087
              ],
              [
                17.015278,
                51.07106
              ],
              [
                17.012921,
                51.071424
              ],
              [
                17.011035,
                51.071904
              ],
              [
                17.008764,
                51.072755
              ],
              [
                17.007136,
                51.073645
              ],
              [
                17.005525,
                51.074882
              ],
              [
                17.000469,
                51.079949
              ],
              [
                16.999325,
                51.08119
              ],
              [
                16.98405,
                51.07724
              ],
              [
                16.983362,
                51.077383
              ],
              [
                16.982028,
                51.077199
              ]
            ]
          ]
        ]
      }
    },
    {
      "type": "Feature",
      "properties": {
        "name": "Księże",
        "slug": "ksieze",
        "osm_relation": 2336576,
        "in": {
          "en": "in Księże",
          "pl": "na Księżu"
        }
      },
      "geometry": {
        "type": "MultiPolygon",
        "coordinates": [
          [
            [
              [
                17.068434,
                51.08505
              ],
              [
                17.068799,
                51.085193
              ],
              [
                17.071337,
                51.085544
              ],
              [
                17.072672,
                51.084661
              ],
              [
                17.072849,
                51.084767
              ],
              [
                17.074223,
                51.084766
              ],
              [
                17.074307,
                51.084793
              ],
              [
                17.074172,
                51.085166
              ],
              [
                17.074325,
                51.085202
              ],
              [
                17.074589,
                51.085657
              ],
              [
                17.075163,
                51.085616
              ],
              [
                17.076452,
                51.085864
              ],
              [
                17.077031,
                51.085927
              ],
              [
                17.077094,
                51.085865
              ],
              [
                17.077791,
                51.086175
              ],
              [
                17.080101,
                51.086921
              ],
              [
                17.081433,
                51.087821
              ],
              [
                17.082072,
                51.088939
              ],
              [
                17.082899,
                51.088901
              ],
              [
                17.084079,
                51.087705
              ],
              [
                17.084816,
                51.087155
              ],
              [
                17.085626,
                51.087008
              ],
              [
                17.087441,
                51.08688
              ],
              [
                17.088383,
                51.086667
              ],
              [
                17.089498,
                51.086694
              ],
              [
                17.091224,
                51.087349
              ],
              [
                17.092762,
                51.08765
              ],
              [
                17.09372,
                51.088068
              ],
              [
                17.094121,
                51.088389
              ],
              [
                17.094564,
                51.089202
              ],
              [
                17.094487,
                51.090919
              ],
              [
                17.095074,
                51.091548
              ],
              [
                17.095288,
                51.092507
              ],
              [
                17.095594,
                51.092761
              ],
              [
                17.096157,
                51.092818
              ],
              [
                17.101643,
                51.092192
              ],
              [
                17.102113,
                51.092197
              ],
              [
                17.104076,
                51.09284
              ],
              [
                17.103533,
                51.09394
              ],
              [
                17.105211,
                51.0943
              ],
              [
                17.113162,
                51.096537
              ],
              [
                17.120108,
                51.099536
              ],
              [
                17.121141,
                51.099908
              ],
              [
                17.123235,
                51.100334
              ],
              [
                17.125862,
                51.100469
              ],
              [
                17.127472,
                51.100335
              ],
              [
                17.129311,
                51.099245
              ],
              [
                17.131057,
                51.097939
              ],
              [
                17.132115,
                51.096991
              ],
              [
                17.135709,
                51.094268
              ],
              [
                17.138635,
                51.092302
              ],
              [
                17.142665,
                51.090031
              ],
              [
                17.143678,
                51.089288
              ],
              [
                17.145079,
                51.087988
              ],
              [
                17.145884,
                51.086688
              ],
              [
                17.146544,
                51.085295
              ],
              [
                17.147292,
                51.083257
              ],
              [
                17.146479,
                51.083052
              ],
              [
                17.144087,
                51.082065
              ],
              [
                17.142766,
                51.081717
              ],
              [
                17.141398,
                51.081466
              ],
              [
                17.139555,
                51.080959
              ],
              [
                17.136128,
                51.080534
              ],
              [
                17.132871,
                51.080582
              ],
              [
                17.13229,
                51.080674
              ],
              [
                17.131547,
                51.079887
              ],
              [
                17.130168,
                51.079378
              ],
              [
                17.129819,
                51.079326
              ],
              [
                17.129706,
                51.079605
              ],
              [
                17.129503,
                51.079839
              ],
              [
                17.128306,
                51.08084
              ],
              [
                17.127042,
                51.081716
              ],
              [
                17.126612,
                51.081832
              ],
              [
                17.124003,
                51.081624
              ],
              [
                17.122131,
                51.082258
              ],
              [
                17.121261,
                51.082742
              ],
              [
                17.120368,
                51.083122
              ],
              [
                17.119017,
                51.081819
              ],
              [
                17.118514,
                51.081846
              ],
              [
                17.11844,
                51.081695
              ],
              [
                17.118596,
                51.081534
              ],
              [
                17.119776,
                51.081237
              ],
              [
                17.119352,
                51.080987
              ],
              [
                17.117391,
                51.080768
              ],
              [
                17.11715,
                51.080041
              ],
              [
                17.115347,
                51.079855
              ],
              [
                17.114368,
                51.079995
              ],
              [
                17.113145,
                51.079628
              ],
              [
                17.111655,
                51.079348
              ],
              [
                17.111254,
                51.079054
              ],
              [
                17.110539,
                51.077284
              ],
              [
                17.108297,
                51.075431
              ],
              [
                17.108264,
                51.075269
              ],
              [
                17.109621,
                51.074297
              ],
              [
                17.106618,
                51.072123
              ],
              [
                17.106283,
                51.071827
              ],
              [
                17.105502,
                51.070722
              ],
              [
                17.104738,
                51.07008
              ],
              [
                17.104532,
                51.06935
              ],
              [
                17.104258,
                51.068741
              ],
              [
                17.103412,
                51.067234
              ],
              [
                17.103157,
                51.067252
              ],
              [
                17.100578,
                51.066253
              ],
              [
                17.101361,
                51.065103
              ],
              [
                17.098729,
                51.063841
              ],
              [
                17.101381,
                51.061304
              ],
              [
                17.100797,
                51.061102
              ],
              [
                17.09942,
                51.060835
              ],
              [
                17.097712,
                51.060257
              ],
              [
                17.096945,
                51.059824
              ],
              [
                17.095627,
                51.059317
              ],
              [
                17.094236,
                51.058621
              ],
              [
                17.092347,
                51.060268
              ],
              [
                17.09209,
                51.060144
              ],
              [
                17.090484,
                51.061459
              ],
              [
                17.090413,
                51.061683
              ],
              [
                17.090526,
                51.061858
              ],
              [
                17.090516,
                51.06205
              ],
              [
                17.089152,
                51.063597
              ],
              [
                17.087136,
                51.065125
              ],
              [
                17.086788,
                51.06561
              ],
              [
                17.085609,
                51.066631
              ],
              [
                17.082574,
                51.070007
              ],
              [
                17.081894,
                51.070886
              ],
              [
                17.080746,
                51.071949
              ],
              [
                17.078874,
                51.073972
              ],
              [
                17.078232,
                51.074803
              ],
              [
                17.077826,
                51.075108
              ],
              [
                17.076363,
                51.077423
              ],
              [
                17.074119,
                51.080167
              ],
              [
                17.070387,
                51.083568
              ],
              [
                17.068434,
                51.08505
              ]
            ]
          ]
        ]
      }
    },
    {
      "type": "Feature",
      "properties": {
        "name": "Kuźniki",
        "slug": "kuzniki",
        "osm_relation": 2336902,
        "in": {
          "en": "in Kuźniki",
          "pl": "na Kuźnikach"
        }
      },
      "geometry": {
        "type": "MultiPolygon",
        "coordinates": [
          [
            [
              [
                16.935275,
                51.120066
              ],
              [
                16.935639,
                51.120294
              ],
              [
                16.937053,
                51.120651
              ],
              [
                16.938506,
                51.121346
              ],
              [
                16.938894,
                51.121777
              ],
              [
                16.939292,
                51.122666
              ],
              [
                16.940286,
                51.123655
              ],
              [
                16.940516,
                51.124173
              ],
              [
                16.94081,
                51.125816
              ],
              [
                16.939514,
                51.127833
              ],
              [
                16.939444,
                51.12811
              ],
              [
                16.939513,
                51.128269
              ],
              [
                16.941993,
                51.130495
              ],
              [
                16.94375,
                51.131398
              ],
              [
                16.944166,
                51.131924
              ],
              [
                16.945042,
                51.133598
              ],
              [
                16.95036,
                51.129421
              ],
              [
                16.965064,
                51.118148
              ],
              [
                16.947021,
                51.121043
              ],
              [
                16.945934,
                51.120644
              ],
              [
                16.944973,
                51.120094
              ],
              [
                16.944219,
                51.119403
              ],
              [
                16.943775,
                51.118709
              ],
              [
                16.939045,
                51.119469
              ],
              [
                16.939001,
                51.119342
              ],
              [
                16.938619,
                51.119404
              ],
              [
                16.938646,
                51.119468
              ],
              [
                16.935275,
                51.120066
              ]
            ]
          ]
        ]
      }
    },
    {
      "type": "Feature",
      "properties": {
        "name": "Leśnica",
        "slug": "lesnica",
        "osm_relation": 2336825,
        "in": {
          "en": "in Leśnica",
          "pl": "w Leśnicy"
        }
      },
      "geometry": {
        "type": "MultiPolygon",
        "coordinates": [
          [
            [
              [
                16.810421,
                51.145328
              ],
              [
                16.813132,
                51.150329
              ],
              [
                16.816024,
                51.15
              ],
              [
                16.816183,
                51.149895
              ],
              [
                16.817344,
                51.153022
              ],
              [
                16.825411,
                51.151472
              ],
              [
                16.826822,
                51.153093
              ],
              [
                16.828159,
                51.154352
              ],
              [
                16.829246,
                51.155615
              ],
              [
                16.830261,
                51.156646
              ],
              [
                16.831059,
                51.157677
              ],
              [
                16.827561,
                51.158761
              ],
              [
                16.827017,
                51.160848
              ],
              [
                16.82543,
                51.163886
              ],
              [
                16.82413,
                51.16588
              ],
              [
                16.823301,
                51.166815
              ],
              [
                16.822038,
                51.168023
              ],
              [
                16.821611,
                51.169198
              ],
              [
                16.821068,
                51.17184
              ],
              [
                16.822268,
                51.171591
              ],
              [
                16.823575,
                51.173212
              ],
              [
                16.825661,
                51.174404
              ],
              [
                16.82584,
                51.174406
              ],
              [
                16.826398,
                51.175054
              ],
              [
                16.825104,
                51.175891
              ],
              [
                16.823278,
                51.176928
              ],
              [
                16.826457,
                51.182156
              ],
              [
                16.82665,
                51.181965
              ],
              [
                16.827555,
                51.183552
              ],
              [
                16.82976,
                51.183416
              ],
              [
                16.830741,
                51.183451
              ],
              [
                16.832008,
                51.183646
              ],
              [
                16.83221,
                51.183779
              ],
              [
                16.832123,
                51.18432
              ],
              [
                16.83306,
                51.184352
              ],
              [
                16.833914,
                51.18429
              ],
              [
                16.834879,
                51.184074
              ],
              [
                16.835714,
                51.184043
              ],
              [
                16.83666,
                51.183495
              ],
              [
                16.836824,
                51.182658
              ],
              [
                16.836913,
                51.182517
              ],
              [
                16.837289,
                51.182327
              ],
              [
                16.838287,
                51.18215
              ],
              [
                16.841692,
                51.181759
              ],
              [
                16.84228,
                51.182764
              ],
              [
                16.842835,
                51.182548
              ],
              [
                16.843111,
                51.182542
              ],
              [
                16.844038,
                51.18229
              ],
              [
                16.844694,
                51.181965
              ],
              [
                16.845015,
                51.181692
              ],
              [
                16.84703,
                51.181104
              ],
              [
                16.848146,
                51.18057
              ],
              [
                16.848793,
                51.180363
              ],
              [
                16.84907,
                51.180141
              ],
              [
                16.849339,
                51.180052
              ],
              [
                16.851406,
                51.178828
              ],
              [
                16.851516,
                51.178628
              ],
              [
                16.852703,
                51.177871
              ],
              [
                16.853613,
                51.177651
              ],
              [
                16.85498,
                51.177517
              ],
              [
                16.856421,
                51.177684
              ],
              [
                16.857596,
                51.177699
              ],
              [
                16.859613,
                51.178123
              ],
              [
                16.862521,
                51.178964
              ],
              [
                16.862317,
                51.178552
              ],
              [
                16.862831,
                51.178409
              ],
              [
                16.863827,
                51.180001
              ],
              [
                16.864599,
                51.179887
              ],
              [
                16.867932,
                51.179666
              ],
              [
                16.871202,
                51.179241
              ],
              [
                16.871568,
                51.179471
              ],
              [
                16.872288,
                51.179367
              ],
              [
                16.872227,
                51.179803
              ],
              [
                16.874139,
                51.180318
              ],
              [
                16.874951,
                51.180604
              ],
              [
                16.875414,
                51.18087
              ],
              [
                16.875855,
                51.181664
              ],
              [
                16.876112,
                51.182626
              ],
              [
                16.876707,
                51.184053
              ],
              [
                16.877202,
                51.185544
              ],
              [
                16.878267,
                51.185851
              ],
              [
                16.88062,
                51.186355
              ],
              [
                16.88092,
                51.186629
              ],
              [
                16.881278,
                51.187272
              ],
              [
                16.881175,
                51.187602
              ],
              [
                16.881228,
                51.187711
              ],
              [
                16.882557,
                51.187933
              ],
              [
                16.884001,
                51.187911
              ],
              [
                16.886147,
                51.187653
              ],
              [
                16.886176,
                51.187583
              ],
              [
                16.8881,
                51.187476
              ],
              [
                16.888602,
                51.187343
              ],
              [
                16.889719,
                51.186811
              ],
              [
                16.890168,
                51.185693
              ],
              [
                16.890163,
                51.185041
              ],
              [
                16.890708,
                51.184881
              ],
              [
                16.891106,
                51.184661
              ],
              [
                16.892184,
                51.184521
              ],
              [
                16.892303,
                51.184414
              ],
              [
                16.893525,
                51.184156
              ],
              [
                16.895301,
                51.184335
              ],
              [
                16.895691,
                51.18424
              ],
              [
                16.896585,
                51.184206
              ],
              [
                16.898879,
                51.184482
              ],
              [
                16.899836,
                51.184137
              ],
              [
                16.900487,
                51.184073
              ],
              [
                16.900964,
                51.184567
              ],
              [
                16.901274,
                51.184581
              ],
              [
                16.901964,
                51.183558
              ],
              [
                16.902279,
                51.182844
              ],
              [
                16.902469,
                51.182025
              ],
              [
                16.903202,
                51.180422
              ],
              [
                16.903271,
                51.180005
              ],
              [
                16.903217,
                51.179743
              ],
              [
                16.902985,
                51.179491
              ],
              [
                16.90254,
                51.179235
              ],
              [
                16.901416,
                51.178848
              ],
              [
                16.900527,
                51.178219
              ],
              [
                16.89929,
                51.176516
              ],
              [
                16.898267,
                51.175324
              ],
              [
                16.896721,
                51.173222
              ],
              [
                16.896034,
                51.172463
              ],
              [
                16.894716,
                51.170699
              ],
              [
                16.894282,
                51.169807
              ],
              [
                16.893971,
                51.168532
              ],
              [
                16.894023,
                51.168233
              ],
              [
                16.894328,
                51.167809
              ],
              [
                16.894285,
                51.167348
              ],
              [
                16.894159,
                51.167185
              ],
              [
                16.893451,
                51.166933
              ],
              [
                16.892066,
                51.166834
              ],
              [
                16.892229,
                51.166412
              ],
              [
                16.892226,
                51.165539
              ],
              [
                16.892586,
                51.165001
              ],
              [
                16.893901,
                51.16379
              ],
              [
                16.895255,
                51.163378
              ],
              [
                16.893547,
                51.161577
              ],
              [
                16.900574,
                51.159526
              ],
              [
                16.90275,
                51.160109
              ],
              [
                16.915658,
                51.156736
              ],
              [
                16.916328,
                51.158121
              ],
              [
                16.916388,
                51.158402
              ],
              [
                16.917209,
                51.157524
              ],
              [
                16.939539,
                51.137927
              ],
              [
                16.941461,
                51.13634
              ],
              [
                16.945042,
                51.133598
              ],
              [
                16.944166,
                51.131924
              ],
              [
                16.94375,
                51.131398
              ],
              [
                16.941993,
                51.130495
              ],
              [
                16.939513,
                51.128269
              ],
              [
                16.939444,
                51.12811
              ],
              [
                16.939514,
                51.127833
              ],
              [
                16.940768,
                51.125928
              ],
              [
                16.94081,
                51.125661
              ],
              [
                16.940516,
                51.124173
              ],
              [
                16.940375,
                51.123792
              ],
              [
                16.939495,
                51.122909
              ],
              [
                16.939156,
                51.122348
              ],
              [
                16.914836,
                51.126433
              ],
              [
                16.898871,
                51.128936
              ],
              [
                16.886392,
                51.131161
              ],
              [
                16.882431,
                51.132268
              ],
              [
                16.877737,
                51.134151
              ],
              [
                16.876433,
                51.134835
              ],
              [
                16.874808,
                51.135904
              ],
              [
                16.872696,
                51.137559
              ],
              [
                16.871236,
                51.137147
              ],
              [
                16.870274,
                51.136594
              ],
              [
                16.869617,
                51.136368
              ],
              [
                16.868622,
                51.136167
              ],
              [
                16.868217,
                51.135915
              ],
              [
                16.867427,
                51.135216
              ],
              [
                16.866714,
                51.134867
              ],
              [
                16.866658,
                51.134432
              ],
              [
                16.86684,
                51.134025
              ],
              [
                16.867376,
                51.133326
              ],
              [
                16.867523,
                51.132768
              ],
              [
                16.867502,
                51.132468
              ],
              [
                16.866802,
                51.132011
              ],
              [
                16.866502,
                51.131711
              ],
              [
                16.866166,
                51.130617
              ],
              [
                16.865986,
                51.130403
              ],
              [
                16.865564,
                51.130285
              ],
              [
                16.86463,
                51.130241
              ],
              [
                16.864386,
                51.129965
              ],
              [
                16.864381,
                51.129074
              ],
              [
                16.864221,
                51.128916
              ],
              [
                16.863836,
                51.128748
              ],
              [
                16.861879,
                51.128524
              ],
              [
                16.861584,
                51.128611
              ],
              [
                16.860982,
                51.12911
              ],
              [
                16.860448,
                51.129332
              ],
              [
                16.859905,
                51.129439
              ],
              [
                16.858464,
                51.129425
              ],
              [
                16.857422,
                51.129264
              ],
              [
                16.856624,
                51.128908
              ],
              [
                16.854315,
                51.128231
              ],
              [
                16.853821,
                51.128228
              ],
              [
                16.852995,
                51.128583
              ],
              [
                16.852505,
                51.128624
              ],
              [
                16.852258,
                51.128527
              ],
              [
                16.851864,
                51.128214
              ],
              [
                16.851328,
                51.12801
              ],
              [
                16.84974,
                51.127651
              ],
              [
                16.84963,
                51.127532
              ],
              [
                16.849583,
                51.127305
              ],
              [
                16.850029,
                51.126472
              ],
              [
                16.849814,
                51.125982
              ],
              [
                16.850819,
                51.12539
              ],
              [
                16.85096,
                51.125176
              ],
              [
                16.850784,
                51.124898
              ],
              [
                16.850492,
                51.124781
              ],
              [
                16.850345,
                51.124605
              ],
              [
                16.850245,
                51.123187
              ],
              [
                16.850027,
                51.122814
              ],
              [
                16.849784,
                51.122601
              ],
              [
                16.849331,
                51.122565
              ],
              [
                16.848855,
                51.123463
              ],
              [
                16.847898,
                51.124408
              ],
              [
                16.847789,
                51.124692
              ],
              [
                16.847488,
                51.124769
              ],
              [
                16.84696,
                51.124602
              ],
              [
                16.846356,
                51.124178
              ],
              [
                16.846361,
                51.12402
              ],
              [
                16.846811,
                51.123719
              ],
              [
                16.846442,
                51.12349
              ],
              [
                16.846169,
                51.123489
              ],
              [
                16.843968,
                51.124032
              ],
              [
                16.842954,
                51.124151
              ],
              [
                16.840654,
                51.124637
              ],
              [
                16.839763,
                51.124677
              ],
              [
                16.839084,
                51.124594
              ],
              [
                16.838761,
                51.124166
              ],
              [
                16.83855,
                51.123648
              ],
              [
                16.837829,
                51.1235
              ],
              [
                16.834908,
                51.124081
              ],
              [
                16.83245,
                51.124395
              ],
              [
                16.829346,
                51.125023
              ],
              [
                16.824544,
                51.125404
              ],
              [
                16.821419,
                51.125736
              ],
              [
                16.817761,
                51.126232
              ],
              [
                16.817143,
                51.12639
              ],
              [
                16.817388,
                51.126802
              ],
              [
                16.817903,
                51.127338
              ],
              [
                16.818078,
                51.12787
              ],
              [
                16.818408,
                51.128387
              ],
              [
                16.81872,
                51.129251
              ],
              [
                16.818778,
                51.129503
              ],
              [
                16.818683,
                51.13238
              ],
              [
                16.820009,
                51.1327
              ],
              [
                16.820197,
                51.132789
              ],
              [
                16.820488,
                51.133114
              ],
              [
                16.820917,
                51.133712
              ],
              [
                16.821625,
                51.134986
              ],
              [
                16.822009,
                51.135739
              ],
              [
                16.822055,
                51.136119
              ],
              [
                16.822644,
                51.137202
              ],
              [
                16.823497,
                51.138193
              ],
              [
                16.824829,
                51.139023
              ],
              [
                16.825668,
                51.139656
              ],
              [
                16.826417,
                51.140925
              ],
              [
                16.826496,
                51.14135
              ],
              [
                16.826409,
                51.141409
              ],
              [
                16.824658,
                51.141254
              ],
              [
                16.822156,
                51.140389
              ],
              [
                16.82037,
                51.139902
              ],
              [
                16.820276,
                51.138499
              ],
              [
                16.817392,
                51.138359
              ],
              [
                16.817121,
                51.138483
              ],
              [
                16.816919,
                51.138477
              ],
              [
                16.816749,
                51.138305
              ],
              [
                16.813466,
                51.137349
              ],
              [
                16.812464,
                51.137438
              ],
              [
                16.809648,
                51.137444
              ],
              [
                16.809609,
                51.13733
              ],
              [
                16.809278,
                51.137381
              ],
              [
                16.809618,
                51.138791
              ],
              [
                16.807339,
                51.138948
              ],
              [
                16.810421,
                51.145328
              ]
            ]
          ]
        ]
      }
    },
    {
      "type": "Feature",
      "properties": {
        "name": "Lipa Piotrowska",
        "slug": "lipa-piotrowska",
        "osm_relation": 2339135,
        "in": {
          "en": "in Lipa Piotrowska",
          "pl": "na Lipie Piotrowskiej"
        }
      },
      "geometry": {
        "type": "MultiPolygon",
        "coordinates": [
          [
            [
              [
                16.984572,
                51.18099
              ],
              [
                16.984731,
                51.181175
              ],
              [
                16.985151,
                51.181162
              ],
              [
                16.987402,
                51.180438
              ],
              [
                16.987747,
                51.180959
              ],
              [
                16.99035,
                51.181123
              ],
              [
                16.990372,
                51.18129
              ],
              [
                16.990885,
                51.181427
              ],
              [
                16.991148,
                51.181614
              ],
              [
                16.991369,
                51.181924
              ],
              [
                16.991932,
                51.182104
              ],
              [
                16.992206,
                51.182372
              ],
              [
                16.993846,
                51.183437
              ],
              [
                16.993971,
                51.183644
              ],
              [
                16.994013,
                51.183895
              ],
              [
                16.993222,
                51.184362
              ],
              [
                16.992782,
                51.184787
              ],
              [
                16.992615,
                51.185114
              ],
              [
                16.992545,
                51.185487
              ],
              [
                16.999728,
                51.184445
              ],
              [
                16.999884,
                51.183272
              ],
              [
                16.99993,
                51.181841
              ],
              [
                17.000002,
                51.18183
              ],
              [
                17.00148,
                51.181933
              ],
              [
                17.001546,
                51.182377
              ],
              [
                17.003636,
                51.182406
              ],
              [
                17.004159,
                51.182096
              ],
              [
                17.005752,
                51.182014
              ],
              [
                17.010748,
                51.182256
              ],
              [
                17.010757,
                51.182435
              ],
              [
                17.012373,
                51.182537
              ],
              [
                17.01231,
                51.18052
              ],
              [
                17.0122,
                51.180475
              ],
              [
                17.010953,
                51.178495
              ],
              [
                17.008423,
                51.178728
              ],
              [
                17.008679,
                51.177027
              ],
              [
                17.008879,
                51.176314
              ],
              [
                17.007962,
                51.175751
              ],
              [
                17.00617,
                51.174893
              ],
              [
                17.004433,
                51.173778
              ],
              [
                17.002658,
                51.172075
              ],
              [
                17.002713,
                51.172028
              ],
              [
                17.002304,
                51.171623
              ],
              [
                16.99964,
                51.171392
              ],
              [
                16.999579,
                51.168295
              ],
              [
                16.99966,
                51.16784
              ],
              [
                17.007822,
                51.167796
              ],
              [
                17.009265,
                51.166137
              ],
              [
                17.009609,
                51.165162
              ],
              [
                17.00987,
                51.163899
              ],
              [
                17.013189,
                51.163558
              ],
              [
                17.016591,
                51.162183
              ],
              [
                17.014752,
                51.160303
              ],
              [
                17.01359,
                51.158616
              ],
              [
                17.013682,
                51.158603
              ],
              [
                17.013593,
                51.158508
              ],
              [
                17.014231,
                51.157846
              ],
              [
                17.01261,
                51.157793
              ],
              [
                17.011494,
                51.157671
              ],
              [
                17.009381,
                51.157237
              ],
              [
                17.008199,
                51.15687
              ],
              [
                17.006735,
                51.156295
              ],
              [
                17.006038,
                51.155904
              ],
              [
                17.005574,
                51.155506
              ],
              [
                17.005457,
                51.155891
              ],
              [
                17.004715,
                51.157261
              ],
              [
                17.003695,
                51.158826
              ],
              [
                16.984572,
                51.18099
              ]
            ]
          ]
        ]
      }
    },
    {
      "type": "Feature",
      "properties": {
        "name": "Maślice",
        "slug": "maslice",
        "osm_relation": 2341613,
        "in": {
          "en": "in Maślice",
          "pl": "na Maślicach"
        }
      },
      "geometry": {
        "type": "MultiPolygon",
        "coordinates": [
          [
            [
              [
                16.916388,
                51.158402
              ],
              [
                16.917209,
                51.157524
              ],
              [
                16.93478,
                51.142091
              ],
              [
                16.934891,
                51.14244
              ],
              [
                16.935127,
                51.142539
              ],
              [
                16.935021,
                51.142628
              ],
              [
                16.935055,
                51.142699
              ],
              [
                16.935998,
                51.143137
              ],
              [
                16.936355,
                51.143091
              ],
              [
                16.936835,
                51.14269
              ],
              [
                16.937431,
                51.142999
              ],
              [
                16.937601,
                51.142975
              ],
              [
                16.939588,
                51.141176
              ],
              [
                16.941591,
                51.144005
              ],
              [
                16.942504,
                51.145069
              ],
              [
                16.943665,
                51.146249
              ],
              [
                16.944364,
                51.146115
              ],
              [
                16.946607,
                51.145365
              ],
              [
                16.948379,
                51.144686
              ],
              [
                16.948718,
                51.144489
              ],
              [
                16.946963,
                51.143183
              ],
              [
                16.94782,
                51.142942
              ],
              [
                16.948476,
                51.142499
              ],
              [
                16.949498,
                51.142776
              ],
              [
                16.95065,
                51.142699
              ],
              [
                16.952338,
                51.142915
              ],
              [
                16.95322,
                51.1428
              ],
              [
                16.954146,
                51.142851
              ],
              [
                16.954841,
                51.142711
              ],
              [
                16.955392,
                51.142499
              ],
              [
                16.955969,
                51.142427
              ],
              [
                16.956393,
                51.142464
              ],
              [
                16.956685,
                51.142649
              ],
              [
                16.956797,
                51.142921
              ],
              [
                16.956394,
                51.143868
              ],
              [
                16.956383,
                51.144092
              ],
              [
                16.956553,
                51.144638
              ],
              [
                16.957128,
                51.145196
              ],
              [
                16.958004,
                51.145627
              ],
              [
                16.958442,
                51.14629
              ],
              [
                16.95953,
                51.146708
              ],
              [
                16.959783,
                51.14694
              ],
              [
                16.959638,
                51.147282
              ],
              [
                16.959041,
                51.147692
              ],
              [
                16.958871,
                51.147995
              ],
              [
                16.95888,
                51.14831
              ],
              [
                16.95906,
                51.148803
              ],
              [
                16.959005,
                51.149068
              ],
              [
                16.958597,
                51.149339
              ],
              [
                16.95768,
                51.149402
              ],
              [
                16.957342,
                51.149535
              ],
              [
                16.957061,
                51.150091
              ],
              [
                16.957028,
                51.15099
              ],
              [
                16.956792,
                51.151271
              ],
              [
                16.95617,
                51.151475
              ],
              [
                16.955448,
                51.151532
              ],
              [
                16.954967,
                51.151523
              ],
              [
                16.954097,
                51.151294
              ],
              [
                16.953457,
                51.151319
              ],
              [
                16.952861,
                51.151588
              ],
              [
                16.952486,
                51.151929
              ],
              [
                16.952132,
                51.152478
              ],
              [
                16.95152,
                51.152816
              ],
              [
                16.951404,
                51.153038
              ],
              [
                16.951434,
                51.153786
              ],
              [
                16.95191,
                51.154774
              ],
              [
                16.951916,
                51.155102
              ],
              [
                16.951568,
                51.155509
              ],
              [
                16.950706,
                51.155915
              ],
              [
                16.950441,
                51.156266
              ],
              [
                16.950474,
                51.156545
              ],
              [
                16.951201,
                51.157276
              ],
              [
                16.951307,
                51.157528
              ],
              [
                16.951275,
                51.157822
              ],
              [
                16.950745,
                51.158605
              ],
              [
                16.950609,
                51.159051
              ],
              [
                16.950674,
                51.159452
              ],
              [
                16.950847,
                51.159562
              ],
              [
                16.948761,
                51.160606
              ],
              [
                16.94491,
                51.162312
              ],
              [
                16.944062,
                51.163122
              ],
              [
                16.94363,
                51.16426
              ],
              [
                16.943441,
                51.165363
              ],
              [
                16.943433,
                51.167118
              ],
              [
                16.942773,
                51.168527
              ],
              [
                16.942038,
                51.169317
              ],
              [
                16.941147,
                51.169922
              ],
              [
                16.940087,
                51.170366
              ],
              [
                16.936187,
                51.171637
              ],
              [
                16.933769,
                51.172671
              ],
              [
                16.932876,
                51.17318
              ],
              [
                16.931019,
                51.175088
              ],
              [
                16.930669,
                51.175733
              ],
              [
                16.930423,
                51.176406
              ],
              [
                16.929665,
                51.180109
              ],
              [
                16.929391,
                51.180682
              ],
              [
                16.92805,
                51.180023
              ],
              [
                16.928005,
                51.180093
              ],
              [
                16.927416,
                51.179811
              ],
              [
                16.926928,
                51.17996
              ],
              [
                16.925753,
                51.179303
              ],
              [
                16.92485,
                51.17861
              ],
              [
                16.924043,
                51.178185
              ],
              [
                16.92319,
                51.177234
              ],
              [
                16.922972,
                51.176716
              ],
              [
                16.922849,
                51.175938
              ],
              [
                16.922564,
                51.175494
              ],
              [
                16.921931,
                51.173264
              ],
              [
                16.921292,
                51.172405
              ],
              [
                16.920802,
                51.171963
              ],
              [
                16.920334,
                51.171273
              ],
              [
                16.92019,
                51.170802
              ],
              [
                16.919942,
                51.168541
              ],
              [
                16.919359,
                51.167541
              ],
              [
                16.916841,
                51.167296
              ],
              [
                16.917821,
                51.165419
              ],
              [
                16.918579,
                51.16477
              ],
              [
                16.920911,
                51.160812
              ],
              [
                16.920921,
                51.160596
              ],
              [
                16.920753,
                51.159926
              ],
              [
                16.91968,
                51.157869
              ],
              [
                16.916388,
                51.158402
              ]
            ]
          ]
        ]
      }
    },
    {
      "type": "Feature",
      "properties": {
        "name": "Muchobór Mały",
        "slug": "muchobor-maly",
        "osm_relation": 2321916,
        "in": {
          "en": "in Muchobór Mały",
          "pl": "na Muchoborze Małym"
        }
      },
      "geometry": {
        "type": "MultiPolygon",
        "coordinates": [
          [
            [
              [
                16.952044,
                51.108509
              ],
              [
                16.952237,
                51.108402
              ],
              [
                16.952446,
                51.10811
              ],
              [
                16.952702,
                51.107214
              ],
              [
                16.953344,
                51.106871
              ],
              [
                16.954643,
                51.106529
              ],
              [
                16.956126,
                51.106388
              ],
              [
                16.956583,
                51.106272
              ],
              [
                16.95696,
                51.106096
              ],
              [
                16.957168,
                51.1059
              ],
              [
                16.957321,
                51.105638
              ],
              [
                16.9576,
                51.102682
              ],
              [
                16.95777,
                51.102262
              ],
              [
                16.958994,
                51.101287
              ],
              [
                16.959357,
                51.100852
              ],
              [
                16.959505,
                51.100197
              ],
              [
                16.960242,
                51.099378
              ],
              [
                16.960627,
                51.099143
              ],
              [
                16.961239,
                51.099065
              ],
              [
                16.963246,
                51.09903
              ],
              [
                16.965695,
                51.098396
              ],
              [
                16.966217,
                51.098125
              ],
              [
                16.969279,
                51.095844
              ],
              [
                16.969627,
                51.095381
              ],
              [
                17.003034,
                51.104425
              ],
              [
                16.996338,
                51.109757
              ],
              [
                16.993449,
                51.111953
              ],
              [
                16.99166,
                51.112941
              ],
              [
                16.98975,
                51.113684
              ],
              [
                16.987234,
                51.1143
              ],
              [
                16.969541,
                51.117302
              ],
              [
                16.968846,
                51.116092
              ],
              [
                16.968496,
                51.114874
              ],
              [
                16.96844,
                51.114352
              ],
              [
                16.966319,
                51.114283
              ],
              [
                16.964886,
                51.113913
              ],
              [
                16.963467,
                51.113219
              ],
              [
                16.962133,
                51.112739
              ],
              [
                16.960365,
                51.112261
              ],
              [
                16.957945,
                51.111441
              ],
              [
                16.953482,
                51.109329
              ],
              [
                16.952044,
                51.108509
              ]
            ]
          ]
        ]
      }
    },
    {
      "type": "Feature",
      "properties": {
        "name": "Muchobór Wielki",
        "slug": "muchobor-wielki",
        "osm_relation": 2321749,
        "in": {
          "en": "in Muchobór Wielki",
          "pl": "na Muchoborze Wielkim"
        }
      },
      "geometry": {
        "type": "MultiPolygon",
        "coordinates": [
          [
            [
              [
                16.917152,
                51.081071
              ],
              [
                16.919278,
                51.080833
              ],
              [
                16.920893,
                51.080408
              ],
              [
                16.922238,
                51.079829
              ],
              [
                16.922894,
                51.079692
              ],
              [
                16.925755,
                51.081078
              ],
              [
                16.92753,
                51.081126
              ],
              [
                16.928006,
                51.081072
              ],
              [
                16.928925,
                51.084354
              ],
              [
                16.969627,
                51.095381
              ],
              [
                16.969279,
                51.095844
              ],
              [
                16.966217,
                51.098125
              ],
              [
                16.965695,
                51.098396
              ],
              [
                16.963246,
                51.09903
              ],
              [
                16.961239,
                51.099065
              ],
              [
                16.960627,
                51.099143
              ],
              [
                16.960242,
                51.099378
              ],
              [
                16.959505,
                51.100197
              ],
              [
                16.959357,
                51.100852
              ],
              [
                16.958994,
                51.101287
              ],
              [
                16.95777,
                51.102262
              ],
              [
                16.9576,
                51.102682
              ],
              [
                16.957321,
                51.105638
              ],
              [
                16.95696,
                51.106096
              ],
              [
                16.956126,
                51.106388
              ],
              [
                16.954643,
                51.106529
              ],
              [
                16.953344,
                51.106871
              ],
              [
                16.952702,
                51.107214
              ],
              [
                16.952446,
                51.10811
              ],
              [
                16.952237,
                51.108402
              ],
              [
                16.950986,
                51.109101
              ],
              [
                16.95061,
                51.109217
              ],
              [
                16.949243,
                51.109254
              ],
              [
                16.946245,
                51.109855
              ],
              [
                16.945174,
                51.110265
              ],
              [
                16.944517,
                51.110819
              ],
              [
                16.942914,
                51.111412
              ],
              [
                16.942648,
                51.112398
              ],
              [
                16.941559,
                51.113665
              ],
              [
                16.940686,
                51.114366
              ],
              [
                16.940255,
                51.114537
              ],
              [
                16.938715,
                51.114797
              ],
              [
                16.938327,
                51.114936
              ],
              [
                16.938015,
                51.115172
              ],
              [
                16.93751,
                51.115889
              ],
              [
                16.936607,
                51.116859
              ],
              [
                16.935646,
                51.117399
              ],
              [
                16.935301,
                51.117779
              ],
              [
                16.934798,
                51.117651
              ],
              [
                16.934027,
                51.117313
              ],
              [
                16.933709,
                51.116577
              ],
              [
                16.933398,
                51.116154
              ],
              [
                16.932779,
                51.116087
              ],
              [
                16.933711,
                51.109601
              ],
              [
                16.931687,
                51.10968
              ],
              [
                16.924198,
                51.109671
              ],
              [
                16.92374,
                51.109607
              ],
              [
                16.925023,
                51.097897
              ],
              [
                16.925316,
                51.093294
              ],
              [
                16.922994,
                51.092254
              ],
              [
                16.92181,
                51.089733
              ],
              [
                16.92174,
                51.089207
              ],
              [
                16.920898,
                51.086966
              ],
              [
                16.919176,
                51.081612
              ],
              [
                16.917152,
                51.081071
              ]
            ]
          ]
        ]
      }
    },
    {
      "type": "Feature",
      "properties": {
        "name": "Nadodrze",
        "slug": "nadodrze",
        "osm_relation": 2341614,
        "in": {
          "en": "in Nadodrze",
          "pl": "na Nadodrzu"
        }
      },
      "geometry": {
        "type": "MultiPolygon",
        "coordinates": [
          [
            [
              [
                17.020261,
                51.125067
              ],
              [
                17.022641,
                51.125819
              ],
              [
                17.024936,
                51.126259
              ],
              [
                17.026035,
                51.126374
              ],
              [
                17.027232,
                51.126366
              ],
              [
                17.030536,
                51.126101
              ],
              [
                17.035149,
                51.125476
              ],
              [
                17.036551,
                51.125447
              ],
              [
                17.040475,
                51.126092
              ],
              [
                17.042863,
                51.126672
              ],
              [
                17.043263,
                51.126145
              ],
              [
                17.045895,
                51.125303
              ],
              [
                17.045421,
                51.124841
              ],
              [
                17.044709,
                51.123831
              ],
              [
                17.043628,
                51.121649
              ],
              [
                17.042112,
                51.119343
              ],
              [
                17.041995,
                51.118856
              ],
              [
                17.042091,
                51.116924
              ],
              [
                17.041424,
                51.115972
              ],
              [
                17.041155,
                51.116256
              ],
              [
                17.038823,
                51.117673
              ],
              [
                17.038595,
                51.11773
              ],
              [
                17.037435,
                51.117504
              ],
              [
                17.035851,
                51.116799
              ],
              [
                17.03431,
                51.115997
              ],
              [
                17.03493,
                51.114946
              ],
              [
                17.033785,
                51.114668
              ],
              [
                17.030946,
                51.113679
              ],
              [
                17.029404,
                51.113876
              ],
              [
                17.026704,
                51.113999
              ],
              [
                17.025815,
                51.114142
              ],
              [
                17.024206,
                51.114258
              ],
              [
                17.02258,
                51.114553
              ],
              [
                17.021164,
                51.115019
              ],
              [
                17.01926,
                51.115945
              ],
              [
                17.018517,
                51.116599
              ],
              [
                17.018087,
                51.117166
              ],
              [
                17.017713,
                51.118084
              ],
              [
                17.017684,
                51.11862
              ],
              [
                17.01787,
                51.119044
              ],
              [
                17.018627,
                51.119785
              ],
              [
                17.020182,
                51.121009
              ],
              [
                17.020862,
                51.121866
              ],
              [
                17.021218,
                51.122525
              ],
              [
                17.021232,
                51.122841
              ],
              [
                17.020647,
                51.123987
              ],
              [
                17.020443,
                51.12471
              ],
              [
                17.020261,
                51.125067
              ]
            ]
          ]
        ]
      }
    },
    {
      "type": "Feature",
      "properties": {
        "name": "Nowy Dwór",
        "slug": "nowy-dwor",
        "osm_relation": 2336903,
        "in": {
          "en": "in Nowy Dwór",
          "pl": "na Nowym Dworze"
        }
      },
      "geometry": {
        "type": "MultiPolygon",
        "coordinates": [
          [
            [
              [
                16.935275,
                51.120066
              ],
              [
                16.938646,
                51.119468
              ],
              [
                16.938619,
                51.119404
              ],
              [
                16.939001,
                51.119342
              ],
              [
                16.939045,
                51.119469
              ],
              [
                16.943775,
                51.118709
              ],
              [
                16.944219,
                51.119403
              ],
              [
                16.944973,
                51.120094
              ],
              [
                16.945934,
                51.120644
              ],
              [
                16.947021,
                51.121043
              ],
              [
                16.961398,
                51.118777
              ],
              [
                16.969541,
                51.117302
              ],
              [
                16.968846,
                51.116092
              ],
              [
                16.968496,
                51.114874
              ],
              [
                16.96844,
                51.114352
              ],
              [
                16.966319,
                51.114283
              ],
              [
                16.964886,
                51.113913
              ],
              [
                16.963467,
                51.113219
              ],
              [
                16.962133,
                51.112739
              ],
              [
                16.960365,
                51.112261
              ],
              [
                16.957945,
                51.111441
              ],
              [
                16.953482,
                51.109329
              ],
              [
                16.952044,
                51.108509
              ],
              [
                16.950986,
                51.109101
              ],
              [
                16.95061,
                51.109217
              ],
              [
                16.949243,
                51.109254
              ],
              [
                16.945627,
                51.110039
              ],
              [
                16.945174,
                51.110265
              ],
              [
                16.944517,
                51.110819
              ],
              [
                16.942914,
                51.111412
              ],
              [
                16.942648,
                51.112398
              ],
              [
                16.941559,
                51.113665
              ],
              [
                16.940686,
                51.114366
              ],
              [
                16.940255,
                51.114537
              ],
              [
                16.938715,
                51.114797
              ],
              [
                16.938142,
                51.115054
              ],
              [
                16.93751,
                51.115889
              ],
              [
                16.936607,
                51.116859
              ],
              [
                16.935488,
                51.117534
              ],
              [
                16.935229,
                51.117948
              ],
              [
                16.935256,
                51.118784
              ],
              [
                16.935079,
                51.119464
              ],
              [
                16.935095,
                51.119773
              ],
              [
                16.935275,
                51.120066
              ]
            ]
          ]
        ]
      }
    },
    {
      "type": "Feature",
      "properties": {
        "name": "Ołbin",
        "slug": "olbin",
        "osm_relation": 2341616,
        "in": {
          "en": "in Ołbin",
          "pl": "na Ołbinie"
        }
      },
      "geometry": {
        "type": "MultiPolygon",
        "coordinates": [
          [
            [
              [
                17.042092,
                51.117095
              ],
              [
                17.041995,
                51.118856
              ],
              [
                17.042074,
                51.119261
              ],
              [
                17.043628,
                51.121649
              ],
              [
                17.044709,
                51.123831
              ],
              [
                17.045421,
                51.124841
              ],
              [
                17.045895,
                51.125303
              ],
              [
                17.043263,
                51.126145
              ],
              [
                17.042863,
                51.126672
              ],
              [
                17.049589,
                51.128756
              ],
              [
                17.054297,
                51.130514
              ],
              [
                17.056167,
                51.131696
              ],
              [
                17.060319,
                51.12918
              ],
              [
                17.061672,
                51.128137
              ],
              [
                17.063294,
                51.127299
              ],
              [
                17.065305,
                51.126626
              ],
              [
                17.06722,
                51.125822
              ],
              [
                17.068988,
                51.124673
              ],
              [
                17.070033,
                51.123629
              ],
              [
                17.070752,
                51.122589
              ],
              [
                17.071294,
                51.121525
              ],
              [
                17.071702,
                51.120301
              ],
              [
                17.071666,
                51.119242
              ],
              [
                17.071445,
                51.117182
              ],
              [
                17.071556,
                51.116268
              ],
              [
                17.072114,
                51.114718
              ],
              [
                17.071236,
                51.114658
              ],
              [
                17.069419,
                51.114947
              ],
              [
                17.067988,
                51.114958
              ],
              [
                17.064057,
                51.115513
              ],
              [
                17.053793,
                51.116427
              ],
              [
                17.051112,
                51.116736
              ],
              [
                17.048127,
                51.116914
              ],
              [
                17.046731,
                51.117101
              ],
              [
                17.045079,
                51.117181
              ],
              [
                17.042092,
                51.117095
              ]
            ]
          ]
        ]
      }
    },
    {
      "type": "Feature",
      "properties": {
        "name": "Ołtaszyn",
        "slug": "oltaszyn",
        "osm_relation": 2319784,
        "in": {
          "en": "in Ołtaszyn",
          "pl": "na Ołtaszynie"
        }
      },
      "geometry": {
        "type": "MultiPolygon",
        "coordinates": [
          [
            [
              [
                17.009892,
                51.046521
              ],
              [
                17.014557,
                51.045922
              ],
              [
                17.015536,
                51.04593
              ],
              [
                17.017024,
                51.045555
              ],
              [
                17.020416,
                51.044939
              ],
              [
                17.027867,
                51.042675
              ],
              [
                17.02911,
                51.042775
              ],
              [
                17.028761,
                51.043405
              ],
              [
                17.028716,
                51.043854
              ],
              [
                17.02973,
                51.046193
              ],
              [
                17.031093,
                51.049989
              ],
              [
                17.031585,
                51.05182
              ],
              [
                17.032315,
                51.055081
              ],
              [
                17.032547,
                51.05763
              ],
              [
                17.028907,
                51.058199
              ],
              [
                17.03042,
                51.061251
              ],
              [
                17.030429,
                51.061403
              ],
              [
                17.030163,
                51.061858
              ],
              [
                17.027182,
                51.060935
              ],
              [
                17.026639,
                51.060907
              ],
              [
                17.027105,
                51.062059
              ],
              [
                17.028983,
                51.065214
              ],
              [
                17.029227,
                51.065776
              ],
              [
                17.030663,
                51.070818
              ],
              [
                17.030651,
                51.071026
              ],
              [
                17.017007,
                51.070969
              ],
              [
                17.015278,
                51.07106
              ],
              [
                17.015255,
                51.07087
              ],
              [
                17.015121,
                51.070816
              ],
              [
                17.016109,
                51.070259
              ],
              [
                17.016639,
                51.069868
              ],
              [
                17.017013,
                51.069537
              ],
              [
                17.017587,
                51.068841
              ],
              [
                17.017205,
                51.068705
              ],
              [
                17.017301,
                51.068257
              ],
              [
                17.017331,
                51.066216
              ],
              [
                17.017259,
                51.065956
              ],
              [
                17.017375,
                51.065793
              ],
              [
                17.017347,
                51.065347
              ],
              [
                17.016751,
                51.063165
              ],
              [
                17.014462,
                51.058585
              ],
              [
                17.013376,
                51.057247
              ],
              [
                17.011861,
                51.054183
              ],
              [
                17.01025,
                51.051187
              ],
              [
                17.010023,
                51.048213
              ],
              [
                17.009825,
                51.04666
              ],
              [
                17.009892,
                51.046521
              ]
            ]
          ]
        ]
      }
    },
    {
      "type": "Feature",
      "properties": {
        "name": "Oporów",
        "slug": "oporow",
        "osm_relation": 2321417,
        "in": {
          "en": "in Oporów",
          "pl": "na Oporowie"
        }
      },
      "geometry": {
        "type": "MultiPolygon",
        "coordinates": [
          [
            [
              [
                16.928006,
                51.081072
              ],
              [
                16.928912,
                51.08104
              ],
              [
                16.931845,
                51.081365
              ],
              [
                16.933142,
                51.081573
              ],
              [
                16.934633,
                51.082053
              ],
              [
                16.935442,
                51.08216
              ],
              [
                16.937314,
                51.081983
              ],
              [
                16.937867,
                51.082002
              ],
              [
                16.937958,
                51.081627
              ],
              [
                16.938083,
                51.081454
              ],
              [
                16.938802,
                51.080846
              ],
              [
                16.939367,
                51.076793
              ],
              [
                16.93948,
                51.076803
              ],
              [
                16.943738,
                51.074866
              ],
              [
                16.942927,
                51.074468
              ],
              [
                16.943107,
                51.074351
              ],
              [
                16.944702,
                51.073872
              ],
              [
                16.946102,
                51.073567
              ],
              [
                16.947104,
                51.073102
              ],
              [
                16.947834,
                51.072497
              ],
              [
                16.948776,
                51.071537
              ],
              [
                16.949504,
                51.071011
              ],
              [
                16.950872,
                51.070497
              ],
              [
                16.953158,
                51.069857
              ],
              [
                16.953315,
                51.06969
              ],
              [
                16.953103,
                51.069129
              ],
              [
                16.953127,
                51.068953
              ],
              [
                16.953313,
                51.06879
              ],
              [
                16.955822,
                51.068166
              ],
              [
                16.958139,
                51.067384
              ],
              [
                16.957878,
                51.066687
              ],
              [
                16.957703,
                51.066688
              ],
              [
                16.957323,
                51.065442
              ],
              [
                16.958105,
                51.065309
              ],
              [
                16.968746,
                51.064572
              ],
              [
                16.969746,
                51.064923
              ],
              [
                16.970225,
                51.06672
              ],
              [
                16.97195,
                51.068252
              ],
              [
                16.972859,
                51.067733
              ],
              [
                16.973078,
                51.068211
              ],
              [
                16.978421,
                51.071302
              ],
              [
                16.979332,
                51.071936
              ],
              [
                16.980069,
                51.072587
              ],
              [
                16.980915,
                51.073468
              ],
              [
                16.98121,
                51.073915
              ],
              [
                16.981459,
                51.074569
              ],
              [
                16.98145,
                51.07537
              ],
              [
                16.981192,
                51.076518
              ],
              [
                16.981313,
                51.076706
              ],
              [
                16.982282,
                51.076783
              ],
              [
                16.980409,
                51.079687
              ],
              [
                16.980053,
                51.080092
              ],
              [
                16.979395,
                51.080558
              ],
              [
                16.978201,
                51.080989
              ],
              [
                16.972854,
                51.08221
              ],
              [
                16.972062,
                51.082658
              ],
              [
                16.971267,
                51.083334
              ],
              [
                16.96933,
                51.084324
              ],
              [
                16.967023,
                51.087116
              ],
              [
                16.966876,
                51.087359
              ],
              [
                16.966835,
                51.087758
              ],
              [
                16.967038,
                51.088227
              ],
              [
                16.968544,
                51.090041
              ],
              [
                16.969118,
                51.091955
              ],
              [
                16.965033,
                51.092348
              ],
              [
                16.964804,
                51.09265
              ],
              [
                16.962981,
                51.092644
              ],
              [
                16.963,
                51.092956
              ],
              [
                16.963319,
                51.093675
              ],
              [
                16.928925,
                51.084354
              ],
              [
                16.928006,
                51.081072
              ]
            ]
          ]
        ]
      }
    },
    {
      "type": "Feature",
      "properties": {
        "name": "Osobowice-Rędzin",
        "slug": "osobowice-redzin",
        "osm_relation": 2341615,
        "in": {
          "en": "in Osobowice-Rędzin",
          "pl": "na Osobowicach-Rędzinie"
        }
      },
      "geometry": {
        "type": "MultiPolygon",
        "coordinates": [
          [
            [
              [
                16.918136,
                51.199222
              ],
              [
                16.918902,
                51.199066
              ],
              [
                16.919064,
                51.198907
              ],
              [
                16.919979,
                51.198408
              ],
              [
                16.920378,
                51.197799
              ],
              [
                16.921325,
                51.19689
              ],
              [
                16.921886,
                51.196679
              ],
              [
                16.922552,
                51.196672
              ],
              [
                16.92404,
                51.197112
              ],
              [
                16.924846,
                51.197215
              ],
              [
                16.925461,
                51.197501
              ],
              [
                16.928016,
                51.197605
              ],
              [
                16.92944,
                51.198067
              ],
              [
                16.930416,
                51.198078
              ],
              [
                16.931707,
                51.198337
              ],
              [
                16.932874,
                51.198652
              ],
              [
                16.934934,
                51.199465
              ],
              [
                16.936882,
                51.199494
              ],
              [
                16.937923,
                51.199682
              ],
              [
                16.938501,
                51.199992
              ],
              [
                16.939402,
                51.200291
              ],
              [
                16.942486,
                51.201996
              ],
              [
                16.94313,
                51.201113
              ],
              [
                16.943633,
                51.200203
              ],
              [
                16.943533,
                51.199879
              ],
              [
                16.944129,
                51.199597
              ],
              [
                16.944871,
                51.19911
              ],
              [
                16.945166,
                51.198174
              ],
              [
                16.945078,
                51.198013
              ],
              [
                16.945388,
                51.197905
              ],
              [
                16.945256,
                51.197198
              ],
              [
                16.945081,
                51.196864
              ],
              [
                16.944806,
                51.195714
              ],
              [
                16.9449,
                51.195531
              ],
              [
                16.944818,
                51.195516
              ],
              [
                16.94565,
                51.194071
              ],
              [
                16.945634,
                51.193791
              ],
              [
                16.945812,
                51.19318
              ],
              [
                16.946167,
                51.19305
              ],
              [
                16.946526,
                51.191754
              ],
              [
                16.950303,
                51.189048
              ],
              [
                16.952278,
                51.190005
              ],
              [
                16.954369,
                51.190343
              ],
              [
                16.95519,
                51.190377
              ],
              [
                16.956899,
                51.190226
              ],
              [
                16.958601,
                51.18944
              ],
              [
                16.959089,
                51.188924
              ],
              [
                16.95975,
                51.188462
              ],
              [
                16.960358,
                51.187831
              ],
              [
                16.960862,
                51.187056
              ],
              [
                16.960625,
                51.186773
              ],
              [
                16.959991,
                51.186314
              ],
              [
                16.959304,
                51.185444
              ],
              [
                16.959197,
                51.184958
              ],
              [
                16.959489,
                51.183723
              ],
              [
                16.960078,
                51.183151
              ],
              [
                16.960861,
                51.182764
              ],
              [
                16.962372,
                51.182351
              ],
              [
                16.963784,
                51.181751
              ],
              [
                16.964193,
                51.181177
              ],
              [
                16.964257,
                51.180853
              ],
              [
                16.964158,
                51.180265
              ],
              [
                16.964455,
                51.180027
              ],
              [
                16.96577,
                51.179406
              ],
              [
                16.966792,
                51.179677
              ],
              [
                16.96817,
                51.179852
              ],
              [
                16.97308,
                51.179721
              ],
              [
                16.974623,
                51.179058
              ],
              [
                16.97477,
                51.178913
              ],
              [
                16.974898,
                51.178396
              ],
              [
                16.975141,
                51.177881
              ],
              [
                16.975708,
                51.177119
              ],
              [
                16.975885,
                51.176995
              ],
              [
                16.978426,
                51.177087
              ],
              [
                16.979937,
                51.177045
              ],
              [
                16.98093,
                51.177151
              ],
              [
                16.982774,
                51.176969
              ],
              [
                16.982797,
                51.177563
              ],
              [
                16.984572,
                51.18099
              ],
              [
                17.003695,
                51.158826
              ],
              [
                17.004715,
                51.157261
              ],
              [
                17.005482,
                51.155826
              ],
              [
                17.005574,
                51.155506
              ],
              [
                17.005561,
                51.155169
              ],
              [
                17.006361,
                51.152724
              ],
              [
                17.006264,
                51.149624
              ],
              [
                17.005779,
                51.146813
              ],
              [
                17.002208,
                51.131496
              ],
              [
                16.999408,
                51.131606
              ],
              [
                16.998139,
                51.131733
              ],
              [
                16.996681,
                51.131949
              ],
              [
                16.995379,
                51.132236
              ],
              [
                16.994338,
                51.132565
              ],
              [
                16.99241,
                51.133662
              ],
              [
                16.991165,
                51.135104
              ],
              [
                16.989096,
                51.138507
              ],
              [
                16.988801,
                51.13887
              ],
              [
                16.987837,
                51.13992
              ],
              [
                16.986209,
                51.141022
              ],
              [
                16.984775,
                51.141683
              ],
              [
                16.983184,
                51.142046
              ],
              [
                16.981892,
                51.142208
              ],
              [
                16.980547,
                51.14225
              ],
              [
                16.979078,
                51.142531
              ],
              [
                16.977972,
                51.143086
              ],
              [
                16.977093,
                51.144098
              ],
              [
                16.976908,
                51.144646
              ],
              [
                16.976498,
                51.145283
              ],
              [
                16.976562,
                51.146187
              ],
              [
                16.976863,
                51.147174
              ],
              [
                16.978036,
                51.149375
              ],
              [
                16.978302,
                51.150033
              ],
              [
                16.97831,
                51.150794
              ],
              [
                16.978234,
                51.151149
              ],
              [
                16.977841,
                51.151947
              ],
              [
                16.976006,
                51.155015
              ],
              [
                16.975105,
                51.155785
              ],
              [
                16.97339,
                51.156558
              ],
              [
                16.972819,
                51.156707
              ],
              [
                16.971463,
                51.156958
              ],
              [
                16.970343,
                51.157015
              ],
              [
                16.967032,
                51.156738
              ],
              [
                16.963657,
                51.155997
              ],
              [
                16.961653,
                51.1557
              ],
              [
                16.959533,
                51.15574
              ],
              [
                16.95913,
                51.155814
              ],
              [
                16.956333,
                51.156844
              ],
              [
                16.953806,
                51.158116
              ],
              [
                16.953072,
                51.158378
              ],
              [
                16.951508,
                51.159121
              ],
              [
                16.950604,
                51.159721
              ],
              [
                16.948761,
                51.160606
              ],
              [
                16.94491,
                51.162312
              ],
              [
                16.944062,
                51.163122
              ],
              [
                16.94363,
                51.16426
              ],
              [
                16.943441,
                51.165363
              ],
              [
                16.943433,
                51.167118
              ],
              [
                16.942773,
                51.168527
              ],
              [
                16.942038,
                51.169317
              ],
              [
                16.941147,
                51.169922
              ],
              [
                16.940087,
                51.170366
              ],
              [
                16.936187,
                51.171637
              ],
              [
                16.933769,
                51.172671
              ],
              [
                16.932876,
                51.17318
              ],
              [
                16.931019,
                51.175088
              ],
              [
                16.930669,
                51.175733
              ],
              [
                16.930423,
                51.176406
              ],
              [
                16.929665,
                51.180109
              ],
              [
                16.929391,
                51.180682
              ],
              [
                16.920155,
                51.192005
              ],
              [
                16.918833,
                51.194538
              ],
              [
                16.918136,
                51.199222
              ]
            ]
          ]
        ]
      }
    },
    {
      "type": "Feature",
      "properties": {
        "name": "Pawłowice",
        "slug": "pawlowice",
        "osm_relation": 2336795,
        "in": {
          "en": "in Pawłowice",
          "pl": "w Pawłowicach"
        }
      },
      "geometry": {
        "type": "MultiPolygon",
        "coordinates": [
          [
            [
              [
                17.079617,
                51.164145
              ],
              [
                17.079744,
                51.164228
              ],
              [
                17.079243,
                51.164533
              ],
              [
                17.077893,
                51.165797
              ],
              [
                17.077641,
                51.165946
              ],
              [
                17.078692,
                51.17069
              ],
              [
                17.080077,
                51.175235
              ],
              [
                17.082701,
                51.174962
              ],
              [
                17.084503,
                51.176803
              ],
              [
                17.089975,
                51.175814
              ],
              [
                17.092023,
                51.175221
              ],
              [
                17.09812,
                51.174377
              ],
              [
                17.098178,
                51.176321
              ],
              [
                17.106073,
                51.174497
              ],
              [
                17.110286,
                51.17303
              ],
              [
                17.112287,
                51.175146
              ],
              [
                17.113624,
                51.174005
              ],
              [
                17.113685,
                51.174154
              ],
              [
                17.113815,
                51.174148
              ],
              [
                17.113899,
                51.174239
              ],
              [
                17.116721,
                51.173293
              ],
              [
                17.116952,
                51.17312
              ],
              [
                17.120427,
                51.172078
              ],
              [
                17.120932,
                51.172042
              ],
              [
                17.121248,
                51.171827
              ],
              [
                17.124872,
                51.170728
              ],
              [
                17.124463,
                51.170466
              ],
              [
                17.123526,
                51.169548
              ],
              [
                17.122945,
                51.169272
              ],
              [
                17.123032,
                51.168997
              ],
              [
                17.122673,
                51.168564
              ],
              [
                17.122161,
                51.1674
              ],
              [
                17.122087,
                51.165844
              ],
              [
                17.118929,
                51.163928
              ],
              [
                17.118548,
                51.163788
              ],
              [
                17.117816,
                51.163219
              ],
              [
                17.116868,
                51.162892
              ],
              [
                17.112482,
                51.159867
              ],
              [
                17.108688,
                51.160185
              ],
              [
                17.105709,
                51.160316
              ],
              [
                17.104448,
                51.159991
              ],
              [
                17.102832,
                51.159266
              ],
              [
                17.101202,
                51.160497
              ],
              [
                17.095974,
                51.159392
              ],
              [
                17.09569,
                51.16005
              ],
              [
                17.095581,
                51.160141
              ],
              [
                17.094536,
                51.160542
              ],
              [
                17.091836,
                51.160892
              ],
              [
                17.088729,
                51.161532
              ],
              [
                17.088033,
                51.16176
              ],
              [
                17.087661,
                51.162108
              ],
              [
                17.087566,
                51.162315
              ],
              [
                17.087396,
                51.163454
              ],
              [
                17.08728,
                51.163687
              ],
              [
                17.087331,
                51.163806
              ],
              [
                17.085156,
                51.164105
              ],
              [
                17.084478,
                51.16403
              ],
              [
                17.083491,
                51.163733
              ],
              [
                17.082738,
                51.163688
              ],
              [
                17.079617,
                51.164145
              ]
            ]
          ]
        ]
      }
    },
    {
      "type": "Feature",
      "properties": {
        "name": "Pilczyce-Kozanów-Popowice Północne",
        "slug": "pilczyce-kozanow-popowice-polnocne",
        "osm_relation": 2341617,
        "in": {
          "en": "in Pilczyce-Kozanów-Popowice Północne",
          "pl": "na Pilczycach-Kozanowie-Popowicach Północnych"
        }
      },
      "geometry": {
        "type": "MultiPolygon",
        "coordinates": [
          [
            [
              [
                16.93478,
                51.142091
              ],
              [
                16.934891,
                51.14244
              ],
              [
                16.935127,
                51.142539
              ],
              [
                16.935021,
                51.142628
              ],
              [
                16.935055,
                51.142699
              ],
              [
                16.935998,
                51.143137
              ],
              [
                16.936355,
                51.143091
              ],
              [
                16.936835,
                51.14269
              ],
              [
                16.937431,
                51.142999
              ],
              [
                16.937601,
                51.142975
              ],
              [
                16.939588,
                51.141176
              ],
              [
                16.941591,
                51.144005
              ],
              [
                16.942504,
                51.145069
              ],
              [
                16.943665,
                51.146249
              ],
              [
                16.944364,
                51.146115
              ],
              [
                16.946607,
                51.145365
              ],
              [
                16.948379,
                51.144686
              ],
              [
                16.948718,
                51.144489
              ],
              [
                16.946963,
                51.143183
              ],
              [
                16.94782,
                51.142942
              ],
              [
                16.948476,
                51.142499
              ],
              [
                16.949498,
                51.142776
              ],
              [
                16.95065,
                51.142699
              ],
              [
                16.952338,
                51.142915
              ],
              [
                16.952986,
                51.142809
              ],
              [
                16.954425,
                51.142815
              ],
              [
                16.955392,
                51.142499
              ],
              [
                16.955969,
                51.142427
              ],
              [
                16.95659,
                51.142544
              ],
              [
                16.956797,
                51.142921
              ],
              [
                16.956394,
                51.143868
              ],
              [
                16.956383,
                51.144092
              ],
              [
                16.956553,
                51.144638
              ],
              [
                16.957128,
                51.145196
              ],
              [
                16.958004,
                51.145627
              ],
              [
                16.958442,
                51.14629
              ],
              [
                16.959646,
                51.146765
              ],
              [
                16.959752,
                51.146852
              ],
              [
                16.959784,
                51.147042
              ],
              [
                16.959638,
                51.147282
              ],
              [
                16.959041,
                51.147692
              ],
              [
                16.958871,
                51.147995
              ],
              [
                16.95888,
                51.14831
              ],
              [
                16.95906,
                51.148803
              ],
              [
                16.959005,
                51.149068
              ],
              [
                16.958597,
                51.149339
              ],
              [
                16.95768,
                51.149402
              ],
              [
                16.957342,
                51.149535
              ],
              [
                16.957061,
                51.150091
              ],
              [
                16.957028,
                51.15099
              ],
              [
                16.956792,
                51.151271
              ],
              [
                16.95617,
                51.151475
              ],
              [
                16.955448,
                51.151532
              ],
              [
                16.954967,
                51.151523
              ],
              [
                16.954097,
                51.151294
              ],
              [
                16.953457,
                51.151319
              ],
              [
                16.952861,
                51.151588
              ],
              [
                16.952486,
                51.151929
              ],
              [
                16.952132,
                51.152478
              ],
              [
                16.951634,
                51.152734
              ],
              [
                16.951447,
                51.152915
              ],
              [
                16.951434,
                51.153786
              ],
              [
                16.95191,
                51.154774
              ],
              [
                16.951916,
                51.155102
              ],
              [
                16.951568,
                51.155509
              ],
              [
                16.950706,
                51.155915
              ],
              [
                16.950441,
                51.156266
              ],
              [
                16.950474,
                51.156545
              ],
              [
                16.951201,
                51.157276
              ],
              [
                16.951307,
                51.157528
              ],
              [
                16.951275,
                51.157822
              ],
              [
                16.950745,
                51.158605
              ],
              [
                16.950609,
                51.159051
              ],
              [
                16.950674,
                51.159452
              ],
              [
                16.950847,
                51.159562
              ],
              [
                16.951508,
                51.159121
              ],
              [
                16.953072,
                51.158378
              ],
              [
                16.953806,
                51.158116
              ],
              [
                16.956333,
                51.156844
              ],
              [
                16.95913,
                51.155814
              ],
              [
                16.959533,
                51.15574
              ],
              [
                16.961653,
                51.1557
              ],
              [
                16.963657,
                51.155997
              ],
              [
                16.967032,
                51.156738
              ],
              [
                16.970343,
                51.157015
              ],
              [
                16.971463,
                51.156958
              ],
              [
                16.97339,
                51.156558
              ],
              [
                16.975105,
                51.155785
              ],
              [
                16.976006,
                51.155015
              ],
              [
                16.977841,
                51.151947
              ],
              [
                16.978234,
                51.151149
              ],
              [
                16.97831,
                51.150794
              ],
              [
                16.978302,
                51.150033
              ],
              [
                16.978036,
                51.149375
              ],
              [
                16.976863,
                51.147174
              ],
              [
                16.976562,
                51.146187
              ],
              [
                16.976498,
                51.145283
              ],
              [
                16.976908,
                51.144646
              ],
              [
                16.977093,
                51.144098
              ],
              [
                16.977972,
                51.143086
              ],
              [
                16.979078,
                51.142531
              ],
              [
                16.980547,
                51.14225
              ],
              [
                16.981892,
                51.142208
              ],
              [
                16.983184,
                51.142046
              ],
              [
                16.984775,
                51.141683
              ],
              [
                16.986209,
                51.141022
              ],
              [
                16.987837,
                51.13992
              ],
              [
                16.988801,
                51.13887
              ],
              [
                16.989096,
                51.138507
              ],
              [
                16.991165,
                51.135104
              ],
              [
                16.99241,
                51.133662
              ],
              [
                16.994338,
                51.132565
              ],
              [
                16.995379,
                51.132236
              ],
              [
                16.996681,
                51.131949
              ],
              [
                16.998139,
                51.131733
              ],
              [
                16.999408,
                51.131606
              ],
              [
                17.002208,
                51.131496
              ],
              [
                17.000599,
                51.123833
              ],
              [
                17.000221,
                51.123276
              ],
              [
                16.999436,
                51.122572
              ],
              [
                16.99765,
                51.121699
              ],
              [
                16.996234,
                51.120089
              ],
              [
                16.994323,
                51.121054
              ],
              [
                16.992628,
                51.121763
              ],
              [
                16.985984,
                51.124453
              ],
              [
                16.984037,
                51.125084
              ],
              [
                16.981447,
                51.126199
              ],
              [
                16.977925,
                51.127553
              ],
              [
                16.968053,
                51.130481
              ],
              [
                16.956876,
                51.132893
              ],
              [
                16.953681,
                51.127533
              ],
              [
                16.953204,
                51.127281
              ],
              [
                16.941461,
                51.13634
              ],
              [
                16.939539,
                51.137927
              ],
              [
                16.93478,
                51.142091
              ]
            ]
          ]
        ]
      }
    },
    {
      "type": "Feature",
      "properties": {
        "name": "Plac Grunwaldzki",
        "slug": "plac-grunwaldzki",
        "osm_relation": 2338686,
        "in": {
          "en": "in Plac Grunwaldzki",
          "pl": "na Placu Grunwaldzkim"
        }
      },
      "geometry": {
        "type": "MultiPolygon",
        "coordinates": [
          [
            [
              [
                17.049137,
                51.111615
              ],
              [
                17.049867,
                51.112709
              ],
              [
                17.050681,
                51.11458
              ],
              [
                17.051034,
                51.115545
              ],
              [
                17.051285,
                51.116718
              ],
              [
                17.053793,
                51.116427
              ],
              [
                17.064057,
                51.115513
              ],
              [
                17.067988,
                51.114958
              ],
              [
                17.069419,
                51.114947
              ],
              [
                17.071236,
                51.114658
              ],
              [
                17.072119,
                51.114688
              ],
              [
                17.071742,
                51.113718
              ],
              [
                17.07096,
                51.112564
              ],
              [
                17.070412,
                51.111574
              ],
              [
                17.070321,
                51.109995
              ],
              [
                17.069668,
                51.108182
              ],
              [
                17.067029,
                51.104277
              ],
              [
                17.063344,
                51.105285
              ],
              [
                17.061081,
                51.105788
              ],
              [
                17.058016,
                51.106184
              ],
              [
                17.05664,
                51.106436
              ],
              [
                17.055093,
                51.106976
              ],
              [
                17.054459,
                51.107337
              ],
              [
                17.05348,
                51.10839
              ],
              [
                17.052366,
                51.109879
              ],
              [
                17.051162,
                51.11087
              ],
              [
                17.049137,
                51.111615
              ]
            ]
          ]
        ]
      }
    },
    {
      "type": "Feature",
      "properties": {
        "name": "Polanowice-Poświętne-Ligota",
        "slug": "polanowice-poswietne-ligota",
        "osm_relation": 2339136,
        "in": {
          "en": "in Polanowice-Poświętne-Ligota",
          "pl": "na Polanowicach-Poświętnem-Ligocie"
        }
      },
      "geometry": {
        "type": "MultiPolygon",
        "coordinates": [
          [
            [
              [
                17.014231,
                51.157846
              ],
              [
                17.016604,
                51.157723
              ],
              [
                17.01588,
                51.156377
              ],
              [
                17.0171,
                51.155889
              ],
              [
                17.024105,
                51.1516
              ],
              [
                17.025284,
                51.151078
              ],
              [
                17.026954,
                51.150624
              ],
              [
                17.028607,
                51.150445
              ],
              [
                17.039376,
                51.150289
              ],
              [
                17.040759,
                51.150579
              ],
              [
                17.041743,
                51.150953
              ],
              [
                17.042829,
                51.151491
              ],
              [
                17.04382,
                51.151809
              ],
              [
                17.04561,
                51.152047
              ],
              [
                17.048928,
                51.151833
              ],
              [
                17.049757,
                51.151694
              ],
              [
                17.052992,
                51.150905
              ],
              [
                17.053756,
                51.150656
              ],
              [
                17.054993,
                51.150089
              ],
              [
                17.056144,
                51.151172
              ],
              [
                17.062769,
                51.156593
              ],
              [
                17.059287,
                51.158346
              ],
              [
                17.059489,
                51.158749
              ],
              [
                17.060679,
                51.159623
              ],
              [
                17.061585,
                51.160521
              ],
              [
                17.062528,
                51.16112
              ],
              [
                17.062803,
                51.161602
              ],
              [
                17.063481,
                51.161926
              ],
              [
                17.063583,
                51.162356
              ],
              [
                17.063941,
                51.163064
              ],
              [
                17.064857,
                51.163979
              ],
              [
                17.065315,
                51.1649
              ],
              [
                17.06539,
                51.164896
              ],
              [
                17.065436,
                51.165006
              ],
              [
                17.064884,
                51.165162
              ],
              [
                17.064003,
                51.165903
              ],
              [
                17.063067,
                51.166287
              ],
              [
                17.061432,
                51.1666
              ],
              [
                17.060083,
                51.166647
              ],
              [
                17.059275,
                51.166821
              ],
              [
                17.058671,
                51.167146
              ],
              [
                17.057818,
                51.167973
              ],
              [
                17.056624,
                51.168455
              ],
              [
                17.054728,
                51.168887
              ],
              [
                17.052762,
                51.169836
              ],
              [
                17.047036,
                51.17115
              ],
              [
                17.045687,
                51.172078
              ],
              [
                17.044214,
                51.172894
              ],
              [
                17.043206,
                51.173288
              ],
              [
                17.042062,
                51.173596
              ],
              [
                17.041256,
                51.173652
              ],
              [
                17.039204,
                51.173504
              ],
              [
                17.038156,
                51.173616
              ],
              [
                17.037964,
                51.171616
              ],
              [
                17.037972,
                51.170455
              ],
              [
                17.038065,
                51.170326
              ],
              [
                17.039921,
                51.169377
              ],
              [
                17.039987,
                51.168927
              ],
              [
                17.039906,
                51.168624
              ],
              [
                17.040317,
                51.168253
              ],
              [
                17.040445,
                51.167664
              ],
              [
                17.04076,
                51.167456
              ],
              [
                17.033007,
                51.167541
              ],
              [
                17.032619,
                51.167148
              ],
              [
                17.032634,
                51.167
              ],
              [
                17.030127,
                51.163365
              ],
              [
                17.029267,
                51.16355
              ],
              [
                17.02831,
                51.163374
              ],
              [
                17.027835,
                51.163088
              ],
              [
                17.027605,
                51.163098
              ],
              [
                17.027565,
                51.162725
              ],
              [
                17.02573,
                51.162767
              ],
              [
                17.023458,
                51.162979
              ],
              [
                17.022595,
                51.162883
              ],
              [
                17.021901,
                51.162628
              ],
              [
                17.021508,
                51.162574
              ],
              [
                17.020741,
                51.16255
              ],
              [
                17.020197,
                51.162725
              ],
              [
                17.019904,
                51.162239
              ],
              [
                17.01799,
                51.162484
              ],
              [
                17.017399,
                51.161744
              ],
              [
                17.016638,
                51.16226
              ],
              [
                17.014752,
                51.160303
              ],
              [
                17.01359,
                51.158616
              ],
              [
                17.013682,
                51.158603
              ],
              [
                17.013593,
                51.158508
              ],
              [
                17.014231,
                51.157846
              ]
            ]
          ]
        ]
      }
    },
    {
      "type": "Feature",
      "properties": {
        "name": "Powstańców Śląskich",
        "slug": "powstancow-slaskich",
        "osm_relation": 2318980,
        "in": {
          "en": "in Powstańców Śląskich",
          "pl": "na osiedlu Powstańców Śląskich"
        }
      },
      "geometry": {
        "type": "MultiPolygon",
        "coordinates": [
          [
            [
              [
                17.006148,
                51.088102
              ],
              [
                17.012075,
                51.086411
              ],
              [
                17.015772,
                51.085549
              ],
              [
                17.017752,
                51.085414
              ],
              [
                17.019199,
                51.084932
              ],
              [
                17.024978,
                51.08394
              ],
              [
                17.027506,
                51.087283
              ],
              [
                17.028018,
                51.088077
              ],
              [
                17.028692,
                51.089332
              ],
              [
                17.030984,
                51.094453
              ],
              [
                17.030949,
                51.094882
              ],
              [
                17.032368,
                51.097461
              ],
              [
                17.032535,
                51.09771
              ],
              [
                17.032755,
                51.097774
              ],
              [
                17.033391,
                51.098921
              ],
              [
                17.027061,
                51.100525
              ],
              [
                17.024182,
                51.101189
              ],
              [
                17.023251,
                51.101305
              ],
              [
                17.0218,
                51.101342
              ],
              [
                17.01571,
                51.100873
              ],
              [
                17.013589,
                51.10085
              ],
              [
                17.014563,
                51.097174
              ],
              [
                17.013438,
                51.096814
              ],
              [
                17.011918,
                51.09593
              ],
              [
                17.009737,
                51.094891
              ],
              [
                17.010207,
                51.094664
              ],
              [
                17.008976,
                51.093526
              ],
              [
                17.008502,
                51.092724
              ],
              [
                17.008433,
                51.091908
              ],
              [
                17.008214,
                51.091382
              ],
              [
                17.00742,
                51.089931
              ],
              [
                17.006148,
                51.088102
              ]
            ]
          ]
        ]
      }
    },
    {
      "type": "Feature",
      "properties": {
        "name": "Pracze Odrzańskie",
        "slug": "pracze-odrzanskie",
        "osm_relation": 2341618,
        "in": {
          "en": "in Pracze Odrzańskie",
          "pl": "na Praczach Odrzańskich"
        }
      },
      "geometry": {
        "type": "MultiPolygon",
        "coordinates": [
          [
            [
              [
                16.888007,
                51.206002
              ],
              [
                16.887471,
                51.205805
              ],
              [
                16.886898,
                51.205789
              ],
              [
                16.886711,
                51.205605
              ],
              [
                16.886216,
                51.205521
              ],
              [
                16.886317,
                51.205281
              ],
              [
                16.886323,
                51.204892
              ],
              [
                16.886007,
                51.204733
              ],
              [
                16.885476,
                51.205003
              ],
              [
                16.885217,
                51.204919
              ],
              [
                16.885359,
                51.204712
              ],
              [
                16.885372,
                51.204452
              ],
              [
                16.885101,
                51.204018
              ],
              [
                16.884587,
                51.204102
              ],
              [
                16.88435,
                51.204339
              ],
              [
                16.883884,
                51.204285
              ],
              [
                16.883839,
                51.204023
              ],
              [
                16.883542,
                51.203875
              ],
              [
                16.883062,
                51.203929
              ],
              [
                16.882127,
                51.203603
              ],
              [
                16.882348,
                51.203408
              ],
              [
                16.882329,
                51.203151
              ],
              [
                16.881741,
                51.202522
              ],
              [
                16.881923,
                51.202076
              ],
              [
                16.881781,
                51.201545
              ],
              [
                16.88245,
                51.201145
              ],
              [
                16.883742,
                51.201051
              ],
              [
                16.883877,
                51.200915
              ],
              [
                16.883895,
                51.200224
              ],
              [
                16.884377,
                51.199905
              ],
              [
                16.884495,
                51.19941
              ],
              [
                16.88456,
                51.198411
              ],
              [
                16.88511,
                51.197364
              ],
              [
                16.885419,
                51.197036
              ],
              [
                16.886231,
                51.196533
              ],
              [
                16.886149,
                51.196185
              ],
              [
                16.886755,
                51.195206
              ],
              [
                16.886879,
                51.194867
              ],
              [
                16.88711,
                51.19451
              ],
              [
                16.887799,
                51.194048
              ],
              [
                16.888148,
                51.193247
              ],
              [
                16.887923,
                51.192848
              ],
              [
                16.88777,
                51.19227
              ],
              [
                16.887524,
                51.192198
              ],
              [
                16.887407,
                51.191894
              ],
              [
                16.887558,
                51.191327
              ],
              [
                16.887735,
                51.190999
              ],
              [
                16.888689,
                51.190209
              ],
              [
                16.889301,
                51.189891
              ],
              [
                16.889416,
                51.190238
              ],
              [
                16.889974,
                51.190098
              ],
              [
                16.890315,
                51.18951
              ],
              [
                16.891254,
                51.189017
              ],
              [
                16.891939,
                51.189009
              ],
              [
                16.892776,
                51.188637
              ],
              [
                16.893581,
                51.188657
              ],
              [
                16.89544,
                51.188292
              ],
              [
                16.896124,
                51.188567
              ],
              [
                16.896674,
                51.188601
              ],
              [
                16.897532,
                51.188564
              ],
              [
                16.898167,
                51.188415
              ],
              [
                16.898683,
                51.18846
              ],
              [
                16.899,
                51.188706
              ],
              [
                16.899478,
                51.188803
              ],
              [
                16.89986,
                51.188518
              ],
              [
                16.900391,
                51.188757
              ],
              [
                16.901792,
                51.18871
              ],
              [
                16.901983,
                51.188418
              ],
              [
                16.90257,
                51.188182
              ],
              [
                16.902717,
                51.18758
              ],
              [
                16.901407,
                51.186895
              ],
              [
                16.901091,
                51.186418
              ],
              [
                16.900977,
                51.18515
              ],
              [
                16.901102,
                51.184758
              ],
              [
                16.901543,
                51.184264
              ],
              [
                16.902279,
                51.182844
              ],
              [
                16.902469,
                51.182025
              ],
              [
                16.903202,
                51.180422
              ],
              [
                16.903271,
                51.180005
              ],
              [
                16.903217,
                51.179743
              ],
              [
                16.902985,
                51.179491
              ],
              [
                16.90254,
                51.179235
              ],
              [
                16.901107,
                51.178677
              ],
              [
                16.900527,
                51.178219
              ],
              [
                16.896721,
                51.173222
              ],
              [
                16.895395,
                51.171657
              ],
              [
                16.895255,
                51.171367
              ],
              [
                16.894716,
                51.170699
              ],
              [
                16.894282,
                51.169807
              ],
              [
                16.893971,
                51.168532
              ],
              [
                16.894023,
                51.168233
              ],
              [
                16.894328,
                51.167809
              ],
              [
                16.894285,
                51.167348
              ],
              [
                16.894159,
                51.167185
              ],
              [
                16.893451,
                51.166933
              ],
              [
                16.892066,
                51.166834
              ],
              [
                16.892229,
                51.166412
              ],
              [
                16.892226,
                51.165539
              ],
              [
                16.892586,
                51.165001
              ],
              [
                16.893901,
                51.16379
              ],
              [
                16.895255,
                51.163378
              ],
              [
                16.893547,
                51.161577
              ],
              [
                16.900574,
                51.159526
              ],
              [
                16.90275,
                51.160109
              ],
              [
                16.915658,
                51.156736
              ],
              [
                16.916328,
                51.158121
              ],
              [
                16.916388,
                51.158402
              ],
              [
                16.91968,
                51.157869
              ],
              [
                16.920753,
                51.159926
              ],
              [
                16.920911,
                51.160812
              ],
              [
                16.918579,
                51.16477
              ],
              [
                16.917821,
                51.165419
              ],
              [
                16.916841,
                51.167296
              ],
              [
                16.919359,
                51.167541
              ],
              [
                16.919942,
                51.168541
              ],
              [
                16.92019,
                51.170802
              ],
              [
                16.920334,
                51.171273
              ],
              [
                16.920802,
                51.171963
              ],
              [
                16.921292,
                51.172405
              ],
              [
                16.921931,
                51.173264
              ],
              [
                16.922564,
                51.175494
              ],
              [
                16.922849,
                51.175938
              ],
              [
                16.922972,
                51.176716
              ],
              [
                16.92319,
                51.177234
              ],
              [
                16.924043,
                51.178185
              ],
              [
                16.92485,
                51.17861
              ],
              [
                16.925753,
                51.179303
              ],
              [
                16.926928,
                51.17996
              ],
              [
                16.927416,
                51.179811
              ],
              [
                16.928005,
                51.180093
              ],
              [
                16.92805,
                51.180023
              ],
              [
                16.929391,
                51.180682
              ],
              [
                16.920155,
                51.192005
              ],
              [
                16.918833,
                51.194538
              ],
              [
                16.918136,
                51.199222
              ],
              [
                16.917754,
                51.199764
              ],
              [
                16.91682,
                51.200519
              ],
              [
                16.915082,
                51.201687
              ],
              [
                16.913881,
                51.202274
              ],
              [
                16.912759,
                51.202656
              ],
              [
                16.91003,
                51.203235
              ],
              [
                16.909002,
                51.203538
              ],
              [
                16.907931,
                51.203973
              ],
              [
                16.906937,
                51.204565
              ],
              [
                16.906178,
                51.205305
              ],
              [
                16.905568,
                51.206113
              ],
              [
                16.905149,
                51.206934
              ],
              [
                16.904899,
                51.207813
              ],
              [
                16.904878,
                51.208629
              ],
              [
                16.905081,
                51.209458
              ],
              [
                16.904097,
                51.209853
              ],
              [
                16.903312,
                51.21006
              ],
              [
                16.901916,
                51.209845
              ],
              [
                16.899961,
                51.209097
              ],
              [
                16.897598,
                51.207582
              ],
              [
                16.89679,
                51.206734
              ],
              [
                16.895604,
                51.205215
              ],
              [
                16.895153,
                51.204839
              ],
              [
                16.894835,
                51.204664
              ],
              [
                16.89428,
                51.204723
              ],
              [
                16.893289,
                51.204178
              ],
              [
                16.892701,
                51.204276
              ],
              [
                16.892525,
                51.20422
              ],
              [
                16.889854,
                51.204666
              ],
              [
                16.8894,
                51.20453
              ],
              [
                16.88834,
                51.206035
              ],
              [
                16.888007,
                51.206002
              ]
            ]
          ]
        ]
      }
    },
    {
      "type": "Feature",
      "properties": {
        "name": "Przedmieście Oławskie",
        "slug": "przedmiescie-olawskie",
        "osm_relation": 2336763,
        "in": {
          "en": "in Przedmieście Oławskie",
          "pl": "na Przedmieściu Oławskim"
        }
      },
      "geometry": {
        "type": "MultiPolygon",
        "coordinates": [
          [
            [
              [
                17.038243,
                51.098071
              ],
              [
                17.039172,
                51.099738
              ],
              [
                17.040173,
                51.103346
              ],
              [
                17.040555,
                51.104237
              ],
              [
                17.04113,
                51.107012
              ],
              [
                17.042023,
                51.107818
              ],
              [
                17.043367,
                51.108581
              ],
              [
                17.043455,
                51.108735
              ],
              [
                17.047369,
                51.108837
              ],
              [
                17.04763,
                51.109423
              ],
              [
                17.049137,
                51.111615
              ],
              [
                17.051162,
                51.11087
              ],
              [
                17.052366,
                51.109879
              ],
              [
                17.05348,
                51.10839
              ],
              [
                17.054459,
                51.107337
              ],
              [
                17.055093,
                51.106976
              ],
              [
                17.05664,
                51.106436
              ],
              [
                17.058016,
                51.106184
              ],
              [
                17.061081,
                51.105788
              ],
              [
                17.063344,
                51.105285
              ],
              [
                17.067759,
                51.104078
              ],
              [
                17.072327,
                51.102089
              ],
              [
                17.073661,
                51.101606
              ],
              [
                17.07771,
                51.099814
              ],
              [
                17.079899,
                51.098982
              ],
              [
                17.082081,
                51.098375
              ],
              [
                17.084447,
                51.097834
              ],
              [
                17.096065,
                51.094456
              ],
              [
                17.098415,
                51.093936
              ],
              [
                17.0996,
                51.093814
              ],
              [
                17.101967,
                51.093765
              ],
              [
                17.102824,
                51.09381
              ],
              [
                17.103533,
                51.09394
              ],
              [
                17.104076,
                51.09284
              ],
              [
                17.101901,
                51.092175
              ],
              [
                17.096157,
                51.092818
              ],
              [
                17.095594,
                51.092761
              ],
              [
                17.095288,
                51.092507
              ],
              [
                17.095074,
                51.091548
              ],
              [
                17.094487,
                51.090919
              ],
              [
                17.094564,
                51.089202
              ],
              [
                17.094121,
                51.088389
              ],
              [
                17.09372,
                51.088068
              ],
              [
                17.092762,
                51.08765
              ],
              [
                17.091224,
                51.087349
              ],
              [
                17.089498,
                51.086694
              ],
              [
                17.088383,
                51.086667
              ],
              [
                17.087441,
                51.08688
              ],
              [
                17.085626,
                51.087008
              ],
              [
                17.084816,
                51.087155
              ],
              [
                17.084079,
                51.087705
              ],
              [
                17.082899,
                51.088901
              ],
              [
                17.082072,
                51.088939
              ],
              [
                17.081433,
                51.087821
              ],
              [
                17.080101,
                51.086921
              ],
              [
                17.077791,
                51.086175
              ],
              [
                17.077094,
                51.085865
              ],
              [
                17.077031,
                51.085927
              ],
              [
                17.076452,
                51.085864
              ],
              [
                17.075163,
                51.085616
              ],
              [
                17.074589,
                51.085657
              ],
              [
                17.074325,
                51.085202
              ],
              [
                17.074172,
                51.085166
              ],
              [
                17.074307,
                51.084793
              ],
              [
                17.073656,
                51.084725
              ],
              [
                17.072849,
                51.084767
              ],
              [
                17.072672,
                51.084661
              ],
              [
                17.071337,
                51.085544
              ],
              [
                17.068799,
                51.085193
              ],
              [
                17.068434,
                51.08505
              ],
              [
                17.065963,
                51.086696
              ],
              [
                17.063961,
                51.087848
              ],
              [
                17.05242,
                51.093384
              ],
              [
                17.048081,
                51.095177
              ],
              [
                17.043134,
                51.097083
              ],
              [
                17.041677,
                51.097536
              ],
              [
                17.038243,
                51.098071
              ]
            ]
          ]
        ]
      }
    },
    {
      "type": "Feature",
      "properties": {
        "name": "Przedmieście Świdnickie",
        "slug": "przedmiescie-swidnickie",
        "osm_relation": 2338687,
        "in": {
          "en": "in Przedmieście Świdnickie",
          "pl": "na Przedmieściu Świdnickim"
        }
      },
      "geometry": {
        "type": "MultiPolygon",
        "coordinates": [
          [
            [
              [
                17.003034,
                51.104425
              ],
              [
                17.014384,
                51.107385
              ],
              [
                17.017174,
                51.107827
              ],
              [
                17.021428,
                51.108077
              ],
              [
                17.021959,
                51.108008
              ],
              [
                17.024075,
                51.10733
              ],
              [
                17.026217,
                51.106432
              ],
              [
                17.030378,
                51.10445
              ],
              [
                17.031111,
                51.104324
              ],
              [
                17.033535,
                51.104295
              ],
              [
                17.035283,
                51.104069
              ],
              [
                17.036043,
                51.104459
              ],
              [
                17.040096,
                51.103787
              ],
              [
                17.040428,
                51.103855
              ],
              [
                17.040173,
                51.103346
              ],
              [
                17.039172,
                51.099738
              ],
              [
                17.038243,
                51.098071
              ],
              [
                17.036036,
                51.098403
              ],
              [
                17.033391,
                51.098921
              ],
              [
                17.027061,
                51.100525
              ],
              [
                17.024182,
                51.101189
              ],
              [
                17.023251,
                51.101305
              ],
              [
                17.0218,
                51.101342
              ],
              [
                17.014899,
                51.100842
              ],
              [
                17.013589,
                51.10085
              ],
              [
                17.011846,
                51.101046
              ],
              [
                17.006614,
                51.1024
              ],
              [
                17.004977,
                51.103114
              ],
              [
                17.003771,
                51.103841
              ],
              [
                17.003034,
                51.104425
              ]
            ]
          ]
        ]
      }
    },
    {
      "type": "Feature",
      "properties": {
        "name": "Psie Pole-Zawidawie",
        "slug": "psie-pole-zawidawie",
        "osm_relation": 2336796,
        "in": {
          "en": "in Psie Pole-Zawidawie",
          "pl": "na Psim Polu-Zawidawiu"
        }
      },
      "geometry": {
        "type": "MultiPolygon",
        "coordinates": [
          [
            [
              [
                17.078554,
                51.16282
              ],
              [
                17.080166,
                51.16071
              ],
              [
                17.082421,
                51.15862
              ],
              [
                17.083538,
                51.15739
              ],
              [
                17.083703,
                51.157009
              ],
              [
                17.083729,
                51.15624
              ],
              [
                17.083896,
                51.155907
              ],
              [
                17.086423,
                51.154832
              ],
              [
                17.086801,
                51.154282
              ],
              [
                17.086736,
                51.15359
              ],
              [
                17.086875,
                51.153426
              ],
              [
                17.088988,
                51.152156
              ],
              [
                17.089564,
                51.151564
              ],
              [
                17.089751,
                51.151094
              ],
              [
                17.089908,
                51.150962
              ],
              [
                17.090328,
                51.150711
              ],
              [
                17.092419,
                51.150323
              ],
              [
                17.093094,
                51.150043
              ],
              [
                17.094596,
                51.148319
              ],
              [
                17.096229,
                51.146937
              ],
              [
                17.096525,
                51.146541
              ],
              [
                17.096673,
                51.145762
              ],
              [
                17.097093,
                51.145058
              ],
              [
                17.097995,
                51.144331
              ],
              [
                17.098494,
                51.143791
              ],
              [
                17.098877,
                51.143041
              ],
              [
                17.099114,
                51.14201
              ],
              [
                17.1,
                51.140177
              ],
              [
                17.10025,
                51.139913
              ],
              [
                17.101347,
                51.139341
              ],
              [
                17.102048,
                51.139154
              ],
              [
                17.102688,
                51.139176
              ],
              [
                17.103871,
                51.139488
              ],
              [
                17.104436,
                51.139457
              ],
              [
                17.104917,
                51.139194
              ],
              [
                17.106406,
                51.137716
              ],
              [
                17.10693,
                51.13746
              ],
              [
                17.107384,
                51.137377
              ],
              [
                17.109657,
                51.137468
              ],
              [
                17.110308,
                51.137678
              ],
              [
                17.110967,
                51.138005
              ],
              [
                17.112309,
                51.138865
              ],
              [
                17.11297,
                51.138997
              ],
              [
                17.11366,
                51.138815
              ],
              [
                17.115845,
                51.137788
              ],
              [
                17.11793,
                51.136274
              ],
              [
                17.120034,
                51.135931
              ],
              [
                17.120391,
                51.135419
              ],
              [
                17.120916,
                51.134144
              ],
              [
                17.121283,
                51.133778
              ],
              [
                17.123295,
                51.13285
              ],
              [
                17.125694,
                51.132004
              ],
              [
                17.126374,
                51.131546
              ],
              [
                17.127267,
                51.130604
              ],
              [
                17.127695,
                51.130483
              ],
              [
                17.128173,
                51.130413
              ],
              [
                17.128443,
                51.130453
              ],
              [
                17.12906,
                51.130322
              ],
              [
                17.129855,
                51.129434
              ],
              [
                17.131171,
                51.128946
              ],
              [
                17.131764,
                51.128381
              ],
              [
                17.133158,
                51.127632
              ],
              [
                17.133875,
                51.127347
              ],
              [
                17.137172,
                51.126534
              ],
              [
                17.137815,
                51.126032
              ],
              [
                17.13864,
                51.125133
              ],
              [
                17.138911,
                51.124192
              ],
              [
                17.139337,
                51.12386
              ],
              [
                17.139945,
                51.123654
              ],
              [
                17.140801,
                51.12358
              ],
              [
                17.142347,
                51.123872
              ],
              [
                17.142616,
                51.123816
              ],
              [
                17.144123,
                51.123099
              ],
              [
                17.144513,
                51.123719
              ],
              [
                17.143925,
                51.123966
              ],
              [
                17.143679,
                51.124207
              ],
              [
                17.142904,
                51.124703
              ],
              [
                17.141677,
                51.12466
              ],
              [
                17.140508,
                51.125019
              ],
              [
                17.139056,
                51.125892
              ],
              [
                17.138864,
                51.12659
              ],
              [
                17.137551,
                51.127532
              ],
              [
                17.136883,
                51.127829
              ],
              [
                17.139444,
                51.131361
              ],
              [
                17.140753,
                51.13089
              ],
              [
                17.141142,
                51.131366
              ],
              [
                17.142706,
                51.13343
              ],
              [
                17.146581,
                51.139052
              ],
              [
                17.147676,
                51.140496
              ],
              [
                17.150587,
                51.144831
              ],
              [
                17.152453,
                51.149842
              ],
              [
                17.152939,
                51.151711
              ],
              [
                17.152798,
                51.152977
              ],
              [
                17.152484,
                51.153584
              ],
              [
                17.152598,
                51.154966
              ],
              [
                17.152157,
                51.159633
              ],
              [
                17.152886,
                51.160225
              ],
              [
                17.153395,
                51.160787
              ],
              [
                17.154855,
                51.161824
              ],
              [
                17.154456,
                51.162074
              ],
              [
                17.153567,
                51.16216
              ],
              [
                17.153822,
                51.162917
              ],
              [
                17.153893,
                51.164539
              ],
              [
                17.154251,
                51.167273
              ],
              [
                17.155128,
                51.17027
              ],
              [
                17.156084,
                51.175364
              ],
              [
                17.156416,
                51.176119
              ],
              [
                17.157289,
                51.177649
              ],
              [
                17.157783,
                51.177526
              ],
              [
                17.158393,
                51.177503
              ],
              [
                17.158582,
                51.17759
              ],
              [
                17.157947,
                51.177769
              ],
              [
                17.157287,
                51.17847
              ],
              [
                17.155832,
                51.178426
              ],
              [
                17.154947,
                51.178505
              ],
              [
                17.154976,
                51.178391
              ],
              [
                17.1548,
                51.178342
              ],
              [
                17.154025,
                51.178348
              ],
              [
                17.153817,
                51.178442
              ],
              [
                17.153473,
                51.178314
              ],
              [
                17.152703,
                51.178294
              ],
              [
                17.152213,
                51.178194
              ],
              [
                17.152026,
                51.17809
              ],
              [
                17.152122,
                51.178001
              ],
              [
                17.151776,
                51.177523
              ],
              [
                17.150941,
                51.177214
              ],
              [
                17.145047,
                51.178577
              ],
              [
                17.144636,
                51.178586
              ],
              [
                17.144255,
                51.178473
              ],
              [
                17.142055,
                51.177219
              ],
              [
                17.141718,
                51.177096
              ],
              [
                17.141855,
                51.177279
              ],
              [
                17.141742,
                51.177468
              ],
              [
                17.142034,
                51.177991
              ],
              [
                17.141988,
                51.178415
              ],
              [
                17.142081,
                51.178467
              ],
              [
                17.142069,
                51.178588
              ],
              [
                17.142452,
                51.178654
              ],
              [
                17.143243,
                51.178979
              ],
              [
                17.143428,
                51.179347
              ],
              [
                17.143692,
                51.179347
              ],
              [
                17.143774,
                51.179554
              ],
              [
                17.143611,
                51.179839
              ],
              [
                17.143206,
                51.180187
              ],
              [
                17.142728,
                51.180298
              ],
              [
                17.14268,
                51.180387
              ],
              [
                17.140986,
                51.180176
              ],
              [
                17.140872,
                51.180086
              ],
              [
                17.136741,
                51.180063
              ],
              [
                17.132849,
                51.180266
              ],
              [
                17.131238,
                51.179879
              ],
              [
                17.130412,
                51.177357
              ],
              [
                17.12926,
                51.174769
              ],
              [
                17.130395,
                51.174851
              ],
              [
                17.130098,
                51.174782
              ],
              [
                17.129511,
                51.174466
              ],
              [
                17.129244,
                51.173979
              ],
              [
                17.128499,
                51.173663
              ],
              [
                17.127783,
                51.173107
              ],
              [
                17.126209,
                51.173055
              ],
              [
                17.125748,
                51.172726
              ],
              [
                17.125214,
                51.172142
              ],
              [
                17.12502,
                51.171762
              ],
              [
                17.125064,
                51.17082
              ],
              [
                17.124463,
                51.170466
              ],
              [
                17.123526,
                51.169548
              ],
              [
                17.122945,
                51.169272
              ],
              [
                17.123032,
                51.168997
              ],
              [
                17.122673,
                51.168564
              ],
              [
                17.122161,
                51.1674
              ],
              [
                17.122087,
                51.165844
              ],
              [
                17.118929,
                51.163928
              ],
              [
                17.118548,
                51.163788
              ],
              [
                17.117816,
                51.163219
              ],
              [
                17.116868,
                51.162892
              ],
              [
                17.112482,
                51.159867
              ],
              [
                17.108688,
                51.160185
              ],
              [
                17.105709,
                51.160316
              ],
              [
                17.104448,
                51.159991
              ],
              [
                17.102832,
                51.159266
              ],
              [
                17.101202,
                51.160497
              ],
              [
                17.095974,
                51.159392
              ],
              [
                17.09569,
                51.16005
              ],
              [
                17.095581,
                51.160141
              ],
              [
                17.094536,
                51.160542
              ],
              [
                17.091836,
                51.160892
              ],
              [
                17.088729,
                51.161532
              ],
              [
                17.088033,
                51.16176
              ],
              [
                17.087661,
                51.162108
              ],
              [
                17.087566,
                51.162315
              ],
              [
                17.087396,
                51.163454
              ],
              [
                17.08728,
                51.163687
              ],
              [
                17.087331,
                51.163806
              ],
              [
                17.085156,
                51.164105
              ],
              [
                17.084478,
                51.16403
              ],
              [
                17.083491,
                51.163733
              ],
              [
                17.082738,
                51.163688
              ],
              [
                17.079617,
                51.164145
              ],
              [
                17.079234,
                51.163872
              ],
              [
                17.07889,
                51.163395
              ],
              [
                17.079036,
                51.16325
              ],
              [
                17.078987,
                51.163008
              ],
              [
                17.078847,
                51.162883
              ],
              [
                17.078554,
                51.16282
              ]
            ]
          ]
        ]
      }
    },
    {
      "type": "Feature",
      "properties": {
        "name": "Sołtysowice",
        "slug": "soltysowice",
        "osm_relation": 2338688,
        "in": {
          "en": "in Sołtysowice",
          "pl": "na Sołtysowicach"
        }
      },
      "geometry": {
        "type": "MultiPolygon",
        "coordinates": [
          [
            [
              [
                17.054993,
                51.150089
              ],
              [
                17.056144,
                51.151172
              ],
              [
                17.062769,
                51.156593
              ],
              [
                17.059287,
                51.158346
              ],
              [
                17.059489,
                51.158749
              ],
              [
                17.060679,
                51.159623
              ],
              [
                17.061585,
                51.160521
              ],
              [
                17.062528,
                51.16112
              ],
              [
                17.062803,
                51.161602
              ],
              [
                17.063481,
                51.161926
              ],
              [
                17.063583,
                51.162356
              ],
              [
                17.063941,
                51.163064
              ],
              [
                17.064857,
                51.163979
              ],
              [
                17.065315,
                51.1649
              ],
              [
                17.066307,
                51.164977
              ],
              [
                17.071914,
                51.165987
              ],
              [
                17.072414,
                51.165972
              ],
              [
                17.075372,
                51.164783
              ],
              [
                17.076577,
                51.164374
              ],
              [
                17.07728,
                51.163991
              ],
              [
                17.077686,
                51.163668
              ],
              [
                17.078401,
                51.16279
              ],
              [
                17.078554,
                51.16282
              ],
              [
                17.080166,
                51.16071
              ],
              [
                17.082421,
                51.15862
              ],
              [
                17.083538,
                51.15739
              ],
              [
                17.083703,
                51.157009
              ],
              [
                17.083729,
                51.15624
              ],
              [
                17.083896,
                51.155907
              ],
              [
                17.086423,
                51.154832
              ],
              [
                17.086801,
                51.154282
              ],
              [
                17.086736,
                51.15359
              ],
              [
                17.086875,
                51.153426
              ],
              [
                17.088988,
                51.152156
              ],
              [
                17.089564,
                51.151564
              ],
              [
                17.089751,
                51.151094
              ],
              [
                17.089908,
                51.150962
              ],
              [
                17.090328,
                51.150711
              ],
              [
                17.092419,
                51.150323
              ],
              [
                17.093094,
                51.150043
              ],
              [
                17.094528,
                51.148386
              ],
              [
                17.096358,
                51.146786
              ],
              [
                17.096525,
                51.146541
              ],
              [
                17.096673,
                51.145762
              ],
              [
                17.096847,
                51.145481
              ],
              [
                17.08161,
                51.14204
              ],
              [
                17.076097,
                51.140339
              ],
              [
                17.073639,
                51.141258
              ],
              [
                17.070229,
                51.143087
              ],
              [
                17.065237,
                51.145134
              ],
              [
                17.054993,
                51.150089
              ]
            ]
          ]
        ]
      }
    },
    {
      "type": "Feature",
      "properties": {
        "name": "Stare Miasto",
        "slug": "stare-miasto",
        "osm_relation": 2341619,
        "in": {
          "en": "in Stare Miasto",
          "pl": "na Starym Mieście"
        }
      },
      "geometry": {
        "type": "MultiPolygon",
        "coordinates": [
          [
            [
              [
                17.021959,
                51.108008
              ],
              [
                17.024075,
                51.10733
              ],
              [
                17.026217,
                51.106432
              ],
              [
                17.030378,
                51.10445
              ],
              [
                17.031111,
                51.104324
              ],
              [
                17.033535,
                51.104295
              ],
              [
                17.035283,
                51.104069
              ],
              [
                17.036043,
                51.104459
              ],
              [
                17.040096,
                51.103787
              ],
              [
                17.040428,
                51.103855
              ],
              [
                17.04113,
                51.107012
              ],
              [
                17.042023,
                51.107818
              ],
              [
                17.043367,
                51.108581
              ],
              [
                17.043455,
                51.108735
              ],
              [
                17.047369,
                51.108837
              ],
              [
                17.04763,
                51.109423
              ],
              [
                17.049902,
                51.112779
              ],
              [
                17.050984,
                51.115373
              ],
              [
                17.051285,
                51.116718
              ],
              [
                17.045079,
                51.117181
              ],
              [
                17.042092,
                51.117095
              ],
              [
                17.042091,
                51.116924
              ],
              [
                17.041424,
                51.115972
              ],
              [
                17.041155,
                51.116256
              ],
              [
                17.039454,
                51.117335
              ],
              [
                17.038595,
                51.11773
              ],
              [
                17.037435,
                51.117504
              ],
              [
                17.035851,
                51.116799
              ],
              [
                17.03431,
                51.115997
              ],
              [
                17.03493,
                51.114946
              ],
              [
                17.033785,
                51.114668
              ],
              [
                17.030946,
                51.113679
              ],
              [
                17.029404,
                51.113876
              ],
              [
                17.026704,
                51.113999
              ],
              [
                17.024104,
                51.114288
              ],
              [
                17.023839,
                51.11356
              ],
              [
                17.024047,
                51.113506
              ],
              [
                17.024043,
                51.113402
              ],
              [
                17.022829,
                51.111868
              ],
              [
                17.022117,
                51.110801
              ],
              [
                17.022309,
                51.109696
              ],
              [
                17.021959,
                51.108008
              ]
            ]
          ]
        ]
      }
    },
    {
      "type": "Feature",
      "properties": {
        "name": "Strachocin-Swojczyce-Wojnów",
        "slug": "strachocin-swojczyce-wojnow",
        "osm_relation": 2336724,
        "in": {
          "en": "in Strachocin-Swojczyce-Wojnów",
          "pl": "na Strachocinie-Swojczycach-Wojnowie"
        }
      },
      "geometry": {
        "type": "MultiPolygon",
        "coordinates": [
          [
            [
              [
                17.108488,
                51.113861
              ],
              [
                17.111205,
                51.115407
              ],
              [
                17.113147,
                51.116196
              ],
              [
                17.113776,
                51.116786
              ],
              [
                17.115034,
                51.11857
              ],
              [
                17.116096,
                51.120457
              ],
              [
                17.116392,
                51.120578
              ],
              [
                17.116467,
                51.120714
              ],
              [
                17.123108,
                51.124895
              ],
              [
                17.131017,
                51.129013
              ],
              [
                17.131326,
                51.128834
              ],
              [
                17.131764,
                51.128381
              ],
              [
                17.133158,
                51.127632
              ],
              [
                17.133875,
                51.127347
              ],
              [
                17.136848,
                51.126641
              ],
              [
                17.137306,
                51.126455
              ],
              [
                17.137815,
                51.126032
              ],
              [
                17.13864,
                51.125133
              ],
              [
                17.138967,
                51.124111
              ],
              [
                17.139513,
                51.123789
              ],
              [
                17.140143,
                51.123617
              ],
              [
                17.140801,
                51.12358
              ],
              [
                17.141527,
                51.123668
              ],
              [
                17.141982,
                51.123851
              ],
              [
                17.142411,
                51.123862
              ],
              [
                17.144897,
                51.122808
              ],
              [
                17.147077,
                51.122881
              ],
              [
                17.148273,
                51.123185
              ],
              [
                17.149258,
                51.123663
              ],
              [
                17.150081,
                51.123583
              ],
              [
                17.150489,
                51.12335
              ],
              [
                17.150547,
                51.123111
              ],
              [
                17.150467,
                51.122715
              ],
              [
                17.150685,
                51.122467
              ],
              [
                17.15148,
                51.122349
              ],
              [
                17.152063,
                51.122132
              ],
              [
                17.15236,
                51.121863
              ],
              [
                17.152447,
                51.121451
              ],
              [
                17.152575,
                51.121288
              ],
              [
                17.153963,
                51.120558
              ],
              [
                17.155428,
                51.119975
              ],
              [
                17.156014,
                51.119248
              ],
              [
                17.156444,
                51.119117
              ],
              [
                17.158403,
                51.119097
              ],
              [
                17.160646,
                51.118312
              ],
              [
                17.161126,
                51.117991
              ],
              [
                17.161374,
                51.11753
              ],
              [
                17.161558,
                51.117353
              ],
              [
                17.163777,
                51.116413
              ],
              [
                17.164249,
                51.116069
              ],
              [
                17.164493,
                51.115667
              ],
              [
                17.16468,
                51.114951
              ],
              [
                17.165843,
                51.112813
              ],
              [
                17.166078,
                51.1126
              ],
              [
                17.167455,
                51.112298
              ],
              [
                17.167938,
                51.11195
              ],
              [
                17.168257,
                51.111819
              ],
              [
                17.170106,
                51.111959
              ],
              [
                17.170636,
                51.111823
              ],
              [
                17.171602,
                51.111722
              ],
              [
                17.172106,
                51.111541
              ],
              [
                17.172282,
                51.111367
              ],
              [
                17.172475,
                51.110669
              ],
              [
                17.174045,
                51.109556
              ],
              [
                17.175163,
                51.107674
              ],
              [
                17.17509,
                51.107185
              ],
              [
                17.175925,
                51.106399
              ],
              [
                17.176219,
                51.106319
              ],
              [
                17.175241,
                51.105653
              ],
              [
                17.174726,
                51.105127
              ],
              [
                17.174354,
                51.104895
              ],
              [
                17.172403,
                51.102883
              ],
              [
                17.17189,
                51.102468
              ],
              [
                17.170116,
                51.101229
              ],
              [
                17.169959,
                51.101278
              ],
              [
                17.169772,
                51.101215
              ],
              [
                17.169786,
                51.100992
              ],
              [
                17.169487,
                51.100783
              ],
              [
                17.169125,
                51.100663
              ],
              [
                17.169114,
                51.100452
              ],
              [
                17.169608,
                51.100184
              ],
              [
                17.169955,
                51.099892
              ],
              [
                17.170126,
                51.099361
              ],
              [
                17.170449,
                51.098984
              ],
              [
                17.170552,
                51.098301
              ],
              [
                17.170693,
                51.097985
              ],
              [
                17.171187,
                51.097754
              ],
              [
                17.171666,
                51.097137
              ],
              [
                17.171744,
                51.096526
              ],
              [
                17.171584,
                51.096156
              ],
              [
                17.171372,
                51.095936
              ],
              [
                17.164785,
                51.096683
              ],
              [
                17.164662,
                51.096589
              ],
              [
                17.164708,
                51.096546
              ],
              [
                17.16511,
                51.096407
              ],
              [
                17.165257,
                51.095967
              ],
              [
                17.165182,
                51.095729
              ],
              [
                17.161805,
                51.092719
              ],
              [
                17.16061,
                51.094141
              ],
              [
                17.160115,
                51.094458
              ],
              [
                17.159255,
                51.092267
              ],
              [
                17.159535,
                51.091839
              ],
              [
                17.162198,
                51.088758
              ],
              [
                17.160168,
                51.088595
              ],
              [
                17.158546,
                51.088142
              ],
              [
                17.157865,
                51.087831
              ],
              [
                17.155355,
                51.086178
              ],
              [
                17.154225,
                51.085059
              ],
              [
                17.154071,
                51.084532
              ],
              [
                17.153814,
                51.084275
              ],
              [
                17.152936,
                51.08382
              ],
              [
                17.152117,
                51.083516
              ],
              [
                17.151535,
                51.082898
              ],
              [
                17.151295,
                51.082748
              ],
              [
                17.151197,
                51.082466
              ],
              [
                17.150771,
                51.081999
              ],
              [
                17.150321,
                51.081768
              ],
              [
                17.149471,
                51.081569
              ],
              [
                17.148522,
                51.08116
              ],
              [
                17.148075,
                51.081709
              ],
              [
                17.147292,
                51.083257
              ],
              [
                17.146544,
                51.085295
              ],
              [
                17.145884,
                51.086688
              ],
              [
                17.145079,
                51.087988
              ],
              [
                17.143678,
                51.089288
              ],
              [
                17.142665,
                51.090031
              ],
              [
                17.138635,
                51.092302
              ],
              [
                17.135709,
                51.094268
              ],
              [
                17.132115,
                51.096991
              ],
              [
                17.131057,
                51.097939
              ],
              [
                17.129311,
                51.099245
              ],
              [
                17.127472,
                51.100335
              ],
              [
                17.124502,
                51.10239
              ],
              [
                17.122084,
                51.104096
              ],
              [
                17.119247,
                51.106461
              ],
              [
                17.116709,
                51.10828
              ],
              [
                17.108488,
                51.113861
              ]
            ]
          ]
        ]
      }
    },
    {
      "type": "Feature",
      "properties": {
        "name": "Świniary",
        "slug": "swiniary",
        "osm_relation": 2341621,
        "in": {
          "en": "in Świniary",
          "pl": "na Świniarach"
        }
      },
      "geometry": {
        "type": "MultiPolygon",
        "coordinates": [
          [
            [
              [
                16.942486,
                51.201996
              ],
              [
                16.94313,
                51.201113
              ],
              [
                16.943633,
                51.200203
              ],
              [
                16.943533,
                51.199879
              ],
              [
                16.944129,
                51.199597
              ],
              [
                16.944871,
                51.19911
              ],
              [
                16.945166,
                51.198174
              ],
              [
                16.945078,
                51.198013
              ],
              [
                16.945388,
                51.197905
              ],
              [
                16.945256,
                51.197198
              ],
              [
                16.945081,
                51.196864
              ],
              [
                16.944806,
                51.195714
              ],
              [
                16.9449,
                51.195531
              ],
              [
                16.944818,
                51.195516
              ],
              [
                16.94565,
                51.194071
              ],
              [
                16.945634,
                51.193791
              ],
              [
                16.945812,
                51.19318
              ],
              [
                16.946167,
                51.19305
              ],
              [
                16.946526,
                51.191754
              ],
              [
                16.950303,
                51.189048
              ],
              [
                16.952278,
                51.190005
              ],
              [
                16.954369,
                51.190343
              ],
              [
                16.95519,
                51.190377
              ],
              [
                16.956899,
                51.190226
              ],
              [
                16.958601,
                51.18944
              ],
              [
                16.959089,
                51.188924
              ],
              [
                16.95975,
                51.188462
              ],
              [
                16.960358,
                51.187831
              ],
              [
                16.960862,
                51.187056
              ],
              [
                16.960625,
                51.186773
              ],
              [
                16.959991,
                51.186314
              ],
              [
                16.959304,
                51.185444
              ],
              [
                16.959197,
                51.184958
              ],
              [
                16.959489,
                51.183723
              ],
              [
                16.960078,
                51.183151
              ],
              [
                16.960861,
                51.182764
              ],
              [
                16.962372,
                51.182351
              ],
              [
                16.963784,
                51.181751
              ],
              [
                16.964193,
                51.181177
              ],
              [
                16.964257,
                51.180853
              ],
              [
                16.964158,
                51.180265
              ],
              [
                16.964455,
                51.180027
              ],
              [
                16.965707,
                51.179413
              ],
              [
                16.966056,
                51.179433
              ],
              [
                16.966792,
                51.179677
              ],
              [
                16.96749,
                51.179806
              ],
              [
                16.96817,
                51.179852
              ],
              [
                16.97308,
                51.179721
              ],
              [
                16.974623,
                51.179058
              ],
              [
                16.97477,
                51.178913
              ],
              [
                16.974898,
                51.178396
              ],
              [
                16.975141,
                51.177881
              ],
              [
                16.975708,
                51.177119
              ],
              [
                16.975885,
                51.176995
              ],
              [
                16.978426,
                51.177087
              ],
              [
                16.979937,
                51.177045
              ],
              [
                16.98093,
                51.177151
              ],
              [
                16.982774,
                51.176969
              ],
              [
                16.982797,
                51.177563
              ],
              [
                16.984259,
                51.180441
              ],
              [
                16.984475,
                51.180698
              ],
              [
                16.984605,
                51.181091
              ],
              [
                16.984731,
                51.181175
              ],
              [
                16.985151,
                51.181162
              ],
              [
                16.987402,
                51.180438
              ],
              [
                16.987747,
                51.180959
              ],
              [
                16.99035,
                51.181123
              ],
              [
                16.990372,
                51.18129
              ],
              [
                16.990885,
                51.181427
              ],
              [
                16.991148,
                51.181614
              ],
              [
                16.991369,
                51.181924
              ],
              [
                16.991932,
                51.182104
              ],
              [
                16.992206,
                51.182372
              ],
              [
                16.993846,
                51.183437
              ],
              [
                16.994013,
                51.183895
              ],
              [
                16.993652,
                51.184064
              ],
              [
                16.992939,
                51.184596
              ],
              [
                16.992656,
                51.184997
              ],
              [
                16.992545,
                51.185487
              ],
              [
                16.999728,
                51.184445
              ],
              [
                16.999611,
                51.185268
              ],
              [
                16.99928,
                51.186617
              ],
              [
                16.999203,
                51.187688
              ],
              [
                16.99977,
                51.189136
              ],
              [
                16.999842,
                51.189727
              ],
              [
                17.000243,
                51.190782
              ],
              [
                17.000199,
                51.191097
              ],
              [
                17.000741,
                51.191364
              ],
              [
                17.000837,
                51.191502
              ],
              [
                17.000593,
                51.192391
              ],
              [
                17.000252,
                51.192773
              ],
              [
                16.999111,
                51.193331
              ],
              [
                16.999043,
                51.193829
              ],
              [
                16.999618,
                51.194845
              ],
              [
                16.99979,
                51.195415
              ],
              [
                16.999958,
                51.195695
              ],
              [
                17.000938,
                51.19609
              ],
              [
                17.001055,
                51.196418
              ],
              [
                17.001077,
                51.196803
              ],
              [
                17.000915,
                51.197469
              ],
              [
                16.998942,
                51.198248
              ],
              [
                16.995845,
                51.199113
              ],
              [
                16.993738,
                51.200661
              ],
              [
                16.993214,
                51.20096
              ],
              [
                16.992738,
                51.201111
              ],
              [
                16.993054,
                51.201194
              ],
              [
                16.993291,
                51.20161
              ],
              [
                16.991631,
                51.20239
              ],
              [
                16.990245,
                51.202854
              ],
              [
                16.985556,
                51.203804
              ],
              [
                16.981213,
                51.2049
              ],
              [
                16.979602,
                51.205477
              ],
              [
                16.97909,
                51.205495
              ],
              [
                16.978879,
                51.205271
              ],
              [
                16.976122,
                51.20456
              ],
              [
                16.973912,
                51.20461
              ],
              [
                16.973379,
                51.204436
              ],
              [
                16.973042,
                51.204413
              ],
              [
                16.971042,
                51.204873
              ],
              [
                16.970531,
                51.204909
              ],
              [
                16.969885,
                51.204801
              ],
              [
                16.969317,
                51.204868
              ],
              [
                16.968832,
                51.205233
              ],
              [
                16.967037,
                51.205442
              ],
              [
                16.967009,
                51.205647
              ],
              [
                16.966458,
                51.206426
              ],
              [
                16.966288,
                51.20723
              ],
              [
                16.966335,
                51.20763
              ],
              [
                16.964792,
                51.207805
              ],
              [
                16.96316,
                51.208191
              ],
              [
                16.961336,
                51.208725
              ],
              [
                16.961044,
                51.208987
              ],
              [
                16.960718,
                51.209056
              ],
              [
                16.960022,
                51.209065
              ],
              [
                16.958028,
                51.209355
              ],
              [
                16.957437,
                51.209166
              ],
              [
                16.956979,
                51.208791
              ],
              [
                16.956657,
                51.208667
              ],
              [
                16.956039,
                51.208599
              ],
              [
                16.955013,
                51.208669
              ],
              [
                16.954282,
                51.208389
              ],
              [
                16.954044,
                51.207112
              ],
              [
                16.953319,
                51.206839
              ],
              [
                16.953028,
                51.20633
              ],
              [
                16.952176,
                51.205888
              ],
              [
                16.951168,
                51.205167
              ],
              [
                16.95077,
                51.204747
              ],
              [
                16.950511,
                51.204179
              ],
              [
                16.949943,
                51.20353
              ],
              [
                16.949377,
                51.203273
              ],
              [
                16.949112,
                51.203241
              ],
              [
                16.946003,
                51.203356
              ],
              [
                16.944485,
                51.203184
              ],
              [
                16.942486,
                51.201996
              ]
            ]
          ]
        ]
      }
    },
    {
      "type": "Feature",
      "properties": {
        "name": "Szczepin",
        "slug": "szczepin",
        "osm_relation": 2341620,
        "in": {
          "en": "in Szczepin",
          "pl": "na Szczepinie"
        }
      },
      "geometry": {
        "type": "MultiPolygon",
        "coordinates": [
          [
            [
              [
                16.984285,
                51.114812
              ],
              [
                16.984537,
                51.115248
              ],
              [
                16.985802,
                51.115258
              ],
              [
                16.98725,
                51.115481
              ],
              [
                16.99192,
                51.117168
              ],
              [
                16.994511,
                51.118237
              ],
              [
                16.994992,
                51.118587
              ],
              [
                16.99765,
                51.121699
              ],
              [
                16.999436,
                51.122572
              ],
              [
                17.000221,
                51.123276
              ],
              [
                17.000599,
                51.123833
              ],
              [
                17.002208,
                51.131496
              ],
              [
                17.003916,
                51.131231
              ],
              [
                17.005785,
                51.131122
              ],
              [
                17.010984,
                51.12986
              ],
              [
                17.011951,
                51.129457
              ],
              [
                17.017308,
                51.127745
              ],
              [
                17.01839,
                51.127158
              ],
              [
                17.019193,
                51.126506
              ],
              [
                17.020261,
                51.125067
              ],
              [
                17.020443,
                51.12471
              ],
              [
                17.020647,
                51.123987
              ],
              [
                17.021232,
                51.122841
              ],
              [
                17.021218,
                51.122525
              ],
              [
                17.020862,
                51.121866
              ],
              [
                17.020182,
                51.121009
              ],
              [
                17.018627,
                51.119785
              ],
              [
                17.01787,
                51.119044
              ],
              [
                17.017684,
                51.11862
              ],
              [
                17.017713,
                51.118084
              ],
              [
                17.018087,
                51.117166
              ],
              [
                17.018517,
                51.116599
              ],
              [
                17.01926,
                51.115945
              ],
              [
                17.021164,
                51.115019
              ],
              [
                17.02258,
                51.114553
              ],
              [
                17.024104,
                51.114288
              ],
              [
                17.023839,
                51.11356
              ],
              [
                17.024047,
                51.113506
              ],
              [
                17.024043,
                51.113402
              ],
              [
                17.022829,
                51.111868
              ],
              [
                17.022117,
                51.110801
              ],
              [
                17.022309,
                51.109696
              ],
              [
                17.021959,
                51.108008
              ],
              [
                17.021428,
                51.108077
              ],
              [
                17.017692,
                51.107873
              ],
              [
                17.014384,
                51.107385
              ],
              [
                17.003034,
                51.104425
              ],
              [
                16.996338,
                51.109757
              ],
              [
                16.993449,
                51.111953
              ],
              [
                16.99166,
                51.112941
              ],
              [
                16.98975,
                51.113684
              ],
              [
                16.987234,
                51.1143
              ],
              [
                16.984285,
                51.114812
              ]
            ]
          ]
        ]
      }
    },
    {
      "type": "Feature",
      "properties": {
        "name": "Tarnogaj",
        "slug": "tarnogaj",
        "osm_relation": 2336571,
        "in": {
          "en": "in Tarnogaj",
          "pl": "na Tarnogaju"
        }
      },
      "geometry": {
        "type": "MultiPolygon",
        "coordinates": [
          [
            [
              [
                17.045362,
                51.096246
              ],
              [
                17.044547,
                51.095437
              ],
              [
                17.04468,
                51.095382
              ],
              [
                17.04456,
                51.095258
              ],
              [
                17.045319,
                51.094866
              ],
              [
                17.045008,
                51.094528
              ],
              [
                17.044673,
                51.094662
              ],
              [
                17.044397,
                51.094409
              ],
              [
                17.045912,
                51.093781
              ],
              [
                17.045846,
                51.09374
              ],
              [
                17.046021,
                51.093355
              ],
              [
                17.045872,
                51.093331
              ],
              [
                17.04683,
                51.090113
              ],
              [
                17.046877,
                51.090147
              ],
              [
                17.048468,
                51.087209
              ],
              [
                17.049105,
                51.086255
              ],
              [
                17.049443,
                51.086326
              ],
              [
                17.049348,
                51.084915
              ],
              [
                17.048971,
                51.084952
              ],
              [
                17.048717,
                51.084885
              ],
              [
                17.050942,
                51.078966
              ],
              [
                17.05229,
                51.075843
              ],
              [
                17.053117,
                51.073326
              ],
              [
                17.053113,
                51.071759
              ],
              [
                17.05334,
                51.071265
              ],
              [
                17.056037,
                51.071406
              ],
              [
                17.062018,
                51.071934
              ],
              [
                17.06299,
                51.072147
              ],
              [
                17.065469,
                51.073012
              ],
              [
                17.066502,
                51.074048
              ],
              [
                17.067597,
                51.074664
              ],
              [
                17.070819,
                51.075773
              ],
              [
                17.071832,
                51.076456
              ],
              [
                17.072628,
                51.077235
              ],
              [
                17.072985,
                51.077872
              ],
              [
                17.073116,
                51.078334
              ],
              [
                17.073328,
                51.079837
              ],
              [
                17.073234,
                51.080495
              ],
              [
                17.073108,
                51.08075
              ],
              [
                17.072539,
                51.081651
              ],
              [
                17.070387,
                51.083568
              ],
              [
                17.068434,
                51.08505
              ],
              [
                17.065963,
                51.086696
              ],
              [
                17.064268,
                51.087682
              ],
              [
                17.060459,
                51.089568
              ],
              [
                17.053136,
                51.093073
              ],
              [
                17.045362,
                51.096246
              ]
            ]
          ]
        ]
      }
    },
    {
      "type": "Feature",
      "properties": {
        "name": "Widawa",
        "slug": "widawa",
        "osm_relation": 2339137,
        "in": {
          "en": "in Widawa",
          "pl": "na Widawie"
        }
      },
      "geometry": {
        "type": "MultiPolygon",
        "coordinates": [
          [
            [
              [
                17.012373,
                51.182537
              ],
              [
                17.014919,
                51.182619
              ],
              [
                17.014896,
                51.182806
              ],
              [
                17.013464,
                51.185699
              ],
              [
                17.013718,
                51.186517
              ],
              [
                17.014273,
                51.187366
              ],
              [
                17.014558,
                51.187636
              ],
              [
                17.015389,
                51.1875
              ],
              [
                17.017118,
                51.187008
              ],
              [
                17.017214,
                51.186531
              ],
              [
                17.017933,
                51.18614
              ],
              [
                17.01813,
                51.185774
              ],
              [
                17.020072,
                51.185551
              ],
              [
                17.021267,
                51.185643
              ],
              [
                17.021849,
                51.185879
              ],
              [
                17.022476,
                51.185865
              ],
              [
                17.023549,
                51.184836
              ],
              [
                17.024825,
                51.183217
              ],
              [
                17.025232,
                51.182485
              ],
              [
                17.025417,
                51.181577
              ],
              [
                17.026,
                51.181098
              ],
              [
                17.026337,
                51.180947
              ],
              [
                17.025662,
                51.180293
              ],
              [
                17.02411,
                51.179033
              ],
              [
                17.024734,
                51.178557
              ],
              [
                17.025268,
                51.177853
              ],
              [
                17.025321,
                51.177693
              ],
              [
                17.025185,
                51.176932
              ],
              [
                17.025431,
                51.176448
              ],
              [
                17.02586,
                51.176129
              ],
              [
                17.027376,
                51.175378
              ],
              [
                17.030236,
                51.175066
              ],
              [
                17.033099,
                51.175356
              ],
              [
                17.036551,
                51.174011
              ],
              [
                17.038156,
                51.173616
              ],
              [
                17.037964,
                51.171616
              ],
              [
                17.037972,
                51.170455
              ],
              [
                17.038065,
                51.170326
              ],
              [
                17.039921,
                51.169377
              ],
              [
                17.039987,
                51.168927
              ],
              [
                17.039906,
                51.168624
              ],
              [
                17.040317,
                51.168253
              ],
              [
                17.040445,
                51.167664
              ],
              [
                17.04076,
                51.167456
              ],
              [
                17.033007,
                51.167541
              ],
              [
                17.032619,
                51.167148
              ],
              [
                17.032634,
                51.167
              ],
              [
                17.030127,
                51.163365
              ],
              [
                17.029267,
                51.16355
              ],
              [
                17.02831,
                51.163374
              ],
              [
                17.027835,
                51.163088
              ],
              [
                17.027605,
                51.163098
              ],
              [
                17.027565,
                51.162725
              ],
              [
                17.02573,
                51.162767
              ],
              [
                17.023307,
                51.162977
              ],
              [
                17.022595,
                51.162883
              ],
              [
                17.021901,
                51.162628
              ],
              [
                17.021508,
                51.162574
              ],
              [
                17.020741,
                51.16255
              ],
              [
                17.020197,
                51.162725
              ],
              [
                17.019904,
                51.162239
              ],
              [
                17.01799,
                51.162484
              ],
              [
                17.017399,
                51.161744
              ],
              [
                17.01672,
                51.162244
              ],
              [
                17.016591,
                51.162183
              ],
              [
                17.013189,
                51.163558
              ],
              [
                17.00987,
                51.163899
              ],
              [
                17.009609,
                51.165162
              ],
              [
                17.009265,
                51.166137
              ],
              [
                17.007822,
                51.167796
              ],
              [
                16.99966,
                51.16784
              ],
              [
                16.999572,
                51.168389
              ],
              [
                16.99964,
                51.171392
              ],
              [
                17.002304,
                51.171623
              ],
              [
                17.002713,
                51.172028
              ],
              [
                17.002658,
                51.172075
              ],
              [
                17.004433,
                51.173778
              ],
              [
                17.00617,
                51.174893
              ],
              [
                17.007962,
                51.175751
              ],
              [
                17.008879,
                51.176314
              ],
              [
                17.008679,
                51.177027
              ],
              [
                17.008423,
                51.178728
              ],
              [
                17.010953,
                51.178495
              ],
              [
                17.0122,
                51.180475
              ],
              [
                17.01231,
                51.18052
              ],
              [
                17.012373,
                51.182537
              ]
            ]
          ]
        ]
      }
    },
    {
      "type": "Feature",
      "properties": {
        "name": "Wojszyce",
        "slug": "wojszyce",
        "osm_relation": 2319725,
        "in": {
          "en": "in Wojszyce",
          "pl": "na Wojszycach"
        }
      },
      "geometry": {
        "type": "MultiPolygon",
        "coordinates": [
          [
            [
              [
                17.028264,
                51.061295
              ],
              [
                17.030163,
                51.061858
              ],
              [
                17.030429,
                51.061403
              ],
              [
                17.030327,
                51.061052
              ],
              [
                17.028907,
                51.058199
              ],
              [
                17.032547,
                51.05763
              ],
              [
                17.032315,
                51.055081
              ],
              [
                17.031585,
                51.05182
              ],
              [
                17.031061,
                51.050006
              ],
              [
                17.03126,
                51.05007
              ],
              [
                17.033161,
                51.049699
              ],
              [
                17.033341,
                51.049943
              ],
              [
                17.036507,
                51.049028
              ],
              [
                17.037664,
                51.049009
              ],
              [
                17.038616,
                51.048894
              ],
              [
                17.03994,
                51.048386
              ],
              [
                17.042158,
                51.047772
              ],
              [
                17.046257,
                51.04614
              ],
              [
                17.047983,
                51.058435
              ],
              [
                17.04824,
                51.06092
              ],
              [
                17.04832,
                51.062567
              ],
              [
                17.048317,
                51.066314
              ],
              [
                17.048571,
                51.06656
              ],
              [
                17.048883,
                51.066651
              ],
              [
                17.054358,
                51.067218
              ],
              [
                17.053911,
                51.068784
              ],
              [
                17.053978,
                51.069987
              ],
              [
                17.05334,
                51.071265
              ],
              [
                17.049499,
                51.071125
              ],
              [
                17.030651,
                51.071026
              ],
              [
                17.030663,
                51.070818
              ],
              [
                17.029227,
                51.065776
              ],
              [
                17.028983,
                51.065214
              ],
              [
                17.027105,
                51.062059
              ],
              [
                17.026639,
                51.060907
              ],
              [
                17.027182,
                51.060935
              ],
              [
                17.028264,
                51.061295
              ]
            ]
          ]
        ]
      }
    },
    {
      "type": "Feature",
      "properties": {
        "name": "Zacisze-Zalesie-Szczytniki",
        "slug": "zacisze-zalesie-szczytniki",
        "osm_relation": 2338689,
        "in": {
          "en": "in Zacisze-Zalesie-Szczytniki",
          "pl": "na Zaciszu-Zalesiu-Szczytnikach"
        }
      },
      "geometry": {
        "type": "MultiPolygon",
        "coordinates": [
          [
            [
              [
                17.059287,
                51.129825
              ],
              [
                17.060319,
                51.12918
              ],
              [
                17.061672,
                51.128137
              ],
              [
                17.063294,
                51.127299
              ],
              [
                17.065305,
                51.126626
              ],
              [
                17.06722,
                51.125822
              ],
              [
                17.068988,
                51.124673
              ],
              [
                17.070033,
                51.123629
              ],
              [
                17.070752,
                51.122589
              ],
              [
                17.071294,
                51.121525
              ],
              [
                17.071702,
                51.120301
              ],
              [
                17.071666,
                51.119242
              ],
              [
                17.071445,
                51.117182
              ],
              [
                17.071556,
                51.116268
              ],
              [
                17.072119,
                51.114688
              ],
              [
                17.071742,
                51.113718
              ],
              [
                17.07096,
                51.112564
              ],
              [
                17.070412,
                51.111574
              ],
              [
                17.070321,
                51.109995
              ],
              [
                17.069668,
                51.108182
              ],
              [
                17.070395,
                51.107992
              ],
              [
                17.086492,
                51.112635
              ],
              [
                17.091459,
                51.11363
              ],
              [
                17.101867,
                51.113925
              ],
              [
                17.107304,
                51.113292
              ],
              [
                17.107623,
                51.113344
              ],
              [
                17.108502,
                51.113851
              ],
              [
                17.10684,
                51.114993
              ],
              [
                17.104316,
                51.116946
              ],
              [
                17.097634,
                51.122928
              ],
              [
                17.096973,
                51.123404
              ],
              [
                17.095807,
                51.124173
              ],
              [
                17.093344,
                51.125396
              ],
              [
                17.091228,
                51.126134
              ],
              [
                17.089018,
                51.126718
              ],
              [
                17.087848,
                51.126946
              ],
              [
                17.085504,
                51.127238
              ],
              [
                17.06605,
                51.128192
              ],
              [
                17.064338,
                51.12838
              ],
              [
                17.061776,
                51.128842
              ],
              [
                17.059287,
                51.129825
              ]
            ]
          ]
        ]
      }
    },
    {
      "type": "Feature",
      "properties": {
        "name": "Żerniki",
        "slug": "zerniki",
        "osm_relation": 2336904,
        "in": {
          "en": "in Żerniki",
          "pl": "na Żernikach"
        }
      },
      "geometry": {
        "type": "MultiPolygon",
        "coordinates": [
          [
            [
              [
                16.894528,
                51.122985
              ],
              [
                16.89948,
                51.121946
              ],
              [
                16.900355,
                51.121633
              ],
              [
                16.901294,
                51.121151
              ],
              [
                16.908531,
                51.116412
              ],
              [
                16.91118,
                51.114324
              ],
              [
                16.913442,
                51.112082
              ],
              [
                16.916333,
                51.108783
              ],
              [
                16.920165,
                51.109139
              ],
              [
                16.924198,
                51.109671
              ],
              [
                16.931687,
                51.10968
              ],
              [
                16.933711,
                51.109601
              ],
              [
                16.932779,
                51.116087
              ],
              [
                16.933398,
                51.116154
              ],
              [
                16.933709,
                51.116577
              ],
              [
                16.934072,
                51.117346
              ],
              [
                16.935301,
                51.117779
              ],
              [
                16.935208,
                51.118097
              ],
              [
                16.935256,
                51.118784
              ],
              [
                16.935069,
                51.119679
              ],
              [
                16.935304,
                51.1201
              ],
              [
                16.935639,
                51.120294
              ],
              [
                16.937053,
                51.120651
              ],
              [
                16.938506,
                51.121346
              ],
              [
                16.938894,
                51.121777
              ],
              [
                16.939156,
                51.122348
              ],
              [
                16.914836,
                51.126433
              ],
              [
                16.896262,
                51.129386
              ],
              [
                16.893473,
                51.125503
              ],
              [
                16.892519,
                51.123332
              ],
              [
                16.894528,
                51.122985
              ]
            ]
          ]
        ]
      }
    }
  ]
}
