category,name,slug,address,lat,lng,phone,email,website,instagram,facebook,short_description,short_description_local,description,description_local,opening_hours,hours_source_url,hours_observed_at,emergency_24_7,emergency_note,emergency_note_local,home_visits,specialties,languages_spoken,facts,photo_urls,google_place_id,google_maps_url,google_rating,google_rating_count,rating_observed_at,logo_file,source_url,observed_at,closed,notes
VET_CLINIC,Klinika Weterynaryjna MULTIWET,klinika-weterynaryjna-multiwet,"Jurija Gagarina 5, 00-753 Warszawa, Poland",52.2065394,21.0456888,+48 22 841 44 40,kontakt@multiwet.pl,http://www.multiwet.pl/,https://www.instagram.com/klinika_multiwet/,https://www.facebook.com/multiwet/,Round-the-clock veterinary clinic in Mokotów with intensive care and full diagnostics.,Całodobowa klinika weterynaryjna na Mokotowie z intensywną terapią i pełną diagnostyką.,"Klinika MULTIWET has provided 24-hour veterinary emergency and comprehensive clinical care since 1992. The facility offers advanced soft tissue and orthopedic surgery, digital radiography, ultrasonography, echocardiography, and on-site clinical pathology.","Klinika MULTIWET świadczy całodobową opiekę weterynaryjną i pomoc doraźną na warszawskim Mokotowie. Dysponuje nowoczesnym zapleczem chirurgicznym, cyfrowym RTG, USG, szpitalem dla psów i kotów oraz własnym laboratorium.",mo 24h; tu 24h; we 24h; th 24h; fr 24h; sa 24h; su 24h,https://maps.google.com/?cid=17264498257790839745,2026-09-27,yes,24/7 emergency service with on-duty veterinary surgeons and intensive care unit.,Dyżur całodobowy 24/7 z zespołem chirurgów i oddziałem intensywnej terapii.,,surgery;internal-medicine;cardiology;orthopedics;ultrasound;x-ray;laboratory;hospitalization;dentistry,en,card_payment;parking;pet_passport;pharmacy_on_site,,ChIJi0xMBz3NHkcRwSv5uLHRl-8,https://maps.google.com/?cid=17264498257790839745,4.3,2401,2026-09-27,klinika-weterynaryjna-multiwet.png,http://www.multiwet.pl/,2026-09-27,,"prices: none (site - no cennik page, fb - not posted)"
VET_CLINIC,Całodobowa Klinika Weterynaryjna Elwet,calodobowa-klinika-weterynaryjna-elwet,"al. Niepodległości 24/30, 02-653 Warszawa, Poland",52.1863602,21.019301,+48 22 843 23 46,biuro@elwet.pl,https://www.elwet.pl/,https://www.instagram.com/klinikaelwet/,https://www.facebook.com/elwetklinika/,24/7 veterinary clinic on Mokotów offering computed tomography and hospital care.,Całodobowa klinika weterynaryjna na Mokotowie z tomografią komputerową i szpitalem.,"Elwet Veterinary Clinic provides non-stop clinical medical services on Aleja Niepodległości. Features include computed tomography (CT), endoscopy, operating theatre with inhalation anesthesia, and dedicated feline ward.","Klinika Elwet przy al. Niepodległości prowadzi nieprzerwany dyżur całodobowy. Ośrodek wyposażony jest w tomografię komputerową (CT), pracownię endoskopii, salę operacyjną z anestezją wziewną oraz osobny oddział szpitalny dla kotów.",mo 24h; tu 24h; we 24h; th 24h; fr 24h; sa 24h; su 24h,https://maps.google.com/?cid=18141119518207867346,2026-09-27,yes,Continuous round-the-clock emergency admission and surgical readiness.,Nieprzerwany dyżur ostrodyżurowy oraz natychmiastowa gotowość chirurgiczna.,,surgery;internal-medicine;ct;endoscopy;cardiology;neurology;ultrasound;x-ray;laboratory;hospitalization,en,card_payment;parking;pet_passport;pharmacy_on_site;cats_waiting_room,,ChIJD2943tMyGUcR0nmvBhY0wvs,https://maps.google.com/?cid=18141119518207867346,4.1,1725,2026-09-27,calodobowa-klinika-weterynaryjna-elwet.png,https://www.elwet.pl/,2026-09-27,,"prices: none (site - no cennik page, fb - not posted)"
VET_CLINIC,Klinika Weterynaryjna VETKA,klinika-weterynaryjna-vetka,"Modlińska 65, 03-199 Warszawa, Poland",52.3088591,20.9808052,+48 22 811 00 55,kontakt@lecznica-vetka.pl,https://www.lecznica-vetka.pl/,https://www.instagram.com/klinikavetka/,https://www.facebook.com/KlinikaVetka/,Modern 24/7 animal clinic in Białołęka with emergency surgical unit and inpatient wards.,Nowoczesna całodobowa klinika na Białołęce z ostrym dyżurem i szpitalem.,"VETKA provides comprehensive 24/7 veterinary services on Modlińska street, catering to pets from Białołęka, Praga, and northern Warsaw. Features include digital imaging, cardiology, and full surgical capacity.","Klinika Weterynaryjna VETKA przy ul. Modlińskiej świadczy całodobową pomoc internistyczną i chirurgiczną. Posiada nowoczesne sale operacyjne, pracownię USG i RTG oraz całodobowy szpital dla psów i kotów.",mo 24h; tu 24h; we 24h; th 24h; fr 24h; sa 24h; su 24h,https://maps.google.com/?cid=14998773061064447099,2026-09-27,yes,Open 24/7 with emergency surgical unit and night-duty doctors.,Dyżur całodobowy 24/7 z pełnym zapleczem anestezjologicznym i operacyjnym.,,surgery;internal-medicine;dermatology;ophthalmology;ultrasound;x-ray;laboratory;hospitalization,en,card_payment;parking;pet_passport;pharmacy_on_site,,ChIJQ9BMv3LJHkcRe9Rx06FYJtA,https://maps.google.com/?cid=14998773061064447099,4,1510,2026-09-27,klinika-weterynaryjna-vetka.svg,https://www.lecznica-vetka.pl/,2026-09-27,,"prices: none (site - no cennik page, fb - not posted)"
VET_CLINIC,Klinika Weterynaryjna Popularna,klinika-weterynaryjna-popularna,"Popularna 29a, 02-473 Warszawa, Poland",52.2045521,20.9221297,+48 22 863 80 80,przychodnia@klinikapopularna.pl,http://www.klinikavet.pl/,,https://www.facebook.com/KlinikaPopularna/,Comprehensive veterinary clinic in Włochy district with surgical and diagnostic suites.,Kompleksowa klinika weterynaryjna we Włochach z blokiem operacyjnym i diagnostyką.,"Klinika Popularna on Popularna street offers specialized outpatient and inpatient veterinary services. Equipped with digital X-ray, ultrasonography, in-house laboratory, and dedicated dental suite.","Klinika Popularna przy ul. Popularnej we Włochach zapewnia wszechstronną pomoc medyczną. Oferuje badania obrazowe (RTG, USG), stomatologię weterynaryjną, zabiegi chirurgiczne oraz profilaktykę.",mo 24h; tu 24h; we 24h; th 24h; fr 24h; sa 24h; su 24h,https://maps.google.com/?cid=446478702589689186,2026-09-27,,,,,surgery;internal-medicine;dentistry;ultrasound;x-ray;laboratory;dermatology,en,card_payment;parking;pet_passport;pharmacy_on_site,,ChIJJ7e31rU0GUcRYr2iswM2MgY,https://maps.google.com/?cid=446478702589689186,3.5,403,2026-09-27,klinika-weterynaryjna-popularna.png,http://www.klinikavet.pl/,2026-09-27,,"prices: none (site - no cennik page, fb - not posted)"
VET_CLINIC,Całodobowa Lecznica Weterynaryjna Wieża,calodobowa-lecznica-weterynaryjna-wieza,"Morcinka 32, 01-496 Warszawa, Poland",52.2593328,20.9213923,+48 22 638 38 38,lecznica@lecznicawieza.pl,https://lecznicawarszawa.pl/,,https://www.facebook.com/LecznicaWieza/,24-hour veterinary hospital in Bemowo with soft tissue surgery and night ambulance.,Całodobowa lecznica weterynaryjna na Bemowie z chirurgią tkanek miękkich i dyżurem nocnym.,"Lecznica Wieża on Morcinka street has operated non-stop for over twenty years. Features continuous night emergency admissions, ultrasound, digital radiology, and intensive patient monitoring.","Lecznica Wieża przy ul. Morcinka na Bemowie od ponad dwudziestu lat zapewnia pomoc weterynaryjną przez całą dobę. Prowadzi ostry dyżur nocny, zabiegi ratujące życie, badania obrazowe i hospitalizację.",mo 24h; tu 24h; we 24h; th 24h; fr 24h; sa 24h; su 24h,https://maps.google.com/?cid=13761906585359319768,2026-09-27,yes,24/7 night and holiday emergency service.,"Dyżur nocny, niedzielny i świąteczny przez całą dobę.",,surgery;internal-medicine;orthopedics;ultrasound;x-ray;laboratory;hospitalization,en,card_payment;parking;pet_passport,,ChIJWy2Ge1TKHkcR2IJzLCAd_L4,https://maps.google.com/?cid=13761906585359319768,4.4,914,2026-09-27,calodobowa-lecznica-weterynaryjna-wieza.png,https://lecznicawarszawa.pl/,2026-09-27,,"prices: none (site - no cennik page, fb - not posted)"
VET_CLINIC,Całodobowa Przychodnia Weterynaryjna WetMarysin,calodobowa-przychodnia-weterynaryjna-wetmarysin,"Korkowa 103, 04-519 Warszawa, Poland",52.2380085,21.145452,+48 22 812 00 73,kontakt@wetmarysin.pl,http://www.wetmarysin.pl/,,https://www.facebook.com/wetmarysin/,24/7 clinic in Wawer Marysin with complete surgical facilities and on-site lab.,Całodobowa przychodnia w Marysinie Wawerskim z pełnym blokiem operacyjnym i labem.,"WetMarysin on Korkowa street provides round-the-clock emergency and general care for small animals in Wawer and Rembertów. The practice features modern diagnostic imaging, in-house hematology and biochemistry, and an inpatient clinic.","Przychodnia WetMarysin przy ul. Korkowej w Wawrze oferuje nieprzerwaną pomoc przez całą dobę. Zapewnia diagnostykę laboratoryjną na miejscu, USG, RTG, chirurgię urazową oraz opiekę szpitalną.",mo 24h; tu 24h; we 24h; th 24h; fr 24h; sa 24h; su 24h,https://maps.google.com/?cid=13876910616824824867,2026-09-27,yes,24-hour medical and surgical emergency care.,Całodobowy dyżur internistyczny i zabiegowy.,,surgery;internal-medicine;ultrasound;x-ray;laboratory;hospitalization,en,card_payment;parking;pet_passport;pharmacy_on_site,,ChIJsSKmRhTSHkcRI8Sw166wlMA,https://maps.google.com/?cid=13876910616824824867,4.2,760,2026-09-27,calodobowa-przychodnia-weterynaryjna-wetmarysin.png,http://www.wetmarysin.pl/,2026-09-27,,"prices: none (site - no cennik page, fb - not posted)"
VET_CLINIC,Przychodnia Weterynaryjna PulsVet,przychodnia-weterynaryjna-pulsvet,"Puławska 403, 02-801 Warszawa, Poland",52.1460251,21.0183856,+48 22 644 68 00,kontakt@pulsvet.pl,https://www.pulsvet.pl/?camp=gmaps,https://www.instagram.com/przychodnia_pulsvet/,https://www.facebook.com/pulsvet/,Cardiology and specialty veterinary referral centre on southern Puławska street.,Centrum kardiologii i specjalistycznej opieki weterynaryjnej przy ul. Puławskiej.,"PulsVet is recognized across Warsaw for cardiology, internal medicine, echocardiography, and surgical oncology. Operates modern operating suites, ultrasound Doppler, digital endoscopy, and dental treatment units.","PulsVet przy ul. Puławskiej to renomowany ośrodek kardiologiczny i internistyczny na Ursynowie. Prowadzi zaawansowane echo serca, EKG, badania Doppler, endoskopię oraz chirurgię onkologiczną i stomatologię.",mo 24h; tu 24h; we 24h; th 24h; fr 24h; sa 24h; su 24h,https://maps.google.com/?cid=11459797695232805813,2026-09-27,,,,,cardiology;internal-medicine;surgery;oncology;endoscopy;ultrasound;x-ray;laboratory;dentistry,en,card_payment;parking;pet_passport;pharmacy_on_site,,ChIJ0Ve2WWIyGUcRtQsxhklhCZ8,https://maps.google.com/?cid=11459797695232805813,4.6,1616,2026-09-27,przychodnia-weterynaryjna-pulsvet.png,https://www.pulsvet.pl/?camp=gmaps,2026-09-27,,"prices: none (site - no cennik page, fb - not posted)"
VET_CLINIC,Klinika Weterynaryjna Bemowo,klinika-weterynaryjna-bemowo,"Powstańców Śląskich 101, 01-495 Warszawa, Poland",52.2561103,20.9174782,+48 22 638 39 14,recepcja@bemowo-wet.com.pl,https://www.bemowo-wet.com.pl/,https://www.instagram.com/klinikabemowo/,https://www.facebook.com/KlinikaBemowo/,Major 24/7 hospital with magnetic resonance imaging (MRI) and computed tomography (CT).,Duży całodobowy szpital ze rezonansem magnetycznym (MRI) i tomografem (CT).,"Klinika Weterynaryjna Bemowo is one of Poland's leading referral hospitals. Equipped with high-field MRI, 16-slice CT scanner, arthroscopy, neurological surgery, cardiology, and a 24-hour intensive care unit.","Klinika Bemowo przy ul. Powstańców Śląskich to czołowy ośrodek referencyjny w kraju. Oferuje rezonans magnetyczny (MRI), tomografię komputerową (CT), artroskopię, neurochirurgię oraz całodobowy oddział intensywnej terapii.",mo 24h; tu 24h; we 24h; th 24h; fr 24h; sa 24h; su 24h,https://maps.google.com/?cid=8767986144572043596,2026-09-27,yes,24/7 continuous specialist and surgical emergency trauma readiness.,Ciągły dyżur całodobowy 24/7 z zespołem chirurgów i anestezjologów.,,surgery;neurology;orthopedics;mri;ct;cardiology;oncology;endoscopy;ultrasound;x-ray;laboratory;hospitalization,en,card_payment;parking;pet_passport;pharmacy_on_site,,ChIJvXlmlFXKHkcRTHHDlvEkrnk,https://maps.google.com/?cid=8767986144572043596,4.2,2971,2026-09-27,klinika-weterynaryjna-bemowo.png,https://www.bemowo-wet.com.pl/,2026-09-27,,"prices: none (site - no cennik page, fb - not posted)"
VET_CLINIC,Klinika Małych Zwierząt SGGW,klinika-malych-zwierzat-sggw,"Klinika małych zwierząt, Nowoursynowska 159c, 02-776 Warszawa, Poland",52.1600987,21.0485703,+48 22 593 61 04,kmz@sggw.edu.pl,https://klinikawet.sggw.edu.pl/,https://www.instagram.com/sggw_waw/,https://www.facebook.com/SGGW.Warszawa/,Academic veterinary teaching hospital with state-of-the-art diagnostic and surgical units.,Akademicki szpital kliniczny z najnowocześniejszym zapleczem diagnostycznym i chirurgicznym.,"The Small Animal Clinic of the Warsaw University of Life Sciences (SGGW) operates cutting-edge clinical departments covering oncology, MRI, CT, hemodialysis, neurology, and specialized exotic animal medicine.","Klinika Małych Zwierząt SGGW na Ursynowie to uniwersytecki szpital weterynaryjny. Świadczy całodobowe usługi referencyjne, w tym MRI, CT, dializoterapię, neurochirurgię, onkologię oraz leczenie zwierząt egzotycznych.",mo 24h; tu 24h; we 24h; th 24h; fr 24h; sa 24h; su 24h,https://maps.google.com/?cid=816296502723002793,2026-09-27,yes,24/7 university teaching hospital emergency service.,Całodobowy ostry dyżur uniwersyteckiego szpitala klinicznego.,,surgery;orthopedics;neurology;oncology;ophthalmology;exotics;mri;ct;ultrasound;x-ray;laboratory;hospitalization;rehabilitation,en,card_payment;parking;pet_passport;pharmacy_on_site,,ChIJkXlFc5gyGUcRqcEyJFgRVAs,https://maps.google.com/?cid=816296502723002793,4.5,1122,2026-09-27,klinika-malych-zwierzat-sggw.png,https://klinikawet.sggw.edu.pl/,2026-09-27,,"prices: none (site - no cennik page, fb - not posted)"
VET_CLINIC,Przychodnia Weterynaryjna Białobrzeska,przychodnia-weterynaryjna-bialobrzeska,"Częstochowska 20, 02-344 Warszawa, Poland",52.2159264,20.9759674,+48 22 824 29 46,przychodnia@bialobrzeska.waw.pl,http://www.bialobrzeska.waw.pl/,https://www.instagram.com/przychodnia_bialobrzeska/,https://www.facebook.com/Bialobrzeska/,Renowned veterinary oncology and feline medicine centre on Ochota.,Renomowany ośrodek onkologii weterynaryjnej i medycyny kotów na Ochocie.,"Przychodnia Białobrzeska is celebrated for veterinary oncology, chemotherapy, diagnostic cytology, and Cat Friendly certified practices. Team includes recognized university lecturers and specialist consultants.","Przychodnia Białobrzeska przy ul. Częstochowskiej na Ochocie specjalizuje się w onkologii klinicznej, chemioterapii, medycynie kotów i kardiologii. Posiada certyfikat Cat Friendly Clinic i zaawansowaną cytologię.",mo 08:00-21:00; tu 08:00-21:00; we 08:00-21:00; th 08:00-21:00; fr 08:00-21:00; sa 08:00-18:00; su closed,https://maps.google.com/?cid=12051310227956608415,2026-09-27,,,,,oncology;internal-medicine;cardiology;dermatology;ultrasound;x-ray;laboratory;surgery;dentistry,en,card_payment;cat_friendly;cats_waiting_room;pet_passport,,ChIJESdem6TMHkcRn61iP83aPqc,https://maps.google.com/?cid=12051310227956608415,4.1,406,2026-09-27,przychodnia-weterynaryjna-bialobrzeska.svg,http://www.bialobrzeska.waw.pl/,2026-09-27,,"prices: none (site - no cennik page, fb - not posted)"
VET_CLINIC,Żoliborska Klinika Weterynaryjna,zoliborska-klinika-weterynaryjna,"Efraima Schroegera 72a, 01-822 Warszawa, Poland",52.280451,20.9460224,+48 22 834 54 53,kontakt@weterynarz-zoliborz.pl,https://weterynaria.waw.pl/,,https://www.facebook.com/ZoliborskaKlinikaWeterynaryjna/,"Comprehensive clinic in Stary Żoliborz offering surgery, cardiology, and dental care.","Kompleksowa klinika na Starym Żoliborzu oferująca chirurgię, kardiologię i stomatologię.","Located on Schroegera street in picturesque Bielany/Żoliborz border, this established clinic provides modern veterinary medicine, preventive vaccination, soft tissue surgery, ultrasonography, and dental scaling.","Żoliborska Klinika Weterynaryjna przy ul. Schroegera świadczy wszechstronne usługi lecznicze dla psów i kotów. Oferuje zabiegi operacyjne w znieczuleniu wziewnym, diagnostykę kardiologiczną, USG i stomatologię.",mo 08:00-22:00; tu 08:00-22:00; we 08:00-22:00; th 08:00-22:00; fr 08:00-22:00; sa 08:00-22:00; su 08:00-22:00,https://maps.google.com/?cid=6115763929443026142,2026-09-27,,,,,surgery;internal-medicine;cardiology;dentistry;ultrasound;x-ray;laboratory,en,card_payment;parking;pet_passport;pharmacy_on_site,,ChIJ-3xZHM3LHkcR3kSZIOSO31Q,https://maps.google.com/?cid=6115763929443026142,4.4,695,2026-09-27,zoliborska-klinika-weterynaryjna.png,https://weterynaria.waw.pl/,2026-09-27,,"prices: none (site - no cennik page, fb - not posted)"
VET_CLINIC,Klinika Weterynaryjna Lancet,klinika-weterynaryjna-lancet,"Aleja Komisji Edukacji Narodowej 52, 02-797 Warszawa, Poland",52.1439099,21.0548357,+48 22 648 48 48,lecznica@lancet.pl,https://lancet.pl/,,https://www.facebook.com/KlinikaLancet/,Established Ursynów veterinary hospital offering advanced surgical care and imaging.,Uznana lecznica na Ursynowie z zaawansowaną chirurgią i diagnostyką obrazową.,"Klinika Lancet on Aleja Komisji Edukacji Narodowej delivers professional medical care for dogs, cats, and small mammals. Equipped with surgical suites, X-ray, ultrasonography, and pet hospitalization facilities.","Klinika Lancet przy al. KEN na Ursynowie zapewnia specjalistyczną opiekę weterynaryjną. Oferuje operacje chirurgiczne, diagnostykę RTG/USG, badania laboratoryjne oraz hospitalizację pooperacyjną.",mo 08:00-22:00; tu 08:00-22:00; we 08:00-22:00; th 08:00-22:00; fr 08:00-22:00; sa 09:00-17:00; su 09:00-17:00,https://lancet.pl/,2026-09-27,,,,,surgery;internal-medicine;ophthalmology;ultrasound;x-ray;laboratory;hospitalization;dentistry,en,card_payment;parking;pet_passport,,ChIJ-dph6lPNHkcRRC4EFj3fpiU,https://maps.google.com/?cid=2713101278992674372,3.7,230,2026-09-27,klinika-weterynaryjna-lancet.png,https://lancet.pl/,2026-09-27,,"prices: none (site - no cennik page, fb - not posted)"
VET_CLINIC,Przychodnia Weterynaryjna DoraVet,przychodnia-weterynaryjna-doravet,"Biskupia 48, 04-216 Warszawa, Poland",52.24120809999999,21.1219589,+48 22 612 12 12,kontakt@doravet.pl,http://www.doravet.pl/,,https://www.facebook.com/doravetwawer/,Friendly veterinary practice in Wawer with preventive medicine and ultrasonography.,Przyjazna przychodnia weterynaryjna w Wawrze z profilaktyką i badaniami USG.,"DoraVet on Biskupia street provides experienced diagnostic, prophylactic, and surgical assistance for companion animals. Features dedicated consulting rooms, ultrasonography, digital radiography, and in-house diagnostics.","Przychodnia DoraVet przy ul. Biskupiej w Wawrze oferuje pełną pomoc internistyczną, profilaktykę szczepienną, USG, RTG oraz zabiegi chirurgiczne w przyjaznej, bezstresowej atmosferze.",mo 11:00-18:00; tu 11:00-18:00; we 11:00-18:00; th 11:00-18:00; fr 11:00-18:00; sa 10:00-14:00; su closed,https://maps.google.com/?cid=6132836827878295538,2026-09-27,,,,,internal-medicine;surgery;dermatology;ultrasound;x-ray;laboratory;dentistry,en,card_payment;parking;pet_passport,,ChIJHUbEnArSHkcR8oceD5o2HFU,https://maps.google.com/?cid=6132836827878295538,4.5,118,2026-09-27,przychodnia-weterynaryjna-doravet.png,http://www.doravet.pl/,2026-09-27,,"prices: none (site - no cennik page, fb - not posted)"
VET_CLINIC,Przychodnia Weterynaryjna Chomiczówka,przychodnia-weterynaryjna-chomiczowka,"Josepha Conrada 8/4, 01-922 Warszawa, Poland",52.2717986,20.928371,+48 22 663 32 32,lecznica@chomiczowka-wet.pl,http://www.przychodnia-chomiczowka.pl/,,https://www.facebook.com/WeterynarzChomiczowka/,Neighborhood veterinary practice on Bielany specializing in small animal internal medicine.,Lokalna przychodnia na Bielanach specjalizująca się w internie małych zwierząt.,"Przychodnia Chomiczówka on Conrada street provides thorough clinical examinations, soft tissue surgery, dental cleanings, microchipping, and pet passport issuances for north-western Warsaw residents.","Przychodnia Chomiczówka przy ul. Conrada na Bielanach oferuje rzetelną diagnostykę internistyczną, zabiegi chirurgii miękkiej, stomatologię ultradźwiękową, czipowanie i paszporty.",mo 09:30-22:00; tu 09:30-22:00; we 09:30-22:00; th 09:30-22:00; fr 09:30-22:00; sa 10:00-16:00; su 10:00-16:00,https://maps.google.com/?cid=12486593330249920620,2026-09-27,,,,,internal-medicine;surgery;dentistry;ultrasound;laboratory,en,card_payment;parking;pet_passport,,ChIJy74v10vKHkcRbPBOIHpKSa0,https://maps.google.com/?cid=12486593330249920620,4.4,285,2026-09-27,przychodnia-weterynaryjna-chomiczowka.png,http://www.przychodnia-chomiczowka.pl/,2026-09-27,,"prices: none (site - no cennik page, fb - not posted)"
VET_CLINIC,Przychodnia Weterynaryjna Kabacka,przychodnia-weterynaryjna-kabacka,"Kabacki Dukt 14, 02-798 Warszawa, Poland",52.129931,21.066498,+48 22 408 88 44,kontakt@kabacka.pl,http://www.kabacka.com/,,https://www.facebook.com/PrzychodniaKabacka/,Cozy clinic next to Kabaty Forest focusing on personalized care and dermatology.,Kameralna przychodnia przy Lesie Kabackim stawiająca na indywidualną opiekę i dermatologię.,"Przychodnia Kabacka on Kabacki Dukt provides holistic veterinary medicine, allergy treatments, ultrasound diagnostics, preventative screening, and soft tissue procedures in a low-stress setting.","Przychodnia Kabacka przy Kabackim Dukcie oferuje profesjonalne leczenie internistyczne, dermatologiczne, badania USG oraz zabiegi chirurgiczne w spokojnej atmosferze blisko Lasu Kabackiego.",mo 10:00-20:00; tu 10:00-20:00; we 10:00-20:00; th 10:00-20:00; fr 10:00-20:00; sa 10:00-15:00; su closed,https://maps.google.com/?cid=7797148232893938772,2026-09-27,,,,,internal-medicine;dermatology;surgery;ultrasound;laboratory;dentistry,en,card_payment;parking;pet_passport,,ChIJH3vaZpgtGUcRVDy1ugEJNWw,https://maps.google.com/?cid=7797148232893938772,4.5,135,2026-09-27,przychodnia-weterynaryjna-kabacka.png,http://www.kabacka.com/,2026-09-27,,"prices: none (site - no cennik page, fb - not posted)"
VET_CLINIC,Canfelis Przychodnia Weterynaryjna,canfelis-przychodnia-weterynaryjna,"Leona Berensona 4E, 03-287 Warszawa, Poland",52.3236165,21.0506011,+48 22 400 48 88,przychodnia@canfelis.pl,http://www.canfelis.pl/,,https://www.facebook.com/canfelis/,Modern animal clinic on eastern Białołęka with advanced imaging and surgery.,Nowoczesna przychodnia na wschodniej Białołęce z zaawansowanym USG i chirurgią.,"Canfelis on Berensona street offers high-standard veterinary diagnostics, laparoscopic interventions, dentistry, and soft tissue surgery. Equipped with digital X-ray, in-house laboratory, and clean recovery wards.","Przychodnia Canfelis przy ul. Berensona na Białołęce świadczy kompleksową pomoc weterynaryjną. Wyposażona w cyfrowe RTG, USG, laboratorium analiz medycznych oraz salę operacyjną z anestezją wziewną.",mo 09:00-21:00; tu 09:00-21:00; we 09:00-21:00; th 09:00-21:00; fr 09:00-21:00; sa 09:00-15:00; su closed,https://maps.google.com/?cid=2244730907514222848,2026-09-27,,,,,surgery;internal-medicine;dentistry;ultrasound;x-ray;laboratory;hospitalization,en,card_payment;parking;pet_passport,,ChIJP3U-civPHkcRALm5Bt7iJh8,https://maps.google.com/?cid=2244730907514222848,4.6,820,2026-09-27,canfelis-przychodnia-weterynaryjna.png,http://www.canfelis.pl/,2026-09-27,,"prices: none (site - no cennik page, fb - not posted)"
VET_CLINIC,DogMed Przychodnia Weterynaryjna,dogmed-przychodnia-weterynaryjna,"Światowida 63, 03-144 Warszawa, Poland",52.336012,20.9413024,+48 22 889 00 22,gabinet@dogmed.pl,http://dogmed.pl/,,https://www.facebook.com/dogmedweterynarz/,"Friendly Białołęka practice with dedicated cardiology, dermatology, and dentistry.","Przyjazna lecznica na Białołęce ze specjalizacją kardiologiczną, dermatologiczną i stomatologią.","DogMed on Światowida street delivers gentle, evidence-based veterinary care for Tarchomin and Nowodwory pets. Services encompass cardiology consults, soft tissue operations, ultrasound, and microchipping.","Przychodnia DogMed przy ul. Światowida na Tarchominie świadczy pełną pomoc medyczną dla psów i kotów. Zapewnia konsultacje kardiologiczne, profilaktykę, badania krwi oraz zabiegi chirurgiczne.",mo closed; tu closed; we closed; th closed; fr closed; sa closed; su closed,https://maps.google.com/?cid=2372006027350975043,2026-09-27,,,,,internal-medicine;cardiology;dermatology;surgery;ultrasound;laboratory;dentistry,en,card_payment;parking;pet_passport,,ChIJaWyRcczJHkcRQyJXGeoO6yA,https://maps.google.com/?cid=2372006027350975043,4.8,402,2026-09-27,dogmed-przychodnia-weterynaryjna.png,http://dogmed.pl/,2026-09-27,,"prices: none (site - no cennik page, fb - not posted)"
VET_CLINIC,Lecznica Weterynaryjna Mochnackiego,lecznica-weterynaryjna-mochnackiego,"17, Maurycego Mochnackiego, 02-041 Warszawa, Poland",52.2171629,20.9864917,+48 22 822 09 88,kontakt@lecznicamochnackiego.pl,https://www.lecznicamochnackiego.pl/,,https://www.facebook.com/lecznicamochnackiego/,Historic veterinary clinic on Stara Ochota offering attentive family-practice care.,Zabytkowa lecznica na Starej Ochocie oferująca troskliwą opiekę lekarza rodzinnego.,"Lecznica Mochnackiego is one of the oldest established veterinary practices in Ochota. It combines long-standing clinical experience with modern diagnostics, internal medicine, surgery, and pet passport registrations.","Lecznica przy ul. Mochnackiego to jedna z najdłużej działających placówek na Ochocie. Łączy wieloletnie doświadczenie z nowoczesnymi metodami leczenia, chirurgią, badaniami laboratoryjnymi i paszportami.",,,,,,,,internal-medicine;surgery;dermatology;ultrasound;laboratory;dentistry,en,card_payment;pet_passport,,ChIJbyaSsr3MHkcRNt1-5CUKdN4,https://maps.google.com/?cid=16029448131582025014,4.5,102,2026-09-27,,https://www.lecznicamochnackiego.pl/,2026-09-27,,"hours: none (website and Maps - not published); prices: none (site - no cennik page, fb - not posted); logo: none (searched website, socials - not found)"
VET_CLINIC,Przychodnia Weterynaryjna Cztery Łapy,przychodnia-weterynaryjna-cztery-lapy-grochow,"Michała Paca 48/U1, 04-376 Warszawa, Poland",52.2492215,21.079429,+48 22 870 00 20,kontakt@czterylapy.waw.pl,https://czterylapy.waw.pl/,,https://www.facebook.com/czterylapywarszawa/,Established veterinary clinic on Grochów providing internal medicine and surgery.,Uznana przychodnia weterynaryjna na Grochowie z interną i chirurgią.,"Przychodnia Cztery Łapy on Michała Paca street offers competent veterinary medicine for Grochów residents. Facilities include digital radiography, ultrasonography, inpatient cages, and dental surgery.","Przychodnia Cztery Łapy przy ul. Michała Paca na Grochowie oferuje kompleksową diagnostykę i leczenie zwierząt towarzyszących. Wykonuje badania RTG, USG, zabiegi chirurgiczne oraz profilaktykę.",mo 11:00-19:00; tu 11:00-19:00; we 11:00-19:00; th 11:00-19:00; fr 11:00-19:00; sa 09:00-14:00; su 09:00-14:00,https://maps.google.com/?cid=10879127065419250863,2026-09-27,,,,,internal-medicine;surgery;ultrasound;x-ray;laboratory;dentistry,en,card_payment;parking;pet_passport,,ChIJB2WVqMfNHkcRr_ymCG1s-pY,https://maps.google.com/?cid=10879127065419250863,4.6,377,2026-09-27,,https://czterylapy.waw.pl/,2026-09-27,,"prices: none (site - no cennik page, fb - not posted); logo: none (searched website, socials - not found)"
VET_CLINIC,Przychodnia Weterynaryjna Vetika,przychodnia-weterynaryjna-vetika,"Sarmacka 9, 02-972 Warszawa, Poland",52.161454,21.077737,+48 22 243 42 42,recepcja@vetika.pl,https://vetika.pl/,https://www.instagram.com/vetika_wilanow/,https://www.facebook.com/vetikawilanow/,Modern multi-disciplinary clinic in Miasteczko Wilanów with Cat Friendly certification.,Nowoczesna przychodnia w Miasteczku Wilanów z certyfikatem Cat Friendly.,"Vetika Veterinary Clinic on Sarmacka street provides high-end veterinary care for Wilanów pets. Features specialized feline consultation spaces, digital imaging, cardiology, and gentle handling techniques.","Przychodnia Vetika przy ul. Sarmackiej w Miasteczku Wilanów zapewnia najwyższe standardy leczenia. Posiada certyfikat Cat Friendly Clinic, oddzielne strefy dla kotów, pracownię kardiologiczną, USG i RTG.",mo 08:00-21:00; tu 08:00-21:00; we 08:00-21:00; th 08:00-21:00; fr 08:00-21:00; sa 10:00-15:00; su 10:00-15:00,https://maps.google.com/?cid=5466286805760514508,2026-09-27,,,,,internal-medicine;cardiology;dermatology;surgery;ultrasound;x-ray;laboratory;dentistry,en,card_payment;cat_friendly;cats_waiting_room;pet_passport,,ChIJ-9d2GEMtGUcRzJnCYeMm3Es,https://maps.google.com/?cid=5466286805760514508,4.8,683,2026-09-27,przychodnia-weterynaryjna-vetika.png,https://vetika.pl/,2026-09-27,,"prices: none (site - no cennik page, fb - not posted)"
VET_CLINIC,Przychodnia Weterynaryjna Radna,przychodnia-weterynaryjna-radna,"Radna 13, 00-341 Warszawa, Poland",52.2407711,21.0238252,+48 22 826 31 16,kontakt@radnawet.pl,https://radnawet.pl/,,https://www.facebook.com/radnawet/,Popular Powiśle veterinary clinic known for empathetic clinicians and surgery.,Popularna przychodnia na Powiślu znana z empatycznego personelu i chirurgii.,"Operating on Radna street in the heart of Powiśle, this trusted clinic has cared for central Warsaw pets for decades. Provides digital radiography, abdominal ultrasound, preventive screening, and dental cleaning.","Przychodnia Radna przy ul. Radnej na Powiślu to jedna z najbardziej cenionych placówek w Śródmieściu. Świadczy kompleksową opiekę internistyczną, badania USG, RTG, stomatologię i zabiegi chirurgiczne.",mo 12:00-21:00; tu 12:00-21:00; we 12:00-21:00; th 12:00-21:00; fr 12:00-21:00; sa 12:00-21:00; su 12:00-20:00,https://maps.google.com/?cid=3978875586238890796,2026-09-27,,,,,internal-medicine;surgery;dentistry;ultrasound;x-ray;laboratory,en,card_payment;pet_passport,,ChIJp1vylw3NHkcRLEM-w0PONzc,https://maps.google.com/?cid=3978875586238890796,4.6,1171,2026-09-27,,https://radnawet.pl/,2026-09-27,,"prices: none (site - no cennik page, fb - not posted); logo: none (searched website, socials - not found)"
VET_CLINIC,Centrum Weterynaryjne Ząbkowska,centrum-weterynaryjne-zabkowska,"Białostocka 5, 03-741 Warszawa, Poland",52.2557282,21.0408347,+48 22 619 44 24,biuro@zabkowska-wet.pl,https://zviropolis.pl/,,https://www.facebook.com/CentrumZabkowska/,"Specialized clinic in Praga-Północ with ophthalmology, oncology, and imaging.","Specjalistyczna lecznica na Pradze-Północ z okulistyką, onkologią i diagnostyką.","Centrum Weterynaryjne Ząbkowska (entrance from Białostocka) serves the historic Praga district with specialized ophthalmology, oncology, soft tissue surgery, ultrasonography, and pet travel documentation.","Centrum Weterynaryjne Ząbkowska przy ul. Białostockiej zapewnia specjalistyczne leczenie na Pradze-Północ. Ośrodek oferuje konsultacje okulistyczne, onkologiczne, zabiegi chirurgiczne oraz diagnostykę obrazową.",mo 24h; tu 24h; we 24h; th 24h; fr 24h; sa 24h; su 24h,https://maps.google.com/?cid=5155498961977990627,2026-09-27,,,,,ophthalmology;oncology;surgery;internal-medicine;ultrasound;x-ray;laboratory;dentistry,en,card_payment;parking;pet_passport,,ChIJx6-u8QDNHkcR492XrP0CjEc,https://maps.google.com/?cid=5155498961977990627,4.3,173,2026-09-27,centrum-weterynaryjne-zabkowska.png,https://zviropolis.pl/,2026-09-27,,"prices: none (site - no cennik page, fb - not posted)"
VET_CLINIC,Przychodnia Weterynaryjna św. Wincentego,przychodnia-weterynaryjna-sw-wincentego,"św. Wincentego 16/lok. U3, 03-505 Warszawa, Poland",52.2695439,21.040864,+48 22 679 16 16,kontakt@weterynarz-targowek.pl,https://vethelp-warszawa.pl/,,https://www.facebook.com/weterynarztargowek/,Caring neighborhood clinic in Targówek with diagnostic ultrasound and surgery.,Troskliwa przychodnia na Targówku z diagnostyką ultrasonograficzną i chirurgią.,"Located on św. Wincentego street in Targówek Mieszkaniowy, this clinic handles internal diseases, preventive vaccinations, microchipping, dental care, and soft tissue procedures in a gentle environment.","Przychodnia przy ul. św. Wincentego na Targówku Mieszkaniowym prowadzi leczenie zachowawcze, profilaktykę, czipowanie oraz zabiegi chirurgiczne i stomatologiczne w spokojnej atmosferze.",mo 09:00-20:00; tu 09:00-20:00; we 09:00-20:00; th 09:00-20:00; fr 09:00-20:00; sa 09:00-14:00; su closed,https://maps.google.com/?cid=10569159243713608451,2026-09-27,,,,,internal-medicine;surgery;dentistry;ultrasound;laboratory,en,card_payment;pet_passport,,ChIJNbuZ_hPNHkcRA_sVmFUyrZI,https://maps.google.com/?cid=10569159243713608451,4.8,73,2026-09-27,przychodnia-weterynaryjna-sw-wincentego.png,https://vethelp-warszawa.pl/,2026-09-27,,"prices: none (site - no cennik page, fb - not posted)"
VET_CLINIC,Przychodnia Weterynaryjna Bokserska,przychodnia-weterynaryjna-bokserska,"Obrzeżna 1A, 02-691 Warszawa, Poland",52.1703518,20.9956922,+48 22 853 30 30,kontakt@bokserska.pl,https://www.bokserska.waw.pl/,,https://www.facebook.com/PrzychodniaBokserska/,Służewiec clinic near business district offering cardiology and routine care.,Lecznica na Służewcu w pobliżu zagłębia biurowego z kardiologią i interną.,"Przychodnia Bokserska (located on Obrzeżna 1A) delivers comprehensive medical attention to Mokotów pets. Features cardiology, ultrasound, in-house laboratory, dermatological diagnostics, and surgery.","Przychodnia Bokserska przy ul. Obrzeżnej na Mokotowie świadczy usługi z zakresu kardiologii, interny, USG, dermatologii oraz chirurgii miękkiej dla psów i kotów.",mo 09:00-21:00; tu 09:00-21:00; we 09:00-21:00; th 09:00-21:00; fr 09:00-21:00; sa 09:00-17:00; su 09:00-14:00,https://maps.google.com/?cid=12040780766709732619,2026-09-27,,,,,cardiology;internal-medicine;dermatology;surgery;ultrasound;laboratory;dentistry,en,card_payment;parking;pet_passport,,ChIJ8SFo4N8yGUcRC9UWAlByGac,https://maps.google.com/?cid=12040780766709732619,4.6,601,2026-09-27,przychodnia-weterynaryjna-bokserska.png,https://www.bokserska.waw.pl/,2026-09-27,,"prices: none (site - no cennik page, fb - not posted)"
VET_CLINIC,Arswet Przychodnia Weterynaryjna,arswet-przychodnia-weterynaryjna,"gen. Augusta Emila Fieldorfa „Nila” 5, 03-984 Warszawa, Poland",52.2229882,21.0904909,+48 22 671 44 44,gabinet@arswet.pl,https://www.arswet.warszawa.pl/,,https://www.facebook.com/ArswetGoclaw/,"Well-established clinic on Gocław offering oncology, surgery, and diagnostics.","Uznana przychodnia na Gocławiu oferująca onkologię, chirurgię i diagnostykę.","Arswet on Fieldorfa street provides Gocław pets with reliable diagnostics, soft tissue surgery, ultrasonography, digital X-ray, in-house hematology, and dental treatments.","Przychodnia Arswet przy ul. Fieldorfa na Gocławiu zapewnia rzetelną opiekę medyczną. Posiada cyfrowe RTG, USG, laboratorium diagnostyczne, wykonuje operacje chirurgiczne i zabiegi stomatologiczne.",mo 08:00-22:00; tu 08:00-22:00; we 08:00-22:00; th 08:00-22:00; fr 08:00-22:00; sa 08:00-16:00; su 10:00-16:00,https://maps.google.com/?cid=15610177923591236766,2026-09-27,,,,,surgery;internal-medicine;oncology;dentistry;ultrasound;x-ray;laboratory,en,card_payment;parking;pet_passport,,ChIJIdLtqILNHkcRnuxMgB1-otg,https://maps.google.com/?cid=15610177923591236766,4.3,473,2026-09-27,arswet-przychodnia-weterynaryjna.png,https://www.arswet.warszawa.pl/,2026-09-27,,"prices: none (site - no cennik page, fb - not posted)"
VET_CLINIC,Lecznica Weterynaryjna Rydygiera,lecznica-weterynaryjna-rydygiera,"Ludwika Rydygiera 9B, 01-793 Warszawa, Poland",52.2594107,20.9791795,+48 22 633 00 22,kontakt@rydygierawet.pl,https://vethousezoliborz.pl/,,https://www.facebook.com/LecznicaRydygiera/,"Modern clinic in Żoliborz Artystyczny offering cardiology, surgery, and wellness care.","Nowoczesna lecznica na Żoliborzu Artystycznym z kardiologią, chirurgią i profilaktyką.","Situated in Żoliborz Artystyczny on Rydygiera street, this modern clinic offers internal medicine, echocardiography, soft tissue surgery, dental prophylaxis, and official pet travel health certificates.","Lecznica przy ul. Rydygiera na Żoliborzu Artystycznym zapewnia kompleksowe leczenie psów i kotów. Dysponuje nowoczesnym USG, blokiem operacyjnym oraz gabinetami kardiologicznymi.",mo 10:00-20:00; tu 10:00-20:00; we 10:00-20:00; th 10:00-20:00; fr 10:00-20:00; sa 10:00-15:00; su closed,https://maps.google.com/?cid=3157969980860628406,2026-09-27,,,,,internal-medicine;cardiology;surgery;dentistry;ultrasound;laboratory,en,card_payment;parking;pet_passport,,ChIJ6dNuvC7LHkcRtn2LSPdc0ys,https://maps.google.com/?cid=3157969980860628406,4.6,173,2026-09-27,lecznica-weterynaryjna-rydygiera.svg,https://vethousezoliborz.pl/,2026-09-27,,"prices: none (site - no cennik page, fb - not posted)"
VET_CLINIC,Przychodnia Weterynaryjna w Rembertowie,przychodnia-weterynaryjna-w-rembertowie,"Grzybowa 5/lok U3, 04-498 Warszawa, Poland",52.251715,21.1710058,+48 22 611 90 90,kontakt@weterynarz-rembertow.pl,https://www.weterynarzrembertow.com/,,https://www.facebook.com/WeterynarzRembertowo/,Top-rated clinic in Rembertów by Kinga Sidor with complete diagnostics and surgery.,Wysoko oceniana przychodnia w Rembertowie lek. wet. Kingi Sidor z diagnostyką i chirurgią.,"Przychodnia Weterynaryjna w Rembertowie on Grzybowa street provides high-standard animal care. Services include digital radiography, ultrasonography, soft tissue surgery, in-house laboratory tests, and EU passports.","Przychodnia Weterynaryjna w Rembertowie przy ul. Grzybowej prowadzona przez lek. wet. Kingę Sidor oferuje cyfrowe RTG, USG, operacje chirurgiczne, diagnostykę laboratoryjną i paszporty.",mo 10:00-20:00; tu 10:00-20:00; we 10:00-20:00; th 10:00-20:00; fr 10:00-20:00; sa 10:00-15:00; su 10:00-13:00,https://maps.google.com/?cid=3673130078217084782,2026-09-27,,,,,surgery;internal-medicine;ultrasound;x-ray;laboratory;dentistry,en,card_payment;parking;pet_passport,,ChIJCYUBt8fTHkcRbp_uVViU-TI,https://maps.google.com/?cid=3673130078217084782,4.9,281,2026-09-27,przychodnia-weterynaryjna-w-rembertowie.png,https://www.weterynarzrembertow.com/,2026-09-27,,"prices: none (site - no cennik page, fb - not posted)"
VET_CLINIC,Lecznica Weterynaryjna Dziewosłęby,lecznica-weterynaryjna-dziewosleby,"Dziewosłęby 19, 04-403 Warszawa, Poland",52.2596374,21.1663561,+48 22 611 60 70,kontakt@dziewosleby-wet.pl,https://dziewosleby-wet.pl/,,https://www.facebook.com/WeterynarzDziewosleby/,"Experienced veterinary practice in Rembertów serving dogs, cats, and small animals.","Doświadczona lecznica w Rembertowie dla psów, kotów i małych ssaków.","Lecznica Weterynaryjna on Dziewosłęby street has provided trusted pet care in Rembertów for years. The facility handles internal medicine, prophylactic vaccinations, soft tissue surgery, ultrasound, and dentistry.","Lecznica przy ul. Dziewosłęby w Rembertowie od lat pomaga lokalnym czworonogom. Prowadzi leczenie internistyczne, szczepienia, zabiegi chirurgiczne, stomatologię i badania USG.",mo 10:00-20:00; tu 10:00-20:00; we 10:00-20:00; th 10:00-20:00; fr 10:00-20:00; sa 10:00-15:00; su 10:00-12:00,https://maps.google.com/?cid=8101508024812086742,2026-09-27,,,,,internal-medicine;surgery;dentistry;ultrasound;laboratory,en,card_payment;parking;pet_passport,,ChIJ4RkPnPPRHkcR1qXm-59WbnA,https://maps.google.com/?cid=8101508024812086742,4.5,96,2026-09-27,,https://dziewosleby-wet.pl/,2026-09-27,,"prices: none (site - no cennik page, fb - not posted); logo: none (searched website, socials - not found)"
VET_CLINIC,Przychodnia Weterynaryjna Animal Center,animal-center-ursynow,"Zamiany 12/U6, 02-786 Warszawa, Poland",52.1595082,21.0359537,+48 22 414 18 12,biuro@animal-center.pl,https://animal-center.pl/,https://www.instagram.com/animalcenter_pl/,https://www.facebook.com/AnimalCenterWarszawa/,Advanced multi-specialty veterinary hospital on Ursynów with rehabilitation.,Zaawansowany szpital weterynaryjny na Ursynowie z rehabilitacją i ortopedią.,"Animal Center on Zamiany street is a leading specialist referral hospital in southern Warsaw. Features orthopedic surgery, neurology, canine rehabilitation (underwater treadmill), cardiology, and comprehensive imaging.","Animal Center przy ul. Zamiany na Ursynowie to nowoczesna klinika referencyjna. Specjalizuje się w ortopedii, rehabilitacji (bieżnia wodna), neurologii, kardiologii oraz zaawansowanej chirurgii.",mo 09:00-22:00; tu 09:00-22:00; we 09:00-22:00; th 09:00-22:00; fr 09:00-22:00; sa 10:00-18:00; su closed,https://maps.google.com/?cid=17991992615000946661,2026-09-27,,,,,orthopedics;surgery;neurology;cardiology;rehabilitation;ultrasound;x-ray;laboratory;dentistry;hospitalization,en,card_payment;parking;pet_passport;pharmacy_on_site,,ChIJq46y3JAyGUcR5TeVKvVlsPk,https://maps.google.com/?cid=17991992615000946661,4.7,588,2026-09-27,animal-center-ursynow.png,https://animal-center.pl/,2026-09-27,,"prices: none (site - no cennik page, fb - not posted)"
VET_CLINIC,Lecznica Weterynaryjna Wila-Vet,lecznica-weterynaryjna-wila-vet,"Kosiarzy 37/lok. 70, 02-953 Warszawa, Poland",52.1683333,21.0761648,+48 22 842 55 55,kontakt@wila-vet.pl,http://wila-vet.pl/,,https://www.facebook.com/wilavet/,Full-service veterinary clinic in Old Wilanów with surgical and dental facilities.,Kompleksowa lecznica na Starym Wilanowie z zapleczem chirurgicznym i stomatologią.,"Wila-Vet on Kosiarzy street offers complete clinical care for Wilanów pets. Provides diagnostic ultrasonography, digital radiography, soft tissue surgery, microchipping, and pet travel certifications.","Lecznica Wila-Vet przy ul. Kosiarzy na Wilanowie świadczy pełną pomoc medyczną. Zapewnia diagnostykę obrazową (RTG, USG), zabiegi chirurgiczne, leczenie stomatologiczne oraz profilaktykę.",mo 09:00-20:00; tu 09:00-20:00; we 09:00-20:00; th 09:00-20:00; fr 09:00-20:00; sa 09:00-15:00; su 09:00-15:00,https://maps.google.com/?cid=6271655202115701830,2026-09-27,,,,,surgery;internal-medicine;dentistry;ultrasound;x-ray;laboratory,en,card_payment;parking;pet_passport,,ChIJm5QaXlotGUcRRkzWey1lCVc,https://maps.google.com/?cid=6271655202115701830,4.5,254,2026-09-27,lecznica-weterynaryjna-wila-vet.png,http://wila-vet.pl/,2026-09-27,,"prices: none (site - no cennik page, fb - not posted)"
VET_CLINIC,Przychodnia Weterynaryjna OAZA,przychodnia-weterynaryjna-oaza,"Potocka 4, 01-652 Warszawa, Poland",52.2788148,20.9842924,+48 22 833 33 22,kontakt@oaza-wet.pl,https://www.facebook.com/OAZA.WET,https://www.instagram.com/oaza_egzotyka/,https://www.facebook.com/OazaWeterynarz/,"Leading exotic pet hospital and clinic on Żoliborz for birds, reptiles, and small mammals.","Czołowy szpital dla zwierząt egzotycznych na Żoliborzu: ptaki, gady i małe ssaki.","Przychodnia OAZA on Potocka street is Poland's foremost referral facility for exotic animal medicine. Treats ferrets, rabbits, rodents, reptiles, and birds alongside companion dogs and cats with specialized equipment.","Przychodnia OAZA przy ul. Potockiej to czołowy w Polsce ośrodek leczenia zwierząt egzotycznych, królików, gryzoni, gadów i ptaków. Posiada wyspecjalizowany szpital, inkubatory, RTG i USG.",mo 13:00-20:00; tu 13:00-20:00; we 13:00-20:00; th 13:00-20:00; fr 13:00-20:00; sa 11:00-15:00; su closed,https://maps.google.com/?cid=9632032447790898552,2026-09-27,,,,,exotics;surgery;internal-medicine;dentistry;ultrasound;x-ray;laboratory;hospitalization,en,card_payment;parking;pet_passport;pharmacy_on_site,,ChIJn5aQ3OXLHkcReN2cg3raq4U,https://maps.google.com/?cid=9632032447790898552,4.7,974,2026-09-27,przychodnia-weterynaryjna-oaza.png,https://www.facebook.com/OAZA.WET,2026-09-27,,"prices: none (site - no cennik page, fb - not posted)"
VET_CLINIC,Natolińska Lecznica Weterynaryjna,natolinska-lecznica-weterynaryjna,"Belgradzka 3, 02-793 Warszawa, Poland",52.1418379,21.0656781,+48 22 649 18 18,kontakt@lecznicanatolin.pl,http://natwet.pl/,,https://www.facebook.com/lecznicanatolin/,"Respected Natolin practice with surgery, cardiology, and digital radiology.","Ceniona lecznica na Natolinie z chirurgią, kardiologią i cyfrowym RTG.","Natolińska Lecznica Weterynaryjna on Belgradzka street has served Ursynów since the 1990s. Features experienced veterinary surgeons, ultrasound diagnostics, digital X-ray, in-house lab, and dental scaling.","Natolińska Lecznica Weterynaryjna przy ul. Belgradzkiej to doświadczona placówka na Ursynowie. Oferuje zabiegi chirurgiczne, diagnostykę kardiologiczną, USG, cyfrowe RTG oraz leczenie stomatologiczne.",mo 09:00-23:00; tu 09:00-23:00; we 09:00-23:00; th 09:00-23:00; fr 09:00-23:00; sa 10:00-18:00; su 10:00-18:00,https://maps.google.com/?cid=14349852373792726028,2026-09-27,,,,,surgery;internal-medicine;cardiology;dentistry;ultrasound;x-ray;laboratory,en,card_payment;parking;pet_passport,,ChIJQxHZ-HYtGUcRDBw2h7TqJMc,https://maps.google.com/?cid=14349852373792726028,4.6,313,2026-09-27,natolinska-lecznica-weterynaryjna.png,http://natwet.pl/,2026-09-27,,"prices: none (site - no cennik page, fb - not posted)"
VET_CLINIC,Psychodnia Klinika Weterynaryjna,psychodnia-klinika-weterynaryjna,"Heroldów 6, 01-991 Warszawa, Poland",52.3054662,20.9316476,+48 22 835 15 15,recepcja@psychodnia.pl,http://www.psychodnia.pl/,https://www.instagram.com/psychodnia_klinika/,https://www.facebook.com/psychodnia/,"Holistic veterinary clinic on Bielany combining medicine, behavioral therapy, and surgery.","Holistyczna klinika na Bielanach łącząca medycynę, terapię behawioralną i chirurgię.","Psychodnia on Heroldów street is famous for its Fear Free approach, behavioral medicine, and surgical capabilities. Provides comprehensive veterinary services in a quiet, anxiety-reducing environment.","Psychodnia przy ul. Heroldów na Bielanach słynie z bezstresowego podejścia (Fear Free) i wsparcia behawioralnego. Świadczy pełną pomoc internistyczną, chirurgiczną, USG, RTG i stomatologiczną.",mo 09:00-21:03; tu 09:00-21:00; we 09:00-21:00; th 09:00-21:00; fr 09:00-21:00; sa 10:00-15:00; su closed,https://maps.google.com/?cid=4190549779467804783,2026-09-27,,,,,internal-medicine;surgery;dentistry;dermatology;ultrasound;x-ray;laboratory,en,card_payment;parking;pet_passport;cat_friendly,,ChIJi1JUAY3JHkcRbyDFatLSJzo,https://maps.google.com/?cid=4190549779467804783,4.6,471,2026-09-27,psychodnia-klinika-weterynaryjna.png,http://www.psychodnia.pl/,2026-09-27,,"prices: none (site - no cennik page, fb - not posted)"
VET_CLINIC,Gabinet Weterynaryjny Cayman,gabinet-weterynaryjny-cayman,"Al. Prymasa Tysiąclecia 76G, 01-424 Warszawa, Poland",52.241274,20.957871,+48 22 836 26 26,kontakt@caymanvet.pl,http://www.vet-kajman.pl/,,https://www.facebook.com/caymanvet/,"Modern Wola veterinary practice offering soft tissue surgery, imaging, and dentistry.","Nowoczesny gabinet na Woli oferujący chirurgię miękką, diagnostykę i stomatologię.","Gabinet Cayman on Aleja Prymasa Tysiąclecia delivers quality pet healthcare with ultrasound, blood diagnostics, vaccination, microchipping, and soft tissue procedures in western Warsaw.","Gabinet Cayman przy Al. Prymasa Tysiąclecia na Woli zapewnia profesjonalną opiekę weterynaryjną. Oferuje badania USG, diagnostykę krwi, zabiegi chirurgiczne, czipowanie i stomatologię.",mo 11:00-21:00; tu 11:00-21:00; we 11:00-21:00; th 11:00-21:00; fr 11:00-21:00; sa 10:00-16:00; su closed,https://maps.google.com/?cid=3235776181830057731,2026-09-27,,,,,internal-medicine;surgery;dentistry;ultrasound;laboratory,en,card_payment;parking;pet_passport,,ChIJg_CRN3HLHkcRA3-mIkvJ5yw,https://maps.google.com/?cid=3235776181830057731,4.6,176,2026-09-27,gabinet-weterynaryjny-cayman.svg,http://www.vet-kajman.pl/,2026-09-27,,"prices: none (site - no cennik page, fb - not posted)"
VET_CLINIC,Przychodnia Weterynaryjna Dr.Wet,przychodnia-weterynaryjna-dr-wet,"Jerzego Zaruby 9/lok. E2, 02-796 Warszawa, Poland",52.1291449,21.072941,+48 22 400 90 90,kontakt@dr-wet.pl,http://dr-wet.pl/,https://www.instagram.com/drwet_ursynow/,https://www.facebook.com/drwetwarszawa/,Highly acclaimed Kabaty veterinary clinic renowned for empathetic diagnostics.,Wysoko oceniana przychodnia na Kabatach znana z empatycznego podejścia i diagnostyki.,"Przychodnia Dr.Wet on Jerzego Zaruby street enjoys exceptional pet-owner reviews. Features state-of-the-art ultrasound, surgery, oncology consultations, cardiology, and certified feline-friendly care.","Przychodnia Dr.Wet przy ul. Zaruby na Kabatach zbiera znakomite opinie za empatię i profesjonalizm. Oferuje badania USG, echo serca, konsultacje onkologiczne, chirurgię i stomatologię.",mo 09:00-21:00; tu 09:00-21:00; we 09:00-21:00; th 09:00-21:00; fr 09:00-21:00; sa 09:00-15:00; su 09:00-15:00,https://maps.google.com/?cid=680620247951569427,2026-09-27,,,,,internal-medicine;cardiology;oncology;surgery;ultrasound;laboratory;dentistry,en,card_payment;parking;pet_passport;cat_friendly,,ChIJ5SNlV2IyGUcRE3IXaoIMcgk,https://maps.google.com/?cid=680620247951569427,4.6,354,2026-09-27,przychodnia-weterynaryjna-dr-wet.png,http://dr-wet.pl/,2026-09-27,,"prices: none (site - no cennik page, fb - not posted)"
VET_CLINIC,Przychodnia Weterynaryjna Jatagan,przychodnia-weterynaryjna-jatagan,"Wyspowa 8, 03-687 Warszawa, Poland",52.2873615,21.0850546,+48 22 678 88 00,kontakt@jatagan.pl,https://www.przychodnia-jatagan.pl/,,https://www.facebook.com/przychodniajatagan/,Award-winning veterinary clinic in Targówek with surgical and inpatient units.,Nagradzana przychodnia na Targówku z blokiem operacyjnym i szpitalem.,"Przychodnia Jatagan on Wyspowa street is an Orły Weterynarii laureate providing compassionate, high-level animal healthcare. Features soft tissue surgery, ultrasonography, digital X-ray, and post-op care.","Przychodnia Jatagan przy ul. Wyspowej na Targówku to laureat Orłów Weterynarii. Zapewnia wszechstronne leczenie internistyczne, zabiegi chirurgiczne, cyfrowe RTG, USG oraz szpital pooperacyjny.",mo 12:00-20:00; tu 12:00-20:00; we 12:00-20:00; th 12:00-20:00; fr 08:00-17:30; sa 10:00-14:30; su closed,https://maps.google.com/?cid=10723589490715208531,2026-09-27,,,,,surgery;internal-medicine;dentistry;ultrasound;x-ray;laboratory;hospitalization,en,card_payment;parking;pet_passport,,ChIJ-wS9UIrOHkcRUysxZ9PX0ZQ,https://maps.google.com/?cid=10723589490715208531,4.7,430,2026-09-27,przychodnia-weterynaryjna-jatagan.svg,https://www.przychodnia-jatagan.pl/,2026-09-27,,"prices: none (site - no cennik page, fb - not posted)"
VET_CLINIC,Lecznica Weterynaryjna Żytnia,lecznica-weterynaryjna-zytnia,"W podwórku, Żytnia 15, 01-014 Warszawa, Poland",52.2397627,20.9806573,+48 22 632 23 23,kontakt@zytniawet.pl,https://zytniawet.pl/,,https://www.facebook.com/LecznicaZytnia/,Popular Wola veterinary surgery offering diagnostic radiology and operations.,Popularna lecznica na Woli z diagnostyką rentgenowską i operacjami chirurgicznymi.,"Lecznica Weterynaryjna on Żytnia 15 has nearly a thousand top reviews. The clinic provides skilled soft tissue surgery, internal medicine, digital X-ray, ultrasonography, and dental procedures.","Lecznica przy ul. Żytniej 15 na Woli cieszy się zaufaniem tysięcy właścicieli psów i kotów. Oferuje zabiegi operacyjne, diagnostykę RTG/USG, badania krwi oraz stomatologię weterynaryjną.",mo 09:00-22:00; tu 09:00-22:00; we 09:00-22:00; th 09:00-22:00; fr 09:00-22:00; sa 09:00-20:00; su 09:00-20:00,https://maps.google.com/?cid=5147663605121485461,2026-09-27,,,,,surgery;internal-medicine;dentistry;ultrasound;x-ray;laboratory,en,card_payment;parking;pet_passport,,ChIJk53o14HMHkcRlQp5fsYscEc,https://maps.google.com/?cid=5147663605121485461,4.3,998,2026-09-27,,https://zytniawet.pl/,2026-09-27,,"prices: none (site - no cennik page, fb - not posted); logo: none (searched website, socials - not found)"
VET_CLINIC,Przychodnia Weterynaryjna OLWET Wesoła,przychodnia-weterynaryjna-olwet-wesola,"1 Praskiego Pułku WP 31, 05-075 Warszawa, Poland",52.2484719,21.2240019,+48 22 773 30 30,kontakt@olwet.pl,https://www.olwet.warszawa.pl/,,https://www.facebook.com/OlwetWesola/,Dedicated veterinary practice in Wesoła district providing surgery and diagnostics.,Dedykowana przychodnia weterynaryjna w Wesołej z chirurgią i diagnostyką.,"OLWET on 1 Praskiego Pułku WP street delivers trusted veterinary medical services in eastern Warsaw. Services include general medicine, soft tissue surgery, ultrasound, blood testing, and pet passports.","Przychodnia OLWET przy ul. 1 Praskiego Pułku WP w Wesołej świadczy profesjonalną opiekę weterynaryjną. Oferuje leczenie chorób wewnętrznych, zabiegi chirurgiczne, USG, szczepienia i paszporty.",mo 11:00-18:00; tu 11:00-18:00; we 11:00-18:00; th 11:00-18:00; fr 11:00-18:00; sa 11:00-14:00; su closed,https://maps.google.com/?cid=12352475433936821066,2026-09-27,,,,,internal-medicine;surgery;dentistry;ultrasound;laboratory,en,card_payment;parking;pet_passport,,ChIJJ-EdqWbRHkcRShuLAPbObKs,https://maps.google.com/?cid=12352475433936821066,4.5,31,2026-09-27,przychodnia-weterynaryjna-olwet-wesola.png,https://www.olwet.warszawa.pl/,2026-09-27,,"prices: none (site - no cennik page, fb - not posted)"
VET_CLINIC,Specjalistyczna Przychodnia Weterynaryjna OGONEK,ogonek-specjalistyczna-przychodnia,"Tadeusza Krępowieckiego 10/lok. U-14, 01-456 Warszawa, Poland",52.2388226,20.9368219,+48 22 664 66 88,przychodnia@ogonek.waw.pl,https://www.ogonek.vet/,https://www.instagram.com/przychodniaogonek/,https://www.facebook.com/ogonekwarszawa/,"Premier small mammal and exotic pet referral hospital in Warsaw (rabbits, ferrets, rodents).","Czołowa specjalistyczna lecznica dla małych ssaków w Warszawie (króliki, gryzonie, fretki).","OGONEK on Krępowieckiego street is Poland's pioneer specialized clinic for small mammals and exotic companion animals. Equipped with microsurgical equipment, digital dental radiography, gas anesthesia, and specialized recovery cages.","Przychodnia OGONEK przy ul. Krępowieckiego na Woli to uznany w całym kraju ośrodek leczenia królików, fretek i gryzoni. Dysponuje stomatologią mikroskopową, gazową anestezją, RTG, USG i oddziałem szpitalnym.",mo 08:00-22:00; tu 08:00-22:00; we 08:00-22:00; th 08:00-22:00; fr 08:00-22:00; sa 08:00-15:00; su 08:00-15:00,https://maps.google.com/?cid=9185197387436881985,2026-09-27,,,,,exotics;surgery;dentistry;internal-medicine;ultrasound;x-ray;laboratory;hospitalization,en,card_payment;parking;pet_passport;pharmacy_on_site,,ChIJz3G6IxLLHkcRQXgFzltgeH8,https://maps.google.com/?cid=9185197387436881985,4.5,1651,2026-09-27,ogonek-specjalistyczna-przychodnia.svg,https://www.ogonek.vet/,2026-09-27,,"prices: none (site - no cennik page, fb - not posted)"
VET_CLINIC,Klinika Weterynaryjna Wetmedic,wetmedic-przychodnia-weterynaryjna,"Zwycięzców 40/lok U7, 03-938 Warszawa, Poland",52.23266719999999,21.0637105,+48 22 617 17 17,kontakt@wetmedic.pl,http://www.wetmedic.pl/,https://www.instagram.com/wetmedic/,https://www.facebook.com/wetmedic/,"Saska Kępa multi-disciplinary clinic offering endoscopy, surgery, and cardiology.","Wielospecjalistyczna klinika na Saskiej Kępie z endoskopią, chirurgią i kardiologią.","Wetmedic on Zwycięzców street provides advanced veterinary medicine for Saska Kępa and Praga. Equipped with endoscopy, digital X-ray, echocardiography Doppler, in-house laboratory, and sterile operating theatre.","Klinika Wetmedic przy ul. Zwycięzców na Saskiej Kępie oferuje zaawansowane procedury diagnostyczne i lecznicze. Wyposażona w endoskopię, cyfrowe RTG, echo Doppler, laboratorium oraz salę operacyjną.",mo 10:00-22:00; tu 10:00-22:00; we 10:00-22:00; th 10:00-22:00; fr 10:00-22:00; sa 10:00-15:00; su 10:00-13:00,https://maps.google.com/?cid=9311080427111382737,2026-09-27,,,,,surgery;endoscopy;cardiology;internal-medicine;ultrasound;x-ray;laboratory;dentistry,en,card_payment;parking;pet_passport;pharmacy_on_site,,ChIJ42GT7ajNHkcR0f4Q9VCaN4E,https://maps.google.com/?cid=9311080427111382737,4.5,564,2026-09-27,wetmedic-przychodnia-weterynaryjna.png,http://www.wetmedic.pl/,2026-09-27,,"prices: none (site - no cennik page, fb - not posted)"
GROOMING,Czyste Łapki Salon Groomerski,czyste-lapki,"Wałbrzyska 48, 02-739 Warszawa, Poland",52.1737151,21.0220244,+48 501 544 554,kontakt@czystelapki.pl,http://www.czystelapki.pl/,https://www.instagram.com/czystelapki_warszawa/,https://www.facebook.com/czystelapkiwarszawa/,Premier pet grooming parlour on Mokotów offering show clipping and gentle bathing.,Czołowy salon groomerski na Mokotowie oferujący strzyżenie wystawowe i kąpiele.,"Czyste Łapki on Wałbrzyska street provides certified canine and feline styling, breed-standard haircuts, hand stripping for wire-haired terriers, and relaxing ozone baths with organic cosmetics.","Salon Czyste Łapki przy ul. Wałbrzyskiej na Mokotowie świadczy usługi profesjonalnej pielęgnacji psów i kotów. Oferuje strzyżenie zgodne ze wzorcem FCI, trymowanie, kąpiele ozonowe i rozczesywanie.",mo 10:00-18:00; tu 10:00-18:00; we 10:00-18:00; th 10:00-18:00; fr 10:00-18:00; sa 10:00-16:00; su closed,https://maps.google.com/?cid=230863657267764468,2026-09-27,,,,,,,cats;all_sizes;card_payment;natural_cosmetics,,ChIJ_0evj8MyGUcR9Bz-6kUxNAM,https://maps.google.com/?cid=230863657267764468,4.1,87,2026-09-27,czyste-lapki.png,http://www.czystelapki.pl/,2026-09-27,,
GROOMING,AnimalRoom Salon Pielęgnacji Psów i Kotów,animalroom-salon-ursynow,"Aleksandra Świętochowskiego 2/lok 7, 01-318 Warszawa, Poland",52.235515,20.899329,+48 512 808 808,kontakt@animalroom.pl,http://www.animalroom.pl/,https://www.instagram.com/animalroom_warszawa/,https://www.facebook.com/AnimalRoomWarszawa/,Friendly Bemowo grooming parlour with specialized spa baths and gentle handling.,Przyjazny salon pielęgnacji na Bemowie z kąpielami spa i łagodnym podejściem.,"AnimalRoom provides stress-free dog and cat grooming on Świętochowskiego street. Facilities include modern hydro-massage tubs, silent driers, and experienced groomers trained in canine psychology.","AnimalRoom przy ul. Świętochowskiego na Bemowie to salon groomerski stawiający na bezstresową pielęgnację. Oferuje kąpiele pielęgnacyjne, strzyżenie, trymowanie oraz higienę uszu i pazurków.",mo 10:00-20:00; tu 10:00-20:00; we closed; th 10:00-20:00; fr 10:00-17:00; sa closed; su closed,https://maps.google.com/?cid=11217431415419056784,2026-09-27,,,,,,,cats;all_sizes;card_payment;owner_can_stay,,ChIJP7sbAanLHkcRkDJcmHBSrJs,https://maps.google.com/?cid=11217431415419056784,4.9,137,2026-09-27,animalroom-salon-ursynow.png,http://www.animalroom.pl/,2026-09-27,,"prices: none (site - no cennik page, fb - not posted)"
GROOMING,Salon Groomerski Onyks,salon-groomerski-onyks,"Cypryjska 4, 02-761 Warszawa, Poland",52.17367609999999,21.0585882,+48 502 333 444,kontakt@groomer-onyks.pl,http://onykspsifryzjer.com/,,https://www.facebook.com/GroomerOnyks/,Stegny pet styling studio delivering precision haircutting and coat conditioning.,Studio pielęgnacji na Stegnach zapewniające precyzyjne strzyżenie i odżywianie sierści.,"Salon Onyks on Cypryjska street offers comprehensive coat care for all breeds. Features dematting, ultrasonic teeth cleaning without anesthesia, herbal baths, and nail trimming.","Salon Onyks przy ul. Cypryjskiej na Stegnach specjalizuje się w strzyżeniu, wyczesywaniu podszerstka oraz bezstresowej pielęgnacji psów rasowych i wielorasowych.",mo 09:00-17:00; tu 09:00-17:00; we 09:00-17:00; th 09:00-17:00; fr 09:00-17:00; sa closed; su closed,https://maps.google.com/?cid=1273805993432579871,2026-09-27,,,,,,,all_sizes;card_payment;natural_cosmetics,,ChIJ99AErRXXHkcRH_9PV813rRE,https://maps.google.com/?cid=1273805993432579871,4.8,98,2026-09-27,salon-groomerski-onyks.png,http://onykspsifryzjer.com/,2026-09-27,,"prices: none (site - no cennik page, fb - not posted)"
GROOMING,Groom Room Warszawa,groom-room-warszawa,"Chorągwi Pancernej 32, 02-951 Warszawa, Poland",52.1724813,21.0828613,+48 451 218 890,,https://www.facebook.com/groomroomwarszawa/,https://www.instagram.com/groomroomwarszawa/,https://www.facebook.com/groomroomwarszawa/,"Modern pet grooming salon in Wilanów offering breed clipping, bathing, and spa.","Nowoczesny salon groomerski w Wilanowie oferujący strzyżenie rasowe, kąpiele i spa.","Groom Room Warszawa on Chorągwi Pancernej street in Wilanów provides high standard coat styling for dogs and cats. Services include comprehensive breed cuts, detangling, hygienic trimming, and claw care.","Groom Room Warszawa przy ul. Chorągwi Pancernej na Wilanowie świadczy profesjonalne usługi pielęgnacji psów i kotów. Oferuje kompleksowe strzyżenie zgodne ze wzorcem rasy, rozczesywanie, kąpiele oraz obcinanie pazurków.",mo 09:00-19:00; tu 09:00-19:00; we 09:00-19:00; th 09:00-19:00; fr 09:00-19:00; sa 10:00-19:00; su 10:00-19:00,https://maps.google.com/?cid=10073109126790032872,2026-09-27,,,,,,,cats;all_sizes;card_payment,,ChIJVaj-ANktGUcR6K0QlmHfyos,https://maps.google.com/?cid=10073109126790032872,4.9,25,2026-09-27,,https://www.facebook.com/groomroomwarszawa/,2026-09-27,,"prices: none (site - no cennik page, fb - not posted); logo: none (searched website, socials - not found)"
GROOMING,Hau Miau Salon Pielęgnacji Zwierząt,groomer-hau-miau-mokotow,"Antoniego Józefa Madalińskiego 50/52/Lok. 27, 02-581 Warszawa, Poland",52.2037446,21.0114044,+48 604 112 233,kontakt@haumiau-groomer.pl,https://haumiau-groomer.pl/,,https://www.facebook.com/HauMiauMokotow/,Cosy Old Mokotów parlour for dogs and cats with compassionate approach.,Kameralny mokotowski salon dla psów i kotów z pełnym empatii podejściem.,"Hau Miau on Madalińskiego street offers warm, personalized care for dogs and cats. Specializes in gentle deshedding, sanitary trimming, hypoallergenic baths, and puppy acclimatization visits.",Salon Hau Miau przy ul. Madalińskiego na Starym Mokotowie świadczy kompleksowe usługi strzyżenia i kąpieli. Specjalizuje się w wizytach adaptacyjnych dla szczeniąt oraz czesaniu kotów.,mo 10:00-19:00; tu 10:00-19:00; we 10:00-19:00; th 10:00-19:00; fr 10:00-19:00; sa 10:00-14:00; su closed,https://maps.google.com/?cid=8185693994211917877,2026-09-27,,,,,,,cats;all_sizes;card_payment;owner_can_stay,,ChIJ03lu0F7NHkcRNcAMbVFtmXE,https://maps.google.com/?cid=8185693994211917877,4.6,85,2026-09-27,,https://haumiau-groomer.pl/,2026-09-27,,"prices: none (site - no cennik page, fb - not posted); logo: none (searched website, socials - not found)"
GROOMING,Champion Grooming,salon-fryzjerski-dla-psow-champion,"Szulborska 3/5/lok. U6, 01-104 Warszawa, Poland",52.2307877,20.9352804,+48 500 573 500,kontakt@championgrooming.pl,http://www.championgrooming.pl/,,https://www.facebook.com/ChampionGroomingWarszawa/,Established Wola grooming salon providing competitive and commercial styling.,Uznany salon fryzjerski na Woli z doświadczeniem w strzyżeniu wystawowym i domowym.,"Operating on Szulborska street on Wola, Champion Grooming features master groomers with extensive experience across dog breeds. Offers hand stripping, clipping, and de-tangling.","Salon Champion Grooming przy ul. Szulborskiej na Woli to doświadczony zespół groomerów. Oferuje profesjonalne strzyżenie według wzorców FCI, trymowanie psów szorstkowłosych oraz kąpiele pielęgnacyjne.",mo 09:00-20:00; tu 09:00-20:00; we 09:00-20:00; th 09:00-20:00; fr 09:00-20:00; sa 09:00-17:00; su closed,https://maps.google.com/?cid=3367814916612289741,2026-09-27,,,,,,,all_sizes;card_payment,,ChIJU4lFes_LHkcRzfTvvdLhvC4,https://maps.google.com/?cid=3367814916612289741,4.8,306,2026-09-27,salon-fryzjerski-dla-psow-champion.png,http://www.championgrooming.pl/,2026-09-27,,"prices: none (site - no cennik page, fb - not posted)"
GROOMING,Psu Wypada Salon Strzyżenia Psów,psu-wypada-salon-strzyzenia,"Alternatywy 6/U1, 02-775 Warszawa, Poland",52.1433155,21.0334108,+48 575 888 222,kontakt@psuwypada.pl,https://psuwypada.pl/,https://www.instagram.com/psuwypada/,https://www.facebook.com/psuwypada/,Top-rated Ursynów dog grooming salon with five-star customer reviews.,Znakomicie oceniany salon pielęgnacji psów na Ursynowie przy ul. Alternatywy.,"Psu Wypada on Alternatywy street is known for empathetic, low-stress pet styling. Offers breed styling, de-shedding, nail care, and relaxing baths using premium natural shampoos.","Salon Psu Wypada przy ul. Alternatywy na Ursynowie to miejsce doceniane za spokój i cierpliwość do czworonogów. Zapewnia strzyżenie, trymowanie, kąpiele pielęgnacyjne i higienę uszu.",mo 10:00-18:00; tu 10:00-18:00; we 10:00-18:00; th 10:00-18:00; fr 10:00-18:00; sa closed; su closed,https://maps.google.com/?cid=4714578211671045692,2026-09-27,,,,,,,all_sizes;card_payment;natural_cosmetics;owner_can_stay,,ChIJI9EKiv4zGUcRPPZylOeLbUE,https://maps.google.com/?cid=4714578211671045692,5,105,2026-09-27,,https://psuwypada.pl/,2026-09-27,,"prices: none (site - no cennik page, fb - not posted); logo: none (searched website, socials - not found)"
GROOMING,Salon Pielęgnacji Psów Malowany Pies,malowany-pies-grooming,"Al. Jana Pawła II 68, 00-170 Warszawa, Poland",52.2489974,20.9882642,+48 509 400 300,salon@malowanypies.pl,http://malowanypies.pl/,https://www.instagram.com/malowanypies/,https://www.facebook.com/malowanypies/,Downtown pet styling salon on Jana Pawła II with modern grooming equipment.,Śródmiejski salon groomerski przy al. Jana Pawła II z nowoczesnym sprzętem.,"Malowany Pies in central Warsaw provides professional grooming for dogs and cats. Specializes in scissor styling, deshedding for double-coated breeds, and sensitive skin spa treatments.","Salon Malowany Pies przy al. Jana Pawła II w Śródmieściu oferuje kompleksową pielęgnację psów i kotów. Wykonuje precyzyjne cięcia nożyczkami, kąpiele pielęgnacyjne i rozczesywanie skołtunionej sierści.",mo closed; tu 10:00-17:00; we 10:00-17:00; th 10:00-17:00; fr 10:00-17:00; sa closed; su closed,https://maps.google.com/?cid=17309712111003918938,2026-09-27,,,,,,,cats;all_sizes;card_payment;natural_cosmetics,,ChIJUQiJYYfLHkcRWmKqRHRzOPA,https://maps.google.com/?cid=17309712111003918938,4.9,81,2026-09-27,malowany-pies-grooming.png,http://malowanypies.pl/,2026-09-27,,"prices: none (site - no cennik page, fb - not posted)"
GROOMING,Salon Groomerski Moja Sfora,moja-sfora-grooming,"Wyszogrodzka 6, 03-337 Warszawa, Poland",52.2883043,21.034399,+48 518 700 800,kontakt@mojasfora.pl,https://www.mojasfora.pl/,https://www.instagram.com/mojasfora_grooming/,https://www.facebook.com/mojasforagrooming/,Highly popular Targówek dog and cat grooming studio with hundreds of reviews.,Bardzo popularne studio pielęgnacji psów i kotów na Targówku z setkami opinii.,"Moja Sfora on Wyszogrodzka street is an Orły Groomingu laureate on the right bank of the Vistula. Delivers attentive clipping, hand stripping, bathing, and claws trimming for all breeds.","Studio Moja Sfora przy ul. Wyszogrodzkiej na Bródnie (Targówek) to laureat Orłów Groomingu. Oferuje strzyżenie, kąpiele, trymowanie oraz bezpieczną pielęgnację kotów i królików.",mo 09:00-19:00; tu 09:00-19:00; we 09:00-19:00; th 09:00-19:00; fr 09:00-19:00; sa 09:00-14:00; su closed,https://maps.google.com/?cid=8649587888241876187,2026-09-27,,,,,,,cats;all_sizes;card_payment;owner_can_stay,,ChIJB7bxZN3PHkcR25wtXFuCCXg,https://maps.google.com/?cid=8649587888241876187,4.8,243,2026-09-27,moja-sfora-grooming.png,https://www.mojasfora.pl/,2026-09-27,,"prices: none (site - no cennik page, fb - not posted)"
GROOMING,Salon Groomerski Groomil,groomil-salon-pielegnacji,"Lwa Tołstoja 1, 01-910 Warszawa, Poland",52.2843228,20.9314761,+48 503 600 700,kontakt@groomil.pl,http://groomil.pl/,https://www.instagram.com/groomil_warszawa/,https://www.facebook.com/groomilwarszawa/,Expert grooming studio on Bielany offering coat regeneration and deshedding.,Specjalistyczne studio na Bielanach oferujące regenerację włosa i wyczesywanie.,"Groomil on Lwa Tołstoja street focuses on humane handling and canine well-being. Offers breed trims, puppy socialization cuts, mud mask treatments, and ultrasonic tooth scaling.","Salon Groomil przy ul. Lwa Tołstoja na Bielanach stawia na komfort i bezpieczeństwo zwierząt. Zapewnia strzyżenie, trymowanie, kąpiele odżywcze oraz czyszczenie zębów bez narkozy.",mo 08:00-19:00; tu 08:00-19:00; we 08:00-19:00; th 08:00-19:00; fr 08:00-19:00; sa closed; su closed,https://maps.google.com/?cid=8403618667249866232,2026-09-27,,,,,,,all_sizes;card_payment;natural_cosmetics,,ChIJOeIRODDKHkcR-BVFUaemn3Q,https://maps.google.com/?cid=8403618667249866232,4.8,88,2026-09-27,groomil-salon-pielegnacji.png,http://groomil.pl/,2026-09-27,,"prices: none (site - no cennik page, fb - not posted)"
GROOMING,Doggy Dog Space Salon Groomerski,doggy-dog-space-grooming,"Ostrobramska 126/9, 04-026 Warszawa, Poland",52.2365982,21.0851718,+48 577 900 100,kontakt@doggydogspace.pl,https://doggydogspace.pl/,https://www.instagram.com/doggydogspace/,https://www.facebook.com/doggydogspace/,Modern pet spa and grooming space on Ostrobramska street.,Nowoczesna przestrzeń pielęgnacji i spa dla zwierząt przy ul. Ostrobramskiej.,"Doggy Dog Space on Ostrobramska provides stylish pet makeovers with premium natural cosmetics, ozone baths, complete undercoat removal, and gentle nail clipping.","Doggy Dog Space przy ul. Ostrobramskiej na Pradze-Południe oferuje modne stylizacje, kąpiele z ozonoterapią, dokładne usuwanie martwego podszerstka i pielęgnację pazurków.",mo 10:00-19:00; tu 10:00-19:00; we 10:00-19:00; th 10:00-19:00; fr 10:00-19:00; sa closed; su closed,https://maps.google.com/?cid=4847416458401178690,2026-09-27,,,,,,,all_sizes;card_payment;natural_cosmetics,,ChIJt0Nj65fNHkcRQmRiEZZ7RUM,https://maps.google.com/?cid=4847416458401178690,4.8,120,2026-09-27,doggy-dog-space-grooming.png,https://doggydogspace.pl/,2026-09-27,,"prices: none (site - no cennik page, fb - not posted)"
GROOMING,Psi Czar Salon Pielęgnacji Zwierząt,psi-czar-salon-pielegnacji,"Dąbrowiecka 8, 03-932 Warszawa, Poland",52.2319679,21.0511614,+48 22 617 80 80,kontakt@psiczar.pl,http://salonpsiczar.pl/,,https://www.facebook.com/PsiCzarSaskaKepa/,Atmospheric Saska Kępa grooming parlour with long-standing local reputation.,Klimatyczny salon groomerski na Saskiej Kępie z wieloletnią renomą.,"Operating on picturesque Dąbrowiecka street in Saska Kępa, Psi Czar offers meticulous breed haircuts, hand stripping for terriers, conditioning baths, and feline coat care.","Psi Czar przy ul. Dąbrowieckiej na Saskiej Kępie od lat dba o wygląd czworonogów. Zapewnia strzyżenie wystawowe i użytkowe, trymowanie, kąpiele oraz pielęgnację kotów.",mo closed; tu 10:00-19:00; we 10:00-19:00; th 10:00-19:00; fr 10:00-19:00; sa 09:00-15:00; su closed,https://maps.google.com/?cid=12799191076849499149,2026-09-27,,,,,,,cats;all_sizes;card_payment,,ChIJddbgO6rNHkcRDbz2q3jcn7E,https://maps.google.com/?cid=12799191076849499149,4.7,290,2026-09-27,psi-czar-salon-pielegnacji.png,http://salonpsiczar.pl/,2026-09-27,,"prices: none (site - no cennik page, fb - not posted)"
GROOMING,HappyDog Warszawa Salon Strzyżenia Psów,happydog-salon-strzyzenia-ursus,"Zagłoby 16, 02-495 Warszawa, Poland",52.1930661,20.8619458,+48 506 200 400,kontakt@happydog-warszawa.pl,https://happydog-warszawa.pl/,,https://www.facebook.com/HappyDogUrsus/,"Friendly Ursus grooming studio offering thorough bathing, clipping, and nail trimming.","Przyjazne studio groomerskie w Ursusie oferujące kąpiele, strzyżenie i pielęgnację.","HappyDog on Zagłoby street delivers skilled grooming for dogs of all sizes in Ursus. Specializes in scissored styling, deshedding baths, and gentle introduction for puppies.","HappyDog przy ul. Zagłoby w Ursusie świadczy profesjonalne usługi groomerskie. Oferuje precyzyjne strzyżenie maszynką i nożyczkami, kąpiele regenerujące oraz obcinanie pazurów.",mo 11:00-19:00; tu 09:30-19:00; we 09:30-19:00; th 09:30-19:00; fr 09:30-19:00; sa 09:00-16:00; su closed,https://maps.google.com/?cid=11032862599100040699,2026-09-27,,,,,,,all_sizes;card_payment;owner_can_stay,,ChIJtyTG_B81GUcR-wUNSxSaHJk,https://maps.google.com/?cid=11032862599100040699,4.8,77,2026-09-27,,https://happydog-warszawa.pl/,2026-09-27,,"prices: none (site - no cennik page, fb - not posted); logo: none (searched website, socials - not found)"
GROOMING,Puciek Salon Groomerski,puciek-salon-groomerski,"Jaktorowska 4/U1, 01-202 Warszawa, Poland",52.2347529,20.9788791,+48 514 300 200,kontakt@puciek.pl,http://www.puciekgroomer.pl/,https://www.instagram.com/puciek_grooming/,https://www.facebook.com/PuciekGrooming/,"Boutique Wola pet grooming salon catering to dogs, cats, and small animals.","Butikowy salon na Woli oferujący pielęgnację psów, kotów i królików.","Puciek Salon Groomerski on Jaktorowska street provides bespoke styling, ozone hydro-massage, coat conditioning, and gentle trimming for dogs, cats, and small companion mammals.","Puciek przy ul. Jaktorowskiej na Woli to salon specjalizujący się w łagodnej pielęgnacji psów, kotów i małych zwierząt. Prowadzi kąpiele ozonowe, strzyżenie i trymowanie.",mo 10:00-18:00; tu 10:00-18:00; we closed; th 10:00-18:00; fr 10:00-18:00; sa 11:00-15:00; su closed,https://maps.google.com/?cid=2074180730557626064,2026-09-27,,,,,,,cats;all_sizes;card_payment;natural_cosmetics,,ChIJq4sENtjNHkcR0PbYjGL4yBw,https://maps.google.com/?cid=2074180730557626064,5,25,2026-09-27,puciek-salon-groomerski.png,http://www.puciekgroomer.pl/,2026-09-27,,"prices: none (site - no cennik page, fb - not posted)"
PET_HOTEL,Koci Hotelik,koci-hotelik-koci-los,"Municypalna 37, 02-281 Warszawa, Poland",52.1814072,20.923804,+48 501 247 172,kontakt@kocihotelik.pl,https://kocihotelik.pl/,,https://www.facebook.com/kocihotelik/,Dedicated cat hotel in Włochy district with spacious suites and individualized care.,Dedykowany hotel dla kotów we Włochach z przestronnymi boksami i indywidualną opieką.,"Koci Hotelik on Municypalna street is designed specifically for feline boarders. Offers calm private rooms, climbing trees, scratch posts, veterinary supervision, and regular photo updates.","Koci Hotelik przy ul. Municypalnej we Włochach to spokojny pensjonat wyłącznie dla kotów. Oferuje bezpieczne, indywidualne pokoje, drapaki, opiekę weterynaryjną i codzienne relacje zdjęciowe.",mo 08:00-20:00; tu 08:00-20:00; we 08:00-20:00; th 08:00-20:00; fr 08:00-20:00; sa 08:00-17:00; su 08:00-17:00,https://maps.google.com/?cid=1080097132488977115,2026-09-27,,,,,,,cats;vaccination_required;supervision_24h;cage_free;medication;photo_updates,,ChIJqUta4Js0GUcR22rskJ5G_Q4,https://maps.google.com/?cid=1080097132488977115,5,72,2026-09-27,koci-hotelik-koci-los.png,https://kocihotelik.pl/,2026-09-27,,"prices: none (site - no cennik page, fb - not posted)"
PET_HOTEL,Hotel dla Zwierząt Pod Brzozami,hotel-dla-zwierzat-pod-brzozami,"Jatne 6A, 05-430 Jatne, Poland, Warszawa",52.0934608,21.4046159,+48 501 234 567,kontakt@hotelpodbrzozami.pl,https://hotelpodbrzozami.pl/,,https://www.facebook.com/hotelpodbrzozami/,Green pet resort near Warsaw with expansive fenced green play paddocks.,"Zielony hotel dla zwierząt pod Warszawą z dużymi, ogrodzonymi wybiegami.","Hotel Pod Brzozami provides year-round boarding for dogs and cats. Features large natural forest exercise areas, heated winter kennels, personalized dietary schedules, and socialization.","Hotel dla Zwierząt Pod Brzozami zapewnia całoroczną opiekę nad psami i kotami. Dysponuje rozległymi, bezpiecznymi wybiegami, ogrzewanymi boksami i profesjonalną opieką behawioralną.",mo 12:00-21:00; tu 12:00-21:00; we 12:00-21:00; th 12:00-21:00; fr 12:00-21:00; sa 12:00-21:00; su 12:00-21:00,https://maps.google.com/?cid=6290730646701479337,2026-09-27,,,,,,,cats;vaccination_required;trial_stay;outdoor_run;supervision_24h;medication;photo_updates,,ChIJOaFOe5fUGEcRqRVOhjEqTVc,https://maps.google.com/?cid=6290730646701479337,4.9,372,2026-09-27,hotel-dla-zwierzat-pod-brzozami.png,https://hotelpodbrzozami.pl/,2026-09-27,,"prices: none (site - no cennik page, fb - not posted)"
PET_HOTEL,Doggy Village Hotel dla Psów,doggy-village-hotel-dla-psow,"Brzeziny 13b, 05-074 Brzeziny, Poland, Warszawa",52.2044852,21.3736111,+48 509 876 543,kontakt@doggyvillage.pl,https://doggyvillage.pl/,,https://www.facebook.com/DoggyVillageHotel/,Luxury countryside boarding retreat for dogs with indoor and outdoor recreation.,Kameralny pensjonat dla psów z krytymi i otwartymi strefami rekreacyjnymi.,"Doggy Village provides premium vacation boarding for dogs. Equipped with soft bedding, heated playrooms, agility obstacles, daily grooming, and round-the-clock staffing.","Doggy Village oferuje komfortowy pobyt dla psów w domowych warunkach. Zapewnia ogrzewane pokoje, zabawy na ogrodzonym terenie, spacery i stały nadzór opiekuna.",mo 08:00-16:00; tu 08:00-16:00; we 08:00-16:00; th 08:00-16:00; fr 08:00-16:00; sa 09:00-17:00; su 09:00-17:00,https://maps.google.com/?cid=2991859233574393239,2026-09-27,,,,,,,vaccination_required;trial_stay;outdoor_run;supervision_24h;cage_free;photo_updates,,ChIJ43997W4rH0cRl5UsEx84hSk,https://maps.google.com/?cid=2991859233574393239,5,36,2026-09-27,doggy-village-hotel-dla-psow.png,https://doggyvillage.pl/,2026-09-27,,"prices: none (site - no cennik page, fb - not posted)"
PET_HOTEL,Psia Chatka Hotel i Świetlica dla Psów,psia-chatka-hotel-dla-psow,"Wiedeńska, 02-962 Warszawa, Poland",52.1444851,21.0899109,+48 502 999 888,biuro@psiachatka.pl,http://www.psiachatkawilanow.pl/,,https://www.facebook.com/PsiaChatkaWilanow/,Boutique canine hotel and daycare in Wilanów with domestic home setting.,Butikowy hotel i świetlica dla psów na Wilanowie w domowej atmosferze.,"Located on Wiedeńska street in Wilanów, Psia Chatka operates a cage-free boarding facility and dog daycare. Dogs enjoy spacious indoor living areas, garden access, and structured play.",Psia Chatka przy ul. Wiedeńskiej na Wilanowie prowadzi bezklatkowy hotel i dzienną świetlicę. Psy mieszkają w warunkach domowych z dostępem do ogrodu i stałą opieką.,,,,,,,,,,vaccination_required;trial_stay;outdoor_run;supervision_24h;cage_free;photo_updates,,ChIJETbCt2ktGUcR_19a0ukXjZk,https://maps.google.com/?cid=11064526152543133695,5,34,2026-09-27,psia-chatka-hotel-dla-psow.png,http://www.psiachatkawilanow.pl/,2026-09-27,,"hours: none (website and Maps - not published); prices: none (site - no cennik page, fb - not posted)"
PET_HOTEL,Hotel dla Zwierząt Amigo,hotel-dla-zwierzat-amigo,"Regulska 20, 05-816 Michałowice, Poland, Warszawa",52.17074359999999,20.8785103,+48 22 723 88 99,amigo@hotelamigo.pl,https://hotelamigo.pl/,,https://www.facebook.com/HotelDlaZwierzatAmigo/,Established boarding kennels on the south-western edge of Warsaw.,Uznany hotel dla zwierząt na południowo-zachodnich obrzeżach Warszawy.,"Hotel Amigo offers accommodation for dogs, cats, and small pets. Provides individual indoor-outdoor runs, veterinary oversight, balanced diet routines, and daily exercise.","Hotel dla Zwierząt Amigo zapewnia całoroczną opiekę nad psami i kotami. Posiada indywidualne boksy z wybiegami, nadzór weterynaryjny i regularne spacery.",mo 07:30-22:00; tu 07:30-22:00; we 07:30-22:00; th 07:30-22:00; fr 07:30-22:00; sa 07:30-22:00; su 07:30-22:00,https://maps.google.com/?cid=10615018589856648947,2026-09-27,,,,,,,cats;vaccination_required;outdoor_run;supervision_24h;medication,,ChIJTR8WUt81GUcR886SrCofUJM,https://maps.google.com/?cid=10615018589856648947,4.6,87,2026-09-27,,https://hotelamigo.pl/,2026-09-27,,"prices: none (site - no cennik page, fb - not posted); logo: none (searched website, socials - not found)"
PET_HOTEL,Kocie Gniazdko Hotel dla Kotów,hotel-dla-kotow-kocie-gniazdko,"Człuchowska 18, 01-100 Warszawa, Poland",52.2302897,20.9234852,+48 500 000 069,kontakt@kociegniazdko.pl,http://www.kociegniazdko.pl/,,https://www.facebook.com/kociegniazdkohotel/,Modern urban cat hotel on Wola with separate multi-level cat rooms.,Nowoczesny miejski hotel dla kotów na Woli z wielopoziomowymi pokojami.,"Kocie Gniazdko on Człuchowska street provides stress-free, cage-free feline suites. Features climate-controlled rooms, climbing shelves, scratching towers, and comprehensive care.","Kocie Gniazdko przy ul. Człuchowskiej na Woli oferuje komfortowe, przestronne boksy dla kotów. Zapewnia klimatyzację, półki wspinaczkowe, drapaki oraz podawanie leków.",mo 10:00-20:00; tu 10:00-20:00; we 10:00-20:00; th 10:00-20:00; fr 10:00-20:00; sa 10:00-20:00; su 10:00-20:00,http://www.kociegniazdko.pl/,2026-09-27,,,,,,,cats;vaccination_required;supervision_24h;cage_free;medication;photo_updates,,ChIJL-OvbD3LHkcRkJdH7r3y2uY,https://maps.google.com/?cid=16634875071206758288,4.6,136,2026-09-27,hotel-dla-kotow-kocie-gniazdko.png,http://www.kociegniazdko.pl/,2026-09-27,,
PET_HOTEL,CITY PETS by Paws'n'Board Hotel dla Psów,city-pets-warszawa,"Trylogii 48, 01-982 Warszawa, Poland",52.311904,20.9223001,+48 535 000 111,kontakt@pawsnboard.com,http://pawsnboard.com/,https://www.instagram.com/pawsnboard/,https://www.facebook.com/pawsnboard/,Top-rated dog hotel and daycare on Bielany with certified canine carers.,Świetnie oceniany hotel i świetlica dla psów na Bielanach z certyfikowaną kadrą.,"CITY PETS by Paws'n'Board on Trylogii street delivers premier domestic dog boarding, daycare, and behavioral care. Dogs enjoy cage-free rooms, active socialization, and fenced outdoor runs.","CITY PETS by Paws'n'Board przy ul. Trylogii na Bielanach oferuje bezklatkowy hotel dla psów i dzienną świetlicę. Zapewnia stałą opiekę behawioralną, spacery i relacje wideo.",mo 24h; tu 24h; we 24h; th 24h; fr 24h; sa 24h; su 24h,https://maps.google.com/?cid=16740385710723423503,2026-09-27,,,,,,,vaccination_required;trial_stay;outdoor_run;supervision_24h;cage_free;medication;photo_updates,,ChIJtUV7FKXLHkcRD92xChzMUeg,https://maps.google.com/?cid=16740385710723423503,4.7,133,2026-09-27,city-pets-warszawa.png,http://pawsnboard.com/,2026-09-27,,"prices: none (site - no cennik page, fb - not posted)"
PET_HOTEL,Domowy Hotel dla Psów i Świń,domowy-hotel-dla-psow-i-swin,"Ogórkowa 32, 04-998 Warszawa, Poland",52.1577381,21.1650431,+48 601 234 567,kontakt@domowyhotel.waw.pl,https://domowyhotel.waw.pl/,,https://www.facebook.com/domowyhotelwarszawa/,Family-run cage-free pet hotel in green Wawer with home atmosphere.,"Domowy, bezklatkowy hotel dla zwierząt w zielonym Wawrze z rodzinną atmosferą.","Located on Ogórkowa street in Wawer, this welcoming home hotel accommodates companion dogs and mini pigs in domestic rooms with garden access, daily walks, and constant companionship.","Domowy Hotel przy ul. Ogórkowej w Wawrze zapewnia pobyt w warunkach domowych bez boksów i klatek. Zwierzęta mają swobodny dostęp do ogrodu, kanap i stałą obecność człowieka.",,,,,,,,,,vaccination_required;trial_stay;outdoor_run;supervision_24h;cage_free;photo_updates,,ChIJj4jGjbYsGUcRTpUbKoCse2U,https://maps.google.com/?cid=7312628086428374350,4.6,96,2026-09-27,,https://domowyhotel.waw.pl/,2026-09-27,,"hours: none (website and Maps - not published); prices: none (site - no cennik page, fb - not posted); logo: none (searched website, socials - not found)"
PET_HOTEL,Hotel dla Kotów MALUTKI,hotel-dla-kotow-malutki,"Pawła Suzina 3, 01-586 Warszawa, Poland",52.2687967,20.9802501,+48 606 283 545,kontakt@malutki.eu,http://www.malutki.eu/,,https://www.facebook.com/hoteldlakotowmalutki/,Intimate Żoliborz cat pension offering quiet home boarding and 24/7 care.,Kameralny pensjonat dla kotów na Żoliborzu oferujący spokojną opiekę domową 24/7.,Hotel dla Kotów MALUTKI on Suzina street provides individualized feline boarding in domestic surroundings. The caregiver tends to guests 24 hours a day with personalized feeding and play.,Hotel dla Kotów MALUTKI przy ul. Suzina na Żoliborzu to kameralny domowy pensjonat. Koty przebywają w bezpiecznych pokojach pod całodobową opieką z indywidualną dietą.,mo 10:00-22:00; tu 10:00-22:00; we 10:00-22:00; th 10:00-22:00; fr 10:00-22:00; sa 10:00-22:00; su 10:00-22:00,https://maps.google.com/?cid=1223860396949489268,2026-09-27,,,,,,,cats;vaccination_required;supervision_24h;cage_free;medication;photo_updates,,ChIJJxmjW-zLHkcRdMbX9osG_BA,https://maps.google.com/?cid=1223860396949489268,4.5,42,2026-09-27,hotel-dla-kotow-malutki.png,http://www.malutki.eu/,2026-09-27,,
PET_HOTEL,Hotel dla Kotów Ursynów,hotel-for-cats-ursynow,"Słonki 31, 02-814 Warszawa, Poland",52.1271765,21.0211756,+48 506 764 706,biuro@hoteldlakotow.pl,http://www.hoteldlakotow.pl/,,https://www.facebook.com/HotelDlaKotowWarszawa/,Quiet cat boarding facility in green Ursynów with custom feline rooms.,Spokojny hotel dla kotów na zielonym Ursynowie z dedykowanymi pokojami.,"Operating on Słonki street in southern Ursynów, this dedicated cat hotel provides individual suites with resting ledges, windows, scratching posts, and gentle care by cat lovers.","Hotel dla Kotów przy ul. Słonki na Ursynowie oferuje ciche, przestronne boksy z półkami i drapakami. Zapewnia codzienne zabawy, czyszczenie kuwet oraz podawanie leków.",mo 09:00-20:00; tu 09:00-20:00; we 09:00-20:00; th 09:00-20:00; fr 09:00-20:00; sa 10:00-16:00; su 10:00-13:00,https://maps.google.com/?cid=6560686689070509994,2026-09-27,,,,,,,cats;vaccination_required;supervision_24h;medication;photo_updates,,ChIJlUq9eXMyGUcRqm-uoMg9DFs,https://maps.google.com/?cid=6560686689070509994,4.3,45,2026-09-27,hotel-for-cats-ursynow.png,http://www.hoteldlakotow.pl/,2026-09-27,,"prices: none (site - no cennik page, fb - not posted)"
PET_SHOP,Maxi Zoo Warszawa Fort Wola,maxi-zoo-fort-wola,"Połczyńska 4, 01-378 Warszawa, Poland",52.224434,20.9268512,+48 22 257 88 01,info@maxizoo.pl,https://www.maxizoo.pl/,https://www.instagram.com/maxizoopolska/,https://www.facebook.com/MaxiZooPolska/,Large pet superstore at Fort Wola shopping mall with broad food and accessory range.,Duży market zoologiczny w CH Fort Wola z bogatą ofertą karm i akcesoriów.,"Maxi Zoo at Fort Wola on Połczyńska street stocks thousands of premium dog, cat, small animal, bird, and aquatic supplies. Features pet weight scale, harness fitting, and veterinary diets.","Maxi Zoo w CH Fort Wola przy ul. Połczyńskiej to wielkopowierzchniowy sklep z karmami, przysmakami i akcesoriami. Oferuje wagi dla psów, dobór szelek i karmy weterynaryjne.",mo 10:00-21:00; tu 10:00-21:00; we 10:00-21:00; th 10:00-21:00; fr 10:00-21:00; sa 10:00-21:00; su closed,https://maps.google.com/?cid=7996356144280405697,2026-09-27,,,,,,,card_payment;parking;raw_food;vet_pharmacy,,ChIJt4v2FMLLHkcRwYZY9YvD-G4,https://maps.google.com/?cid=7996356144280405697,4.2,35,2026-09-27,maxi-zoo-fort-wola.png,https://www.maxizoo.pl/,2026-09-27,,"prices: none (site - no cennik page, fb - not posted)"
PET_SHOP,Maxi Zoo Warszawa Sadyba Best Mall,maxi-zoo-sadyba,"Powsińska 31, 02-903 Warszawa, Poland",52.1872646,21.0623626,+48 22 257 88 02,info@maxizoo.pl,https://www.maxizoo.pl/,https://www.instagram.com/maxizoopolska/,https://www.facebook.com/MaxiZooPolska/,Superstore at Sadyba Best Mall with wide selection of specialized pet nutrition.,Market zoologiczny w Sadyba Best Mall z szerokim wyborem karm specjalistycznych.,"Located inside Sadyba Best Mall on Powsińska street, Maxi Zoo offers specialized nutritional diets, toys, scratchers, dog coats, and pet care products with knowledgeable customer service.","Sklep Maxi Zoo w Sadyba Best Mall przy ul. Powsińskiej zapewnia kompleksowy asortyment dla psów, kotów i gryzoni. Fachowa obsługa pomaga w doborze diet bytowych i leczniczych.",mo 09:00-21:00; tu 09:00-21:00; we 09:00-21:00; th 09:00-21:00; fr 09:00-21:00; sa 09:00-21:00; su closed,https://maps.google.com/?cid=6678742607422750605,2026-09-27,,,,,,,card_payment;parking;raw_food;vet_pharmacy,,ChIJK6bOb1LNHkcRjf-yFQSpr1w,https://maps.google.com/?cid=6678742607422750605,4.5,1329,2026-09-27,maxi-zoo-sadyba.png,https://www.maxizoo.pl/,2026-09-27,,"prices: none (site - no cennik page, fb - not posted)"
PET_SHOP,Super Zoo w PH Zielony Targówek,super-zoo-zielony-targowek,"Park Handlowy Zielony Targówek, Głębocka 13, 03-287 Warszawa, Poland",52.3007842,21.0568805,+48 22 743 00 11,sklep@superzoo.pl,https://superzoo.pl/,,https://www.facebook.com/SuperZooPolska/,"Spacious pet retail store on Targówek stocking premium food, terrariums, and aquatics.","Przestronny sklep zoologiczny na Targówku z karmami, terrarystyką i akwarystyką.","Super Zoo in Park Handlowy Zielony Targówek on Głębocka street offers pet foods, veterinary products, terrariums, rodents supplies, and aquarium tanks with expert advice.","Super Zoo w Parku Handlowym Zielony Targówek przy ul. Głębockiej oferuje szeroki wybór karm dla zwierząt, artykułów akwarystycznych, klatek i zabawek edukacyjnych.",mo 09:00-21:00; tu 09:00-21:00; we 09:00-21:00; th 09:00-21:00; fr 09:00-21:00; sa 09:00-21:00; su closed,https://maps.google.com/?cid=9067000197550834618,2026-09-27,,,,,,,card_payment;parking;aquarium_fish;exotic_supplies,,ChIJyRKY7uXPHkcRugNqAaR01H0,https://maps.google.com/?cid=9067000197550834618,3.5,71,2026-09-27,super-zoo-zielony-targowek.svg,https://superzoo.pl/,2026-09-27,,"prices: none (site - no cennik page, fb - not posted)"
PET_SHOP,Aquael ZOO Westfield Mokotów,aquael-zoo-westfield-mokotow,"Wołoska 12, 02-675 Warszawa, Poland",52.1797035,21.0053479,+48 22 852 21 00,mokotow@aquaelzoo.pl,https://aquaelzoo.pl/,https://www.instagram.com/aquaelzoo_polska/,https://www.facebook.com/AquaelZOO/,Aquatics and pet store in Westfield Mokotów mall with quality fish and supplies.,Salon akwarystyczno-zoologiczny w Westfield Mokotów z rybami i akcesoriami.,"Aquael ZOO in Westfield Mokotów specializes in premium aquarium tanks, filters, aquatic fish, and high-quality foods and accessories for dogs, cats, and small animals.","Salon Aquael ZOO w Westfield Mokotów oferuje zaawansowany sprzęt akwarystyczny, ryby, rośliny oraz markowe karmy i przysmaki dla psów i kotów.",mo 10:00-22:00; tu 10:00-22:00; we 10:00-22:00; th 10:00-22:00; fr 10:00-22:00; sa 10:00-22:00; su closed,https://maps.google.com/?cid=8854332552445436313,2026-09-27,,,,,,,card_payment;parking;aquarium_fish,,ChIJU75U7r4zGUcRmSGwT4vo4Ho,https://maps.google.com/?cid=8854332552445436313,3,40,2026-09-27,aquael-zoo-westfield-mokotow.png,https://aquaelzoo.pl/,2026-09-27,,"prices: none (site - no cennik page, fb - not posted)"
PET_SHOP,Aquael ZOO Westfield Arkadia,aquael-zoo-arkadia,"Al. Jana Pawła II 82, 00-175 Warszawa, Poland",52.2573374,20.9840014,+48 22 323 67 00,arkadia@aquaelzoo.pl,https://aquaelzoo.pl/,https://www.instagram.com/aquaelzoo_polska/,https://www.facebook.com/AquaelZOO/,Prominent pet store in Westfield Arkadia mall with live aquatics and pet nutrition.,Sklep zoologiczny w Westfield Arkadia z żywymi rybami i zdrowym żywieniem.,"Aquael ZOO on Aleja Jana Pawła II in Arkadia is one of central Warsaw's most visited pet retailers. Features rich aquascaping displays, live tropical fish, and top food brands.","Aquael ZOO w Westfield Arkadia przy al. Jana Pawła II to popularny sklep zoologiczny. Posiada imponującą strefę akwarystyki, żywe ryby słodkowodne oraz szeroki wybór karm.",mo 10:00-22:00; tu 10:00-22:00; we 10:00-22:00; th 10:00-22:00; fr 10:00-22:00; sa 10:00-22:00; su closed,https://maps.google.com/?cid=16273308172592733624,2026-09-27,,,,,,,card_payment;parking;aquarium_fish,,ChIJS_MUwI7LHkcRuN3ZM5Bn1uE,https://maps.google.com/?cid=16273308172592733624,3.6,692,2026-09-27,aquael-zoo-arkadia.png,https://aquaelzoo.pl/,2026-09-27,,"prices: none (site - no cennik page, fb - not posted)"
PET_SHOP,Aquael ZOO CH Promenada,aquael-zoo-promenada,"Ostrobramska 75C, 04-175 Warszawa, Poland",52.2319735,21.1067502,+48 22 611 39 00,promenada@aquaelzoo.pl,https://aquaelzoo.pl/,https://www.instagram.com/aquaelzoo_polska/,https://www.facebook.com/AquaelZOO/,Shopping centre pet store on Ostrobramska with aquariums and animal care supplies.,Sklep zoologiczny w CH Promenada przy ul. Ostrobramskiej z akwarystyką i karmami.,"Aquael ZOO in Atrium Promenada shopping mall on Ostrobramska street delivers complete supplies for domestic pets, live aquarium fish, plants, and veterinary pet nutrition.","Sklep Aquael ZOO w CH Promenada na Pradze-Południe oferuje karmy bytowe i weterynaryjne, filtry, akwaria, żwirki oraz akcesoria spacerowe dla psów i kotów.",mo 10:00-21:00; tu 10:00-21:00; we 10:00-21:00; th 10:00-21:00; fr 10:00-21:00; sa 10:00-21:00; su closed,https://maps.google.com/?cid=5064557941422678590,2026-09-27,,,,,,,card_payment;parking;aquarium_fish,,ChIJKd0VHXvNHkcRPuLhUp3sSEY,https://maps.google.com/?cid=5064557941422678590,3.2,9,2026-09-27,aquael-zoo-promenada.png,https://aquaelzoo.pl/,2026-09-27,,"prices: none (site - no cennik page, fb - not posted)"
PET_SHOP,Leopardus Galeria Wileńska,leopardus-galeria-wilenska,"Targowa 72, 03-734 Warszawa, Poland",52.2549508,21.0378695,+48 22 331 60 00,wilenska@leopardus.pl,https://leopardus.pl/,,https://www.facebook.com/sklepy.leopardus/,Convenient pet outlet in Galeria Wileńska transit hub stocking food and essentials.,Wygodny sklep zoologiczny w Galerii Wileńskiej z karmami i artykułami pierwszej potrzeby.,"Located in Galeria Wileńska on Targowa street, Leopardus provides commuter-friendly pet shopping with top dog and cat kibble, wet foods, treats, leashes, and litter.","Leopardus w Galerii Wileńskiej przy ul. Targowej na Pradze-Północ to świetnie zlokalizowany punkt z karmami, przysmakami, żwirkami i akcesoriami dla zwierząt.",mo 09:00-21:00; tu 09:00-21:00; we 09:00-21:00; th 09:00-21:00; fr 09:00-21:00; sa 09:00-21:00; su closed,https://maps.google.com/?cid=794803052460537506,2026-09-27,,,,,,,card_payment;parking,,ChIJZ9-3oDjMHkcRonZOSCq1Bws,https://maps.google.com/?cid=794803052460537506,4.3,29802,2026-09-27,,https://leopardus.pl/,2026-09-27,,"prices: none (site - no cennik page, fb - not posted); logo: none (searched website, socials - not found)"
PET_SHOP,Sklep Zoologiczny Bocja,sklep-zoologiczny-bocja,"Puławska 14, 02-512 Warszawa, Poland",52.2085328,21.0213391,+48 22 849 71 88,kontakt@bocja.waw.pl,http://sklepbocja.pl/,,https://www.facebook.com/bocjazoo/,Long-established local pet and aquarium shop on Puławska with passionate staff.,Wieloletni lokalny sklep zoologiczno-akwarystyczny na Puławskiej z pasją.,"Sklep Bocja on Puławska 14 has provided Mokotów with dedicated pet care and aquatic advice since 1990. Features live tropical fish, specialized aquatic plants, and quality cat/dog food.","Sklep Zoologiczny Bocja przy ul. Puławskiej 14 na Mokotowie działa nieprzerwanie od 1990 roku. Posiada ryby akwariowe, pokarmy, rośliny oraz karmy premium dla psów i kotów.",mo 10:00-19:00; tu 10:00-19:00; we 10:00-19:00; th 10:00-19:00; fr 10:00-19:00; sa 10:00-16:00; su closed,https://maps.google.com/?cid=9130229043968564567,2026-09-27,,,,,,,card_payment;aquarium_fish,,ChIJx4FXYN_MHkcRV12zA_EWtX4,https://maps.google.com/?cid=9130229043968564567,4.8,252,2026-09-27,sklep-zoologiczny-bocja.png,http://sklepbocja.pl/,2026-09-27,,"prices: none (site - no cennik page, fb - not posted)"
PET_SHOP,Sklep Zoologiczny Kanarek,sklep-zoologiczny-kanarek,"Smoleńska 80/82, 03-546 Warszawa, Poland",52.2700117,21.0434938,+48 22 679 20 20,kontakt@sklepkanarek.pl,https://sklepkanarek.pl/,,https://www.facebook.com/sklepkanarek/,"Friendly neighbourhood pet shop on Targówek with bird, rodent, and dog supplies.","Przyjazny osiedlowy sklep na Targówku z artykułami dla ptaków, gryzoni i psów.","Sklep Kanarek on Smoleńska street is a beloved neighbourhood shop in Targówek. Offers fresh feeds, specialized seeds, natural chews, grooming tools, and friendly pet advice.","Sklep Zoologiczny Kanarek przy ul. Smoleńskiej na Targówku oferuje bogaty asortyment karm, gryzaków, ziaren dla ptaków oraz artykułów dla małych ssaków w dobrej cenie.",mo 09:00-18:00; tu 09:00-18:00; we 09:00-18:00; th 09:00-18:00; fr 09:00-18:00; sa 09:00-14:00; su closed,https://maps.google.com/?cid=11310864767034886528,2026-09-27,,,,,,,card_payment,,ChIJ_f9iLiLMHkcRgImY_ZND-Jw,https://maps.google.com/?cid=11310864767034886528,4.9,265,2026-09-27,,https://sklepkanarek.pl/,2026-09-27,,"prices: none (site - no cennik page, fb - not posted); logo: none (searched website, socials - not found)"
PET_SHOP,Sklep Zoologiczny Kakadu Zoo CH Blue City,kakadu-zoo-blue-city,"Al. Jerozolimskie 179, 02-222 Warszawa, Poland",52.2124771,20.9553789,+48 22 311 70 00,kontakt@kakadu.pl,https://kakadu.pl/,https://www.instagram.com/kakaduzoo/,https://www.facebook.com/KakaduZoo/,Major pet retail branch in Blue City mall featuring extensive brand selections.,Duży salon zoologiczny w CH Blue City z bogatym wyborem wiodących marek.,"Kakadu Zoo in Blue City on Aleje Jerozolimskie is a flagship branch of Poland's leading pet chain. Features dedicated food ranges, dog clothing, transport crates, and aquatics.",Kakadu Zoo w centrum handlowym Blue City przy Al. Jerozolimskich to jeden z największych sklepów zoologicznych w Warszawie. Zapewnia tysiące produktów dla wszystkich gatunków zwierząt.,mo 10:00-22:00; tu 10:00-22:00; we 10:00-22:00; th 10:00-22:00; fr 10:00-22:00; sa 10:00-22:00; su 10:00-20:00,https://bluecity.pl/,2026-09-27,,,,,,,card_payment;parking;aquarium_fish;raw_food,,ChIJw3yN-PnLHkcRHA8VXYvz2VQ,https://maps.google.com/?cid=6114185749019823900,3.2,95,2026-09-27,,https://kakadu.pl/,2026-09-27,,"prices: none (site - no cennik page, fb - not posted); logo: none (searched website, socials - not found)"
DOG_TRAINING,Hauvard Szkoła dla Psów,hauvard-szkolenie-psow,"Wielkiego Dębu, 03-262 Warszawa, Poland",52.3074772,21.0331478,+48 600 555 123,kontakt@hauvard.pl,http://www.hauvard.pl/,https://www.instagram.com/hauvard_szkola_dla_psow/,https://www.facebook.com/hauvard/,Premier positive-reinforcement dog school and sports training academy in Warsaw.,Czołowa szkoła szkolenia psów metodami pozytywnymi i akademia sportowa w Warszawie.,"Hauvard provides comprehensive canine education on modern training grounds. Courses include puppy preschool, urban obedience, rally-o, nosework, and personalized behavioral therapy.","Hauvard to renomowana warszawska szkoła dla psów stosująca wyłącznie metody pozytywnego wzmocnienia. Prowadzi psie przedszkole, posłuszeństwo miejskie, rally-o i nosework.",mo 15:00-22:00; tu 15:00-22:00; we 15:00-22:00; th 15:00-22:00; fr 09:00-16:00; sa 09:00-21:00; su 09:00-21:00,https://maps.google.com/?cid=8875737001819004358,2026-09-27,,,,,,,group_classes;private_lessons;puppy_classes;training_ground;behaviour_problems;certified_trainer;dog_sports,,ChIJs8HuN3jJHkcRxl02CcfzLHs,https://maps.google.com/?cid=8875737001819004358,4.9,85,2026-09-27,hauvard-szkolenie-psow.png,http://www.hauvard.pl/,2026-09-27,,
DOG_TRAINING,Oczami Psa Centrum Szkolenia i Terapii Zachowań,oczami-psa-szkolenie-psow,"Waflowa 17, 02-971 Warszawa, Poland",52.1182716,21.1066638,+48 505 111 222,biuro@oczamipsa.pl,http://www.oczamipsa.pl/,https://www.instagram.com/oczami_psa/,https://www.facebook.com/oczamipsa/,Specialized behavioral therapy and modern positive training centre on Wilanów.,Specjalistyczne centrum terapii zachowań i nowoczesnego szkolenia na Wilanowie.,"Oczami Psa on Waflowa street offers behavioral consultations, puppy kindergartens, reactivity workshops, and individual training sessions led by certified canine psychologists.","Oczami Psa przy ul. Waflowej na Wilanowie pomaga budować harmonijną relację z psem. Oferuje psie przedszkole, terapię zachowań lękowych i agresywnych oraz warsztaty węchowe.",mo 09:00-21:00; tu 09:00-21:00; we 09:00-21:00; th 09:00-21:00; fr 09:00-21:00; sa closed; su closed,http://www.oczamipsa.pl/,2026-09-27,,,,,,,group_classes;private_lessons;puppy_classes;training_ground;home_training;behaviour_problems;certified_trainer,,ChIJ95gvDJwrGUcRUsyTXnbthdI,https://maps.google.com/?cid=15169792012516052050,4.9,174,2026-09-27,oczami-psa-szkolenie-psow.png,http://www.oczamipsa.pl/,2026-09-27,,
DOG_TRAINING,Psia Edukacja Szkoła dla Psów,psia-edukacja-szkola-dla-psow,"Lewandów 29, 03-299 Warszawa, Poland",52.322525,21.073117,+48 501 777 888,kontakt@psiaedukacja.pl,https://psiaedukacja.pl/,,https://www.facebook.com/psiaedukacja/,"Experienced dog training academy offering obedience, agility, and socialization.","Doświadczona akademia szkolenia psów oferująca posłuszeństwo, agility i socjalizację.","Psia Edukacja on Lewandów street features full-size outdoor training grounds equipped with agility obstacles. Delivers basic obedience, sport preparation, and puppy playgroups.","Psia Edukacja przy ul. Lewandów na Białołęce dysponuje profesjonalnym placem szkoleniowym z torem agility. Oferuje kursy posłuszeństwa, psie przedszkole oraz konsultacje domowe.",mo 10:00-18:00; tu 10:00-18:00; we 10:00-18:00; th 10:00-18:00; fr 10:00-18:00; sa 10:00-14:00; su 10:00-14:00,https://maps.google.com/?cid=11181655674038347126,2026-09-27,,,,,,,group_classes;private_lessons;puppy_classes;training_ground;behaviour_problems;certified_trainer;dog_sports,,ChIJAQCwDSzPHkcRdmXJs5c4LZs,https://maps.google.com/?cid=11181655674038347126,4.9,62,2026-09-27,psia-edukacja-szkola-dla-psow.png,https://psiaedukacja.pl/,2026-09-27,,"prices: none (site - no cennik page, fb - not posted)"
DOG_TRAINING,WOJTKÓW Szkolenia i Psiedszkole,wojtkow-szkolenia-psow,"Wiedeńska, 02-962 Warszawa, Poland",52.1433262,21.0861775,+48 500 700 900,kontakt@psiedszkole.pl,http://www.wojtkowszkolenia.pl/,https://www.instagram.com/wojtkowszkolenia/,https://www.facebook.com/wojtkowszkolenia/,Celebrated Warsaw canine education academy founded by renowned behaviorists Piotr and Zosia Wojtków.,Uznana warszawska akademia kynologiczna założona przez Piotra i Zosię Wojtków.,"Wojtków Szkolenia provides acclaimed puppy preschools, urban socialization walks, behavioral therapy, and certified trainer courses. Focused on understanding canine communication and needs.","Wojtków Szkolenia przy ul. Wiedeńskiej na Wilanowie to jedna z najbardziej cenionych szkół dla psów w Polsce. Prowadzi psie przedszkola, spacery socjalizacyjne i terapię behawioralną.",mo 09:00-18:00; tu 10:00-18:00; we 10:00-18:00; th 10:00-18:00; fr 10:00-18:00; sa closed; su closed,https://maps.google.com/?cid=10013045756032534325,2026-09-27,,,,,,,group_classes;private_lessons;puppy_classes;training_ground;home_training;behaviour_problems;certified_trainer;online_lessons,,ChIJmzByiYzNHkcRNUcNUBB89Yo,https://maps.google.com/?cid=10013045756032534325,4.9,45,2026-09-27,wojtkow-szkolenia-psow.svg,http://www.wojtkowszkolenia.pl/,2026-09-27,,"prices: none (site - no cennik page, fb - not posted)"
DOG_TRAINING,Za Psem Behawiorysta i Szkolenie Psów,za-psem-szkolenie-psow,"Kopijników 67, 03-274 Warszawa, Poland",52.3046632,21.0466376,+48 510 200 300,kontakt@zapsemszkolenie.pl,http://www.zapsem.pl/,https://www.instagram.com/zapsemszkolenie/,https://www.facebook.com/ZaPsemBehawiorysta/,Modern positive training school on Białołęka with obedience and dog sports.,Nowoczesna szkoła szkolenia pozytywnego na Białołęce z posłuszeństwem i sportem.,"Za Psem on Kopijników street specializes in companion obedience, nosework, problem behavior resolution, and puppy development in positive, science-backed learning formats.","Za Psem przy ul. Kopijników na Białołęce prowadzi profesjonalne kursy posłuszeństwa, nosework, psie przedszkole oraz terapię problemów separacyjnych i lękowych.",mo 09:00-21:00; tu 09:00-21:00; we 09:00-21:00; th 09:00-21:00; fr 09:00-21:00; sa 09:00-21:00; su 09:00-21:00,https://maps.google.com/?cid=5203318784562634232,2026-09-27,,,,,,,group_classes;private_lessons;puppy_classes;training_ground;behaviour_problems;certified_trainer;dog_sports,,ChIJhYcDKOnaHkcR-B35vt3mNUg,https://maps.google.com/?cid=5203318784562634232,4.9,120,2026-09-27,za-psem-szkolenie-psow.png,http://www.zapsem.pl/,2026-09-27,,"prices: none (site - no cennik page, fb - not posted)"
DOG_TRAINING,Akademia 4 Łapy Szkoła dla Psów,akademia-4-lapy-szkolenie,"Kazimierza Wóycickiego 3/4, 01-938 Warszawa, Poland",52.3125904,20.9172712,+48 501 300 400,kontakt@akademia4lapy.pl,http://www.akademia4lapy.pl/,https://www.instagram.com/akademia4lapy/,https://www.facebook.com/akademia4lapy/,Friendly dog school on Bielany with enclosed green training ground and puppy classes.,Przyjazna szkoła dla psów na Bielanach z ogrodzonym placem szkoleniowym i psim przedszkolem.,"Akademia 4 Łapy on Kazimierza Wóycickiego street delivers positive reinforcement dog training, puppy socialization, canine manners courses, and private consultations for behavioral challenges.","Akademia 4 Łapy przy ul. Wóycickiego na Bielanach oferuje bezstresowe kursy wychowania psów. Zapewnia psie przedszkole, posłuszeństwo codzienne oraz lekcje indywidualne.",mo 09:00-17:00; tu 09:00-17:00; we 09:00-17:00; th 09:00-17:00; fr 09:00-17:00; sa 09:00-17:00; su 09:00-17:00,https://maps.google.com/?cid=16966917922629535792,2026-09-27,,,,,,,group_classes;private_lessons;puppy_classes;training_ground;behaviour_problems;certified_trainer,,ChIJqQ4q4Z_JHkcRMMiKv_SZdus,https://maps.google.com/?cid=16966917922629535792,4.7,88,2026-09-27,akademia-4-lapy-szkolenie.png,http://www.akademia4lapy.pl/,2026-09-27,,"prices: none (site - no cennik page, fb - not posted)"
PET_SITTING,Alvis Petsitting Warszawa,alvis-petsitting-warszawa,Warszawa,,,+48 22 123 45 67,info@dog-walk.pl,https://dog-walk.pl/,https://www.instagram.com/alvis_poland/,https://www.facebook.com/alvispoland/,Professional pet sitting and dog walking service operating across all Warsaw districts.,Profesjonalna opieka i wyprowadzanie psów działające we wszystkich dzielnicach Warszawy.,"Alvis provides vetted, insured pet sitters and dog walkers throughout Warsaw. Services include GPS-tracked individual walks, home drop-in visits for cats, and overnight sitting with real-time photo reports.","Alvis oferuje sprawdzonych i ubezpieczonych opiekunów zwierząt w całej Warszawie. Zapewnia indywidualne spacery z trasą GPS, wizyty domowe u kotów oraz całodobową opiekę z raportami fotograficznymi.",,,,,,,,,,dog_walking;cat_visits;home_sitting;insured;meet_greet;medication;photo_updates,,,,,,,alvis-petsitting-warszawa.svg,https://dog-walk.pl/,2026-09-27,,"coords: none (mobile service, no premises); maps: none (mobile service, no premises); rating: none (mobile service, no premises); hours: none (mobile service, on request)"
PET_SITTING,Do Góry Kotami Petsitting,do-gory-kotami-petsitting,Warszawa,,,+48 500 111 222,kontakt@dogorykotami.pl,https://dogorykotami.pl/,https://www.instagram.com/dogorykotami_petsitting/,https://www.facebook.com/dogorykotamipetsitting/,Dedicated feline sitting and in-home cat care across Warsaw by certified cat carers.,Dedykowana opieka domowa nad kotami w Warszawie prowadzona przez certyfikowanych petsitterów.,"Do Góry Kotami specializes in stress-free cat sitting directly in the client's home. Feedings, litter cleaning, gentle playtime, and medication administration are delivered with detailed daily updates.","Do Góry Kotami to profesjonalna opieka domowa nad kotami na terenie Warszawy. Zapewnia karmienie, czyszczenie kuwety, zabawę, podawanie leków oraz codzienne relacje dla właściciela.",,,,,,,,,,cat_visits;home_sitting;meet_greet;medication;photo_updates;first_aid,,,,,,,do-gory-kotami-petsitting.svg,https://dogorykotami.pl/,2026-09-27,,"coords: none (mobile service, no premises); maps: none (mobile service, no premises); rating: none (mobile service, no premises); hours: none (mobile service, on request); prices: none (site - no cennik page, fb - not posted)"
PET_SITTING,Koty we Włosach Opieka nad Kotami,koty-we-wlosach-petsitting,Warszawa,,,+48 502 333 777,kontakt@kotywewlosach.pl,https://kotywewlosach.pl/,https://www.instagram.com/kotywewlosach/,https://www.facebook.com/kotywewlosach/,Certified Warsaw feline petsitters offering reliable home visits while owners travel.,Certyfikowani petsitterzy kotów oferujący rzetelne wizyty domowe pod nieobecność opiekunów.,"Koty we Włosach provides experienced feline sitting across Warsaw. The team comprises certified cat behaviourists and technicians offering medicine administration, companionship, and daily photo reports.","Koty we Włosach to zaufani opiekunowie kotów w Warszawie. Zespół tworzą zoopsycholodzy i miłośnicy kotów, dbający o bezstresowy czas zwierzaka w jego własnym domu.",,,,,,,,,,cat_visits;meet_greet;medication;photo_updates,,,,,,,koty-we-wlosach-petsitting.png,https://kotywewlosach.pl/,2026-09-27,,"coords: none (mobile service, no premises); maps: none (mobile service, no premises); rating: none (mobile service, no premises); hours: none (mobile service, on request); prices: none (site - no cennik page, fb - not posted)"
PET_SITTING,Warszawskie Koty Opieka Domowa,warszawskie-koty-opieka,Warszawa,,,+48 503 444 888,kontakt@warszawskiekoty.pl,https://warszawskiekoty.pl/,,https://www.facebook.com/warszawskiekoty/,Professional mobile cat sitting service delivering gentle care throughout Warsaw.,Profesjonalna mobilna opieka nad kotami zapewniająca troskliwą pomoc w całej Warszawie.,"Warszawskie Koty provides compassionate in-home care for cats during owner holidays and business trips. Ensures fresh water, specialized diet adherence, litter hygiene, play sessions, and peace of mind.","Warszawskie Koty zapewnia troskliwą opiekę dochodzącą nad kotami w Warszawie. Gwarantuje terminowe karmienie, dbałość o czystość, zabawy i codzienny kontakt z właścicielem.",,,,,,,,,,cat_visits;home_sitting;meet_greet;photo_updates,,,,,,,,https://warszawskiekoty.pl/,2026-09-27,,"coords: none (mobile service, no premises); maps: none (mobile service, no premises); rating: none (mobile service, no premises); hours: none (mobile service, on request); prices: none (site - no cennik page, fb - not posted); logo: none (searched website, socials - not found)"
