category,name,google_maps_url,google_rating,google_rating_count,address,phone,website,opening_hours,observed_at,notes
VET_CLINIC,Mission Veterinary Hospital and Animal Emergency Clinic,https://www.google.com/maps/place/Mission+Veterinary+Hospital+and+Animal+Emergency+Clinic/data=!4m7!3m6!1s0x80c29abcff127627:0xcf689ed9e1d3853b!8m2!3d34.2722968!4d-118.5007426!16s%2Fg%2F1yj4k3x7_!19sChIJJ3YS_7yawoARO4XT4dmeaM8?authuser=0&hl=en&g_ep=EgoyMDI2MTAwNS4wIJJjKgBIAVAD&rclk=1,4.4,2197,"16915 San Fernando Mission Blvd, Granada Hills, CA 91344",+1 818-363-8143,http://www.missionvet.com/,mo 24h; tu 24h; we 24h; th 24h; fr 24h; sa 24h; su 24h,2026-10-08,
VET_CLINIC,North Figueroa Animal Hospital,https://www.google.com/maps/place/North+Figueroa+Animal+Hospital/data=!4m7!3m6!1s0x80c2c41a8420c295:0x885ecbce4ee23dd3!8m2!3d34.1083481!4d-118.1945432!16s%2Fg%2F1td1q46g!19sChIJlcIghBrEwoAR0z3iTs7LXog?authuser=0&hl=en&g_ep=EgoyMDI2MTAwNS4wIJJjKgBIAVAD&rclk=1,4.5,1381,"5550 N Figueroa St, Highland Park, CA 90042",+1 323-258-8068,http://www.nfahvet.com/,mo closed; tu 08:30-10:30; we 08:30-10:30; th 08:30-10:30; fr 08:30-10:30; sa 08:30-10:30; su closed,2026-10-08,
VET_CLINIC,CAMP Clinic Los Angeles,https://www.google.com/maps/place/CAMP+Clinic+Los+Angeles/data=!4m7!3m6!1s0x80c2d21044b0a183:0x6495b90fa3922a76!8m2!3d34.0225282!4d-118.3291204!16s%2Fg%2F1td72821!19sChIJg6GwRBDSwoARdiqSow-5lWQ?authuser=0&hl=en&g_ep=EgoyMDI2MTAwNS4wIJJjKgBIAVAD&rclk=1,4.6,1183,"3612 11th Ave, Los Angeles, CA 90018",+1 310-574-5555,http://www.campla.org/,,2026-10-08,hours: none (not published on Maps)
VET_CLINIC,Metropolitan Animal Specialty Hospital (MASH),https://www.google.com/maps/place/Metropolitan+Animal+Specialty+Hospital+%28MASH%29/data=!4m7!3m6!1s0x80c2bf323ec540f3:0x6105e9e8d72de38e!8m2!3d34.0908717!4d-118.3327964!16s%2Fg%2F11g6bglw_t!19sChIJ80DFPjK_woARjuMt1-jpBWE?authuser=0&hl=en&g_ep=EgoyMDI2MTAwNS4wIJJjKgBIAVAD&rclk=1,4.1,1170,"6565 Santa Monica Blvd, Los Angeles, CA 90038",+1 855-350-7387,https://www.mash.vet/?utm_source=gmb&utm_medium=organic&y_source=1_MTk4ODYxNTUtNzE1LWxvY2F0aW9uLndlYnNpdGU%3D,mo 24h; tu 24h; we 24h; th 24h; fr 24h; sa 24h; su 24h,2026-10-08,
VET_CLINIC,Los Feliz Small Animal Hospital,https://www.google.com/maps/place/Los+Feliz+Small+Animal+Hospital/data=!4m7!3m6!1s0x80c2c0e9d72b086d:0x1fb3997d5884afa!8m2!3d34.123635!4d-118.26791!16s%2Fg%2F1v0ll10z!19sChIJbQgr1-nAwoAR-kqI1Zc5-wE?authuser=0&hl=en&g_ep=EgoyMDI2MTAwNS4wIJJjKgBIAVAD&rclk=1,4.8,1124,"3166 Los Feliz Blvd, Los Angeles, CA 90039",+1 323-664-3309,https://lfsah.com/?utm_source=google&utm_medium=gbp&utm_campaign=gbp,mo 07:30-17:00; tu 07:30-17:00; we 07:30-17:00; th 07:30-17:00; fr 07:30-17:00; sa 08:00-15:00; su closed,2026-10-08,
VET_CLINIC,Pet Cure Veterinary Center,https://www.google.com/maps/place/Pet+Cure+Veterinary+Center/data=!4m7!3m6!1s0x80c29baea84130c1:0xeabe2a2ac33cb659!8m2!3d34.2018832!4d-118.5296255!16s%2Fg%2F11j90lqv03!19sChIJwTBBqK6bwoARWbY8wyoqvuo?authuser=0&hl=en&g_ep=EgoyMDI2MTAwNS4wIJJjKgBIAVAD&rclk=1,4.6,1060,"18205 Sherman Way, Reseda, CA 91335",+1 818-996-0000,https://petcurevet.com/,mo 08:00-20:00; tu 08:00-20:00; we 08:00-20:00; th 08:00-20:00; fr 08:00-20:00; sa 08:00-20:00; su closed,2026-10-08,
VET_CLINIC,Center Sinai Animal Hospital,https://www.google.com/maps/place/Center+Sinai+Animal+Hospital/data=!4m7!3m6!1s0x80c2ba30f1662f2b:0x352becaf2975af!8m2!3d34.0183845!4d-118.4081408!16s%2Fg%2F1v9gk80_!19sChIJKy9m8TC6woARr3Upr-wrNQA?authuser=0&hl=en&g_ep=EgoyMDI2MTAwNS4wIJJjKgBIAVAD&rclk=1,4.1,830,"10737 Venice Blvd., Los Angeles, CA 90034",+1 310-559-3770,http://centersinaianimalhospital.com/,mo 07:30-21:00; tu 07:30-21:00; we 07:30-21:00; th 07:30-21:00; fr 07:30-21:00; sa 07:30-16:00; su 10:00-16:00,2026-10-08,
VET_CLINIC,Sherman Oaks Veterinary Group,https://www.google.com/maps/place/Sherman+Oaks+Veterinary+Group/data=!4m7!3m6!1s0x80c2962f2187a701:0x35ab1f60080dad31!8m2!3d34.1501233!4d-118.430529!16s%2Fg%2F1tlbtz_p!19sChIJAaeHIS-WwoARMa0NCGAfqzU?authuser=0&hl=en&g_ep=EgoyMDI2MTAwNS4wIJJjKgBIAVAD&rclk=1,4.4,816,"13624 Moorpark St, Sherman Oaks, CA 91423",+1 818-784-9977,http://www.shermanoaksveterinarygroup.com/,mo 07:30-19:00; tu 07:30-19:00; we 07:30-19:00; th 07:30-19:00; fr 07:30-18:00; sa 08:00-16:00; su 09:00-16:00,2026-10-08,
VET_CLINIC,The ASPCA Los Angeles Spay/Neuter Clinic,https://www.google.com/maps/place/The+ASPCA+Los+Angeles+Spay%2FNeuter+Clinic/data=!4m7!3m6!1s0x80c2b7dcafb34f31:0xff9351032210c915!8m2!3d33.9848841!4d-118.3110203!16s%2Fg%2F11b7ysg8_n!19sChIJMU-zr9y3woARFckQIgNRk_8?authuser=0&hl=en&g_ep=EgoyMDI2MTAwNS4wIJJjKgBIAVAD&rclk=1,4.4,809,"1850 W 60th St, Los Angeles, CA 90047",+1 844-692-7722,https://www.aspca.org/animal-protection/los-angeles-initiative/aspca-los-angeles-spay-neuter-clinics/la-spayneuter-clinic,mo 07:00-15:00; tu 07:00-15:00; we 07:00-15:00; th 07:00-15:00; fr 07:00-15:00; sa closed; su closed,2026-10-08,
VET_CLINIC,Green Dog & Cat Hospital,https://www.google.com/maps/place/Green+Dog+%26+Cat+Hospital/data=!4m7!3m6!1s0x80c2b7de605e64cf:0x6361d48e1ad0b925!8m2!3d33.9889902!4d-118.3039387!16s%2Fg%2F1v9lc0vm!19sChIJz2ReYN63woARJbnQGo7UYWM?authuser=0&hl=en&g_ep=EgoyMDI2MTAwNS4wIJJjKgBIAVAD&rclk=1,4.3,794,"1544 W Slauson Ave, Los Angeles, CA 90047",+1 323-753-8440,http://www.greendogandcatla.com/,mo 08:30-16:00; tu 08:30-16:00; we 08:30-16:00; th 08:30-16:00; fr 08:30-16:00; sa 08:30-15:00; su closed,2026-10-08,
VET_CLINIC,ACCESS Specialty Animal Hospitals - San Fernando Valley,https://www.google.com/maps/place/ACCESS+Specialty+Animal+Hospitals+-+San+Fernando+Valley/data=!4m7!3m6!1s0x80c2994848ac3697:0x7749a6ad48648351!8m2!3d34.1717007!4d-118.5705444!16s%2Fg%2F1tdbl7q7!19sChIJlzasSEiZwoARUYNkSK2mSXc?authuser=0&hl=en&g_ep=EgoyMDI2MTAwNS4wIJJjKgBIAVAD&rclk=1,3.6,789,"20051 Ventura Blvd, Woodland Hills, CA 91364",+1 818-887-2262,https://www.thrivepetcare.com/locations/california/woodland-hills/access-animal-hospitals-sfv/?utm_source=gmb&utm_medium=web,mo 24h; tu 24h; we 24h; th 24h; fr 24h; sa 24h; su 24h,2026-10-08,
VET_CLINIC,CAMP Clinic San Pedro (spay/neuter),https://www.google.com/maps/place/CAMP+Clinic+San+Pedro+%28spay%2Fneuter%29/data=!4m7!3m6!1s0x80dd361eae27214d:0xef4d18a6acef29bf!8m2!3d33.7521033!4d-118.2940676!16s%2Fg%2F1tffdhnm!19sChIJTSEnrh423YARvynvrKYYTe8?authuser=0&hl=en&g_ep=EgoyMDI2MTAwNS4wIJJjKgBIAVAD&rclk=1,4.7,741,"957 N Gaffey St, San Pedro, CA 90731",+1 310-574-5555,https://www.campla.org/,mo 09:00-15:45; tu 09:00-15:45; we 09:00-15:45; th 09:00-15:45; fr 09:00-15:45; sa 09:00-15:45; su 09:00-15:45,2026-10-08,
VET_CLINIC,ARK ANIMAL HOSPITAL,https://www.google.com/maps/place/ARK+ANIMAL+HOSPITAL/data=!4m7!3m6!1s0x80c2b83c1e43bba5:0xf4021a9aa03922c5!8m2!3d34.0213217!4d-118.3274896!16s%2Fg%2F1v_vt502!19sChIJpbtDHjy4woARxSI5oJoaAvQ?authuser=0&hl=en&g_ep=EgoyMDI2MTAwNS4wIJJjKgBIAVAD&rclk=1,4.0,730,"2901 W Exposition Blvd, Los Angeles, CA 90018",+1 323-402-0039,https://arkanimalhospitalvets.com/,mo 08:00-17:00; tu 08:00-17:00; we 08:00-16:00; th 08:00-17:00; fr 08:00-17:00; sa 08:00-16:00; su closed,2026-10-08,
VET_CLINIC,Los Angeles Veterinary Center,https://www.google.com/maps/place/Los+Angeles+Veterinary+Center/data=!4m7!3m6!1s0x80c2c61185da30cf:0xd8f9dc0bd4954060!8m2!3d34.0478972!4d-118.2199241!16s%2Fg%2F11g6rjx8zh!19sChIJzzDahRHGwoARYECV1Avc-dg?authuser=0&hl=en&g_ep=EgoyMDI2MTAwNS4wIJJjKgBIAVAD&rclk=1,4.4,699,"109 N Boyle Ave, Los Angeles, CA 90033",+1 323-685-7131,https://laveterinarycenter.com/,mo 08:30-18:00; tu 08:30-18:00; we 08:30-18:00; th 08:30-18:00; fr 08:30-18:00; sa 08:30-16:00; su closed,2026-10-08,
VET_CLINIC,Overland Veterinary Clinic,https://www.google.com/maps/place/Overland+Veterinary+Clinic/data=!4m7!3m6!1s0x80c2ba34c0c2637f:0xc844df617f54986d!8m2!3d34.0247225!4d-118.4121343!16s%2Fg%2F1wyc4lqh!19sChIJf2PCwDS6woARbZhUf2HfRMg?authuser=0&hl=en&g_ep=EgoyMDI2MTAwNS4wIJJjKgBIAVAD&rclk=1,4.5,688,"3465 Overland Ave, Los Angeles, CA 90034",+1 310-559-2424,https://overlandvetclinic.com/?utm_source=gmb&utm_medium=organic&y_source=1_MTMzMjI3NDMtNzE1LWxvY2F0aW9uLndlYnNpdGU%3D,mo 07:00-17:00; tu 07:00-17:00; we 07:00-17:00; th 07:00-17:00; fr 07:00-17:00; sa 08:00-17:00; su 08:00-17:00,2026-10-08,
VET_CLINIC,BluePearl Pet Hospital,https://www.google.com/maps/place/BluePearl+Pet+Hospital/data=!4m7!3m6!1s0x80c2be08e1ff1ff1:0x9132695738383e0e!8m2!3d34.1415569!4d-118.3889462!16s%2Fg%2F1tfv5d39!19sChIJ8R__4Qi-woARDj44OFdpMpE?authuser=0&hl=en&g_ep=EgoyMDI2MTAwNS4wIJJjKgBIAVAD&rclk=1,3.1,669,"11730 Ventura Blvd, Studio City, CA 91604",+1 818-760-3882,https://bluepearlvet.com/hospital/los-angeles-ca/?utm_source=maps&utm_medium=google&utm_campaign=gbp,mo 24h; tu 24h; we 24h; th 24h; fr 24h; sa 24h; su 24h,2026-10-08,
VET_CLINIC,Ambassador Dog & Cat Hospital,https://www.google.com/maps/place/Ambassador+Dog+%26+Cat+Hospital/data=!4m7!3m6!1s0x80c2c767ebb6a5a5:0xe4f7376e7c88960f!8m2!3d34.0760964!4d-118.2889737!16s%2Fg%2F1tkq_jms!19sChIJpaW262fHwoARD5aIfG439-Q?authuser=0&hl=en&g_ep=EgoyMDI2MTAwNS4wIJJjKgBIAVAD&rclk=1,4.0,661,"3684 Beverly Blvd, Los Angeles, CA 90004",+1 213-384-1255,https://ambassadorpet.com/,mo 09:00-18:00; tu 09:00-18:00; we 09:00-18:00; th 08:00-18:00; fr 08:00-18:00; sa 08:00-18:00; su closed,2026-10-08,
VET_CLINIC,CAMP Clinic Northridge,https://www.google.com/maps/place/CAMP+Clinic+Northridge/data=!4m7!3m6!1s0x80c2971b96a3d7d9:0x6b99427afcf8bc50!8m2!3d34.2350188!4d-118.5547432!16s%2Fg%2F1tyyxccx!19sChIJ2dejlhuXwoARULz4_HpCmWs?authuser=0&hl=en&g_ep=EgoyMDI2MTAwNS4wIJJjKgBIAVAD&rclk=1,4.6,650,"19320 Nordhoff Way, Northridge, CA 91324",+1 310-574-5555,http://www.campla.org/,mo 09:00-16:00; tu 09:00-16:00; we 09:00-16:00; th 09:00-16:00; fr 09:00-16:00; sa 09:00-16:00; su closed,2026-10-08,
VET_CLINIC,Van Nuys Veterinary Clinic,https://www.google.com/maps/place/Van+Nuys+Veterinary+Clinic/data=!4m7!3m6!1s0x80c297ece2feebd9:0x9acc4375cdfd37dd!8m2!3d34.2018169!4d-118.4490004!16s%2Fg%2F11fkld4ws7!19sChIJ2ev-4uyXwoAR3Tf9zXVDzJo?authuser=0&hl=en&g_ep=EgoyMDI2MTAwNS4wIJJjKgBIAVAD&rclk=1,4.4,622,"7215 Van Nuys Blvd, Van Nuys, CA 91405",+1 818-960-6383,https://vannuysveterinarian.com/,mo 08:30-20:00; tu 08:30-20:00; we 08:30-20:00; th 08:30-20:00; fr 08:30-20:00; sa 09:00-18:00; su closed,2026-10-08,
VET_CLINIC,Mohawk Alley Animal Hospital,https://www.google.com/maps/place/Mohawk+Alley+Animal+Hospital/data=!4m7!3m6!1s0x80c2c710c9bbf70f:0xc24585f1996ad1cd!8m2!3d34.0774409!4d-118.2659022!16s%2Fg%2F1pty045lk!19sChIJD_e7yRDHwoARzdFqmfGFRcI?authuser=0&hl=en&g_ep=EgoyMDI2MTAwNS4wIJJjKgBIAVAD&rclk=1,4.4,594,"2162 Sunset Blvd, Los Angeles, CA 90026",+1 213-201-7900,https://mohawkalleyanimalhospital.com/,mo 08:00-18:00; tu 08:00-18:00; we 08:00-18:00; th 08:00-18:00; fr 08:00-18:00; sa 08:00-18:00; su 08:00-18:00,2026-10-08,
VET_CLINIC,Western Animal Hospital,https://www.google.com/maps/place/Western+Animal+Hospital/data=!4m7!3m6!1s0x80c2b87a9033b317:0x122fb8915c3448a6!8m2!3d34.041606!4d-118.309199!16s%2Fg%2F1263_sjk7!19sChIJF7MzkHq4woARpkg0XJG4LxI?authuser=0&hl=en&g_ep=EgoyMDI2MTAwNS4wIJJjKgBIAVAD&rclk=1,3.7,585,"1803 S Western Ave, Los Angeles, CA 90006",+1 323-230-3726,https://www.westernanimalhosp.com/,mo 08:00-19:00; tu 08:00-19:00; we 08:00-19:00; th 08:00-19:00; fr 08:00-19:00; sa 08:00-18:00; su 10:00-14:00,2026-10-08,
VET_CLINIC,"LAASER Los Angeles Animal Specialty, Emergency & Rehabilitation","https://www.google.com/maps/place/LAASER+Los+Angeles+Animal+Specialty,+Emergency+%26+Rehabilitation/data=!4m7!3m6!1s0x80c2c742654653d7:0x56f40be7571f39c6!8m2!3d34.1065911!4d-118.2405055!16s%2Fg%2F11pf8pdccq!19sChIJ11NGZULHwoARxjkfV-cL9FY?authuser=0&hl=en&g_ep=EgoyMDI2MTAwNS4wIJJjKgBIAVAD&rclk=1",3.6,566,"2500 N San Fernando Rd, Los Angeles, CA 90065",+1 323-800-8387,https://laaser.vet/,mo 24h; tu 24h; we 24h; th 24h; fr 24h; sa 24h; su 24h,2026-10-08,
VET_CLINIC,VCA West Los Angeles Animal Hospital,https://www.google.com/maps/place/VCA+West+Los+Angeles+Animal+Hospital/data=!4m7!3m6!1s0x80c2bb7657d8d6f7:0xafcb4cc0178231bf!8m2!3d34.044409!4d-118.4411!16s%2Fg%2F11cn0pvygb!19sChIJ99bYV3a7woARvzGCF8BMy68?authuser=0&hl=en&g_ep=EgoyMDI2MTAwNS4wIJJjKgBIAVAD&rclk=1,3.4,537,"1900 S Sepulveda Blvd, Los Angeles, CA 90025",+1 310-473-2951,https://vcahospitals.com/west-los-angeles?utm_source=maps&utm_medium=organic&utm_campaign=AU_101,mo 24h; tu 24h; we 24h; th 24h; fr 24h; sa 24h; su 24h,2026-10-08,
VET_CLINIC,Shatto Veterinary Center,https://www.google.com/maps/place/Shatto+Veterinary+Center/data=!4m7!3m6!1s0x80c2c77a433d3555:0xe3f60d3dae2cad48!8m2!3d34.0635054!4d-118.2895915!16s%2Fg%2F11cr_06cjz!19sChIJVTU9Q3rHwoARSK0srj0N9uM?authuser=0&hl=en&g_ep=EgoyMDI2MTAwNS4wIJJjKgBIAVAD&rclk=1,4.2,525,"3130 W 6th St, Los Angeles, CA 90020",+1 213-352-1252,https://shattovet.com/,mo 09:00-18:00; tu 09:00-18:00; we 09:00-18:00; th 09:00-18:00; fr 09:00-18:00; sa closed; su closed,2026-10-08,
VET_CLINIC,Veterinary Care Center,https://www.google.com/maps/place/Veterinary+Care+Center/data=!4m7!3m6!1s0x80c2bf2de59e0439:0x39b08f26a94db2d1!8m2!3d34.0913267!4d-118.3308303!16s%2Fg%2F11cjj3kcpj!19sChIJOQSe5S2_woAR0bJNqSaPsDk?authuser=0&hl=en&g_ep=EgoyMDI2MTAwNS4wIJJjKgBIAVAD&rclk=1,4.2,517,"6455 Santa Monica Blvd, Los Angeles, CA 90038",+1 323-919-6666,http://www.veterinarycarecenter.com/,mo 07:00-21:00; tu 07:00-21:00; we 07:00-21:00; th 07:00-21:00; fr 07:00-21:00; sa 07:00-19:00; su 07:00-19:00,2026-10-08,
VET_CLINIC,VCA Animal Specialty Group,https://www.google.com/maps/place/VCA+Animal+Specialty+Group/data=!4m7!3m6!1s0x80c2c0f573767967:0x5d5d487803bfde14!8m2!3d34.1413464!4d-118.273537!16s%2Fg%2F1tvgvl_n!19sChIJZ3l2c_XAwoARFN6_A3hIXV0?authuser=0&hl=en&g_ep=EgoyMDI2MTAwNS4wIJJjKgBIAVAD&rclk=1,3.6,509,"4641 Colorado Blvd, Los Angeles, CA 90039",+1 818-244-7977,https://vcahospitals.com/animal-specialty-group-los-angeles?utm_source=maps&utm_medium=organic&utm_campaign=AU_1129,mo 24h; tu 24h; we 24h; th 24h; fr 24h; sa 24h; su 24h,2026-10-08,
VET_CLINIC,Eagle Rock Pet Care,https://www.google.com/maps/place/Eagle+Rock+Pet+Care/data=!4m7!3m6!1s0x80c2c149ce2a14b7:0x338b9e5ec577643d!8m2!3d34.1199095!4d-118.2285406!16s%2Fg%2F11c752tycs!19sChIJtxQqzknBwoARPWR3xV6eizM?authuser=0&hl=en&g_ep=EgoyMDI2MTAwNS4wIJJjKgBIAVAD&rclk=1,3.6,500,"4000 N Eagle Rock Blvd, Los Angeles, CA 90065",+1 323-794-0566,https://eaglerockpetcare.com/,mo 09:00-18:00; tu 09:00-18:00; we 09:00-18:00; th 09:00-18:00; fr 09:00-18:00; sa closed; su closed,2026-10-08,
VET_CLINIC,Topanga Veterinary Clinic,https://www.google.com/maps/place/Topanga+Veterinary+Clinic/data=!4m7!3m6!1s0x80c29cc9848c224d:0xec36851463dd7d13!8m2!3d34.257564!4d-118.605623!16s%2Fg%2F11f40q9zzj!19sChIJTSKMhMmcwoARE33dYxSFNuw?authuser=0&hl=en&g_ep=EgoyMDI2MTAwNS4wIJJjKgBIAVAD&rclk=1,3.9,486,"21913 Devonshire St, Chatsworth, CA 91311",+1 818-280-3530,https://topangaveterinaryclinic.com/,mo closed; tu 09:00-23:30; we 09:00-23:30; th 09:00-23:30; fr 09:00-23:30; sa 09:00-24:00; su 09:00-24:00,2026-10-08,
VET_CLINIC,Westchester Veterinary Center and Cat Clinic,https://www.google.com/maps/place/Westchester+Veterinary+Center+and+Cat+Clinic/data=!4m7!3m6!1s0x80c2b0d2534164cd:0x708df341f5c392a1!8m2!3d33.9556232!4d-118.3967811!16s%2Fg%2F1ptytdlnd!19sChIJzWRBU9KwwoARoZLD9UHzjXA?authuser=0&hl=en&g_ep=EgoyMDI2MTAwNS4wIJJjKgBIAVAD&rclk=1,4.6,460,"8911 S Sepulveda Blvd, Los Angeles, CA 90045",+1 310-693-4079,https://westchestervet.com/?utm_source=google&utm_medium=gbp&utm_campaign=gbp,"mo 08:00-12:00,13:00-18:00; tu 08:00-12:00,13:00-18:00; we 08:00-12:00,13:00-18:00; th 08:00-12:00,13:00-18:00; fr 08:00-12:00,13:00-18:00; sa 08:00-12:00,13:00-16:00; su 08:00-12:00,13:00-16:00",2026-10-08,
VET_CLINIC,Best Friends Animal Hospital,https://www.google.com/maps/place/Best+Friends+Animal+Hospital/data=!4m7!3m6!1s0x80c2960bbdd52e57:0x584741ce3aa6fdf8!8m2!3d34.1693466!4d-118.3970533!16s%2Fg%2F1tf87bky!19sChIJVy7VvQuWwoAR-P2mOs5BR1g?authuser=0&hl=en&g_ep=EgoyMDI2MTAwNS4wIJJjKgBIAVAD&rclk=1,4.6,458,"5425 Laurel Canyon Blvd, Valley Village, CA 91607",+1 818-766-2140,https://bestfriendsanimalhospital.com/?utm_source=GMB-Website&utm_medium=GMB%20Page&utm_campaign=GMB%20Page,mo 07:30-19:00; tu 07:30-19:00; we 07:30-19:00; th 07:30-19:00; fr 07:30-19:00; sa closed; su closed,2026-10-08,
VET_CLINIC,Echo Park Veterinary Hospital,https://www.google.com/maps/place/Echo+Park+Veterinary+Hospital/data=!4m7!3m6!1s0x80c2c789642c28bf:0xc8bd4090be8ac745!8m2!3d34.087162!4d-118.260053!16s%2Fg%2F1w0h7sfb!19sChIJvygsZInHwoARRceKvpBAvcg?authuser=0&hl=en&g_ep=EgoyMDI2MTAwNS4wIJJjKgBIAVAD&rclk=1,3.9,447,"1739 Glendale Blvd, Echo Park, CA 90026",+1 323-663-1107,https://echoparkvethospital.com/,mo 09:00-18:00; tu 09:00-18:00; we 09:00-18:00; th 09:00-18:00; fr 09:00-18:00; sa 09:00-17:00; su 09:00-17:00,2026-10-08,
VET_CLINIC,Highland Park Animal Hospital,https://www.google.com/maps/place/Highland+Park+Animal+Hospital/data=!4m7!3m6!1s0x80c2c3ff726926d5:0x149ea103214dc8e7!8m2!3d34.1203536!4d-118.2023189!16s%2Fg%2F1tjg_mx9!19sChIJ1SZpcv_DwoAR58hNIQOhnhQ?authuser=0&hl=en&g_ep=EgoyMDI2MTAwNS4wIJJjKgBIAVAD&rclk=1,4.3,413,"5210 York Blvd, Los Angeles, CA 90042",+1 323-254-6868,http://highlandparkanimalhosp.com/,"mo 08:00-12:30,14:30-18:00; tu 08:00-12:30,14:30-18:00; we 08:00-12:30,14:30-18:00; th 08:00-12:30,14:30-18:00; fr 08:00-12:30,14:30-18:00; sa closed; su closed",2026-10-08,
VET_CLINIC,Tarzana Pet Clinic,https://www.google.com/maps/place/Tarzana+Pet+Clinic/data=!4m7!3m6!1s0x80c29909bad140fb:0xe7778f5f8937442a!8m2!3d34.1719404!4d-118.5352795!16s%2Fg%2F1tnjjv68!19sChIJ-0DRugmZwoARKkQ3iV-Pd-c?authuser=0&hl=en&g_ep=EgoyMDI2MTAwNS4wIJJjKgBIAVAD&rclk=1,4.8,401,"18452 Burbank Blvd, Tarzana, CA 91356",+1 818-342-3142,https://tarzanapetclinic.com/,mo 08:00-17:00; tu 08:00-17:00; we 08:00-17:00; th 08:00-17:00; fr 08:00-17:00; sa 08:00-13:00; su closed,2026-10-08,
VET_CLINIC,Beverly Virgil Animal Hospital,https://www.google.com/maps/place/Beverly+Virgil+Animal+Hospital/data=!4m7!3m6!1s0x80c2c768bf284183:0x43b6ac0a95cf4f2f!8m2!3d34.0736397!4d-118.2863402!16s%2Fg%2F1tgcyb1j!19sChIJg0Eov2jHwoARL0_PlQqstkM?authuser=0&hl=en&g_ep=EgoyMDI2MTAwNS4wIJJjKgBIAVAD&rclk=1,3.9,400,"3363 W 1st St, Los Angeles, CA 90004",+1 213-387-3388,http://www.213pets.com/,"mo 08:00-11:30,14:00-17:30; tu 08:00-11:30,14:00-17:30; we 08:00-11:30,14:00-17:30; th 08:00-11:30,14:00-17:30; fr 08:00-11:30,14:00-17:30; sa 08:30-14:30; su closed",2026-10-08,
VET_CLINIC,McGrath Veterinary Center,https://www.google.com/maps/place/McGrath+Veterinary+Center/data=!4m7!3m6!1s0x80c297eb5fb628f9:0x8c451cad095f9c89!8m2!3d34.154004!4d-118.4687179!16s%2Fg%2F11cmt5g5sh!19sChIJ-Si2X-uXwoARiZxfCa0cRYw?authuser=0&hl=en&g_ep=EgoyMDI2MTAwNS4wIJJjKgBIAVAD&rclk=1,4.4,391,"15374 Ventura Blvd, Sherman Oaks, CA 91403",+1 818-796-4550,https://mcgrathvet.com/?utm_source=GMB%20-%20Website&utm_medium=GMB&utm_campaign=GMB,mo 08:00-20:00; tu 08:00-20:00; we 08:00-20:00; th 08:00-20:00; fr 08:00-20:00; sa 08:00-20:00; su 08:00-20:00,2026-10-08,
VET_CLINIC,Studio City Animal Hospital,https://www.google.com/maps/place/Studio+City+Animal+Hospital/data=!4m7!3m6!1s0x80c2be08fc0be93d:0x49dccf49a2d26f3a!8m2!3d34.1419606!4d-118.3895932!16s%2Fg%2F1td20jgr!19sChIJPekL_Ai-woAROm_SoknP3Ek?authuser=0&hl=en&g_ep=EgoyMDI2MTAwNS4wIJJjKgBIAVAD&rclk=1,4.5,388,"11800 Ventura Blvd, Studio City, CA 91604",+1 818-769-1338,https://www.studiocityanimalhospital.com/,mo 07:30-19:00; tu 07:30-19:00; we 07:30-19:00; th 07:30-19:00; fr 07:30-19:00; sa 07:30-19:00; su 09:00-17:00,2026-10-08,
VET_CLINIC,Culver Palms Animal Hospital,https://www.google.com/maps/place/Culver+Palms+Animal+Hospital/data=!4m7!3m6!1s0x80c2ba174bea62cf:0xa61884ace9c7426b!8m2!3d34.0011492!4d-118.4166128!16s%2Fg%2F1x5qt11c!19sChIJz2LqSxe6woARa0LH6ayEGKY?authuser=0&hl=en&g_ep=EgoyMDI2MTAwNS4wIJJjKgBIAVAD&rclk=1,4.3,388,"11511 W Washington Blvd, Los Angeles, CA 90066",+1 310-398-7256,http://www.culverpalmsanimalhospital.com/,mo 07:30-18:00; tu 07:30-18:00; we 07:30-18:00; th 07:30-18:00; fr 07:30-18:00; sa 08:00-16:00; su 10:00-18:00,2026-10-08,
VET_CLINIC,Mid Valley Veterinary Hospital,https://www.google.com/maps/place/Mid+Valley+Veterinary+Hospital/data=!4m7!3m6!1s0x80c29a1f81f911bf:0xc4595034e1525dbf!8m2!3d34.208128!4d-118.5095814!16s%2Fg%2F1tfpvj8y!19sChIJvxH5gR-awoARv11S4TRQWcQ?authuser=0&hl=en&g_ep=EgoyMDI2MTAwNS4wIJJjKgBIAVAD&rclk=1,3.7,385,"17280 Saticoy St, Van Nuys, CA 91406",+1 818-705-4585,http://www.midvalleyvets.com/,mo 10:00-20:00; tu 10:00-20:00; we 10:00-20:00; th 10:00-20:00; fr 10:00-20:00; sa 09:00-18:00; su 09:00-18:00,2026-10-08,
VET_CLINIC,Vermont Animal Hospital,https://www.google.com/maps/place/Vermont+Animal+Hospital/data=!4m7!3m6!1s0x80c2c72382c1af6b:0xaef34c6542843e27!8m2!3d34.0450616!4d-118.2911732!16s%2Fg%2F11h2fl21hl!19sChIJa6_BgiPHwoARJz6EQmVM864?authuser=0&hl=en&g_ep=EgoyMDI2MTAwNS4wIJJjKgBIAVAD&rclk=1,4.2,380,"1502 S Vermont Ave, Los Angeles, CA 90006",+1 213-263-9500,https://www.vermontanimalhospital.com/,"mo 08:00-12:00,14:00-16:30; tu 08:00-12:00,14:00-16:30; we 08:00-12:00,14:00-16:30; th 08:00-12:00,14:00-16:30; fr 08:00-12:00,14:00-16:30; sa 08:00-12:30; su closed",2026-10-08,
VET_CLINIC,DTLAvets - Wellness and Urgent Care Services,https://www.google.com/maps/place/DTLAvets+-+Wellness+and+Urgent+Care+Services/data=!4m7!3m6!1s0x80c2c64bd011e595:0x8a54af86a80826cb!8m2!3d34.0498829!4d-118.2477653!16s%2Fg%2F11rvt39d3!19sChIJleUR0EvGwoARyyYIqIavVIo?authuser=0&hl=en&g_ep=EgoyMDI2MTAwNS4wIJJjKgBIAVAD&rclk=1,4.4,361,"333 S Spring St, Los Angeles, CA 90013",+1 213-613-1537,http://dtlavets.com/,mo 08:00-18:00; tu 08:00-18:00; we 08:00-18:00; th 08:00-18:00; fr 08:00-18:00; sa 08:00-12:00; su closed,2026-10-08,
VET_CLINIC,Veterinary Skin & Ear,https://www.google.com/maps/place/Veterinary+Skin+%26+Ear/data=!4m7!3m6!1s0x80c2bb9c96cb5c5f:0xf5100bd06993c4b8!8m2!3d34.0362561!4d-118.4415037!16s%2Fg%2F11fwj_8vwy!19sChIJX1zLlpy7woARuMSTadALEPU?authuser=0&hl=en&g_ep=EgoyMDI2MTAwNS4wIJJjKgBIAVAD&rclk=1,4.7,343,"2237 Corinth Ave, Los Angeles, CA 90064",+1 310-855-3499,https://veterinaryskinandear.com/,mo 07:00-17:00; tu 07:00-19:00; we 07:00-17:00; th 07:00-19:00; fr 07:00-17:00; sa 07:30-15:30; su closed,2026-10-08,
VET_CLINIC,Aloro Pet Hospital,https://www.google.com/maps/place/Aloro+Pet+Hospital/data=!4m7!3m6!1s0x80c29606e76786dd:0xd7a76dc72b43e319!8m2!3d34.1590043!4d-118.3963271!16s%2Fg%2F1wc31hpl!19sChIJ3YZn5waWwoARGeNDK8dtp9c?authuser=0&hl=en&g_ep=EgoyMDI2MTAwNS4wIJJjKgBIAVAD&rclk=1,4.6,319,"4846 Laurel Canyon Blvd, Valley Village, CA 91607",+1 818-766-8197,https://www.aloropethospital.com/,mo 08:00-17:00; tu 08:00-17:00; we 08:00-17:00; th 08:00-17:00; fr 08:00-17:00; sa 09:00-17:00; su closed,2026-10-08,
VET_CLINIC,South Shores Pet Clinic,https://www.google.com/maps/place/South+Shores+Pet+Clinic/data=!4m7!3m6!1s0x80dd49cd46bfb5bf:0xcff25a3e91ae92d0!8m2!3d33.7234008!4d-118.3116513!16s%2Fg%2F1thsrpp6!19sChIJv7W_Rs1J3YAR0JKukT5a8s8?authuser=0&hl=en&g_ep=EgoyMDI2MTAwNS4wIJJjKgBIAVAD&rclk=1,4.5,318,"2318 S Western Ave, San Pedro, CA 90732",+1 310-731-5847,https://sspet.com/,mo 08:00-17:00; tu 08:00-17:00; we 08:00-18:00; th 08:00-17:00; fr 08:00-17:00; sa 08:00-15:00; su closed,2026-10-08,
VET_CLINIC,Beverly Robertson Veterinary Clinic,https://www.google.com/maps/place/Beverly+Robertson+Veterinary+Clinic/data=!4m7!3m6!1s0x80c2b9646c825871:0x392feed0b487f89e!8m2!3d34.0464615!4d-118.3857629!16s%2Fg%2F1q66xntpb!19sChIJcViCbGS5woARnviHtNDuLzk?authuser=0&hl=en&g_ep=EgoyMDI2MTAwNS4wIJJjKgBIAVAD&rclk=1,4.5,318,"1800 S Robertson Blvd #8, Los Angeles, CA 90035",+1 310-464-0264,http://www.beverlyrobertsonvet.com/,mo 08:00-18:00; tu 08:00-18:00; we 08:00-18:00; th 08:00-18:00; fr 08:00-18:00; sa closed; su closed,2026-10-08,
VET_CLINIC,Marina Veterinary Center,https://www.google.com/maps/place/Marina+Veterinary+Center/data=!4m7!3m6!1s0x80c2b0eb1500103d:0x18b2235ff6a5ef1!8m2!3d33.9608446!4d-118.4203963!16s%2Fg%2F12hl_8bwh!19sChIJPRAAFeuwwoAR8V5q_zUiiwE?authuser=0&hl=en&g_ep=EgoyMDI2MTAwNS4wIJJjKgBIAVAD&rclk=1,4.5,313,"8421 Lincoln Blvd, Los Angeles, CA 90045",+1 310-987-4130,https://www.marinavet.com/?utm_source=google&utm_medium=gbp&utm_campaign=gbp,,2026-10-08,hours: none (not published on Maps)
VET_CLINIC,Cahuenga Veterinary Hospital,https://www.google.com/maps/place/Cahuenga+Veterinary+Hospital/data=!4m7!3m6!1s0x80c2b8cc9ecffc01:0x19ee219f071c7ac0!8m2!3d34.0861143!4d-118.3291992!16s%2Fg%2F1tscp88x!19sChIJAfzPnsy4woARwHocB58h7hk?authuser=0&hl=en&g_ep=EgoyMDI2MTAwNS4wIJJjKgBIAVAD&rclk=1,4.4,307,"825 N Cahuenga Blvd, Los Angeles, CA 90038",+1 323-462-0660,https://www.cahuengaveterinaryhospital.com/,mo 08:00-18:00; tu 08:00-18:00; we 08:00-18:00; th 08:00-18:00; fr 08:00-18:00; sa 08:30-15:00; su closed,2026-10-08,
VET_CLINIC,VCA Marina Bay Cities Animal Hospital,https://www.google.com/maps/place/VCA+Marina+Bay+Cities+Animal+Hospital/data=!4m7!3m6!1s0x80c2ba8db7109c17:0x5ec2e40cd46f91e7!8m2!3d33.99249!4d-118.449153!16s%2Fg%2F1tmqm16k!19sChIJF5wQt426woAR55Fv1Azkwl4?authuser=0&hl=en&g_ep=EgoyMDI2MTAwNS4wIJJjKgBIAVAD&rclk=1,4.1,303,"2506 Lincoln Blvd, Venice, CA 90291",+1 310-306-8707,https://vcahospitals.com/marina?utm_source=maps&utm_medium=organic&utm_campaign=AU_153,mo 07:00-18:00; tu 07:00-18:00; we 07:00-18:00; th 07:00-18:00; fr 07:00-18:00; sa 08:00-17:00; su 09:00-16:00,2026-10-08,
VET_CLINIC,Veterinary Medical Center of Woodland Hills,https://www.google.com/maps/place/Veterinary+Medical+Center+of+Woodland+Hills/data=!4m7!3m6!1s0x80c29e8f7a4e4afb:0x746cd7bcb7f30703!8m2!3d34.1672826!4d-118.6181084!16s%2Fg%2F1vnrl8g6!19sChIJ-0pOeo-ewoARAwfzt7zXbHQ?authuser=0&hl=en&g_ep=EgoyMDI2MTAwNS4wIJJjKgBIAVAD&rclk=1,4.7,301,"22544 Ventura Blvd, Woodland Hills, CA 91364",+1 818-225-1661,https://veterinarymedicalcenterwoodlandhills.com/,mo 08:00-18:00; tu 08:00-18:00; we 08:00-18:00; th 08:00-18:00; fr 08:00-18:00; sa 08:00-13:00; su closed,2026-10-08,
VET_CLINIC,Park La Brea Veterinary Care,https://www.google.com/maps/place/Park+La+Brea+Veterinary+Care/data=!4m7!3m6!1s0x80c2b93a6802c5b9:0x747902e95d3b6d83!8m2!3d34.0677875!4d-118.3617096!16s%2Fg%2F1v_z951_!19sChIJucUCaDq5woARg207XekCeXQ?authuser=0&hl=en&g_ep=EgoyMDI2MTAwNS4wIJJjKgBIAVAD&rclk=1,4.5,297,"477 S Fairfax Ave, Los Angeles, CA 90036",+1 323-931-1210,http://www.parklabreavets.com/,mo 08:00-17:00; tu 08:00-17:00; we 08:00-17:00; th 08:00-17:00; fr 08:00-17:00; sa 08:00-16:00; su closed,2026-10-08,
VET_CLINIC,Florence Pet Clinic,https://www.google.com/maps/place/Florence+Pet+Clinic/data=!4m7!3m6!1s0x80c2c91125e19c69:0x77ccd9d9d6b582b1!8m2!3d33.9750965!4d-118.2359554!16s%2Fg%2F1tp08cw2!19sChIJaZzhJRHJwoARsYK11tnZzHc?authuser=0&hl=en&g_ep=EgoyMDI2MTAwNS4wIJJjKgBIAVAD&rclk=1,4.0,292,"2027 E Florence Ave, Los Angeles, CA 90001",+1 323-585-6486,,mo 10:00-17:45; tu 10:00-17:45; we closed; th 10:00-17:45; fr 10:00-17:45; sa 09:00-13:00; su closed,2026-10-08,
VET_CLINIC,Green Dog Dental and Veterinary Center,https://www.google.com/maps/place/Green+Dog+Dental+and+Veterinary+Center/data=!4m7!3m6!1s0x80c2962c6953ca01:0x5c5410c70fc9ff75!8m2!3d34.1491934!4d-118.4357728!16s%2Fg%2F11b75f8k97!19sChIJAcpTaSyWwoARdf_JD8cQVFw?authuser=0&hl=en&g_ep=EgoyMDI2MTAwNS4wIJJjKgBIAVAD&rclk=1,4.6,291,"13907 Ventura Blvd #101, Sherman Oaks, CA 91423",+1 310-606-2407,https://www.greendogdental.com/locations/sherman-oaks,mo 09:00-18:00; tu closed; we closed; th closed; fr 09:00-18:00; sa closed; su closed,2026-10-08,
VET_CLINIC,Affordable Animal Hospital Silver Lake,https://www.google.com/maps/place/Affordable+Animal+Hospital+Silver+Lake/data=!4m7!3m6!1s0x80c2c72ac4619ecb:0xb47698ebfe1116e9!8m2!3d34.1052772!4d-118.2547245!16s%2Fg%2F1tfz0ct0!19sChIJy55hxCrHwoAR6RYR_uuYdrQ?authuser=0&hl=en&g_ep=EgoyMDI2MTAwNS4wIJJjKgBIAVAD&rclk=1,3.6,291,"2417 Riverside Dr, Los Angeles, CA 90039",+1 323-664-2188,https://www.affordableanimalhospitalsilverlake.com/?utm_source=GMBlisting&utm_medium=organic&utm_campaign=gmb,mo 09:00-17:30; tu 09:00-17:30; we 09:00-17:30; th 09:00-17:30; fr 09:00-17:30; sa 09:00-17:30; su 09:00-17:30,2026-10-08,
VET_CLINIC,Balboa Veterinary Medical Center,https://www.google.com/maps/place/Balboa+Veterinary+Medical+Center/data=!4m7!3m6!1s0x80c29a91e4890a53:0xa99b2dead488f45d!8m2!3d34.2590475!4d-118.5031149!16s%2Fg%2F1v2f0sdk!19sChIJUwqJ5JGawoARXfSI1Ootm6k?authuser=0&hl=en&g_ep=EgoyMDI2MTAwNS4wIJJjKgBIAVAD&rclk=1,4.3,282,"10361 Balboa Blvd, Granada Hills, CA 91344",+1 818-368-2846,https://balboaveterinarycenter.com/,mo 08:00-18:00; tu 08:00-18:00; we 08:00-18:00; th 08:00-18:00; fr 08:00-18:00; sa 08:00-16:00; su closed,2026-10-08,
VET_CLINIC,Panorama Pet Hospital,https://www.google.com/maps/place/Panorama+Pet+Hospital/data=!4m7!3m6!1s0x80c29731c4f59359:0x824debcd0beef911!8m2!3d34.2136105!4d-118.4495601!16s%2Fg%2F1tm12w2f!19sChIJWZP1xDGXwoAREfnuC83rTYI?authuser=0&hl=en&g_ep=EgoyMDI2MTAwNS4wIJJjKgBIAVAD&rclk=1,4.5,278,"14519 Arminta St, Panorama City, CA 91402",+1 818-786-4300,https://www.panoramapet.com/,mo 09:00-19:00; tu 09:00-19:00; we 09:00-19:00; th 09:00-19:00; fr 09:00-19:00; sa 09:00-19:00; su closed,2026-10-08,
VET_CLINIC,Mixlab,https://www.google.com/maps/place/Mixlab/data=!4m7!3m6!1s0x80c2bb72c1ff01f7:0x8bba00fa9623e0d4!8m2!3d34.0346482!4d-118.4456426!16s%2Fg%2F11j5v3711w!19sChIJ9wH_wXK7woAR1OAjlvoAuos?authuser=0&hl=en&g_ep=EgoyMDI2MTAwNS4wIJJjKgBIAVAD&rclk=1,4.6,276,"2223 Federal Ave, Los Angeles, CA 90064",+1 888-901-4480,https://www.mixlab.com/?y_source=1_MjY4MzcyMzctNzE1LWxvY2F0aW9uLndlYnNpdGU%3D,,2026-10-08,hours: none (not published on Maps)
VET_CLINIC,Harbor Pines Veterinary Center,https://www.google.com/maps/place/Harbor+Pines+Veterinary+Center/data=!4m7!3m6!1s0x80dd4a0ddf2e1e47:0xae43c1fd39f691e3!8m2!3d33.7801535!4d-118.3095044!16s%2Fg%2F1q5bmpgw6!19sChIJRx4u3w1K3YAR45H2Of3BQ64?authuser=0&hl=en&g_ep=EgoyMDI2MTAwNS4wIJJjKgBIAVAD&rclk=1,4.6,274,"26640 Western Ave, Harbor City, CA 90710",+1 310-517-1832,http://harborpinesveterinarycenter.com/,mo 07:00-19:00; tu 07:00-19:00; we 07:00-19:00; th 07:00-19:00; fr 07:00-19:00; sa 08:00-14:00; su closed,2026-10-08,
VET_CLINIC,VCA Veterinary Specialists of the Valley,https://www.google.com/maps/place/VCA+Veterinary+Specialists+of+the+Valley/data=!4m7!3m6!1s0x80c29e9734b1bb47:0x59b0c25cfb7f5def!8m2!3d34.168932!4d-118.609033!16s%2Fg%2F1tdd0ywl!19sChIJR7uxNJeewoAR711_-1zCsFk?authuser=0&hl=en&g_ep=EgoyMDI2MTAwNS4wIJJjKgBIAVAD&rclk=1,3.7,271,"22123 Ventura Blvd, Woodland Hills, CA 91364",+1 818-883-8387,https://vcahospitals.com/veterinary-specialists-valley?utm_source=maps&utm_medium=organic&utm_campaign=AU_938,mo 07:30-24:00; tu 24h; we 24h; th 24h; fr 24h; sa 07:30-24:00; su 07:30-24:00,2026-10-08,
VET_CLINIC,Modern Animal West Hollywood,https://www.google.com/maps/place/Modern+Animal+West+Hollywood/data=!4m7!3m6!1s0x80c2b975eeefa2bf:0x4f60ed68bdb50310!8m2!3d34.0758119!4d-118.3666205!16s%2Fg%2F11h8wv9hnz!19sChIJv6Lv7nW5woAREAO1vWjtYE8?authuser=0&hl=en&g_ep=EgoyMDI2MTAwNS4wIJJjKgBIAVAD&rclk=1,4.5,270,"8122 Beverly Blvd, Los Angeles, CA 90048",+1 213-642-2188,https://www.modernanimal.com/clinics/west-hollywood/,mo 08:00-18:00; tu 08:00-18:00; we 08:00-18:00; th 08:00-18:00; fr 08:00-18:00; sa 08:00-18:00; su closed,2026-10-08,
VET_CLINIC,Five Star Veterinary Center,https://www.google.com/maps/place/Five+Star+Veterinary+Center/data=!4m7!3m6!1s0x80c28e29a089ba5b:0xe0e31c704190c2fa!8m2!3d34.3093875!4d-118.4320831!16s%2Fg%2F1tfydv5y!19sChIJW7qJoCmOwoAR-sKQQXAc4-A?authuser=0&hl=en&g_ep=EgoyMDI2MTAwNS4wIJJjKgBIAVAD&rclk=1,4.4,262,"13725 Foothill Blvd, Sylmar, CA 91342",+1 818-362-6599,http://www.fivestarvet.com/,"mo 08:00-12:00,14:00-18:00; tu 08:00-12:00,14:00-18:00; we 08:00-12:00,14:00-18:00; th 08:00-12:00,14:00-18:00; fr 08:00-12:00,14:00-18:00; sa 08:00-14:00; su closed",2026-10-08,
VET_CLINIC,Winnetka Animal Clinic,https://www.google.com/maps/place/Winnetka+Animal+Clinic/data=!4m7!3m6!1s0x80c29bf367d0dee7:0x32a47f01fe3808c9!8m2!3d34.2087265!4d-118.5732553!16s%2Fg%2F1tdf1m2w!19sChIJ597QZ_ObwoARyQg4_gF_pDI?authuser=0&hl=en&g_ep=EgoyMDI2MTAwNS4wIJJjKgBIAVAD&rclk=1,4.6,261,"20203 Saticoy St, Winnetka, CA 91306",+1 818-341-8373,http://www.winnetkaanimalclinic.com/,mo 08:00-17:00; tu 08:00-17:00; we 08:00-17:00; th 08:00-17:00; fr 08:00-17:00; sa 08:00-13:00; su closed,2026-10-08,
VET_CLINIC,Animal Urgent Care K-Town,https://www.google.com/maps/place/Animal+Urgent+Care+K-Town/data=!4m7!3m6!1s0x80c2b9a4413fcc6b:0xc98b236e8d49769e!8m2!3d34.0529365!4d-118.301513!16s%2Fg%2F11y2nxw9bx!19sChIJa8w_QaS5woARnnZJjW4ji8k?authuser=0&hl=en&g_ep=EgoyMDI2MTAwNS4wIJJjKgBIAVAD&rclk=1,4.2,246,"3035 W Olympic Blvd, Los Angeles, CA 90006",+1 323-302-5200,https://www.animalurgentcare.vet/,mo 12:00-22:00; tu 12:00-22:00; we 12:00-22:00; th 12:00-22:00; fr 12:00-22:00; sa 12:00-22:00; su 12:00-22:00,2026-10-08,
VET_CLINIC,The Melrose Vet,https://www.google.com/maps/place/The+Melrose+Vet/data=!4m7!3m6!1s0x80c2bf655ee61643:0xcc80543d6b70bafc!8m2!3d34.0834583!4d-118.3707067!16s%2Fg%2F11hm3ncqf3!19sChIJQxbmXmW_woAR_Lpwaz1UgMw?authuser=0&hl=en&g_ep=EgoyMDI2MTAwNS4wIJJjKgBIAVAD&rclk=1,4.1,240,"8304 Melrose Ave, Los Angeles, CA 90069",+1 323-310-5555,https://melroseveterinary.com/,mo 08:00-19:00; tu 09:00-18:00; we 09:00-18:00; th 08:00-19:00; fr 08:00-19:00; sa 08:00-17:00; su closed,2026-10-08,
VET_CLINIC,Roxford Veterinary Clinic,https://www.google.com/maps/place/Roxford+Veterinary+Clinic/data=!4m7!3m6!1s0x80c28feabcba5f33:0x156204c44ed54991!8m2!3d34.318465!4d-118.4643772!16s%2Fg%2F1tg_xbs9!19sChIJM1-6vOqPwoARkUnVTsQEYhU?authuser=0&hl=en&g_ep=EgoyMDI2MTAwNS4wIJJjKgBIAVAD&rclk=1,4.5,235,"13571 Glenoaks Blvd, Sylmar, CA 91342",+1 818-364-2394,https://roxford-veterinary-clinic.slue.io/,mo 08:00-18:00; tu 08:00-19:00; we 12:00-18:00; th 08:00-18:00; fr 08:00-18:00; sa 09:00-14:00; su closed,2026-10-08,
VET_CLINIC,valley animal hospital,https://www.google.com/maps/place/valley+animal+hospital/data=!4m7!3m6!1s0x80c29749650f4aa3:0x306cf1b1606a40d6!8m2!3d34.2109534!4d-118.4666998!16s%2Fg%2F1tcy94jy!19sChIJo0oPZUmXwoAR1kBqYLHxbDA?authuser=0&hl=en&g_ep=EgoyMDI2MTAwNS4wIJJjKgBIAVAD&rclk=1,3.7,223,"7721 Sepulveda Blvd, Van Nuys, CA 91405",+1 818-785-5483,,mo 08:00-18:30; tu 08:00-18:30; we 08:00-18:30; th 08:00-18:30; fr 08:00-18:30; sa 08:00-15:00; su 09:00-15:00,2026-10-08,
VET_CLINIC,Banfield Pet Hospital,https://www.google.com/maps/place/Banfield+Pet+Hospital/data=!4m7!3m6!1s0x80c29ba013d2c703:0xa2e8b598c6605ede!8m2!3d34.2334363!4d-118.5523221!16s%2Fg%2F1ptw1dfl_!19sChIJA8fSE6CbwoAR3l5gxpi16KI?authuser=0&hl=en&g_ep=EgoyMDI2MTAwNS4wIJJjKgBIAVAD&rclk=1,4.2,217,"8986 Tampa Ave, Northridge, CA 91324",+1 818-998-3875,https://www.banfield.com/locations/veterinarians/ca/northridge/nrd?utm_source=yext&utm_medium=yext&utm_campaign=yext&cid=yext_local,mo 08:00-18:00; tu 08:00-18:00; we 08:00-18:00; th 08:00-18:00; fr 08:00-18:00; sa 08:00-18:00; su 08:00-15:00,2026-10-08,
VET_CLINIC,L A Central Animal Hospital,https://www.google.com/maps/place/L+A+Central+Animal+Hospital/data=!4m7!3m6!1s0x80c2c688a8901e87:0x47ac034d08a773a7!8m2!3d34.078808!4d-118.217958!16s%2Fg%2F1tjy1s4d!19sChIJhx6QqIjGwoARp3OnCE0DrEc?authuser=0&hl=en&g_ep=EgoyMDI2MTAwNS4wIJJjKgBIAVAD&rclk=1,4.1,205,"220 W Ave 26, Los Angeles, CA 90031",+1 323-225-4228,http://www.lacentralanimalhospital.com/,mo 08:00-17:00; tu 08:00-17:00; we 08:00-17:00; th 08:00-17:00; fr 08:00-17:00; sa closed; su closed,2026-10-08,
VET_CLINIC,Nordhoff Veterinary Hospital,https://www.google.com/maps/place/Nordhoff+Veterinary+Hospital/data=!4m7!3m6!1s0x80c29c9fe0077acf:0x90fd984a5c957b0e!8m2!3d34.235086!4d-118.6012814!16s%2Fg%2F1tzgpgx0!19sChIJz3oH4J-cwoARDnuVXEqY_ZA?authuser=0&hl=en&g_ep=EgoyMDI2MTAwNS4wIJJjKgBIAVAD&rclk=1,4.7,204,"21624 Nordhoff St, Chatsworth, CA 91311",+1 818-882-6111,http://www.nordhoffvet.com/,mo 08:00-18:00; tu 08:00-18:00; we 08:00-18:00; th 08:00-18:00; fr 08:00-18:00; sa 08:00-16:00; su closed,2026-10-08,
VET_CLINIC,Little Tokyo Pet Clinic,https://www.google.com/maps/place/Little+Tokyo+Pet+Clinic/data=!4m7!3m6!1s0x80c2c639bcc05ce9:0x92f4c0a5f8a4748!8m2!3d34.0493821!4d-118.2438524!16s%2Fg%2F11clwh_5jq!19sChIJ6VzAvDnGwoARSEeKXwpMLwk?authuser=0&hl=en&g_ep=EgoyMDI2MTAwNS4wIJJjKgBIAVAD&rclk=1,4.3,203,"236 S Los Angeles St Ste h, Los Angeles, CA 90012",+1 213-537-0989,https://www.littletokyovet.com/,mo 08:00-18:00; tu 08:00-17:00; we 08:00-17:00; th 08:00-17:00; fr 08:00-18:00; sa 08:00-16:00; su closed,2026-10-08,
VET_CLINIC,Grand Park Animal Hospital,https://www.google.com/maps/place/Grand+Park+Animal+Hospital/data=!4m7!3m6!1s0x80c2c639bce805c1:0x9080e38eb4d6b7d!8m2!3d34.0447211!4d-118.2385914!16s%2Fg%2F11g6q6z67y!19sChIJwQXovDnGwoARfWtN6zgOCAk?authuser=0&hl=en&g_ep=EgoyMDI2MTAwNS4wIJJjKgBIAVAD&rclk=1,4.2,203,"333 S Alameda St, Los Angeles, CA 90013",+1 213-935-8160,https://www.grandparkvets.com/,mo 09:00-17:00; tu 09:00-17:00; we 09:00-17:00; th 09:00-17:00; fr 09:00-17:00; sa 09:00-13:00; su closed,2026-10-08,
VET_CLINIC,Avenue 26 Small Animal Hospital,https://www.google.com/maps/place/Avenue+26+Small+Animal+Hospital/data=!4m7!3m6!1s0x80c2c693c78de7a3:0x3bf7c1fbb4026a7e!8m2!3d34.0862692!4d-118.2248842!16s%2Fg%2F1v1slh9j!19sChIJo-eNx5PGwoARfmoCtPvB9zs?authuser=0&hl=en&g_ep=EgoyMDI2MTAwNS4wIJJjKgBIAVAD&rclk=1,4.1,203,"609 W Ave 26, Los Angeles, CA 90065",+1 323-224-1231,,mo 09:00-18:00; tu 09:00-14:00; we 09:00-18:00; th 09:00-14:00; fr 09:00-17:00; sa 09:00-15:00; su closed,2026-10-08,
VET_CLINIC,Shelter Veterinary,https://www.google.com/maps/place/Shelter+Veterinary/data=!4m7!3m6!1s0x80c2bb0a110f96d7:0x80ca37d0d6000d69!8m2!3d34.0348414!4d-118.440085!16s%2Fg%2F1tgd6sz5!19sChIJ15YPEQq7woARaQ0A1tA3yoA?authuser=0&hl=en&g_ep=EgoyMDI2MTAwNS4wIJJjKgBIAVAD&rclk=1,4.2,202,"11361 W Pico Blvd, Los Angeles, CA 90064",+1 310-473-4295,https://www.sheltervetpico.com/,"mo 09:00-13:30,14:30-18:00; tu 09:00-13:30,14:30-18:00; we 09:00-13:30,14:30-18:00; th 09:00-13:30,14:30-18:00; fr 09:00-13:30,14:30-18:00; sa closed; su closed",2026-10-08,
VET_CLINIC,Green Dog Dental and Veterinary Center,https://www.google.com/maps/place/Green+Dog+Dental+and+Veterinary+Center/data=!4m7!3m6!1s0x80c2a5ca0fa0e715:0xc24ed7457560db57!8m2!3d33.9974691!4d-118.4788401!16s%2Fg%2F11gvwxltsk!19sChIJFeegD8qlwoARV9tgdUXXTsI?authuser=0&hl=en&g_ep=EgoyMDI2MTAwNS4wIJJjKgBIAVAD&rclk=1,4.4,201,"210 Main St, Venice, CA 90291",+1 310-606-2407,http://greendogdental.com/,mo 09:00-18:00; tu 09:00-18:00; we 09:00-18:00; th 09:00-18:00; fr 09:00-18:00; sa 09:00-18:00; su closed,2026-10-08,
VET_CLINIC,Holiday Humane Society Clinic,https://www.google.com/maps/place/Holiday+Humane+Society+Clinic/data=!4m7!3m6!1s0x80c296e9438fa021:0x49592021eae2560e!8m2!3d34.203064!4d-118.423116!16s%2Fg%2F1tffk0st!19sChIJIaCPQ-mWwoARDlbi6iEgWUk?authuser=0&hl=en&g_ep=EgoyMDI2MTAwNS4wIJJjKgBIAVAD&rclk=1,4.4,197,"7301 Fulton Ave, North Hollywood, CA 91605",+1 818-765-8196,,"mo closed; tu 08:00-11:30,13:00-16:30; we 08:00-11:00,13:00-16:30; th 08:00-11:00,13:00-16:30; fr 08:00-11:00,13:00-16:30; sa 08:00-11:00; su closed",2026-10-08,
VET_CLINIC,Banfield Pet Hospital,https://www.google.com/maps/place/Banfield+Pet+Hospital/data=!4m7!3m6!1s0x80c2b8f9c5c72961:0x488a6ebb617eeab3!8m2!3d34.0481126!4d-118.3354885!16s%2Fg%2F11b6gkkts6!19sChIJYSnHxfm4woARs-p-Ybtuikg?authuser=0&hl=en&g_ep=EgoyMDI2MTAwNS4wIJJjKgBIAVAD&rclk=1,3.8,196,"4550 W Pico Blvd Suite D304, Los Angeles, CA 90019",+1 323-692-7867,https://www.banfield.com/locations/veterinarians/ca/los-angeles/lam?utm_source=yext&utm_medium=yext&utm_campaign=yext&cid=yext_local,mo 08:00-18:00; tu 08:00-18:00; we 08:00-18:00; th 08:00-18:00; fr 08:00-18:00; sa 08:00-18:00; su 08:00-16:00,2026-10-08,
VET_CLINIC,Value Vet Inc.,https://www.google.com/maps/place/Value+Vet+Inc./data=!4m7!3m6!1s0x80c2bb7e4caadd27:0xbdda0a34cd1c35a8!8m2!3d34.057471!4d-118.4428334!16s%2Fg%2F1tdqnxx7!19sChIJJ92qTH67woARqDUczTQK2r0?authuser=0&hl=en&g_ep=EgoyMDI2MTAwNS4wIJJjKgBIAVAD&rclk=1,4.1,195,"1278 Westwood Blvd, Los Angeles, CA 90024",+1 310-446-3908,https://www.valuevetwestwood.com/,mo 09:00-17:00; tu 09:00-17:00; we 09:00-17:00; th 09:00-17:00; fr 09:00-15:00; sa closed; su closed,2026-10-08,
VET_CLINIC,Northridge Animal Medical Center,https://www.google.com/maps/place/Northridge+Animal+Medical+Center/data=!4m7!3m6!1s0x80c29bacffa2a841:0xf84dab2e89a567ab!8m2!3d34.2324805!4d-118.5358328!16s%2Fg%2F1tgxj9mz!19sChIJQaii_6ybwoARq2eliS6rTfg?authuser=0&hl=en&g_ep=EgoyMDI2MTAwNS4wIJJjKgBIAVAD&rclk=1,4.6,188,"8918 Reseda Blvd, Northridge, CA 91324",+1 213-319-2855,http://www.northridgeamc.com/?utm_source=GMBlisting&utm_medium=organic&utm_campaign=gmb,"mo 09:00-13:00,14:00-17:00; tu 09:00-13:00,14:00-17:00; we 09:00-13:00,14:00-17:00; th 09:00-13:00,14:00-17:00; fr 09:00-13:00,14:00-17:00; sa closed; su closed",2026-10-08,
VET_CLINIC,Ace Animal Hospital,https://www.google.com/maps/place/Ace+Animal+Hospital/data=!4m7!3m6!1s0x80dd493f7713aca3:0x28120e41f658ef71!8m2!3d33.7230073!4d-118.3112218!16s%2Fg%2F11t1c9b0jz!19sChIJo6wTdz9J3YARce9Y9kEOEig?authuser=0&hl=en&g_ep=EgoyMDI2MTAwNS4wIJJjKgBIAVAD&rclk=1,4.2,185,"1450 W 25th St, San Pedro, CA 90732",+1 310-833-1111,https://www.acepethospital.com/,mo 08:30-19:30; tu 08:30-19:30; we 08:30-19:30; th 08:30-19:30; fr 08:30-19:30; sa 08:30-19:30; su closed,2026-10-08,
VET_CLINIC,Simon Veterinary Surgical - Sherman Oaks,https://www.google.com/maps/place/Simon+Veterinary+Surgical+-+Sherman+Oaks/data=!4m7!3m6!1s0x80c2b7f46f0cc569:0x52886328616ca1e7!8m2!3d34.1499622!4d-118.4444603!16s%2Fg%2F11px9q0vw9!19sChIJacUMb_S3woAR56FsYShjiFI?authuser=0&hl=en&g_ep=EgoyMDI2MTAwNS4wIJJjKgBIAVAD&rclk=1,4.8,183,"14302 Ventura Blvd, Sherman Oaks, CA 91423",+1 310-402-3573,http://simonvetsurgical.com/,mo 07:00-21:00; tu 07:00-21:00; we 07:00-21:00; th 07:00-21:00; fr 07:00-21:00; sa 07:00-17:00; su 07:00-17:00,2026-10-08,
VET_CLINIC,Beverly Oaks Animal Hospital,https://www.google.com/maps/place/Beverly+Oaks+Animal+Hospital/data=!4m7!3m6!1s0x80c297d211f7ba29:0x8484014345459975!8m2!3d34.1500179!4d-118.4444508!16s%2Fg%2F1tgx6w9c!19sChIJKbr3EdKXwoARdZlFRUMBhIQ?authuser=0&hl=en&g_ep=EgoyMDI2MTAwNS4wIJJjKgBIAVAD&rclk=1,4.1,183,"14302 Ventura Blvd, Sherman Oaks, CA 91423",+1 818-788-2022,http://www.beverlyoaksvet.com/,mo 08:00-18:00; tu 08:00-18:00; we 08:00-18:00; th 08:00-18:00; fr 08:00-18:00; sa 08:00-18:00; su 08:00-18:00,2026-10-08,
VET_CLINIC,Modern Animal Studio City,https://www.google.com/maps/place/Modern+Animal+Studio+City/data=!4m7!3m6!1s0x80c2bdfceb703fb3:0x465a9e325d4a47cb!8m2!3d34.1436949!4d-118.3971816!16s%2Fg%2F11rjyx0d6p!19sChIJsz9w6_y9woARy0dKXTKeWkY?authuser=0&hl=en&g_ep=EgoyMDI2MTAwNS4wIJJjKgBIAVAD&rclk=1,4.6,178,"12157 Ventura Blvd, Los Angeles, CA 91604",+1 747-302-2747,https://www.modernanimal.com/clinics/studio-city,mo 08:00-18:00; tu 08:00-18:00; we 08:00-18:00; th 08:00-18:00; fr 08:00-18:00; sa 08:00-18:00; su closed,2026-10-08,
VET_CLINIC,Angel City Animal Hospital,https://www.google.com/maps/place/Angel+City+Animal+Hospital/data=!4m7!3m6!1s0x80c2c74dad0db4dd:0x3bcc6134be7cced0!8m2!3d34.0955367!4d-118.2851517!16s%2Fg%2F11dxp43yjg!19sChIJ3bQNrU3HwoAR0M58vjRhzDs?authuser=0&hl=en&g_ep=EgoyMDI2MTAwNS4wIJJjKgBIAVAD&rclk=1,4.2,176,"4364 Fountain Ave, Los Angeles, CA 90029",+1 323-522-3134,https://angelcityvet.com/,mo 09:00-17:00; tu 09:00-17:00; we 09:00-17:00; th closed; fr 09:00-17:00; sa 09:00-14:00; su closed,2026-10-08,
VET_CLINIC,Southpaw Vets,https://www.google.com/maps/place/Southpaw+Vets/data=!4m7!3m6!1s0x80c297dca024b357:0x2bb5f5f62cd5d7c9!8m2!3d34.1472422!4d-118.4278336!16s%2Fg%2F11ng6rwwcb!19sChIJV7MkoNyXwoARydfVLPb1tSs?authuser=0&hl=en&g_ep=EgoyMDI2MTAwNS4wIJJjKgBIAVAD&rclk=1,4.8,171,"13520 Ventura Blvd, Sherman Oaks, CA 91423",+1 818-935-5444,http://www.southpawvets.la/,mo 08:00-18:00; tu 08:00-18:00; we 08:00-18:00; th 08:00-18:00; fr 08:00-18:00; sa 08:00-18:00; su closed,2026-10-08,
VET_CLINIC,All Pets Medical Centre,https://www.google.com/maps/place/All+Pets+Medical+Centre/data=!4m7!3m6!1s0x80c29c5263435f09:0xaf54436e076813df!8m2!3d34.2084563!4d-118.6228716!16s%2Fg%2F1tjrq734!19sChIJCV9DY1KcwoAR3xNoB25DVK8?authuser=0&hl=en&g_ep=EgoyMDI2MTAwNS4wIJJjKgBIAVAD&rclk=1,4.7,168,"7606 Fallbrook Ave, West Hills, CA 91304",+1 818-883-2600,,mo 08:00-18:00; tu 08:00-18:00; we 08:00-18:00; th 08:00-18:00; fr 08:00-18:00; sa 08:00-15:00; su closed,2026-10-08,
VET_CLINIC,Granada Veterinary Clinic,https://www.google.com/maps/place/Granada+Veterinary+Clinic/data=!4m7!3m6!1s0x80c29066235b3935:0xd4b2e6d73bb23679!8m2!3d34.267032!4d-118.467029!16s%2Fg%2F1vd7655v!19sChIJNTlbI2aQwoAReTayO9fmstQ?authuser=0&hl=en&g_ep=EgoyMDI2MTAwNS4wIJJjKgBIAVAD&rclk=1,4.6,168,"10838 Sepulveda Blvd, Mission Hills, CA 91345",+1 818-361-0125,https://granadavc.com/,mo 09:00-17:30; tu 09:00-17:30; we 09:00-17:30; th 09:00-17:30; fr 09:00-17:30; sa closed; su closed,2026-10-08,
VET_CLINIC,L.A. Pet Clinic,https://www.google.com/maps/place/L.A.+Pet+Clinic/data=!4m7!3m6!1s0x80c2b8cbf1904977:0xca93e7bdda04eaa5!8m2!3d34.0836111!4d-118.3280556!16s%2Fg%2F1263wb9r_!19sChIJd0mQ8cu4woARpeoE2r3nk8o?authuser=0&hl=en&g_ep=EgoyMDI2MTAwNS4wIJJjKgBIAVAD&rclk=1,4.4,167,"5853 Melrose Ave, Los Angeles, CA 90038",+1 323-461-3575,https://pawsofla.preview.emergentagent.com/,mo 11:00-19:00; tu 11:00-16:00; we 11:00-16:00; th 11:00-19:00; fr 11:00-19:00; sa closed; su closed,2026-10-08,
VET_CLINIC,Banfield Pet Hospital,https://www.google.com/maps/place/Banfield+Pet+Hospital/data=!4m7!3m6!1s0x80c29b58bbdcdec5:0x6a78b38e760409b6!8m2!3d34.2555493!4d-118.5787446!16s%2Fg%2F11bwh5gmsr!19sChIJxd7cu1ibwoARtgkEdo6zeGo?authuser=0&hl=en&g_ep=EgoyMDI2MTAwNS4wIJJjKgBIAVAD&rclk=1,4.1,166,"10204 Mason Ave, Chatsworth, CA 91311",+1 818-701-2974,https://www.banfield.com/locations/veterinarians/ca/chatsworth/chw?utm_source=yext&utm_medium=yext&utm_campaign=yext&cid=yext_local,mo 07:00-18:00; tu 07:00-18:00; we 07:00-18:00; th 08:00-18:00; fr 07:00-18:00; sa 08:00-18:00; su 07:00-16:00,2026-10-08,
VET_CLINIC,Veterinary Medical Center,https://www.google.com/maps/place/Veterinary+Medical+Center/data=!4m7!3m6!1s0x80c2be08df0c3335:0x25ebaaef15d95d0c!8m2!3d34.1418474!4d-118.3883315!16s%2Fg%2F1td4kcwq!19sChIJNTMM3wi-woARDF3ZFe-q6yU?authuser=0&hl=en&g_ep=EgoyMDI2MTAwNS4wIJJjKgBIAVAD&rclk=1,4.7,164,"11723 Ventura Blvd, Studio City, CA 91604",+1 818-762-3111,https://veterinarymedicalcenter.com/,mo 07:30-18:00; tu 07:30-18:00; we 07:30-18:00; th 07:30-18:00; fr 07:30-18:00; sa 07:30-18:00; su closed,2026-10-08,
VET_CLINIC,Vetco Total Care,https://www.google.com/maps/place/Vetco+Total+Care/data=!4m7!3m6!1s0x80c284b20864a6d7:0xe0092453e20c7b14!8m2!3d34.277469!4d-118.5678146!16s%2Fg%2F1tctry9d!19sChIJ16ZkCLKEwoARFHsM4lMkCeA?authuser=0&hl=en&g_ep=EgoyMDI2MTAwNS4wIJJjKgBIAVAD&rclk=1,4.5,164,"19869 Rinaldi St, Porter Ranch, CA 91326",+1 818-282-9377,https://stores.petco.com/ca/porter-ranch/vet-hospital-porterranch-ca-548.html?utm_source=google&utm_campaign=locallist_548_vtc,mo 08:00-18:00; tu 08:00-18:00; we 08:00-18:00; th 08:00-18:00; fr 08:00-18:00; sa 08:00-18:00; su closed,2026-10-08,
VET_CLINIC,Larchmont Village Vet🐾🩺,https://www.google.com/maps/place/Larchmont+Village+Vet%F0%9F%90%BE%F0%9F%A9%BA/data=!4m7!3m6!1s0x80c2b94278d81985:0x60fc7f2fd04212e7!8m2!3d34.0796853!4d-118.3239988!16s%2Fg%2F11h5twj_ng!19sChIJhRnYeEK5woAR5xJC0C9__GA?authuser=0&hl=en&g_ep=EgoyMDI2MTAwNS4wIJJjKgBIAVAD&rclk=1,4.2,162,"523 N Larchmont Blvd, Los Angeles, CA 90004",+1 323-378-6676,https://larchmontvillagevet.com/,mo 08:00-18:00; tu 08:00-18:00; we 08:00-18:00; th 08:00-18:00; fr 08:00-18:00; sa 09:00-18:00; su closed,2026-10-08,
VET_CLINIC,Olympic Pet Hospital,https://www.google.com/maps/place/Olympic+Pet+Hospital/data=!4m7!3m6!1s0x80c2b8875cf9ecab:0x9abba92b316e31f9!8m2!3d34.0547135!4d-118.3225744!16s%2Fg%2F1pp2vj5_1!19sChIJq-z5XIe4woAR-TFuMSupu5o?authuser=0&hl=en&g_ep=EgoyMDI2MTAwNS4wIJJjKgBIAVAD&rclk=1,4.1,162,"4125 W Olympic Blvd, Los Angeles, CA 90019",+1 323-525-0033,https://rymaps.xyz/business/olympic-pet-hospital-3is15o,mo 09:00-17:30; tu 09:00-17:30; we 09:00-17:30; th 09:00-17:30; fr 09:00-17:30; sa closed; su closed,2026-10-08,
VET_CLINIC,Modern Animal Playa Vista,https://www.google.com/maps/place/Modern+Animal+Playa+Vista/data=!4m7!3m6!1s0x80c2b17149d1d429:0x2f7889fe97c8bf74!8m2!3d33.9759675!4d-118.4176987!16s%2Fg%2F11q3hbw07_!19sChIJKdTRSXGxwoARdL_Il_6JeC8?authuser=0&hl=en&g_ep=EgoyMDI2MTAwNS4wIJJjKgBIAVAD&rclk=1,4.5,161,"12775 Millennium Dr Ste 115, Los Angeles, CA 90094",+1 424-276-7260,https://www.modernanimal.com/clinics/playa-vista,mo 08:00-18:00; tu 08:00-18:00; we 08:00-18:00; th 08:00-18:00; fr 08:00-18:00; sa closed; su closed,2026-10-08,
VET_CLINIC,Porter Veterinary Center,https://www.google.com/maps/place/Porter+Veterinary+Center/data=!4m7!3m6!1s0x80c29a4cff31a207:0x7e6ca72b2fbe0247!8m2!3d34.2284784!4d-118.530325!16s%2Fg%2F1tvdk17x!19sChIJB6Ix_0yawoARRwK-LyunbH4?authuser=0&hl=en&g_ep=EgoyMDI2MTAwNS4wIJJjKgBIAVAD&rclk=1,4.2,157,"18224 Parthenia St, Northridge, CA 91325",+1 818-349-8387,https://portervet.com/,mo 09:00-18:00; tu 09:00-18:00; we closed; th 09:00-18:00; fr 09:00-18:00; sa 09:00-18:00; su closed,2026-10-08,
VET_CLINIC,Lake Balboa Veterinary Care,https://www.google.com/maps/place/Lake+Balboa+Veterinary+Care/data=!4m7!3m6!1s0x80c29784f6c0b5e9:0x22d306ba0b8961a9!8m2!3d34.186843!4d-118.4653267!16s%2Fg%2F11knrkpv12!19sChIJ6bXA9oSXwoARqWGJC7oG0yI?authuser=0&hl=en&g_ep=EgoyMDI2MTAwNS4wIJJjKgBIAVAD&rclk=1,4.8,154,"6440 Sepulveda Blvd B, Van Nuys, CA 91411",+1 818-907-0929,http://www.lbvetcare.com/,mo closed; tu 08:00-18:00; we 08:00-18:00; th 08:00-17:30; fr 08:00-18:00; sa 08:00-17:00; su closed,2026-10-08,
VET_CLINIC,Brighter Veterinary Center,https://www.google.com/maps/place/Brighter+Veterinary+Center/data=!4m7!3m6!1s0x80c29b01faa9c651:0x964387e510c83ea3!8m2!3d34.2586068!4d-118.5370167!16s%2Fg%2F11y47zgn1z!19sChIJUcap-gGbwoARoz7IEOWHQ5Y?authuser=0&hl=en&g_ep=EgoyMDI2MTAwNS4wIJJjKgBIAVAD&rclk=1,4.8,149,"18523 Devonshire St, Northridge, CA 91324",+1 818-435-9865,http://brightervetcenter.com/,mo 09:00-20:00; tu 09:00-20:00; we 09:00-20:00; th 09:00-20:00; fr 09:00-20:00; sa 08:30-16:00; su closed,2026-10-08,
VET_CLINIC,Warner Center Pet Clinic,https://www.google.com/maps/place/Warner+Center+Pet+Clinic/data=!4m7!3m6!1s0x80c29c02dfe30935:0xe0839be24c5b75e4!8m2!3d34.1879679!4d-118.5896368!16s%2Fg%2F1tph1_dl!19sChIJNQnj3wKcwoAR5HVbTOKbg-A?authuser=0&hl=en&g_ep=EgoyMDI2MTAwNS4wIJJjKgBIAVAD&rclk=1,4.1,149,"20930 Victory Blvd, Woodland Hills, CA 91367",+1 818-710-8528,http://www.wcpc.net/,mo 08:30-16:00; tu 08:30-16:00; we 08:30-16:00; th 08:30-16:00; fr 08:30-15:00; sa 08:30-12:00; su closed,2026-10-08,
VET_CLINIC,North Valley Veterinary Clinic,https://www.google.com/maps/place/North+Valley+Veterinary+Clinic/data=!4m7!3m6!1s0x80c29abc6c10620f:0x961be3e7e995209d!8m2!3d34.2735648!4d-118.5015421!16s%2Fg%2F1trsy806!19sChIJD2IQbLyawoARnSCV6efjG5Y?authuser=0&hl=en&g_ep=EgoyMDI2MTAwNS4wIJJjKgBIAVAD&rclk=1,4.3,148,"11152 Balboa Blvd, Granada Hills, CA 91344",+1 818-366-7777,http://www.northvalleyvet.com/,mo 08:00-18:00; tu 08:00-18:00; we 08:00-18:00; th 08:00-18:00; fr 08:00-18:00; sa 08:00-12:00; su closed,2026-10-08,
VET_CLINIC,Northridge Pet Hospital,https://www.google.com/maps/place/Northridge+Pet+Hospital/data=!4m7!3m6!1s0x80c29a4c013a6367:0x7cf66261bea7c7ad!8m2!3d34.2270099!4d-118.5275803!16s%2Fg%2F1tdy04g_!19sChIJZ2M6AUyawoARrcenvmFi9nw?authuser=0&hl=en&g_ep=EgoyMDI2MTAwNS4wIJJjKgBIAVAD&rclk=1,4.2,148,"8615 Lindley Ave, Northridge, CA 91325",+1 818-885-8323,https://www.northridgepethospital.net/,,2026-10-08,hours: none (not published on Maps)
VET_CLINIC,Banfield Pet Hospital,https://www.google.com/maps/place/Banfield+Pet+Hospital/data=!4m7!3m6!1s0x80dd49f8092e8221:0xf57ae23dbe51482c!8m2!3d33.7639973!4d-118.3099504!16s%2Fg%2F11clzrspgk!19sChIJIYIuCfhJ3YARLEhRvj3ievU?authuser=0&hl=en&g_ep=EgoyMDI2MTAwNS4wIJJjKgBIAVAD&rclk=1,4.2,146,"28114 S Western Ave Unit 3, San Pedro, CA 90732",+1 310-831-1899,https://www.banfield.com/locations/veterinarians/ca/san-pedro/pad?utm_source=yext&utm_medium=yext&utm_campaign=yext&cid=yext_local,mo 07:30-17:00; tu 07:30-17:00; we 07:30-17:00; th 07:30-17:00; fr 07:30-17:00; sa 07:30-17:00; su 09:00-17:00,2026-10-08,
VET_CLINIC,Pet Vet Animal Hospital,https://www.google.com/maps/place/Pet+Vet+Animal+Hospital/data=!4m7!3m6!1s0x80c29be5bf2cba11:0x4f556b94431ef3f3!8m2!3d34.2006731!4d-118.5639878!16s%2Fg%2F1ttdyq9x!19sChIJEbosv-WbwoAR8_MeQ5RrVU8?authuser=0&hl=en&g_ep=EgoyMDI2MTAwNS4wIJJjKgBIAVAD&rclk=1,3.7,146,"19748 Sherman Way, Winnetka, CA 91306",+1 818-346-2455,http://www.petvetanimalhospitals.com/,mo 09:00-18:00; tu 09:00-18:00; we 09:00-18:00; th 09:00-18:00; fr 09:00-18:00; sa closed; su closed,2026-10-08,
VET_CLINIC,Mar Vista Animal Medical Center,https://www.google.com/maps/place/Mar+Vista+Animal+Medical+Center/data=!4m7!3m6!1s0x80c2ba5ce377da39:0x967d3703f1f1fb47!8m2!3d34.0036921!4d-118.4301073!16s%2Fg%2F1tt8cjh_!19sChIJOdp341y6woARR_vx8QM3fZY?authuser=0&hl=en&g_ep=EgoyMDI2MTAwNS4wIJJjKgBIAVAD&rclk=1,4.1,145,"3850 Grand View Blvd, Los Angeles, CA 90066",+1 310-391-6741,http://www.marvistavet.com/,mo 08:00-18:00; tu 08:00-18:00; we 08:00-18:00; th 08:00-18:00; fr 08:00-18:00; sa 08:00-15:00; su 08:00-15:00,2026-10-08,
GROOMING,Pet Wash,https://www.google.com/maps/place/Pet+Wash/data=!4m7!3m6!1s0x80c2bedec9a6f77b:0x3b6c01f3f30e71bb!8m2!3d34.0982033!4d-118.3503784!16s%2Fg%2F1tgcmkg8!19sChIJe_emyd6-woARu3EO8_MBbDs?authuser=0&hl=en&g_ep=EgoyMDI2MTAwNS4wIJJjKgBIAVAD&rclk=1,4.5,508,"7357 Sunset Blvd, Los Angeles, CA 90046",+1 323-882-6855,https://www.hollywoodpetwash.com/,mo 09:00-18:00; tu 09:00-18:00; we 09:00-18:00; th 09:00-18:00; fr 09:00-18:00; sa 09:00-18:00; su 09:00-18:00,2026-10-08,
GROOMING,The Dog Groomer Self Wash & Grooming,https://www.google.com/maps/place/The+Dog+Groomer+Self+Wash+%26+Grooming/data=!4m7!3m6!1s0x80dd3724577a36b1:0xff0b4fa516c667f0!8m2!3d33.7385515!4d-118.2869666!16s%2Fg%2F11q1dfvs74!19sChIJsTZ6VyQ33YAR8GfGFqVPC_8?authuser=0&hl=en&g_ep=EgoyMDI2MTAwNS4wIJJjKgBIAVAD&rclk=1,5.0,375,"461 W 6th St Ste 103, San Pedro, CA 90731",+1 310-832-7387,http://thedoggroomerselfwash.com/,mo closed; tu 09:00-18:00; we 09:00-18:00; th 09:00-18:00; fr 09:00-18:00; sa 09:00-16:00; su closed,2026-10-08,
GROOMING,Pet Grooming,https://www.google.com/maps/place/Pet+Grooming/data=!4m7!3m6!1s0x80c2972da6284dc3:0x8c7db756c28cc798!8m2!3d34.2180633!4d-118.4493639!16s%2Fg%2F11dxd2ytjv!19sChIJw00opi2XwoARmMeMwla3fYw?authuser=0&hl=en&g_ep=EgoyMDI2MTAwNS4wIJJjKgBIAVAD&rclk=1,4.6,356,"8111 Van Nuys Blvd #110, Panorama City, CA 91402",+1 818-830-8600,https://petpawgrooming.top/,mo 09:00-17:00; tu 09:00-17:00; we 09:00-17:00; th 09:00-17:00; fr 09:00-17:00; sa 09:00-17:00; su 09:00-17:00,2026-10-08,
GROOMING,34 PET GROOMING,https://www.google.com/maps/place/34+PET+GROOMING/data=!4m7!3m6!1s0x80c2b797300279b3:0xa69ffe474551580!8m2!3d33.9890029!4d-118.3323635!16s%2Fg%2F1tgvdx5v!19sChIJs3kCMJe3woARgBVVdOT_aQo?authuser=0&hl=en&g_ep=EgoyMDI2MTAwNS4wIJJjKgBIAVAD&rclk=1,4.1,295,"3438 W Slauson Ave, Los Angeles, CA 90043",+1 323-291-6115,,mo closed; tu 08:00-17:00; we 08:00-17:00; th 08:00-17:00; fr 08:00-17:00; sa 08:00-17:00; su 10:00-15:00,2026-10-08,
GROOMING,21Pooch Hollywood,https://www.google.com/maps/place/21Pooch+Hollywood/data=!4m7!3m6!1s0x80c2bf4d21f59497:0xcc2631f2fc765857!8m2!3d34.0986954!4d-118.3018297!16s%2Fg%2F11stjrg37y!19sChIJl5T1IU2_woARV1h2_PIxJsw?authuser=0&hl=en&g_ep=EgoyMDI2MTAwNS4wIJJjKgBIAVAD&rclk=1,4.8,294,"5137 Sunset Blvd Unit 213, 2nd floor, Los Angeles, CA 90027",+1 310-290-3905,https://www.21pooch.com/,mo 09:00-17:00; tu closed; we closed; th 09:00-17:00; fr 09:00-17:00; sa 09:00-17:00; su 09:00-17:00,2026-10-08,
GROOMING,21Pooch,https://www.google.com/maps/place/21Pooch/data=!4m7!3m6!1s0x80c2c7f81b57a317:0xd0d6de54bc5dc256!8m2!3d34.0398891!4d-118.2588818!16s%2Fg%2F11vz89_280!19sChIJF6NXG_jHwoARVsJdvFTe1tA?authuser=0&hl=en&g_ep=EgoyMDI2MTAwNS4wIJJjKgBIAVAD&rclk=1,4.8,291,"1061 S Broadway, Los Angeles, CA 90015",+1 213-589-8304,https://www.21pooch.com/,mo 08:30-17:00; tu closed; we closed; th 08:30-17:00; fr 08:30-17:00; sa 08:30-17:00; su 08:30-17:00,2026-10-08,
GROOMING,Andy's Pet Grooming Eagle Rock,https://www.google.com/maps/place/Andy%27s+Pet+Grooming+Eagle+Rock/data=!4m7!3m6!1s0x80c2c30a56f55fe3:0x8bf51c86309d9171!8m2!3d34.1397228!4d-118.2052367!16s%2Fg%2F11fd46w2pf!19sChIJ41_1VgrDwoARcZGdMIYc9Ys?authuser=0&hl=en&g_ep=EgoyMDI2MTAwNS4wIJJjKgBIAVAD&rclk=1,4.7,266,"1741 Colorado Blvd, Los Angeles, CA 90041",+1 323-675-1110,https://andyspetgroomingca.com/,mo 09:00-17:00; tu 09:00-17:00; we 09:00-17:00; th 09:00-17:00; fr 09:00-17:00; sa 08:00-17:00; su closed,2026-10-08,
GROOMING,Collar & Comb – Luxury Dog & Cat Grooming,https://www.google.com/maps/place/Collar+%26+Comb+%E2%80%93+Luxury+Dog+%26+Cat+Grooming/data=!4m7!3m6!1s0x80c2bf78976134b1:0x77978496a0bd0087!8m2!3d34.0982282!4d-118.3599133!16s%2Fg%2F11fk92sx6l!19sChIJsTRhl3i_woARhwC9oJaEl3c?authuser=0&hl=en&g_ep=EgoyMDI2MTAwNS4wIJJjKgBIAVAD&rclk=1,4.2,252,"7813 Sunset Blvd, Los Angeles, CA 90046",+1 424-443-4422,https://collarandcomb.dog/,,2026-10-08,hours: none (not published on Maps)
GROOMING,Andy's Pet Grooming and Daycare,https://www.google.com/maps/place/Andy%27s+Pet+Grooming+and+Daycare/data=!4m7!3m6!1s0x80c2963ca48c7823:0x864e0629fa0a3231!8m2!3d34.1574141!4d-118.4215933!16s%2Fg%2F11clydwwll!19sChIJI3iMpDyWwoARMTIK-ikGToY?authuser=0&hl=en&g_ep=EgoyMDI2MTAwNS4wIJJjKgBIAVAD&rclk=1,4.3,204,"2141, 13236 Riverside Dr, Sherman Oaks, CA 91423",+1 818-616-3466,https://www.andyspetgroominganddaycare.com/,mo 08:00-19:00; tu 08:00-19:00; we 08:00-19:00; th 08:00-19:00; fr 08:00-19:00; sa 08:00-19:00; su 08:00-16:00,2026-10-08,
GROOMING,K9 Loft,https://www.google.com/maps/place/K9+Loft/data=!4m7!3m6!1s0x80c297d20c9d3dab:0x5bfce1ec27de94ae!8m2!3d34.1503283!4d-118.4441234!16s%2Fg%2F1wb8tz2g!19sChIJqz2dDNKXwoARrpTeJ-zh_Fs?authuser=0&hl=en&g_ep=EgoyMDI2MTAwNS4wIJJjKgBIAVAD&rclk=1,4.5,202,"14257 Ventura Blvd, Sherman Oaks, CA 91423",+1 818-905-6006,http://www.k9loft.com/,mo 07:00-21:00; tu 07:00-21:00; we 07:00-21:00; th 07:00-21:00; fr 07:00-21:00; sa 09:00-19:00; su 09:00-19:00,2026-10-08,
GROOMING,Dog-E-Den Dog Daycare Boarding Grooming & Training,https://www.google.com/maps/place/Dog-E-Den+Dog+Daycare+Boarding+Grooming+%26+Training/data=!4m7!3m6!1s0x80c297c1dba1512b:0xf9004f19be78ad4f!8m2!3d34.152938!4d-118.4624533!16s%2Fg%2F11cm1p5k6l!19sChIJK1Gh28GXwoART614vhlPAPk?authuser=0&hl=en&g_ep=EgoyMDI2MTAwNS4wIJJjKgBIAVAD&rclk=1,4.7,198,"15122 Ventura Blvd, Sherman Oaks, CA 91403",+1 818-784-8408,https://www.dog-e-den.com/,mo 07:00-20:00; tu 07:00-20:00; we 07:00-20:00; th 07:00-20:00; fr 07:00-20:00; sa 09:00-18:00; su 09:00-18:00,2026-10-08,
GROOMING,Lucky Dog Pet Grooming,https://www.google.com/maps/place/Lucky+Dog+Pet+Grooming/data=!4m7!3m6!1s0x80c296d2194cb3ef:0xa28db24aa0d6256d!8m2!3d34.221174!4d-118.4292255!16s%2Fg%2F11bbwnw3sk!19sChIJ77NMGdKWwoARbSXWoEqyjaI?authuser=0&hl=en&g_ep=EgoyMDI2MTAwNS4wIJJjKgBIAVAD&rclk=1,4.7,198,"13606 Roscoe Blvd, Panorama City, CA 91402",+1 818-787-8777,,mo 09:00-17:00; tu 09:00-17:00; we 09:00-17:00; th 09:00-17:00; fr 09:00-17:00; sa 08:30-17:00; su closed,2026-10-08,
GROOMING,Pampered Tails West LA Mobile,https://www.google.com/maps/place/Pampered+Tails+West+LA+Mobile/data=!4m7!3m6!1s0x80c2b070e9dbc33b:0x589b3e7b26765141!8m2!3d34.0303296!4d-118.416527!16s%2Fg%2F1v8k_wd9!19sChIJO8Pb6XCwwoARQVF2Jns-m1g?authuser=0&hl=en&g_ep=EgoyMDI2MTAwNS4wIJJjKgBIAVAD&rclk=1,4.6,195,"3101 Overland Ave D, Los Angeles, CA 90034",+1 800-978-2457,http://www.pamperedtails.com/,mo 08:00-17:00; tu 08:00-17:00; we 08:00-17:00; th 08:00-17:00; fr 08:00-17:00; sa 08:00-17:00; su closed,2026-10-08,
GROOMING,Happy Paws Grooming Salon,https://www.google.com/maps/place/Happy+Paws+Grooming+Salon/data=!4m7!3m6!1s0x80c290750fc0443f:0xc3c0326c1e026252!8m2!3d34.271481!4d-118.4843052!16s%2Fg%2F11g9mhtg5z!19sChIJP0TAD3WQwoARUmICHmwywMM?authuser=0&hl=en&g_ep=EgoyMDI2MTAwNS4wIJJjKgBIAVAD&rclk=1,3.9,179,"16156 San Fernando Mission Blvd, Granada Hills, CA 91344",+1 818-231-6532,,mo 09:00-17:00; tu closed; we 09:00-17:00; th 09:00-17:00; fr 09:00-17:00; sa 09:00-17:00; su closed,2026-10-08,
GROOMING,Balanced Dog Grooming,https://www.google.com/maps/place/Balanced+Dog+Grooming/data=!4m7!3m6!1s0x80c2b12a826f3a83:0xb3d5e3552560bc3a!8m2!3d33.9959174!4d-118.4496395!16s%2Fg%2F11nyt09xcp!19sChIJgzpvgiqxwoAROrxgJVXj1bM?authuser=0&hl=en&g_ep=EgoyMDI2MTAwNS4wIJJjKgBIAVAD&rclk=1,4.9,177,"1323 Venice Blvd., Venice, CA 90291",+1 310-384-6162,http://www.balanceddg.com/,mo 09:00-17:00; tu 09:00-17:00; we 09:00-17:00; th 09:00-17:00; fr 09:00-17:00; sa 09:00-17:00; su closed,2026-10-08,
GROOMING,Blue Pooch Dog Grooming,https://www.google.com/maps/place/Blue+Pooch+Dog+Grooming/data=!4m7!3m6!1s0x80c2bb0ebedab771:0x9926417cd4a970a4!8m2!3d34.0313889!4d-118.4466667!16s%2Fg%2F1yj2pchx3!19sChIJcbfavg67woARpHCp1HxBJpk?authuser=0&hl=en&g_ep=EgoyMDI2MTAwNS4wIJJjKgBIAVAD&rclk=1,4.7,172,"11737 W Pico Blvd, Los Angeles, CA 90064",+1 310-473-4173,http://www.bluepooch.com/,mo 08:00-16:00; tu 08:00-16:00; we 08:00-16:00; th 08:00-16:00; fr 08:00-16:00; sa 08:00-16:00; su closed,2026-10-08,
GROOMING,Love On A Leash Pet Supplies & Grooming,https://www.google.com/maps/place/Love+On+A+Leash+Pet+Supplies+%26+Grooming/data=!4m7!3m6!1s0x80dd4a0e611e2505:0xef4466f375980b27!8m2!3d33.7788464!4d-118.3085913!16s%2Fg%2F11bw2hm_3n!19sChIJBSUeYQ5K3YARJwuYdfNmRO8?authuser=0&hl=en&g_ep=EgoyMDI2MTAwNS4wIJJjKgBIAVAD&rclk=1,4.9,162,"1724 Palos Verdes Dr N, Harbor City, CA 90710",+1 424-535-7877,https://loveonaleash.pet/,mo 08:00-18:00; tu 08:00-18:00; we 08:00-18:00; th 08:00-18:00; fr 08:00-18:00; sa 08:00-18:00; su 08:00-18:00,2026-10-08,
GROOMING,Sam's Green Paw,https://www.google.com/maps/place/Sam%27s+Green+Paw/data=!4m7!3m6!1s0x80c2be127098c00b:0xbd8fbb2caf12c2c!8m2!3d34.13928!4d-118.380758!16s%2Fg%2F1tp8_9gf!19sChIJC8CYcBK-woARLCzxyrL72As?authuser=0&hl=en&g_ep=EgoyMDI2MTAwNS4wIJJjKgBIAVAD&rclk=1,4.4,161,"11450 Ventura Blvd, Studio City, CA 91604",+1 747-200-6480,http://samsgreenpawca.hibuwebsites.com/,mo 07:00-19:00; tu 07:00-19:00; we 07:00-19:00; th 07:00-19:00; fr 07:00-19:00; sa 09:00-17:00; su 09:00-17:00,2026-10-08,
GROOMING,Olympic Pet Shop,https://www.google.com/maps/place/Olympic+Pet+Shop/data=!4m7!3m6!1s0x80c2c7806bf32003:0x8b8d72ba8866ab53!8m2!3d34.0527931!4d-118.2983768!16s%2Fg%2F1thw2dvn!19sChIJAyDza4DHwoARU6tmiLpyjYs?authuser=0&hl=en&g_ep=EgoyMDI2MTAwNS4wIJJjKgBIAVAD&rclk=1,4.5,155,"2927 W Olympic Blvd, Los Angeles, CA 90006",+1 213-385-3355,,mo 10:00-18:00; tu closed; we 10:00-18:00; th 10:00-18:00; fr 10:00-18:00; sa 10:00-18:00; su closed,2026-10-08,
GROOMING,Dog-E-Den Hollywood Dog Daycare Boarding Grooming and Training,https://www.google.com/maps/place/Dog-E-Den+Hollywood+Dog+Daycare+Boarding+Grooming+and+Training/data=!4m7!3m6!1s0x80c2bfe58edb485f:0x83666feb78ce7bf9!8m2!3d34.0984539!4d-118.3541847!16s%2Fg%2F11h3g7grl8!19sChIJX0jbjuW_woAR-XvOeOtvZoM?authuser=0&hl=en&g_ep=EgoyMDI2MTAwNS4wIJJjKgBIAVAD&rclk=1,4.5,154,"7551 Sunset Blvd, Los Angeles, CA 90046",+1 323-647-3491,https://www.dedhollywood.com/,mo 07:00-21:00; tu 07:00-21:00; we 07:00-21:00; th 07:00-21:00; fr 07:00-21:00; sa 09:00-19:00; su 09:00-19:00,2026-10-08,
GROOMING,The Paw Central,https://www.google.com/maps/place/The+Paw+Central/data=!4m7!3m6!1s0x80c2c86087ee7f41:0xf14124fc2a3f5655!8m2!3d34.0078124!4d-118.256728!16s%2Fg%2F11gfnhkvdz!19sChIJQX_uh2DIwoARVVY_KvwkQfE?authuser=0&hl=en&g_ep=EgoyMDI2MTAwNS4wIJJjKgBIAVAD&rclk=1,4.2,152,"4165 S Central Ave, Los Angeles, CA 90011",+1 323-826-4044,http://www.instagram.com/thepawcentral,mo 09:15-17:00; tu 09:15-17:00; we 09:15-17:00; th 09:15-17:00; fr 09:15-17:00; sa 09:15-17:00; su closed,2026-10-08,
GROOMING,Alessandro Pet Spa,https://www.google.com/maps/place/Alessandro+Pet+Spa/data=!4m7!3m6!1s0x80c2c7a1c1fcab77:0xbd97d479dae473a!8m2!3d34.0837072!4d-118.346971!16s%2Fg%2F11fl7tq4lx!19sChIJd6v8waHHwoAROkeunUd92Qs?authuser=0&hl=en&g_ep=EgoyMDI2MTAwNS4wIJJjKgBIAVAD&rclk=1,4.6,149,"7221 Melrose Ave, Los Angeles, CA 90046",+1 323-644-4946,https://www.alessandropetspa.com/,,2026-10-08,hours: none (not published on Maps)
GROOMING,Felix's Pet Grooming,https://www.google.com/maps/place/Felix%27s+Pet+Grooming/data=!4m7!3m6!1s0x80c2c9a847ed200f:0x5a274eb3ddb31051!8m2!3d33.975244!4d-118.254183!16s%2Fg%2F1tk8nw6j!19sChIJDyDtR6jJwoARURCz3bNOJ1o?authuser=0&hl=en&g_ep=EgoyMDI2MTAwNS4wIJJjKgBIAVAD&rclk=1,4.1,147,"1163 E Florence Ave, Los Angeles, CA 90001",+1 323-585-2670,https://sites.google.com/view/felixspetgrooming/home?authuser=2,mo closed; tu 09:00-16:00; we 09:00-16:00; th 09:00-16:00; fr 09:00-16:00; sa 08:00-16:00; su 08:00-13:00,2026-10-08,
GROOMING,Happy Dogs Grooming,https://www.google.com/maps/place/Happy+Dogs+Grooming/data=!4m7!3m6!1s0x80c29761fbcbb2e9:0xcadad0dd9f1c3c3!8m2!3d34.1870424!4d-118.486083!16s%2Fg%2F1tm1qqw5!19sChIJ6bLL-2GXwoARw8Px2Q2trQw?authuser=0&hl=en&g_ep=EgoyMDI2MTAwNS4wIJJjKgBIAVAD&rclk=1,4.4,145,"16201 Victory Blvd, Van Nuys, CA 91406",+1 818-781-0464,https://happydogsgroomingla.com/,mo 09:00-18:00; tu 09:00-18:00; we 09:00-18:00; th 09:00-14:00; fr 09:00-18:00; sa 09:00-18:00; su 09:00-14:00,2026-10-08,
GROOMING,Puppy Love Pet Spa,https://www.google.com/maps/place/Puppy+Love+Pet+Spa/data=!4m7!3m6!1s0x80c2c3e0a2e9f3a3:0xf1391e785e9d317e!8m2!3d34.1390424!4d-118.2013403!16s%2Fg%2F1td3lw1s!19sChIJo_PpouDDwoARfjGdXngeOfE?authuser=0&hl=en&g_ep=EgoyMDI2MTAwNS4wIJJjKgBIAVAD&rclk=1,4.2,143,"1608 Colorado Blvd, Los Angeles, CA 90041",+1 323-256-2000,https://puppylovepet.top/,mo 08:00-17:00; tu 08:00-17:00; we 08:00-17:00; th 08:00-17:00; fr 08:00-17:00; sa 08:00-17:00; su 09:00-16:00,2026-10-08,
GROOMING,PetJoy in LA,https://www.google.com/maps/place/PetJoy+in+LA/data=!4m7!3m6!1s0x80c2b8e20578ac55:0xb7f374ee80742fa!8m2!3d34.0575678!4d-118.3453317!16s%2Fg%2F1tfm1qq7!19sChIJVax4BeK4woAR-kIH6E43fws?authuser=0&hl=en&g_ep=EgoyMDI2MTAwNS4wIJJjKgBIAVAD&rclk=1,4.4,139,"5277 W Olympic Blvd, Los Angeles, CA 90036",+1 323-954-9800,https://petjoyinla.com/,mo 09:00-15:00; tu 08:30-18:00; we 08:30-18:00; th 08:30-18:00; fr 08:30-18:00; sa 08:30-18:00; su closed,2026-10-08,
GROOMING,Purrrfect Paws Grooming,https://www.google.com/maps/place/Purrrfect+Paws+Grooming/data=!4m7!3m6!1s0x80c2c4150ccbd137:0x998b254dfd9fc77a!8m2!3d34.1045085!4d-118.1835589!16s%2Fg%2F12610py9b!19sChIJN9HLDBXEwoAResef_U0li5k?authuser=0&hl=en&g_ep=EgoyMDI2MTAwNS4wIJJjKgBIAVAD&rclk=1,4.5,135,"5902 Monterey Rd, Los Angeles, CA 90042",+1 323-739-6557,http://www.purrrfectpawsgrooming.com/,mo closed; tu 08:00-18:00; we 08:00-18:00; th 08:00-18:00; fr 08:00-18:00; sa 08:00-18:00; su closed,2026-10-08,
GROOMING,Moon Shine Grooming & Pet Wash,https://www.google.com/maps/place/Moon+Shine+Grooming+%26+Pet+Wash/data=!4m7!3m6!1s0x80c2c74e4976f127:0x620fe77efb5d753d!8m2!3d34.0910243!4d-118.2861137!16s%2Fg%2F1tgxttlq!19sChIJJ_F2SU7HwoARPXVd-37nD2I?authuser=0&hl=en&g_ep=EgoyMDI2MTAwNS4wIJJjKgBIAVAD&rclk=1,4.6,130,"4473 Santa Monica Blvd, Los Angeles, CA 90029",+1 323-664-4600,https://www.theurbanpet.net/self-wash-pods-and-full-service-grooming-at-moonshine-grooming/,mo 09:00-19:00; tu 09:00-19:00; we 09:00-19:00; th 09:00-19:00; fr 09:00-19:00; sa 09:00-19:00; su 09:00-19:00,2026-10-08,
GROOMING,The Dog House,https://www.google.com/maps/place/The+Dog+House/data=!4m7!3m6!1s0x80c2bdf8002ac5dd:0xfa30117b951be6bf!8m2!3d34.15534!4d-118.36859!16s%2Fg%2F1tdvkfvk!19sChIJ3cUqAPi9woARv-YblXsRMPo?authuser=0&hl=en&g_ep=EgoyMDI2MTAwNS4wIJJjKgBIAVAD&rclk=1,4.2,126,"4654 Lankershim Blvd, Toluca Lake, CA 91602",+1 818-508-1831,http://www.doghousestudiocity.com/,mo closed; tu 08:00-17:00; we 08:00-17:00; th 08:00-17:00; fr 08:00-17:00; sa 09:00-15:00; su closed,2026-10-08,
GROOMING,Bowie Barker West Hollywood,https://www.google.com/maps/place/Bowie+Barker+West+Hollywood/data=!4m7!3m6!1s0x80c2b99880c293cf:0x5c3358ece700e05f!8m2!3d34.0764501!4d-118.3557626!16s%2Fg%2F11rqmds4jf!19sChIJz5PCgJi5woARX-AA5-xYM1w?authuser=0&hl=en&g_ep=EgoyMDI2MTAwNS4wIJJjKgBIAVAD&rclk=1,4.7,123,"7609 Beverly Blvd, Los Angeles, CA 90036",+1 323-372-0622,https://www.bowiebarker.com/west-hollywood,mo 08:30-18:00; tu 08:30-18:00; we 08:30-18:00; th 08:30-18:00; fr 08:30-18:00; sa 08:30-18:00; su 09:00-18:00,2026-10-08,
GROOMING,Petco Grooming,https://www.google.com/maps/place/Petco+Grooming/data=!4m7!3m6!1s0x80c2b8d8fb8563e5:0x5d9304ff05639884!8m2!3d34.0707494!4d-118.3436943!16s%2Fg%2F11f0wp0mly!19sChIJ5WOF-9i4woARhJhjBf8Ek10?authuser=0&hl=en&g_ep=EgoyMDI2MTAwNS4wIJJjKgBIAVAD&rclk=1,4.7,122,"200 S La Brea Ave Ste c, Los Angeles, CA 90036",+1 323-934-8444,https://stores.petco.com/ca/los-angeles/full-service-grooming-losangeles-ca-908.html?utm_source=google&utm_campaign=locallist_908_pg,mo 08:00-18:00; tu 08:00-18:00; we 08:00-18:00; th 08:00-18:00; fr 08:00-18:00; sa 08:00-18:00; su 09:00-18:00,2026-10-08,
GROOMING,Martinez’s Grooming,https://www.google.com/maps/place/Martinez%E2%80%99s+Grooming/data=!4m7!3m6!1s0x80c2b9846c17a797:0xa2051e35fe73f128!8m2!3d34.0909539!4d-118.3076322!16s%2Fg%2F11hync17fc!19sChIJl6cXbIS5woARKPFz_jUeBaI?authuser=0&hl=en&g_ep=EgoyMDI2MTAwNS4wIJJjKgBIAVAD&rclk=1,4.5,120,"5421 Santa Monica Blvd Ste d, Los Angeles, CA 90029",+1 323-536-9782,,mo 09:00-17:30; tu 09:00-17:30; we 09:00-17:30; th 09:00-17:30; fr 09:00-17:30; sa 09:00-17:30; su 09:00-17:30,2026-10-08,
GROOMING,Bone Sweet Bone - Studio City,https://www.google.com/maps/place/Bone+Sweet+Bone+-+Studio+City/data=!4m7!3m6!1s0x80c2be1399382ced:0x3c4846506d8583c5!8m2!3d34.1400512!4d-118.3766229!16s%2Fg%2F1tgjlkdb!19sChIJ7Sw4mRO-woARxYOFbVBGSDw?authuser=0&hl=en&g_ep=EgoyMDI2MTAwNS4wIJJjKgBIAVAD&rclk=1,4.3,120,"11324 Ventura Blvd, Studio City, CA 91604",+1 818-985-2663,https://bonesweetbone.com/pages/studio-city-dog-grooming,,2026-10-08,hours: none (not published on Maps)
GROOMING,VIP Pet Shop,https://www.google.com/maps/place/VIP+Pet+Shop/data=!4m7!3m6!1s0x80c2c60868515ad1:0xa4f5c391d099967f!8m2!3d34.047227!4d-118.2078646!16s%2Fg%2F1tsbmcz8!19sChIJ0VpRaAjGwoARf5aZ0JHD9aQ?authuser=0&hl=en&g_ep=EgoyMDI2MTAwNS4wIJJjKgBIAVAD&rclk=1,4.2,119,"305 N Soto St # E, Los Angeles, CA 90033",+1 323-266-1166,,mo 09:00-16:00; tu 09:00-16:00; we 09:00-16:00; th 09:00-16:00; fr 09:00-16:00; sa 09:00-16:00; su closed,2026-10-08,
GROOMING,Alex The Happy Dog,https://www.google.com/maps/place/Alex+The+Happy+Dog/data=!4m7!3m6!1s0x80c2b8fd715ff3bf:0x98af985c7b759cad!8m2!3d34.0507813!4d-118.3448756!16s%2Fg%2F1q5hrf5j4!19sChIJv_Nfcf24woARrZx1e1yYr5g?authuser=0&hl=en&g_ep=EgoyMDI2MTAwNS4wIJJjKgBIAVAD&rclk=1,4.7,118,"5011 S San Vicente Blvd, Los Angeles, CA 90019",+1 323-933-9708,https://alexthehappydog.top/,mo closed; tu 09:00-16:00; we 09:00-16:00; th 09:00-16:00; fr 09:00-16:00; sa 09:00-16:00; su closed,2026-10-08,
GROOMING,Bone Sweet Bone - Arts District,https://www.google.com/maps/place/Bone+Sweet+Bone+-+Arts+District/data=!4m7!3m6!1s0x80c2c63c88434907:0x4515b29b1b1866ea!8m2!3d34.0351186!4d-118.2354546!16s%2Fg%2F11c563n658!19sChIJB0lDiDzGwoAR6mYYG5uyFUU?authuser=0&hl=en&g_ep=EgoyMDI2MTAwNS4wIJJjKgBIAVAD&rclk=1,4.3,116,"1725 E 7th St Unit A, Los Angeles, CA 90021",+1 213-628-3983,https://bonesweetbone.com/pages/arts-district,mo 09:00-14:00; tu 09:00-14:00; we 09:00-14:00; th 09:00-14:00; fr 09:00-14:00; sa 09:00-14:00; su closed,2026-10-08,
GROOMING,코코애견미용 cocogrooming,https://www.google.com/maps/place/%EC%BD%94%EC%BD%94%EC%95%A0%EA%B2%AC%EB%AF%B8%EC%9A%A9+cocogrooming/data=!4m7!3m6!1s0x80c2b89a4159e111:0x9e9385856d1759bf!8m2!3d34.0654181!4d-118.3093365!16s%2Fg%2F1q4knlx68!19sChIJEeFZQZq4woARv1kXbYWFk54?authuser=0&hl=en&g_ep=EgoyMDI2MTAwNS4wIJJjKgBIAVAD&rclk=1,4.2,113,"4155 5th St, Los Angeles, CA 90020",+1 213-388-1700,,mo 09:00-18:00; tu 09:00-18:00; we closed; th 09:00-18:00; fr 09:00-18:00; sa 09:00-18:00; su closed,2026-10-08,
GROOMING,Fluffology,https://www.google.com/maps/place/Fluffology/data=!4m7!3m6!1s0x80c295efad152b3f:0x639eeaf6442fce78!8m2!3d34.164679!4d-118.3734502!16s%2Fg%2F11v0lpdjfm!19sChIJPysVre-VwoAReM4vRPbqnmM?authuser=0&hl=en&g_ep=EgoyMDI2MTAwNS4wIJJjKgBIAVAD&rclk=1,4.7,110,"11128 Magnolia Blvd, North Hollywood, CA 91601",+1 818-579-4600,https://fluffology.com/,mo closed; tu 09:00-18:00; we 09:00-18:00; th 09:00-18:00; fr 09:00-18:00; sa 09:00-18:00; su closed,2026-10-08,
GROOMING,Petco Grooming,https://www.google.com/maps/place/Petco+Grooming/data=!4m7!3m6!1s0x80c2b1c0898a79bb:0x62371723c1527c5f!8m2!3d33.9570273!4d-118.3967223!16s%2Fg%2F11f0wkcwnp!19sChIJu3mKicCxwoARX3xSwSMXN2I?authuser=0&hl=en&g_ep=EgoyMDI2MTAwNS4wIJJjKgBIAVAD&rclk=1,4.7,110,"8801 S Sepulveda Blvd, Los Angeles, CA 90045",+1 310-645-7198,https://stores.petco.com/ca/los-angeles/full-service-grooming-losangeles-ca-910.html?utm_source=google&utm_campaign=locallist_910_pg,mo 08:00-18:00; tu 08:00-18:00; we 08:00-18:00; th 08:00-18:00; fr 08:00-18:00; sa 08:00-18:00; su 09:00-18:00,2026-10-08,
GROOMING,BUBBLES DOG GROOMING,https://www.google.com/maps/place/BUBBLES+DOG+GROOMING/data=!4m7!3m6!1s0x80c2b89e8353f669:0x5c9bcd3d35ca89ac!8m2!3d34.0764581!4d-118.3076094!16s%2Fg%2F1tk6ql4y!19sChIJafZTg564woARrInKNT3Nm1w?authuser=0&hl=en&g_ep=EgoyMDI2MTAwNS4wIJJjKgBIAVAD&rclk=1,4.4,109,"4511 Beverly Blvd, Los Angeles, CA 90004",+1 213-736-0068,,mo closed; tu 08:00-15:00; we 08:00-15:00; th 08:00-15:00; fr 08:00-15:00; sa 08:00-15:00; su closed,2026-10-08,
PET_SHOP,PetSmart,https://www.google.com/maps/place/PetSmart/data=!4m7!3m6!1s0x80c2b8f9c45a00d1:0x43e0a66eb4b9c36a!8m2!3d34.0481675!4d-118.3356161!16s%2Fg%2F1pty6nmpm!19sChIJ0QBaxPm4woARasO5tG6m4EM?authuser=0&hl=en&g_ep=EgoyMDI2MTAwNS4wIJJjKgBIAVAD&rclk=1,4.4,3034,"4550 W Pico Blvd, Los Angeles, CA 90019",+1 323-602-0874,https://www.petsmart.com/stores/us/ca/los-angeles-store2324.html?utm_source=google&utm_medium=organic&utm_campaign=google-my-business,,2026-10-08,hours: none (not published on Maps)
PET_SHOP,Pet Supreme,https://www.google.com/maps/place/Pet+Supreme/data=!4m7!3m6!1s0x80c291eae8b2b2c1:0x174291324ab205ee!8m2!3d34.29287!4d-118.413954!16s%2Fg%2F1tm8kvn6!19sChIJwbKy6OqRwoAR7gWySjKRQhc?authuser=0&hl=en&g_ep=EgoyMDI2MTAwNS4wIJJjKgBIAVAD&rclk=1,4.6,2544,"12823 Foothill Blvd, Sylmar, CA 91342",+1 818-898-9599,https://www.petsupreme.com/,mo 09:00-20:00; tu 09:00-20:00; we 09:00-20:00; th 09:00-20:00; fr 09:00-20:00; sa 09:00-19:00; su 09:00-19:00,2026-10-08,
PET_SHOP,Petco,https://www.google.com/maps/place/Petco/data=!4m7!3m6!1s0x80c297757394151b:0x66bcbd04ec3d0bcf!8m2!3d34.1771325!4d-118.4655289!16s%2Fg%2F1tlkcmwd!19sChIJGxWUc3WXwoARzws97AS9vGY?authuser=0&hl=en&g_ep=EgoyMDI2MTAwNS4wIJJjKgBIAVAD&rclk=1,4.3,1707,"5850 Sepulveda Blvd, Van Nuys, CA 91411",+1 818-997-4009,https://stores.petco.com/ca/van-nuys/pet-supplies-vannuys-ca-1503.html?utm_source=google&utm_campaign=locallist_1503_pcc,,2026-10-08,hours: none (not published on Maps)
PET_SHOP,Elias Pet Shop,https://www.google.com/maps/place/Elias+Pet+Shop/data=!4m7!3m6!1s0x80c2c9102e4db539:0x8ec7bb369e4b03c5!8m2!3d33.9744072!4d-118.2404251!16s%2Fg%2F1tczkrkb!19sChIJObVNLhDJwoARxQNLnja7x44?authuser=0&hl=en&g_ep=EgoyMDI2MTAwNS4wIJJjKgBIAVAD&rclk=1,4.4,1665,"1808 E Florence Ave, Los Angeles, CA 90001",+1 323-581-3156,https://m.facebook.com/pages/Elias-Pet-Shop/166164420076763,mo 08:00-19:00; tu 08:00-19:00; we 08:00-19:00; th 08:00-19:00; fr 08:00-19:00; sa 08:00-19:00; su 08:00-19:00,2026-10-08,
PET_SHOP,Petco,https://www.google.com/maps/place/Petco/data=!4m7!3m6!1s0x80c2b8d8fd0245ef:0x76925da61690d4ef!8m2!3d34.0707205!4d-118.3436867!16s%2Fg%2F1tlkcm_h!19sChIJ70UC_di4woAR79SQFqZdknY?authuser=0&hl=en&g_ep=EgoyMDI2MTAwNS4wIJJjKgBIAVAD&rclk=1,4.4,1611,"200 S La Brea Ave Ste c, Los Angeles, CA 90036",+1 323-934-8444,https://stores.petco.com/ca/los-angeles/pet-supplies-losangeles-ca-908.html?utm_source=google&utm_campaign=locallist_908_pcc,,2026-10-08,hours: none (not published on Maps)
PET_SHOP,PetSmart,https://www.google.com/maps/place/PetSmart/data=!4m7!3m6!1s0x80c29db4c01955b7:0x2c8247a77cfed88f!8m2!3d34.1898884!4d-118.5968491!16s%2Fg%2F1tg2drnw!19sChIJt1UZwLSdwoARj9j-fKdHgiw?authuser=0&hl=en&g_ep=EgoyMDI2MTAwNS4wIJJjKgBIAVAD&rclk=1,4.3,1489,"21311 Victory Blvd, Canoga Park, CA 91303",+1 818-704-6560,https://www.petsmart.com/stores/us/ca/canoga-park-store1854.html?utm_source=google&utm_medium=organic&utm_campaign=google-my-business,,2026-10-08,hours: none (not published on Maps)
PET_SHOP,Petco,https://www.google.com/maps/place/Petco/data=!4m7!3m6!1s0x80c2bfdb45628d5f:0x11c696c176d87fa8!8m2!3d34.1020667!4d-118.3097065!16s%2Fg%2F11fjz3vgs4!19sChIJX41iRdu_woARqH_YdsGWxhE?authuser=0&hl=en&g_ep=EgoyMDI2MTAwNS4wIJJjKgBIAVAD&rclk=1,4.2,1261,"5507 Hollywood Blvd STE A, Los Angeles, CA 90028",+1 323-871-4269,https://stores.petco.com/ca/los-angeles/pet-supplies-losangeles-ca-2134.html?utm_source=google&utm_campaign=locallist_2134_pcc,,2026-10-08,hours: none (not published on Maps)
PET_SHOP,PetSmart,https://www.google.com/maps/place/PetSmart/data=!4m7!3m6!1s0x80c29b0aa1b0e4a5:0x9b6bd2351878dfcd!8m2!3d34.2350188!4d-118.5547432!16s%2Fg%2F1ptvyx3r1!19sChIJpeSwoQqbwoARzd94GDXSa5s?authuser=0&hl=en&g_ep=EgoyMDI2MTAwNS4wIJJjKgBIAVAD&rclk=1,4.4,1227,"19320 Nordhoff Way, Northridge, CA 91324",+1 818-739-0729,https://www.petsmart.com/stores/us/ca/northridge-store2293.html?utm_source=google&utm_medium=organic&utm_campaign=google-my-business,,2026-10-08,hours: none (not published on Maps)
PET_SHOP,Unleashed by Petco,https://www.google.com/maps/place/Unleashed+by+Petco/data=!4m7!3m6!1s0x80c2be1fc240334d:0x2ad157355265e5b1!8m2!3d34.1581945!4d-118.3709809!16s%2Fg%2F12mj_qr9q!19sChIJTTNAwh--woARseVlUjVX0So?authuser=0&hl=en&g_ep=EgoyMDI2MTAwNS4wIJJjKgBIAVAD&rclk=1,4.3,720,"4821 Lankershim Blvd, North Hollywood, CA 91601",+1 818-763-2283,https://stores.petco.com/ca/north-hollywood/pet-supplies-northhollywood-ca-5119.html?utm_source=google&utm_campaign=locallist_5119_pcc,,2026-10-08,hours: none (not published on Maps)
PET_SHOP,Pet Source 1901,https://www.google.com/maps/place/Pet+Source+1901/data=!4m7!3m6!1s0x80c2c7a2060efda9:0xb48f439fdea7540c!8m2!3d34.0543378!4d-118.2757003!16s%2Fg%2F1tr17vch!19sChIJqf0OBqLHwoARDFSn3p9Dj7Q?authuser=0&hl=en&g_ep=EgoyMDI2MTAwNS4wIJJjKgBIAVAD&rclk=1,4.1,524,"1901 W 8th St Ste B, Los Angeles, CA 90057",+1 646-327-5653,https://www.facebook.com/profile.php?id=100089818090556&mibextid=wwXIfr&mibextid=wwXIfr,mo 09:00-19:30; tu 09:00-19:30; we 09:00-19:30; th 09:00-19:30; fr 09:00-19:30; sa 09:00-19:30; su 09:00-19:30,2026-10-08,
PET_SHOP,Centinela Feed & Pet Supplies,https://www.google.com/maps/place/Centinela+Feed+%26+Pet+Supplies/data=!4m7!3m6!1s0x80c2ba5db049fa13:0x9d371b9cf6fd7f7e!8m2!3d34.0025674!4d-118.4315638!16s%2Fg%2F1td3lvzj!19sChIJE_pJsF26woARfn_99pwbN50?authuser=0&hl=en&g_ep=EgoyMDI2MTAwNS4wIJJjKgBIAVAD&rclk=1,4.6,494,"3860 S Centinela Ave, Los Angeles, CA 90066",+1 310-398-2134,http://centinelafeed.com/,mo 10:00-20:00; tu 10:00-20:00; we 10:00-20:00; th 10:00-20:00; fr 10:00-20:00; sa 10:00-19:00; su 10:00-19:00,2026-10-08,
PET_SHOP,The Urban Pet,https://www.google.com/maps/place/The+Urban+Pet/data=!4m7!3m6!1s0x80c2c74e4999c46b:0x2097fb49527bd016!8m2!3d34.0910266!4d-118.2862962!16s%2Fg%2F1v4pt81v!19sChIJa8SZSU7HwoARFtB7Ukn7lyA?authuser=0&hl=en&g_ep=EgoyMDI2MTAwNS4wIJJjKgBIAVAD&rclk=1,4.8,443,"4475 Santa Monica Blvd, Los Angeles, CA 90029",+1 323-664-4700,http://theurbanpet.net/,,2026-10-08,hours: none (not published on Maps)
PET_SHOP,Kahoots Feed & Pet,https://www.google.com/maps/place/Kahoots+Feed+%26+Pet/data=!4m7!3m6!1s0x80c29b5807f83ead:0xdb05a610f86db09f!8m2!3d34.2587072!4d-118.5789818!16s%2Fg%2F1tfwq6vn!19sChIJrT74B1ibwoARn7Bt-BCmBds?authuser=0&hl=en&g_ep=EgoyMDI2MTAwNS4wIJJjKgBIAVAD&rclk=1,4.7,409,"10360 Mason Ave, Chatsworth, CA 91311",+1 818-718-9850,https://kahootsfeedandpet.com/pages/kahoots-chatsworth,mo 09:00-20:00; tu 09:00-20:00; we 09:00-20:00; th 09:00-20:00; fr 09:00-20:00; sa 09:00-20:00; su 10:00-18:00,2026-10-08,
PET_SHOP,BlueCollar Working Dog,https://www.google.com/maps/place/BlueCollar+Working+Dog/data=!4m7!3m6!1s0x80c2c71e79bd9b4d:0x8958291e7cc86dfa!8m2!3d34.0786652!4d-118.2599852!16s%2Fg%2F1tdqhr8x!19sChIJTZu9eR7HwoAR-m3IfB4pWIk?authuser=0&hl=en&g_ep=EgoyMDI2MTAwNS4wIJJjKgBIAVAD&rclk=1,4.7,392,"1320 Glendale Blvd, Los Angeles, CA 90026",+1 213-977-9042,http://www.bluecollarworkingdog.com/,mo 09:00-21:00; tu 09:00-21:00; we 09:00-21:00; th 09:00-21:00; fr 09:00-21:00; sa 09:00-20:00; su 10:00-18:00,2026-10-08,
PET_SHOP,Unleashed by Petco,https://www.google.com/maps/place/Unleashed+by+Petco/data=!4m7!3m6!1s0x80c29abd2f182cf1:0x999cd0a0e5ef1e9b!8m2!3d34.2708905!4d-118.499467!16s%2Fg%2F1tsykfx8!19sChIJ8SwYL72awoARmx7v5aDQnJk?authuser=0&hl=en&g_ep=EgoyMDI2MTAwNS4wIJJjKgBIAVAD&rclk=1,4.5,367,"16848 San Fernando Mission Blvd, Granada Hills, CA 91344",+1 818-832-1016,https://stores.petco.com/ca/granada-hills/pet-supplies-granadahills-ca-5110.html?utm_source=google&utm_campaign=locallist_5110_pcc,,2026-10-08,hours: none (not published on Maps)
PET_SHOP,Al's Pets and Supplies,https://www.google.com/maps/place/Al%27s+Pets+and+Supplies/data=!4m7!3m6!1s0x80c2c635fddb27df:0xfedd9a589aad4767!8m2!3d34.0464373!4d-118.2468837!16s%2Fg%2F1tfrbg05!19sChIJ3yfb_TXGwoARZ0etmlia3f4?authuser=0&hl=en&g_ep=EgoyMDI2MTAwNS4wIJJjKgBIAVAD&rclk=1,3.8,334,"430 S Los Angeles St, Los Angeles, CA 90013",+1 213-622-1215,https://tinyurl.com/AlsPetsandSupplies,mo 09:00-16:00; tu 09:00-16:00; we 09:00-16:00; th 09:00-16:00; fr 09:00-16:00; sa 09:00-17:00; su 10:00-16:00,2026-10-08,
PET_SHOP,John's Feed 2,https://www.google.com/maps/place/John%27s+Feed+2/data=!4m7!3m6!1s0x80c2c911337450b7:0x596e019f26078f92!8m2!3d33.9745219!4d-118.2353477!16s%2Fg%2F1tcx_2rs!19sChIJt1B0MxHJwoARko8HJp8Bblk?authuser=0&hl=en&g_ep=EgoyMDI2MTAwNS4wIJJjKgBIAVAD&rclk=1,4.4,324,"2048 E Florence Ave, Los Angeles, CA 90001",+1 323-585-6890,http://www.johnsfeed2.com/,mo 09:00-17:00; tu 09:00-17:00; we 09:00-17:00; th 09:00-17:00; fr 09:00-17:00; sa 09:00-17:00; su closed,2026-10-08,
PET_SHOP,Centinela Feed & Pet Supplies,https://www.google.com/maps/place/Centinela+Feed+%26+Pet+Supplies/data=!4m7!3m6!1s0x80c2bba17c4ff117:0x16905133a79232f9!8m2!3d34.0376277!4d-118.4340951!16s%2Fg%2F1tk6ql73!19sChIJF_FPfKG7woAR-TKSpzNRkBY?authuser=0&hl=en&g_ep=EgoyMDI2MTAwNS4wIJJjKgBIAVAD&rclk=1,4.5,322,"11055 W Pico Blvd, Los Angeles, CA 90064",+1 310-473-5099,http://www.centinelafeed.com/,mo 10:00-20:00; tu 10:00-20:00; we 10:00-20:00; th 10:00-20:00; fr 10:00-20:00; sa 10:00-19:00; su 10:00-19:00,2026-10-08,
PET_SHOP,Tams Pet Foods & Supplies,https://www.google.com/maps/place/Tams+Pet+Foods+%26+Supplies/data=!4m7!3m6!1s0x80c2998e25c3d195:0x4ef654aa8a9a9249!8m2!3d34.1941205!4d-118.5539445!16s%2Fg%2F1wk4d9q3!19sChIJldHDJY6ZwoARSZKaiqpU9k4?authuser=0&hl=en&g_ep=EgoyMDI2MTAwNS4wIJJjKgBIAVAD&rclk=1,4.8,291,"19305 Vanowen St, Reseda, CA 91335",+1 818-343-6873,http://www.tamspetfood.com/,mo 10:00-21:00; tu 10:00-21:00; we 10:00-21:00; th 10:00-21:00; fr 10:00-21:00; sa 10:00-21:00; su 10:00-20:00,2026-10-08,
PET_SHOP,Jurado's Pet Shop,https://www.google.com/maps/place/Jurado%27s+Pet+Shop/data=!4m7!3m6!1s0x80c2c8ed861c9633:0x96dbd7812fa111ca!8m2!3d34.0040415!4d-118.240641!16s%2Fg%2F11f4lf57lh!19sChIJM5Ychu3IwoARyhGhL4HX25Y?authuser=0&hl=en&g_ep=EgoyMDI2MTAwNS4wIJJjKgBIAVAD&rclk=1,4.6,277,"1823 E Vernon Ave, Vernon, CA 90058",+1 323-899-5855,http://jurado-s-pet-shop.slue.io/,mo 12:00-17:00; tu closed; we 12:00-17:00; th 12:00-17:00; fr 12:00-17:00; sa 12:00-17:00; su 12:00-17:00,2026-10-08,
DOG_TRAINING,Zoom Room Dog Training,https://www.google.com/maps/place/Zoom+Room+Dog+Training/data=!4m7!3m6!1s0x80c2b0a8ffe84ef7:0x49429da707aefd61!8m2!3d33.9847638!4d-118.4016102!16s%2Fg%2F1vj5_glv!19sChIJ907o_6iwwoARYf2uB6edQkk?authuser=0&hl=en&g_ep=EgoyMDI2MTAwNS4wIJJjKgBIAVAD&rclk=1,4.8,587,"11836 Teale St, Los Angeles, CA 90230",+1 310-636-4606,https://www.zoomroom.com/location/culver-city,mo 11:00-18:00; tu 11:00-18:30; we 11:00-20:30; th 11:00-20:00; fr 12:00-18:30; sa 09:00-18:00; su 09:00-17:00,2026-10-08,
DOG_TRAINING,Zoom Room Dog Training,https://www.google.com/maps/place/Zoom+Room+Dog+Training/data=!4m7!3m6!1s0x80c29628e5e6f473:0xb1a86835d0621665!8m2!3d34.147542!4d-118.430259!16s%2Fg%2F11rs08l6k!19sChIJc_Tm5SiWwoARZRZi0DVoqLE?authuser=0&hl=en&g_ep=EgoyMDI2MTAwNS4wIJJjKgBIAVAD&rclk=1,4.7,278,"13618 Ventura Blvd, Sherman Oaks, CA 91423",+1 818-986-1932,https://www.zoomroom.com/location/sherman-oaks,mo 09:00-19:00; tu 09:00-19:00; we 09:00-14:00; th 09:00-19:00; fr 09:00-19:00; sa 09:00-19:00; su 09:00-19:00,2026-10-08,
DOG_TRAINING,Petco Dog Training,https://www.google.com/maps/place/Petco+Dog+Training/data=!4m7!3m6!1s0x80c2965fff502e6f:0x66a2dd14a2fcfe2!8m2!3d34.1884954!4d-118.4165016!16s%2Fg%2F11f263n0w7!19sChIJby5Q_1-WwoAR4s8vStEtagY?authuser=0&hl=en&g_ep=EgoyMDI2MTAwNS4wIJJjKgBIAVAD&rclk=1,4.5,229,"13025 Victory Blvd, North Hollywood, CA 91606",+1 818-299-5651,https://stores.petco.com/ca/north-hollywood/dog-training-northhollywood-ca-2126.html?utm_source=google&utm_campaign=locallist_2126_pdt,mo 09:00-21:00; tu 09:00-21:00; we 09:00-21:00; th 09:00-21:00; fr 08:30-21:30; sa 08:30-21:30; su 09:00-19:30,2026-10-08,
DOG_TRAINING,The Ranch Dog Training,https://www.google.com/maps/place/The+Ranch+Dog+Training/data=!4m7!3m6!1s0x80c299a9f60cc981:0xc72bff447295e839!8m2!3d34.0343945!4d-118.444765!16s%2Fg%2F11j8vzrcs6!19sChIJgckM9qmZwoAROeiVckT_K8c?authuser=0&hl=en&g_ep=EgoyMDI2MTAwNS4wIJJjKgBIAVAD&rclk=1,5.0,184,"2244 Federal Ave, Los Angeles, CA 90064",+1 310-742-9988,https://www.ranchdogtraining.com/,mo 07:00-20:00; tu 07:00-20:00; we 07:00-20:00; th 07:00-20:00; fr 07:00-20:00; sa 07:00-18:00; su closed,2026-10-08,
DOG_TRAINING,CANIS - Dog Behavior & Training,https://www.google.com/maps/place/CANIS+-+Dog+Behavior+%26+Training/data=!4m7!3m6!1s0x80c2bb3f49447c85:0x7e4e40909c58c4a1!8m2!3d34.1809554!4d-118.5388479!16s%2Fg%2F11ff1wt5xq!19sChIJhXxEST-7woARocRYnJBATn4?authuser=0&hl=en&g_ep=EgoyMDI2MTAwNS4wIJJjKgBIAVAD&rclk=1,4.9,184,"18603 Topham St, Tarzana, CA 91335",+1 424-398-8690,http://canisdogtraining.com/,mo 07:00-19:00; tu 07:00-19:00; we 07:00-19:00; th 07:00-19:00; fr 07:00-19:00; sa 08:00-18:00; su closed,2026-10-08,
DOG_TRAINING,Sit With Rollin,https://www.google.com/maps/place/Sit+With+Rollin/data=!4m7!3m6!1s0x80c2979d397df9df:0x9185fa5be3d878b!8m2!3d34.2033987!4d-118.4460015!16s%2Fg%2F11ll9d8ncy!19sChIJ3_l9OZ2XwoARi4c9vqVfGAk?authuser=0&hl=en&g_ep=EgoyMDI2MTAwNS4wIJJjKgBIAVAD&rclk=1,5.0,146,"7320 Lennox Ave, Van Nuys, CA 91405",+1 818-835-0367,http://www.sitwithrollin.com/,mo 09:00-19:00; tu 09:00-19:00; we 09:00-17:00; th closed; fr closed; sa 11:00-15:00; su 11:00-15:00,2026-10-08,
DOG_TRAINING,Webster's Dog Training,https://www.google.com/maps/place/Webster%27s+Dog+Training/data=!4m7!3m6!1s0x4165eb5760f09c9b:0x8b0861f24e0ce48a!8m2!3d33.9898133!4d-118.4404359!16s%2Fg%2F11jz4r9vcj!19sChIJm5zwYFfrZUERiuQMTvJhCIs?authuser=0&hl=en&g_ep=EgoyMDI2MTAwNS4wIJJjKgBIAVAD&rclk=1,4.9,142,"4133 Redwood Ave, Los Angeles, CA 90066",+1 310-344-0314,http://webstersdogtraining.com/,mo 07:00-22:00; tu 07:00-22:00; we 07:00-22:00; th 07:00-22:00; fr 07:00-22:00; sa 07:00-22:00; su 07:00-22:00,2026-10-08,
DOG_TRAINING,Delta K9 Academy,https://www.google.com/maps/place/Delta+K9+Academy/data=!4m7!3m6!1s0x80c295d664238d47:0xe06371d10ec1c5e8!8m2!3d34.2046155!4d-118.4243653!16s%2Fg%2F11n0dggdjj!19sChIJR40jZNaVwoAR6MXBDtFxY-A?authuser=0&hl=en&g_ep=EgoyMDI2MTAwNS4wIJJjKgBIAVAD&rclk=1,4.6,104,"7360 Varna Ave, North Hollywood, CA 91605",+1 818-337-7070,https://k9delta.com/,mo 08:00-19:00; tu 08:00-17:00; we 08:00-17:00; th 08:00-19:00; fr 08:00-17:00; sa 08:00-12:00; su 08:00-12:00,2026-10-08,
DOG_TRAINING,Fun Paw Care Dog Training,https://www.google.com/maps/place/Fun+Paw+Care+Dog+Training/data=!4m7!3m6!1s0x80c2bb09bfcbeb63:0x99ecaac6d3635ead!8m2!3d34.0348817!4d-118.4111759!16s%2Fg%2F11nmhhphvp!19sChIJY-vLvwm7woARrV5j08aq7Jk?authuser=0&hl=en&g_ep=EgoyMDI2MTAwNS4wIJJjKgBIAVAD&rclk=1,4.9,96,"3079 Patricia Ave, Los Angeles, CA 90064",+1 424-341-0166,https://www.funpawcare.com/,mo 24h; tu 24h; we 24h; th 24h; fr 24h; sa 24h; su 24h,2026-10-08,
DOG_TRAINING,SoCal K9 Consulting,https://www.google.com/maps/place/SoCal+K9+Consulting/data=!4m7!3m6!1s0x80c2bfacfa2b5e77:0x1cd82c18a962aa56!8m2!3d34.0995437!4d-118.3494794!16s%2Fg%2F11j5l5lqpf!19sChIJd14r-qy_woARVqpiqRgs2Bw?authuser=0&hl=en&g_ep=EgoyMDI2MTAwNS4wIJJjKgBIAVAD&rclk=1,5.0,71,"7320 Hawthorn Ave, Los Angeles, CA 90046",+1 323-394-6175,https://www.socalk9consulting.com/,mo closed; tu 08:00-17:00; we 08:00-17:00; th 08:00-17:00; fr 08:00-17:00; sa 08:00-17:00; su closed,2026-10-08,
DOG_TRAINING,Cali K9 Los Angeles Dog Training,https://www.google.com/maps/place/Cali+K9+Los+Angeles+Dog+Training/data=!4m7!3m6!1s0x80c295e1e3703df1:0x8f98fe0a1bcae88!8m2!3d34.164679!4d-118.3734502!16s%2Fg%2F11ry22nxv8!19sChIJ8T1w4-GVwoARiK68oeCP-Qg?authuser=0&hl=en&g_ep=EgoyMDI2MTAwNS4wIJJjKgBIAVAD&rclk=1,4.5,50,"11128 Magnolia Blvd, North Hollywood, CA 91601",+1 818-740-7681,https://calik9.com/,mo 10:00-18:00; tu 10:00-18:00; we 10:00-18:00; th 10:00-18:00; fr 10:00-18:00; sa 10:00-17:00; su closed,2026-10-08,
DOG_TRAINING,J9's K9s Dog Training,https://www.google.com/maps/place/J9%27s+K9s+Dog+Training/data=!4m7!3m6!1s0x80c29ae8b803909f:0x4d6bc422973180b0!8m2!3d34.2007084!4d-118.6023071!16s%2Fg%2F1x6q203r!19sChIJn5ADuOiawoARsIAxlyLEa00?authuser=0&hl=en&g_ep=EgoyMDI2MTAwNS4wIJJjKgBIAVAD&rclk=1,4.9,49,"21720 Sherman Way, Canoga Park, CA 91303",+1 818-832-9906,https://j9sk9s.com/,,2026-10-08,hours: none (not published on Maps)
DOG_TRAINING,Smart Dogs Dog Training,https://www.google.com/maps/place/Smart+Dogs+Dog+Training/data=!4m7!3m6!1s0x80c2bf87250a89cf:0x68e702460ce10c81!8m2!3d34.1407975!4d-118.3720392!16s%2Fg%2F11tt118dt_!19sChIJz4kKJYe_woARgQzhDEYC52g?authuser=0&hl=en&g_ep=EgoyMDI2MTAwNS4wIJJjKgBIAVAD&rclk=1,4.7,48,"11054 Ventura Blvd Ste 400, Studio City, CA 91604",+1 818-371-1231,http://www.smartdogsdogtraining.com/,mo 08:00-19:00; tu 08:00-19:00; we 08:00-19:00; th 08:00-19:00; fr 08:00-19:00; sa 08:00-17:00; su closed,2026-10-08,
DOG_TRAINING,"""I Said Sit!"" School for Dogs",https://www.google.com/maps/place/%22I+Said+Sit!%22+School+for+Dogs/data=!4m7!3m6!1s0x80c2b980449f9b7f:0x9e967f3de8402db7!8m2!3d34.0292861!4d-118.3910675!16s%2Fg%2F1pv5v5rw0!19sChIJf5ufRIC5woARty1A6D1_lp4?authuser=0&hl=en&g_ep=EgoyMDI2MTAwNS4wIJJjKgBIAVAD&rclk=1,4.4,47,"3368 S Robertson Blvd, Los Angeles, CA 90034",+1 310-558-9037,http://www.isaidsit.com/,mo 07:00-19:00; tu 07:00-19:00; we 07:00-19:00; th 07:00-19:00; fr 07:00-19:00; sa closed; su closed,2026-10-08,
DOG_TRAINING,What A Good Dog! LA,https://www.google.com/maps/place/What+A+Good+Dog!+LA/data=!4m7!3m6!1s0x80c2b86fcabeaaab:0x16a822921061177f!8m2!3d34.0340985!4d-118.3153982!16s%2Fg%2F11h4chc0ds!19sChIJq6q-ym-4woARfxdhEJIiqBY?authuser=0&hl=en&g_ep=EgoyMDI2MTAwNS4wIJJjKgBIAVAD&rclk=1,4.9,45,"2215 W 25th St, Los Angeles, CA 90018",+1 323-578-3901,http://www.whatagooddogla.com/,mo 08:00-22:00; tu 07:00-22:00; we 07:00-22:00; th 07:00-22:00; fr 07:00-22:00; sa 07:00-22:00; su 09:00-22:00,2026-10-08,
DOG_TRAINING,Dino's Paws Brigade,https://www.google.com/maps/place/Dino%27s+Paws+Brigade/data=!4m7!3m6!1s0x8a01eb5028a2710b:0xc7c846f381938898!8m2!3d34.1024658!4d-118.3116427!16s%2Fg%2F11ld8bkj98!19sChIJC3GiKFDrAYoRmIiTgfNGyMc?authuser=0&hl=en&g_ep=EgoyMDI2MTAwNS4wIJJjKgBIAVAD&rclk=1,5.0,44,"1720 N Gramercy Pl, Hollywood, CA 90028",+1 323-645-0137,https://www.dinospawsbrigade.com/,mo 08:00-18:30; tu 08:00-18:30; we 08:00-18:30; th 08:00-18:30; fr 08:00-14:00; sa 09:00-14:00; su closed,2026-10-08,
DOG_TRAINING,Avid K9 Training,https://www.google.com/maps/place/Avid+K9+Training/data=!4m7!3m6!1s0x80c295b2316feb13:0xf08425dacb0d1965!8m2!3d34.1616495!4d-118.3828481!16s%2Fg%2F11h31z6lwv!19sChIJE-tvMbKVwoARZRkNy9olhPA?authuser=0&hl=en&g_ep=EgoyMDI2MTAwNS4wIJJjKgBIAVAD&rclk=1,4.9,44,"5000 Westpark Dr, North Hollywood, CA 91601",+1 818-853-2265,http://www.avidk9.com/,"mo 09:00-19:00; tu 09:00-13:00,16:00-18:00; we closed; th 09:00-13:00,16:00-19:00; fr 09:00-13:00,16:00-18:00; sa closed; su 09:00-13:00",2026-10-08,
DOG_TRAINING,Kelev K9,https://www.google.com/maps/place/Kelev+K9/data=!4m7!3m6!1s0x60886823d65c5a91:0x63932e15afb0d956!8m2!3d34.2033503!4d-118.5338179!16s%2Fg%2F11lcg0dn_h!19sChIJkVpc1iNoiGARVtmwrxUuk2M?authuser=0&hl=en&g_ep=EgoyMDI2MTAwNS4wIJJjKgBIAVAD&rclk=1,5.0,39,"7315 Darby Ave, Reseda, CA 91335",+1 831-453-0397,https://www.kelevk9.com/,mo 08:00-18:00; tu 08:00-18:00; we 08:00-18:00; th 08:00-18:00; fr 08:00-16:00; sa closed; su 08:00-18:00,2026-10-08,
DOG_TRAINING,"Pawsitive Vibes K9, LLC","https://www.google.com/maps/place/Pawsitive+Vibes+K9,+LLC/data=!4m7!3m6!1s0xa5fb21e8c474cbc7:0x8227a43a946508b4!8m2!3d34.1750532!4d-118.4450063!16s%2Fg%2F11shc95j16!19sChIJx8t0xOgh-6URtAhllDqkJ4I?authuser=0&hl=en&g_ep=EgoyMDI2MTAwNS4wIJJjKgBIAVAD&rclk=1",5.0,38,"14317 Miranda St, Sherman Oaks, CA 91401",+1 747-265-1107,http://www.pv-k9.com/,mo 07:00-18:00; tu 07:00-18:00; we 07:00-18:00; th 07:00-18:00; fr 07:00-18:00; sa 09:00-16:00; su closed,2026-10-08,
DOG_TRAINING,Penny's Pets PdR,https://www.google.com/maps/place/Penny%27s+Pets+PdR/data=!4m7!3m6!1s0x80c2b183be87d75d:0xb32a9e0343b35cd4!8m2!3d33.9565585!4d-118.41636!16s%2Fg%2F11pgfr8w37!19sChIJXdeHvoOxwoAR1FyzQwOeKrM?authuser=0&hl=en&g_ep=EgoyMDI2MTAwNS4wIJJjKgBIAVAD&rclk=1,5.0,37,"9045 Lincoln Blvd, Westchester, CA 90045",+1 424-744-6395,http://pennyspetspdr.com/,mo 08:00-20:00; tu 08:00-20:00; we 08:00-20:00; th 08:00-20:00; fr 08:00-20:00; sa 08:00-20:00; su 09:00-17:00,2026-10-08,
PET_HOTEL,Wag Hotels - Hollywood,https://www.google.com/maps/place/Wag+Hotels+-+Hollywood/data=!4m7!3m6!1s0x80c2bf2c456587d1:0xaad98777e71a8128!8m2!3d34.0886192!4d-118.3383237!16s%2Fg%2F113fk7m7_!19sChIJ0YdlRSy_woARKIEa53eH2ao?authuser=0&hl=en&g_ep=EgoyMDI2MTAwNS4wIJJjKgBIAVAD&rclk=1,4.6,587,"960 Highland Ave, Los Angeles, CA 90038",+1 888-924-5463,https://www.waghotels.com/hollywood/,mo 24h; tu 24h; we 24h; th 24h; fr 24h; sa 24h; su 24h,2026-10-08,
PET_HOTEL,LA Dogworks,https://www.google.com/maps/place/LA+Dogworks/data=!4m7!3m6!1s0x80c2bf2c3a02e885:0x413745d610604d5c!8m2!3d34.0894444!4d-118.3383333!16s%2Fg%2F1tfd2nw8!19sChIJhegCOiy_woARXE1gENZFN0E?authuser=0&hl=en&g_ep=EgoyMDI2MTAwNS4wIJJjKgBIAVAD&rclk=1,2.8,308,"1014 Highland Ave, Los Angeles, CA 90038",+1 323-461-5151,http://ladogworks.com/,mo 24h; tu 24h; we 24h; th 24h; fr 24h; sa 24h; su 24h,2026-10-08,
PET_HOTEL,Canine Retreat,https://www.google.com/maps/place/Canine+Retreat/data=!4m7!3m6!1s0x80dd4a754a69de81:0x4b5dc5e75c382fdd!8m2!3d33.7872181!4d-118.3008065!16s%2Fg%2F11bywjhsnr!19sChIJgd5pSnVK3YAR3S84XOfFXUs?authuser=0&hl=en&g_ep=EgoyMDI2MTAwNS4wIJJjKgBIAVAD&rclk=1,4.8,265,"25930 Belle Porte Ave, Harbor City, CA 90710",+1 310-530-0800,https://www.canineretreat.com/,mo 06:30-19:30; tu 06:30-19:30; we 06:30-19:30; th 06:30-19:30; fr 06:30-19:30; sa 08:00-18:00; su 10:00-18:00,2026-10-08,
PET_HOTEL,Kennel Club LAX,https://www.google.com/maps/place/Kennel+Club+LAX/data=!4m7!3m6!1s0x80c2b6dcdabdb811:0x7aff2115b5ab77f8!8m2!3d33.9439586!4d-118.3732434!16s%2Fg%2F1tmk8ry4!19sChIJEbi92ty2woAR-HertRUh_3o?authuser=0&hl=en&g_ep=EgoyMDI2MTAwNS4wIJJjKgBIAVAD&rclk=1,4.5,260,"5325 W 102nd St Suite 100, Los Angeles, CA 90045",+1 310-868-0870,https://kennelclublax.com/?utm_source=google&utm_medium=organic&utm_campaign=gmb&utm_content=website,mo 08:00-18:00; tu 08:00-18:00; we 08:00-18:00; th 08:00-18:00; fr 08:00-18:00; sa 08:00-18:00; su 08:00-18:00,2026-10-08,
PET_HOTEL,Oh Hello Dog: DTLA Dog Daycare & Boarding,https://www.google.com/maps/place/Oh+Hello+Dog:+DTLA+Dog+Daycare+%26+Boarding/data=!4m7!3m6!1s0x80c2c62efc41e6d5:0x659919ed819cba38!8m2!3d34.0341096!4d-118.2441636!16s%2Fg%2F11gh0by54m!19sChIJ1eZB_C7GwoAROLqcge0ZmWU?authuser=0&hl=en&g_ep=EgoyMDI2MTAwNS4wIJJjKgBIAVAD&rclk=1,4.9,235,"1228 E 8th St, Los Angeles, CA 90021",+1 213-265-7445,http://www.ohhellodog.com/,"mo 07:00-12:30,14:30-20:00; tu 07:00-12:30,14:30-20:00; we 07:00-12:30,14:30-20:00; th 07:00-12:30,14:30-20:00; fr 07:00-12:30,14:30-20:00; sa 08:00-12:30,14:30-19:00; su 08:00-12:30,14:30-19:00",2026-10-08,
PET_HOTEL,K9s Only,https://www.google.com/maps/place/K9s+Only/data=!4m7!3m6!1s0x80c2bb75739aa03f:0x8225f588fa6773a8!8m2!3d34.0413356!4d-118.4406573!16s%2Fg%2F1tk8ccph!19sChIJP6Cac3W7woARqHNn-oj1JYI?authuser=0&hl=en&g_ep=EgoyMDI2MTAwNS4wIJJjKgBIAVAD&rclk=1,4.7,218,"2040 Cotner Ave, Los Angeles, CA 90025",+1 424-901-1701,https://www.k9sonly.com/locations/west?y_source=1_MTEzNDA3NTUtNzE1LWxvY2F0aW9uLndlYnNpdGU%3D,mo 07:00-19:00; tu 07:00-19:00; we 07:00-19:00; th 07:00-19:00; fr 07:00-19:00; sa 09:00-17:00; su 09:00-17:00,2026-10-08,
PET_HOTEL,Paradise Ranch Pet Resort,https://www.google.com/maps/place/Paradise+Ranch+Pet+Resort/data=!4m7!3m6!1s0x80c29464d7e85a8f:0xe67007090982ee89!8m2!3d34.233751!4d-118.3548036!16s%2Fg%2F1v_vt4x8!19sChIJj1ro12SUwoARie6CCQkHcOY?authuser=0&hl=en&g_ep=EgoyMDI2MTAwNS4wIJJjKgBIAVAD&rclk=1,4.8,184,"10268 La Tuna Canyon Rd, Sun Valley, CA 91352",+1 818-394-9557,http://paradiseranch.net/,,2026-10-08,hours: none (not published on Maps)
PET_HOTEL,D Pet Hotels Hollywood,https://www.google.com/maps/place/D+Pet+Hotels+Hollywood/data=!4m7!3m6!1s0x80c2bf2c1f999fcd:0x589bfe5b605c41e2!8m2!3d34.0900418!4d-118.3387821!16s%2Fg%2F1td1k7y7!19sChIJzZ-ZHyy_woAR4kFcYFv-m1g?authuser=0&hl=en&g_ep=EgoyMDI2MTAwNS4wIJJjKgBIAVAD&rclk=1,4.7,167,"1041 Highland Ave, Los Angeles, CA 90038",+1 323-464-7387,https://hollywood.dpethotels.com/,mo 07:00-19:00; tu 07:00-19:00; we 07:00-19:00; th 07:00-19:00; fr 07:00-19:00; sa 07:00-19:00; su 07:00-19:00,2026-10-08,
PET_HOTEL,Pawparazzi Pet Resort,https://www.google.com/maps/place/Pawparazzi+Pet+Resort/data=!4m7!3m6!1s0x80c29b7eeda945b3:0x993a7e27d6fe7751!8m2!3d34.2344394!4d-118.5771724!16s%2Fg%2F11cm07jzw1!19sChIJs0Wp7X6bwoARUXf-1id-Opk?authuser=0&hl=en&g_ep=EgoyMDI2MTAwNS4wIJJjKgBIAVAD&rclk=1,4.8,161,"8968 Fullbright Ave, Chatsworth, CA 91311",+1 818-860-0729,https://pawparazzidogs.com/,"mo 07:00-12:00,14:00-19:00; tu 07:00-12:00,14:00-19:00; we 07:00-12:00,14:00-19:00; th 07:00-12:00,14:00-19:00; fr 07:00-12:00,14:00-19:00; sa 09:00-17:00; su 09:00-17:00",2026-10-08,
PET_HOTEL,"Whitaker Dog - Dog Daycare, Boarding and Training","https://www.google.com/maps/place/Whitaker+Dog+-+Dog+Daycare,+Boarding+and+Training/data=!4m7!3m6!1s0x80c295ca6a68edbd:0xcf43e2361fac3eee!8m2!3d34.10652!4d-118.2536236!16s%2Fg%2F11g4lrls5j!19sChIJve1oasqVwoAR7j6sHzbiQ88?authuser=0&hl=en&g_ep=EgoyMDI2MTAwNS4wIJJjKgBIAVAD&rclk=1",4.7,129,"2756 Clearwater St, Los Angeles, CA 90039",+1 323-591-5583,https://whitakerdog.com/,mo 05:00-22:00; tu 05:00-22:00; we 05:00-22:00; th 05:00-22:00; fr 05:00-22:00; sa 05:00-22:00; su 05:00-22:00,2026-10-08,
PET_SITTING,Critters Dog Co.,https://www.google.com/maps/place/Critters+Dog+Co./data=!4m7!3m6!1s0x80c2bb547bbb3767:0xf128e5bc60e5d8e1!8m2!3d34.0316126!4d-118.393048!16s%2Fg%2F11v0mn0kzv!19sChIJZze7e1S7woAR4djlYLzlKPE?authuser=0&hl=en&g_ep=EgoyMDI2MTAwNS4wIJJjKgBIAVAD&rclk=1,5.0,82,"National Blvd #9129, Los Angeles, CA 90034",+1 360-710-3464,https://www.crittersdogco.com/?utm_source=google&utm_medium=wix_google_business_profile&utm_campaign=15169036032840158501,mo 24h; tu 24h; we 24h; th 24h; fr 24h; sa 24h; su 24h,2026-10-08,
PET_SITTING,Valley Pet Sitting,https://www.google.com/maps/place/Valley+Pet+Sitting/data=!4m7!3m6!1s0x80c29ea400000001:0x655ca0e5d7f1ee94!8m2!3d34.1785731!4d-118.5942837!16s%2Fg%2F11b7ldmz04!19sChIJAQAAAKSewoARlO7x1-WgXGU?authuser=0&hl=en&g_ep=EgoyMDI2MTAwNS4wIJJjKgBIAVAD&rclk=1,4.9,63,"21200 Oxnard St, Woodland Hills, CA 91367",+1 818-856-1366,http://www.valleypetsitting.com/,mo 09:00-19:00; tu 09:00-19:00; we 09:00-19:00; th 09:00-19:00; fr 09:00-19:00; sa 09:00-19:00; su 09:00-19:00,2026-10-08,
PET_SITTING,"Spoiled Pooch, LLC","https://www.google.com/maps/place/Spoiled+Pooch,+LLC/data=!4m7!3m6!1s0x80c2ba76afe99a31:0x4f44756bf6696e27!8m2!3d33.9867313!4d-118.4228177!16s%2Fg%2F11d_79zh_1!19sChIJMZrpr3a6woARJ25p9mt1RE8?authuser=0&hl=en&g_ep=EgoyMDI2MTAwNS4wIJJjKgBIAVAD&rclk=1",5.0,62,"12540 Braddock Dr, Los Angeles, CA 90066",+1 310-853-2184,http://www.spoiledpoochbps.com/,mo 08:00-19:00; tu 08:00-19:00; we 08:00-19:00; th 08:00-19:00; fr 08:00-19:00; sa 08:00-19:00; su 08:00-19:00,2026-10-08,
PET_SITTING,Lisa's Pet Sitting,https://www.google.com/maps/place/Lisa%27s+Pet+Sitting/data=!4m7!3m6!1s0x80dd49fb2e6f23c3:0xa941063542a04325!8m2!3d33.754871!4d-118.3076!16s%2Fg%2F1tfbcggx!19sChIJwyNvLvtJ3YARJUOgQjUGQak?authuser=0&hl=en&g_ep=EgoyMDI2MTAwNS4wIJJjKgBIAVAD&rclk=1,4.8,45,"1360 W Capitol Dr Unit 134, San Pedro, CA 90732",+1 310-832-6201,https://rymaps.xyz/business/lisas-pet-sitting-9y3kmn,mo 07:00-20:00; tu 07:00-20:00; we 07:00-20:00; th 07:00-20:00; fr 07:00-20:00; sa 07:00-20:00; su 07:00-20:00,2026-10-08,
PET_SITTING,Westside Pet Sitters,https://www.google.com/maps/place/Westside+Pet+Sitters/data=!4m7!3m6!1s0x80c2ba2d126a818b:0x9487be22fceb7051!8m2!3d34.0318264!4d-118.4131723!16s%2Fg%2F1thffq5y!19sChIJi4FqEi26woARUXDr_CK-h5Q?authuser=0&hl=en&g_ep=EgoyMDI2MTAwNS4wIJJjKgBIAVAD&rclk=1,4.9,43,"10500 National Blvd, Los Angeles, CA 90034",+1 310-200-8598,http://www.lapetservices.com/,,2026-10-08,hours: none (not published on Maps)
PET_SITTING,CJs Pet Staycation,https://www.google.com/maps/place/CJs+Pet+Staycation/data=!4m7!3m6!1s0x80dd35bc1bc91f2d:0xcc966730460c3a31!8m2!3d33.7729331!4d-118.2625055!16s%2Fg%2F11c6v3rmg7!19sChIJLR_JG7w13YARMToMRjBnlsw?authuser=0&hl=en&g_ep=EgoyMDI2MTAwNS4wIJJjKgBIAVAD&rclk=1,4.9,32,"109 W C St, Wilmington, CA 90744",+1 310-946-7043,http://www.cjspetstaycation.com/,mo 07:00-18:00; tu 07:00-18:00; we 07:00-18:00; th 07:00-18:00; fr 07:00-18:00; sa 07:00-18:00; su 07:00-18:00,2026-10-08,
PET_SITTING,LA Pet Sitting,https://www.google.com/maps/place/LA+Pet+Sitting/data=!4m7!3m6!1s0x80c2c6a716d5901d:0x7fe13bfc1b3ede2a!8m2!3d34.1195301!4d-118.2292085!16s%2Fg%2F1tgb7mjf!19sChIJHZDVFqfGwoARKt4-G_w74X8?authuser=0&hl=en&g_ep=EgoyMDI2MTAwNS4wIJJjKgBIAVAD&rclk=1,4.7,32,"3950 N Eagle Rock Blvd, Los Angeles, CA 90065",+1 818-875-8122,http://lapetsitting.com/,mo 06:00-22:00; tu 06:00-22:00; we 06:00-22:00; th 06:00-22:00; fr 06:00-22:00; sa 06:00-22:00; su 06:00-22:00,2026-10-08,
PET_SITTING,Uncle Jeff's Pet Sitting & More,https://www.google.com/maps/place/Uncle+Jeff%27s+Pet+Sitting+%26+More/data=!4m7!3m6!1s0x80c29dc1850b95d5:0xa894f537edbe1e7c!8m2!3d34.2233905!4d-118.5883203!16s%2Fg%2F1td0n8p_!19sChIJ1ZULhcGdwoARfB6-7Tf1lKg?authuser=0&hl=en&g_ep=EgoyMDI2MTAwNS4wIJJjKgBIAVAD&rclk=1,4.7,25,"8444 De Soto Ave, Canoga Park, CA 91304",+1 818-884-8757,http://www.unclejeffspetsitting.com/,mo 08:30-20:30; tu 08:30-20:30; we 08:30-20:30; th 08:30-20:30; fr 08:30-20:30; sa 08:30-20:30; su 08:30-20:30,2026-10-08,
PET_SITTING,Eastside Petsitters,https://www.google.com/maps/place/Eastside+Petsitters/data=!4m7!3m6!1s0x80c2c0a5a0655555:0x854310dded76c46d!8m2!3d34.1088178!4d-118.2907118!16s%2Fg%2F11h5q81c3n!19sChIJVVVloKXAwoARbcR27d0QQ4U?authuser=0&hl=en&g_ep=EgoyMDI2MTAwNS4wIJJjKgBIAVAD&rclk=1,5.0,23,"2031 Dracena Dr, Los Angeles, CA 90027",+1 323-806-0302,https://www.eastsidepetsitters.com/,mo 07:00-22:00; tu 07:00-22:00; we 07:00-22:00; th 07:00-22:00; fr 08:00-22:00; sa 08:00-22:00; su 07:00-22:00,2026-10-08,
PET_SITTING,Biscuit Queen Cat Sitting,https://www.google.com/maps/place/Biscuit+Queen+Cat+Sitting/data=!4m7!3m6!1s0x80c2b9378478adff:0xb2d76a82face208d!8m2!3d34.0269122!4d-118.371903!16s%2Fg%2F11lvv2s6nm!19sChIJ_614hDe5woARjSDO-oJq17I?authuser=0&hl=en&g_ep=EgoyMDI2MTAwNS4wIJJjKgBIAVAD&rclk=1,4.8,21,"3336 S La Cienega Blvd, Los Angeles, CA 90016",,https://biscuitqueencatsitting.com/,mo 06:00-20:00; tu 06:00-20:00; we 06:00-20:00; th 06:00-20:00; fr 06:00-20:00; sa 06:00-20:00; su 06:00-20:00,2026-10-08,
