{
  "type": "FeatureCollection",
  "features": [
    {
      "type": "Feature",
      "properties": {
        "name": "Altona",
        "slug": "altona",
        "osm_relation": 30223,
        "in": {
          "en": "in Altona",
          "de": "in Altona"
        }
      },
      "geometry": {
        "type": "Polygon",
        "coordinates": [
          [
            [
              9.7301155,
              53.557642
            ],
            [
              9.7321538,
              53.5575002
            ],
            [
              9.7327037,
              53.5574652
            ],
            [
              9.7404205,
              53.5569013
            ],
            [
              9.7416503,
              53.5568093
            ],
            [
              9.749777,
              53.5561954
            ],
            [
              9.7590116,
              53.5554936
            ],
            [
              9.7616782,
              53.5552876
            ],
            [
              9.7633478,
              53.5551486
            ],
            [
              9.7650407,
              53.5546197
            ],
            [
              9.7699119,
              53.5546127
            ],
            [
              9.7724525,
              53.5544477
            ],
            [
              9.7732704,
              53.5543947
            ],
            [
              9.7743919,
              53.5543254
            ],
            [
              9.7775981,
              53.5571351
            ],
            [
              9.7939357,
              53.5550334
            ],
            [
              9.7978143,
              53.554552
            ],
            [
              9.8034077,
              53.5536164
            ],
            [
              9.8184359,
              53.5511347
            ],
            [
              9.8204171,
              53.5508
            ],
            [
              9.8210982,
              53.5506905
            ],
            [
              9.8324455,
              53.5487857
            ],
            [
              9.8405653,
              53.5474533
            ],
            [
              9.8513044,
              53.5459366
            ],
            [
              9.8642564,
              53.5442254
            ],
            [
              9.871155,
              53.5434302
            ],
            [
              9.8826429,
              53.5421175
            ],
            [
              9.8877715,
              53.5419022
            ],
            [
              9.893968,
              53.5417364
            ],
            [
              9.9131013,
              53.5415406
            ],
            [
              9.9216382,
              53.5415333
            ],
            [
              9.9277069,
              53.5417787
            ],
            [
              9.9298607,
              53.5418574
            ],
            [
              9.9357479,
              53.5420852
            ],
            [
              9.9412533,
              53.5423016
            ],
            [
              9.9432811,
              53.5423692
            ],
            [
              9.9446425,
              53.5423777
            ],
            [
              9.9462852,
              53.5424852
            ],
            [
              9.9506838,
              53.5427298
            ],
            [
              9.9517238,
              53.5429343
            ],
            [
              9.9544147,
              53.5434633
            ],
            [
              9.9545109,
              53.5433199
            ],
            [
              9.9574951,
              53.5438867
            ],
            [
              9.9586888,
              53.5440739
            ],
            [
              9.9602617,
              53.5442448
            ],
            [
              9.9601181,
              53.546344
            ],
            [
              9.9601201,
              53.5463678
            ],
            [
              9.9595426,
              53.546391
            ],
            [
              9.9595343,
              53.546336
            ],
            [
              9.9588589,
              53.5463068
            ],
            [
              9.9584949,
              53.5462866
            ],
            [
              9.9582518,
              53.5462446
            ],
            [
              9.9579644,
              53.5461588
            ],
            [
              9.9578911,
              53.5461399
            ],
            [
              9.9578965,
              53.5463894
            ],
            [
              9.9574638,
              53.5463892
            ],
            [
              9.9573988,
              53.5466811
            ],
            [
              9.957261,
              53.5474191
            ],
            [
              9.956909,
              53.5474123
            ],
            [
              9.9566838,
              53.5475716
            ],
            [
              9.9571188,
              53.5477749
            ],
            [
              9.9571242,
              53.5477949
            ],
            [
              9.9560014,
              53.5480773
            ],
            [
              9.9559829,
              53.548082
            ],
            [
              9.9550729,
              53.5484653
            ],
            [
              9.9549651,
              53.5485107
            ],
            [
              9.9551135,
              53.5486137
            ],
            [
              9.9550482,
              53.5486964
            ],
            [
              9.9552464,
              53.5490385
            ],
            [
              9.9555706,
              53.5493877
            ],
            [
              9.9556213,
              53.5495182
            ],
            [
              9.9556681,
              53.5495411
            ],
            [
              9.9558288,
              53.5495412
            ],
            [
              9.9559216,
              53.5499025
            ],
            [
              9.956044,
              53.5504854
            ],
            [
              9.9560566,
              53.5506103
            ],
            [
              9.9561113,
              53.5510672
            ],
            [
              9.9561186,
              53.5510968
            ],
            [
              9.9561372,
              53.5512757
            ],
            [
              9.9561833,
              53.5514089
            ],
            [
              9.9562907,
              53.5517928
            ],
            [
              9.9568161,
              53.5528747
            ],
            [
              9.9569183,
              53.5531368
            ],
            [
              9.9568592,
              53.5531497
            ],
            [
              9.956868,
              53.5531803
            ],
            [
              9.9569312,
              53.553401
            ],
            [
              9.9569992,
              53.5536008
            ],
            [
              9.9571975,
              53.5540549
            ],
            [
              9.957794,
              53.5554354
            ],
            [
              9.9584188,
              53.5569081
            ],
            [
              9.9596878,
              53.5599439
            ],
            [
              9.9598091,
              53.5601319
            ],
            [
              9.959878,
              53.5602173
            ],
            [
              9.9599233,
              53.5602374
            ],
            [
              9.9608656,
              53.5598741
            ],
            [
              9.9615672,
              53.5594713
            ],
            [
              9.9637529,
              53.558359
            ],
            [
              9.9641146,
              53.5578082
            ],
            [
              9.9643477,
              53.5572539
            ],
            [
              9.9644238,
              53.5572055
            ],
            [
              9.9646218,
              53.5572106
            ],
            [
              9.9646335,
              53.5570762
            ],
            [
              9.9673781,
              53.5573553
            ],
            [
              9.9676687,
              53.5573656
            ],
            [
              9.9676633,
              53.5574731
            ],
            [
              9.967327,
              53.55764
            ],
            [
              9.9670282,
              53.5601163
            ],
            [
              9.9671924,
              53.5601123
            ],
            [
              9.9673267,
              53.5603919
            ],
            [
              9.9677801,
              53.5603075
            ],
            [
              9.9682459,
              53.561095
            ],
            [
              9.9675761,
              53.5612197
            ],
            [
              9.9681298,
              53.5622421
            ],
            [
              9.9681757,
              53.5622886
            ],
            [
              9.9681862,
              53.5624965
            ],
            [
              9.9661766,
              53.5624591
            ],
            [
              9.9659421,
              53.5625481
            ],
            [
              9.9656843,
              53.5630588
            ],
            [
              9.9656534,
              53.5633665
            ],
            [
              9.9657335,
              53.5633693
            ],
            [
              9.9692311,
              53.5634893
            ],
            [
              9.9695599,
              53.5635014
            ],
            [
              9.9706605,
              53.5635419
            ],
            [
              9.970687,
              53.5633956
            ],
            [
              9.9705636,
              53.5633714
            ],
            [
              9.9705741,
              53.5632019
            ],
            [
              9.9705919,
              53.5632028
            ],
            [
              9.9716307,
              53.5632184
            ],
            [
              9.9715962,
              53.5637037
            ],
            [
              9.9755779,
              53.5637901
            ],
            [
              9.9767688,
              53.5637765
            ],
            [
              9.9769646,
              53.564048
            ],
            [
              9.9768587,
              53.5641518
            ],
            [
              9.9767424,
              53.5642017
            ],
            [
              9.9765972,
              53.5642163
            ],
            [
              9.9762022,
              53.5644763
            ],
            [
              9.9761792,
              53.5644306
            ],
            [
              9.9759726,
              53.5643705
            ],
            [
              9.9737376,
              53.5642891
            ],
            [
              9.9745568,
              53.5652034
            ],
            [
              9.9700483,
              53.5673064
            ],
            [
              9.969131,
              53.5670651
            ],
            [
              9.9677983,
              53.5664196
            ],
            [
              9.9667354,
              53.5658892
            ],
            [
              9.9661656,
              53.5655167
            ],
            [
              9.9660408,
              53.5653861
            ],
            [
              9.9660656,
              53.5652322
            ],
            [
              9.9655862,
              53.5650808
            ],
            [
              9.9654525,
              53.5651319
            ],
            [
              9.9648142,
              53.564951
            ],
            [
              9.9609103,
              53.5638475
            ],
            [
              9.960548,
              53.5637421
            ],
            [
              9.9605017,
              53.5636596
            ],
            [
              9.9607817,
              53.5633915
            ],
            [
              9.9607813,
              53.5632891
            ],
            [
              9.9604956,
              53.5631662
            ],
            [
              9.9599567,
              53.5636686
            ],
            [
              9.9598543,
              53.5636683
            ],
            [
              9.9596624,
              53.5637745
            ],
            [
              9.9594542,
              53.5641025
            ],
            [
              9.9577098,
              53.5648952
            ],
            [
              9.9573678,
              53.5650149
            ],
            [
              9.9573475,
              53.5649953
            ],
            [
              9.955495,
              53.5656035
            ],
            [
              9.955528,
              53.5656352
            ],
            [
              9.9550704,
              53.5657862
            ],
            [
              9.9550419,
              53.5657641
            ],
            [
              9.9548755,
              53.5658063
            ],
            [
              9.9548954,
              53.5658442
            ],
            [
              9.9542857,
              53.56603
            ],
            [
              9.9542515,
              53.5659932
            ],
            [
              9.9537772,
              53.5661287
            ],
            [
              9.9538103,
              53.5661755
            ],
            [
              9.9525848,
              53.5664897
            ],
            [
              9.9525166,
              53.5665589
            ],
            [
              9.9525707,
              53.5665932
            ],
            [
              9.9522606,
              53.5669314
            ],
            [
              9.9521847,
              53.5669115
            ],
            [
              9.9516599,
              53.5674599
            ],
            [
              9.9517295,
              53.56748
            ],
            [
              9.9509329,
              53.5683134
            ],
            [
              9.9507203,
              53.5684663
            ],
            [
              9.9503746,
              53.5688215
            ],
            [
              9.9498727,
              53.5694434
            ],
            [
              9.9493267,
              53.5696224
            ],
            [
              9.9490455,
              53.5697173
            ],
            [
              9.9488873,
              53.5696638
            ],
            [
              9.9480078,
              53.5703453
            ],
            [
              9.9471875,
              53.5707373
            ],
            [
              9.9462917,
              53.5711162
            ],
            [
              9.9457498,
              53.5713884
            ],
            [
              9.9450196,
              53.5716819
            ],
            [
              9.9450036,
              53.571659
            ],
            [
              9.9447665,
              53.571745
            ],
            [
              9.9446132,
              53.5717132
            ],
            [
              9.9445415,
              53.5713866
            ],
            [
              9.9444554,
              53.5707431
            ],
            [
              9.944377,
              53.5696893
            ],
            [
              9.9444463,
              53.5696488
            ],
            [
              9.9439514,
              53.5696607
            ],
            [
              9.9439901,
              53.5699849
            ],
            [
              9.9439418,
              53.5701474
            ],
            [
              9.943871,
              53.5702767
            ],
            [
              9.9437755,
              53.5704165
            ],
            [
              9.9436429,
              53.5705741
            ],
            [
              9.9429152,
              53.5712186
            ],
            [
              9.9421322,
              53.5719289
            ],
            [
              9.9406959,
              53.5718575
            ],
            [
              9.9380275,
              53.571869
            ],
            [
              9.9357648,
              53.57162
            ],
            [
              9.9354387,
              53.5716127
            ],
            [
              9.9351439,
              53.5718128
            ],
            [
              9.9350268,
              53.5716865
            ],
            [
              9.9348936,
              53.5716484
            ],
            [
              9.9340653,
              53.5717146
            ],
            [
              9.9335423,
              53.5726246
            ],
            [
              9.933311,
              53.5729013
            ],
            [
              9.9328688,
              53.5732947
            ],
            [
              9.9326907,
              53.5732456
            ],
            [
              9.9325085,
              53.573406
            ],
            [
              9.9324682,
              53.5736755
            ],
            [
              9.9318513,
              53.5735431
            ],
            [
              9.9310654,
              53.5733238
            ],
            [
              9.9307594,
              53.5734697
            ],
            [
              9.9297923,
              53.5741585
            ],
            [
              9.9288782,
              53.574869
            ],
            [
              9.9280673,
              53.5754484
            ],
            [
              9.9270428,
              53.5761762
            ],
            [
              9.9264203,
              53.5765961
            ],
            [
              9.9257126,
              53.5770952
            ],
            [
              9.9246388,
              53.5778526
            ],
            [
              9.9238193,
              53.5784306
            ],
            [
              9.9234938,
              53.5786066
            ],
            [
              9.9233735,
              53.5786716
            ],
            [
              9.9222763,
              53.5792648
            ],
            [
              9.9211943,
              53.5798326
            ],
            [
              9.9196782,
              53.5808273
            ],
            [
              9.9190691,
              53.5807854
            ],
            [
              9.9182964,
              53.5818912
            ],
            [
              9.9182617,
              53.5824735
            ],
            [
              9.9181874,
              53.5825059
            ],
            [
              9.9182171,
              53.5828088
            ],
            [
              9.9180104,
              53.583447
            ],
            [
              9.9178824,
              53.584105
            ],
            [
              9.9174542,
              53.5845497
            ],
            [
              9.9167508,
              53.5851172
            ],
            [
              9.9163565,
              53.5864593
            ],
            [
              9.9163297,
              53.5883695
            ],
            [
              9.9162604,
              53.5886076
            ],
            [
              9.9160963,
              53.5886491
            ],
            [
              9.9154084,
              53.5887605
            ],
            [
              9.9153737,
              53.589134
            ],
            [
              9.9153057,
              53.5891806
            ],
            [
              9.9153406,
              53.5893514
            ],
            [
              9.9149279,
              53.5893515
            ],
            [
              9.9147148,
              53.5894692
            ],
            [
              9.9153515,
              53.5896907
            ],
            [
              9.9146503,
              53.590389
            ],
            [
              9.9141874,
              53.5905523
            ],
            [
              9.9076493,
              53.5899506
            ],
            [
              9.9073186,
              53.5893003
            ],
            [
              9.9072922,
              53.5890141
            ],
            [
              9.9073891,
              53.5871866
            ],
            [
              9.9076169,
              53.5866204
            ],
            [
              9.9078207,
              53.5863333
            ],
            [
              9.9057472,
              53.5861088
            ],
            [
              9.9054596,
              53.5864928
            ],
            [
              9.9050787,
              53.5868344
            ],
            [
              9.9044303,
              53.5874567
            ],
            [
              9.9042387,
              53.587478
            ],
            [
              9.9032478,
              53.5875655
            ],
            [
              9.902233,
              53.5876861
            ],
            [
              9.902327,
              53.5879135
            ],
            [
              9.9020097,
              53.5889742
            ],
            [
              9.9020787,
              53.5896806
            ],
            [
              9.9019667,
              53.5899959
            ],
            [
              9.9013223,
              53.5906987
            ],
            [
              9.900928,
              53.5912272
            ],
            [
              9.9007067,
              53.5913882
            ],
            [
              9.9001109,
              53.5916953
            ],
            [
              9.9001196,
              53.5920383
            ],
            [
              9.9002393,
              53.5926377
            ],
            [
              9.9003013,
              53.5927699
            ],
            [
              9.9006789,
              53.5932773
            ],
            [
              9.9007045,
              53.5939074
            ],
            [
              9.9007759,
              53.5944747
            ],
            [
              9.9000482,
              53.596992
            ],
            [
              9.9001976,
              53.5972022
            ],
            [
              9.9008894,
              53.597304
            ],
            [
              9.8974094,
              53.5987586
            ],
            [
              9.8974673,
              53.5989192
            ],
            [
              9.8977511,
              53.5991871
            ],
            [
              9.8970864,
              53.5994514
            ],
            [
              9.8959418,
              53.5999779
            ],
            [
              9.8933319,
              53.6009626
            ],
            [
              9.8904803,
              53.6020272
            ],
            [
              9.8902942,
              53.60214
            ],
            [
              9.8901701,
              53.602125
            ],
            [
              9.8874664,
              53.6032257
            ],
            [
              9.8847725,
              53.6043743
            ],
            [
              9.8824737,
              53.6054053
            ],
            [
              9.8793716,
              53.6068967
            ],
            [
              9.87728,
              53.6081355
            ],
            [
              9.8756907,
              53.6091412
            ],
            [
              9.8734975,
              53.6105536
            ],
            [
              9.8708166,
              53.6122372
            ],
            [
              9.8691962,
              53.6132514
            ],
            [
              9.8681548,
              53.6092986
            ],
            [
              9.8675172,
              53.6090947
            ],
            [
              9.864537,
              53.6081483
            ],
            [
              9.8625989,
              53.6075026
            ],
            [
              9.8617222,
              53.6072193
            ],
            [
              9.8614795,
              53.606644
            ],
            [
              9.8610947,
              53.6057695
            ],
            [
              9.8607647,
              53.6050102
            ],
            [
              9.8591821,
              53.60368
            ],
            [
              9.8591502,
              53.6036516
            ],
            [
              9.8576528,
              53.602318
            ],
            [
              9.8578718,
              53.599372
            ],
            [
              9.85685,
              53.5990838
            ],
            [
              9.8560392,
              53.5988574
            ],
            [
              9.8550546,
              53.5985677
            ],
            [
              9.8548265,
              53.5985995
            ],
            [
              9.8548079,
              53.5985066
            ],
            [
              9.8545243,
              53.5984239
            ],
            [
              9.8544885,
              53.5983333
            ],
            [
              9.8543252,
              53.5983568
            ],
            [
              9.8542444,
              53.5982579
            ],
            [
              9.854043,
              53.5981269
            ],
            [
              9.8529588,
              53.5974246
            ],
            [
              9.8490225,
              53.5977977
            ],
            [
              9.849296,
              53.5973842
            ],
            [
              9.8480265,
              53.5971303
            ],
            [
              9.8456953,
              53.596693
            ],
            [
              9.8445295,
              53.5964864
            ],
            [
              9.8448244,
              53.5956693
            ],
            [
              9.8451016,
              53.594966
            ],
            [
              9.8428249,
              53.5949958
            ],
            [
              9.8423891,
              53.5950189
            ],
            [
              9.8422678,
              53.594997
            ],
            [
              9.8414063,
              53.5950347
            ],
            [
              9.8414166,
              53.5950057
            ],
            [
              9.8396477,
              53.5950351
            ],
            [
              9.839688,
              53.5947383
            ],
            [
              9.8393339,
              53.5939463
            ],
            [
              9.8393586,
              53.5938196
            ],
            [
              9.8396595,
              53.5936896
            ],
            [
              9.8399295,
              53.5933476
            ],
            [
              9.8400381,
              53.5929857
            ],
            [
              9.8399734,
              53.5928033
            ],
            [
              9.8396461,
              53.5924873
            ],
            [
              9.8395844,
              53.5924818
            ],
            [
              9.8390737,
              53.5926141
            ],
            [
              9.8387597,
              53.5925457
            ],
            [
              9.8380032,
              53.5920776
            ],
            [
              9.83787,
              53.5920178
            ],
            [
              9.837811,
              53.5920053
            ],
            [
              9.8376909,
              53.591991
            ],
            [
              9.8376031,
              53.5920623
            ],
            [
              9.8374884,
              53.5920897
            ],
            [
              9.8373738,
              53.5920951
            ],
            [
              9.8373487,
              53.5921422
            ],
            [
              9.8370893,
              53.592031
            ],
            [
              9.8369892,
              53.5917005
            ],
            [
              9.8369152,
              53.5915074
            ],
            [
              9.8366488,
              53.591134
            ],
            [
              9.836707,
              53.5911293
            ],
            [
              9.8361071,
              53.590135
            ],
            [
              9.8360764,
              53.5897721
            ],
            [
              9.8367667,
              53.5893424
            ],
            [
              9.836834,
              53.5892601
            ],
            [
              9.8368981,
              53.5887231
            ],
            [
              9.8368029,
              53.5885838
            ],
            [
              9.8367787,
              53.5884899
            ],
            [
              9.8368458,
              53.5883713
            ],
            [
              9.8368454,
              53.5879556
            ],
            [
              9.8367895,
              53.5877917
            ],
            [
              9.8366512,
              53.5876772
            ],
            [
              9.8363224,
              53.5875626
            ],
            [
              9.8355022,
              53.5873354
            ],
            [
              9.8349744,
              53.5872635
            ],
            [
              9.834468,
              53.5873236
            ],
            [
              9.833931,
              53.5872826
            ],
            [
              9.8336266,
              53.5872277
            ],
            [
              9.8331682,
              53.5870901
            ],
            [
              9.8329083,
              53.5869807
            ],
            [
              9.8328165,
              53.5868972
            ],
            [
              9.8326228,
              53.5867211
            ],
            [
              9.8323706,
              53.5865836
            ],
            [
              9.8311861,
              53.5861825
            ],
            [
              9.8311615,
              53.5861739
            ],
            [
              9.8306311,
              53.585989
            ],
            [
              9.8296862,
              53.5856485
            ],
            [
              9.8292772,
              53.5855495
            ],
            [
              9.8289347,
              53.5854583
            ],
            [
              9.8286002,
              53.5854038
            ],
            [
              9.8274892,
              53.585326
            ],
            [
              9.8271829,
              53.5852831
            ],
            [
              9.8260527,
              53.5851247
            ],
            [
              9.8259475,
              53.5850846
            ],
            [
              9.8257268,
              53.5850005
            ],
            [
              9.8254108,
              53.5848437
            ],
            [
              9.8251335,
              53.5846115
            ],
            [
              9.8249785,
              53.5844544
            ],
            [
              9.8249323,
              53.5843039
            ],
            [
              9.8248382,
              53.5842314
            ],
            [
              9.8245427,
              53.5841903
            ],
            [
              9.8241351,
              53.5842041
            ],
            [
              9.8238005,
              53.5842426
            ],
            [
              9.8234487,
              53.5842856
            ],
            [
              9.8230572,
              53.5844184
            ],
            [
              9.8223697,
              53.5845614
            ],
            [
              9.8222515,
              53.5845486
            ],
            [
              9.821634,
              53.5847169
            ],
            [
              9.8215791,
              53.5847412
            ],
            [
              9.8210916,
              53.5849711
            ],
            [
              9.8211364,
              53.5850842
            ],
            [
              9.8197148,
              53.5855019
            ],
            [
              9.8182587,
              53.585889
            ],
            [
              9.8182011,
              53.5859005
            ],
            [
              9.8158319,
              53.5864741
            ],
            [
              9.8075899,
              53.5915649
            ],
            [
              9.8073608,
              53.5916999
            ],
            [
              9.8068227,
              53.5921761
            ],
            [
              9.8067117,
              53.5922874
            ],
            [
              9.8067082,
              53.5923459
            ],
            [
              9.8066172,
              53.5924351
            ],
            [
              9.8067385,
              53.5924992
            ],
            [
              9.8067381,
              53.5925418
            ],
            [
              9.8067375,
              53.5926083
            ],
            [
              9.8066863,
              53.5926182
            ],
            [
              9.8060025,
              53.592868
            ],
            [
              9.8046753,
              53.593737
            ],
            [
              9.8045187,
              53.5935745
            ],
            [
              9.8043556,
              53.593523
            ],
            [
              9.8041614,
              53.5934113
            ],
            [
              9.8038725,
              53.5933053
            ],
            [
              9.8037474,
              53.5933054
            ],
            [
              9.8037193,
              53.593293
            ],
            [
              9.8035426,
              53.5933154
            ],
            [
              9.8029939,
              53.593652
            ],
            [
              9.8029032,
              53.5936716
            ],
            [
              9.8024916,
              53.5941118
            ],
            [
              9.802318,
              53.59412
            ],
            [
              9.8013835,
              53.5949154
            ],
            [
              9.7986152,
              53.5959035
            ],
            [
              9.7976534,
              53.5960377
            ],
            [
              9.7975163,
              53.5960568
            ],
            [
              9.7975349,
              53.5963081
            ],
            [
              9.7974656,
              53.5967433
            ],
            [
              9.797279,
              53.5968341
            ],
            [
              9.7963935,
              53.5974782
            ],
            [
              9.7937227,
              53.5993899
            ],
            [
              9.7925573,
              53.6002296
            ],
            [
              9.7913232,
              53.6012653
            ],
            [
              9.7905496,
              53.6025322
            ],
            [
              9.7897061,
              53.6039738
            ],
            [
              9.7897465,
              53.603978
            ],
            [
              9.7921768,
              53.6042918
            ],
            [
              9.7921912,
              53.604899
            ],
            [
              9.7955679,
              53.605347
            ],
            [
              9.7971689,
              53.6056464
            ],
            [
              9.7989204,
              53.6078059
            ],
            [
              9.7990198,
              53.6079284
            ],
            [
              9.7977313,
              53.60912
            ],
            [
              9.7962617,
              53.6103233
            ],
            [
              9.7912245,
              53.6086307
            ],
            [
              9.7903145,
              53.6092615
            ],
            [
              9.790057,
              53.6095161
            ],
            [
              9.7890786,
              53.6104666
            ],
            [
              9.7888949,
              53.6107187
            ],
            [
              9.7888616,
              53.6111645
            ],
            [
              9.7862062,
              53.6114103
            ],
            [
              9.7861564,
              53.6113785
            ],
            [
              9.7830084,
              53.6123659
            ],
            [
              9.7806217,
              53.6131144
            ],
            [
              9.7779896,
              53.6139256
            ],
            [
              9.7705486,
              53.6160312
            ],
            [
              9.7685244,
              53.622575
            ],
            [
              9.7692891,
              53.6248488
            ],
            [
              9.7698697,
              53.6266485
            ],
            [
              9.7700684,
              53.6272643
            ],
            [
              9.7701788,
              53.6276065
            ],
            [
              9.7708308,
              53.6296116
            ],
            [
              9.7714044,
              53.6313757
            ],
            [
              9.7713333,
              53.63139
            ],
            [
              9.7712678,
              53.6314046
            ],
            [
              9.7700505,
              53.6276107
            ],
            [
              9.7679873,
              53.6275265
            ],
            [
              9.7648944,
              53.627426
            ],
            [
              9.7637478,
              53.6273888
            ],
            [
              9.7635574,
              53.6249062
            ],
            [
              9.7600448,
              53.6242838
            ],
            [
              9.7592477,
              53.622182
            ],
            [
              9.7588819,
              53.6212017
            ],
            [
              9.7586238,
              53.6204103
            ],
            [
              9.7579348,
              53.6182621
            ],
            [
              9.757553,
              53.617057
            ],
            [
              9.7574041,
              53.6168566
            ],
            [
              9.7566391,
              53.615979
            ],
            [
              9.7559882,
              53.6160717
            ],
            [
              9.7558764,
              53.6160517
            ],
            [
              9.7549321,
              53.6147153
            ],
            [
              9.754819,
              53.6147414
            ],
            [
              9.7535935,
              53.6129531
            ],
            [
              9.7537208,
              53.6129128
            ],
            [
              9.7537565,
              53.6128567
            ],
            [
              9.7548636,
              53.6124741
            ],
            [
              9.7563118,
              53.6120203
            ],
            [
              9.7562614,
              53.6119691
            ],
            [
              9.7592222,
              53.6110076
            ],
            [
              9.7591988,
              53.6109631
            ],
            [
              9.7575942,
              53.6073547
            ],
            [
              9.7574282,
              53.6070067
            ],
            [
              9.7568003,
              53.6057139
            ],
            [
              9.7556645,
              53.6033032
            ],
            [
              9.7554345,
              53.6026654
            ],
            [
              9.7540798,
              53.6028762
            ],
            [
              9.752751,
              53.6031052
            ],
            [
              9.749693,
              53.6036262
            ],
            [
              9.7483308,
              53.6038558
            ],
            [
              9.7480222,
              53.6031763
            ],
            [
              9.747887,
              53.6028784
            ],
            [
              9.7477968,
              53.6026846
            ],
            [
              9.7473999,
              53.6018318
            ],
            [
              9.7451376,
              53.5996437
            ],
            [
              9.7438333,
              53.5981451
            ],
            [
              9.7436113,
              53.5968582
            ],
            [
              9.7436785,
              53.5967953
            ],
            [
              9.7438132,
              53.5963007
            ],
            [
              9.7441228,
              53.5951639
            ],
            [
              9.7441827,
              53.5949442
            ],
            [
              9.7445595,
              53.5946143
            ],
            [
              9.7447536,
              53.5945958
            ],
            [
              9.7449559,
              53.5943633
            ],
            [
              9.7464699,
              53.5926233
            ],
            [
              9.7459726,
              53.5911799
            ],
            [
              9.7459621,
              53.5911494
            ],
            [
              9.7458275,
              53.5907587
            ],
            [
              9.745572,
              53.590017
            ],
            [
              9.7454776,
              53.5897501
            ],
            [
              9.7454551,
              53.5896846
            ],
            [
              9.7454051,
              53.5895385
            ],
            [
              9.745343,
              53.5893575
            ],
            [
              9.7454037,
              53.589204
            ],
            [
              9.7455232,
              53.5890805
            ],
            [
              9.7455993,
              53.5889839
            ],
            [
              9.7453072,
              53.5889593
            ],
            [
              9.7449965,
              53.5889682
            ],
            [
              9.7447098,
              53.5889834
            ],
            [
              9.7444691,
              53.5889922
            ],
            [
              9.7444384,
              53.5889936
            ],
            [
              9.7444064,
              53.5889981
            ],
            [
              9.7443777,
              53.5890075
            ],
            [
              9.7443571,
              53.5890224
            ],
            [
              9.7443197,
              53.5891079
            ],
            [
              9.7442869,
              53.5891628
            ],
            [
              9.7442631,
              53.589183
            ],
            [
              9.7442459,
              53.5891924
            ],
            [
              9.7442219,
              53.5891985
            ],
            [
              9.7442068,
              53.5892015
            ],
            [
              9.744185,
              53.5892021
            ],
            [
              9.7441294,
              53.5891985
            ],
            [
              9.7440289,
              53.5891914
            ],
            [
              9.7438443,
              53.589169
            ],
            [
              9.7437589,
              53.5891586
            ],
            [
              9.7437134,
              53.5891542
            ],
            [
              9.74368,
              53.5891544
            ],
            [
              9.7436606,
              53.5891576
            ],
            [
              9.7436439,
              53.5891625
            ],
            [
              9.7435858,
              53.5891965
            ],
            [
              9.7434979,
              53.5892533
            ],
            [
              9.7434555,
              53.5892828
            ],
            [
              9.7434104,
              53.5893091
            ],
            [
              9.7433814,
              53.5893246
            ],
            [
              9.7433615,
              53.5893324
            ],
            [
              9.7433403,
              53.5893361
            ],
            [
              9.7431426,
              53.5893646
            ],
            [
              9.7431131,
              53.5893675
            ],
            [
              9.7430903,
              53.5893679
            ],
            [
              9.7430461,
              53.5893664
            ],
            [
              9.7428534,
              53.5893365
            ],
            [
              9.7428231,
              53.5893318
            ],
            [
              9.7425062,
              53.5890237
            ],
            [
              9.7422141,
              53.5885267
            ],
            [
              9.7420767,
              53.5883685
            ],
            [
              9.7381017,
              53.5854579
            ],
            [
              9.7377564,
              53.5851899
            ],
            [
              9.7376715,
              53.5851321
            ],
            [
              9.7354003,
              53.5834776
            ],
            [
              9.7351681,
              53.5832495
            ],
            [
              9.7345486,
              53.5825593
            ],
            [
              9.7354726,
              53.5821206
            ],
            [
              9.736369,
              53.5815721
            ],
            [
              9.7374484,
              53.5798698
            ],
            [
              9.7391328,
              53.5800485
            ],
            [
              9.7390317,
              53.5811957
            ],
            [
              9.7403539,
              53.581273
            ],
            [
              9.7414153,
              53.5795679
            ],
            [
              9.7425212,
              53.5779765
            ],
            [
              9.7406697,
              53.57792
            ],
            [
              9.7401526,
              53.577883
            ],
            [
              9.7400115,
              53.577859
            ],
            [
              9.740054,
              53.5777989
            ],
            [
              9.7392749,
              53.5776612
            ],
            [
              9.738644,
              53.5775964
            ],
            [
              9.7383752,
              53.5775811
            ],
            [
              9.738085,
              53.5775868
            ],
            [
              9.7375015,
              53.5776657
            ],
            [
              9.7369155,
              53.5771616
            ],
            [
              9.7367358,
              53.5771704
            ],
            [
              9.7365487,
              53.5769392
            ],
            [
              9.7363755,
              53.5767253
            ],
            [
              9.7360206,
              53.5762771
            ],
            [
              9.7359898,
              53.5756317
            ],
            [
              9.7369056,
              53.5752495
            ],
            [
              9.7369437,
              53.5752304
            ],
            [
              9.7369581,
              53.5752232
            ],
            [
              9.7365824,
              53.5740356
            ],
            [
              9.7363839,
              53.5734083
            ],
            [
              9.7361088,
              53.5725788
            ],
            [
              9.7352144,
              53.5698816
            ],
            [
              9.7350897,
              53.5697832
            ],
            [
              9.7347775,
              53.5686532
            ],
            [
              9.7347166,
              53.5684155
            ],
            [
              9.7348227,
              53.5682683
            ],
            [
              9.7347792,
              53.5677001
            ],
            [
              9.734776,
              53.5674024
            ],
            [
              9.7348172,
              53.5672607
            ],
            [
              9.7349352,
              53.567266
            ],
            [
              9.7351076,
              53.5668065
            ],
            [
              9.7352829,
              53.5664753
            ],
            [
              9.7351142,
              53.5664428
            ],
            [
              9.7350376,
              53.5660479
            ],
            [
              9.7349347,
              53.5658812
            ],
            [
              9.7347509,
              53.5656599
            ],
            [
              9.7345908,
              53.5653781
            ],
            [
              9.7344083,
              53.5650184
            ],
            [
              9.7341714,
              53.5646454
            ],
            [
              9.7339804,
              53.5643394
            ],
            [
              9.7330106,
              53.5626996
            ],
            [
              9.7322737,
              53.5613988
            ],
            [
              9.7307906,
              53.5588171
            ],
            [
              9.7307398,
              53.5587287
            ],
            [
              9.7301155,
              53.557642
            ]
          ]
        ]
      }
    },
    {
      "type": "Feature",
      "properties": {
        "name": "Bergedorf",
        "slug": "bergedorf",
        "osm_relation": 404618,
        "in": {
          "en": "in Bergedorf",
          "de": "in Bergedorf"
        }
      },
      "geometry": {
        "type": "Polygon",
        "coordinates": [
          [
            [
              10.1704506,
              53.4888198
            ],
            [
              10.1726847,
              53.4885654
            ],
            [
              10.17376,
              53.4883618
            ],
            [
              10.1755974,
              53.4880991
            ],
            [
              10.1781178,
              53.4878099
            ],
            [
              10.1808468,
              53.4874975
            ],
            [
              10.1825076,
              53.4873074
            ],
            [
              10.1839228,
              53.4871773
            ],
            [
              10.1841883,
              53.4871529
            ],
            [
              10.1842353,
              53.4871486
            ],
            [
              10.1854185,
              53.4870398
            ],
            [
              10.1851416,
              53.4867412
            ],
            [
              10.1846535,
              53.4865914
            ],
            [
              10.18427,
              53.4864684
            ],
            [
              10.1838787,
              53.4863456
            ],
            [
              10.1830804,
              53.4861531
            ],
            [
              10.1828682,
              53.4860584
            ],
            [
              10.182728,
              53.4859892
            ],
            [
              10.1825415,
              53.485723
            ],
            [
              10.1814755,
              53.4827941
            ],
            [
              10.1814703,
              53.4827797
            ],
            [
              10.1814666,
              53.4827695
            ],
            [
              10.181406,
              53.4826031
            ],
            [
              10.180506,
              53.4799613
            ],
            [
              10.1802529,
              53.4794548
            ],
            [
              10.1794762,
              53.4775734
            ],
            [
              10.1791023,
              53.4773746
            ],
            [
              10.1790179,
              53.4773899
            ],
            [
              10.1780644,
              53.4765704
            ],
            [
              10.177987,
              53.4764592
            ],
            [
              10.1777622,
              53.476136
            ],
            [
              10.1775402,
              53.4757028
            ],
            [
              10.177185,
              53.4748341
            ],
            [
              10.1770921,
              53.474601
            ],
            [
              10.1769602,
              53.4742702
            ],
            [
              10.1769065,
              53.4741786
            ],
            [
              10.1768492,
              53.4740809
            ],
            [
              10.1768397,
              53.4740646
            ],
            [
              10.176889,
              53.4740561
            ],
            [
              10.1811487,
              53.4733221
            ],
            [
              10.1848342,
              53.4729464
            ],
            [
              10.1867346,
              53.4728362
            ],
            [
              10.1879447,
              53.4728135
            ],
            [
              10.1895271,
              53.472836
            ],
            [
              10.1908747,
              53.4728952
            ],
            [
              10.1921387,
              53.4729759
            ],
            [
              10.1939196,
              53.4731924
            ],
            [
              10.1952522,
              53.4733544
            ],
            [
              10.1975405,
              53.4737548
            ],
            [
              10.1995131,
              53.4741935
            ],
            [
              10.2002328,
              53.4755984
            ],
            [
              10.2015042,
              53.4779728
            ],
            [
              10.2017944,
              53.4778633
            ],
            [
              10.2019802,
              53.4777845
            ],
            [
              10.2022322,
              53.477643
            ],
            [
              10.2028134,
              53.4773274
            ],
            [
              10.204442,
              53.4764384
            ],
            [
              10.2050766,
              53.4760942
            ],
            [
              10.2054244,
              53.4753106
            ],
            [
              10.2052872,
              53.4749607
            ],
            [
              10.2078187,
              53.4746349
            ],
            [
              10.2083254,
              53.4745979
            ],
            [
              10.209568,
              53.4745192
            ],
            [
              10.2131502,
              53.4740399
            ],
            [
              10.21783,
              53.4734157
            ],
            [
              10.2217345,
              53.4728936
            ],
            [
              10.225709,
              53.4723639
            ],
            [
              10.2283783,
              53.4720083
            ],
            [
              10.2305848,
              53.4717147
            ],
            [
              10.232528,
              53.471455
            ],
            [
              10.2333758,
              53.4707996
            ],
            [
              10.2338132,
              53.4704611
            ],
            [
              10.2340738,
              53.4702562
            ],
            [
              10.2344948,
              53.4699711
            ],
            [
              10.2351696,
              53.469558
            ],
            [
              10.236215,
              53.4689182
            ],
            [
              10.2371515,
              53.4683489
            ],
            [
              10.2373053,
              53.468254
            ],
            [
              10.2374031,
              53.4682089
            ],
            [
              10.2375429,
              53.4681518
            ],
            [
              10.237925,
              53.4692234
            ],
            [
              10.238711,
              53.4714679
            ],
            [
              10.2390352,
              53.4723935
            ],
            [
              10.2390576,
              53.472501
            ],
            [
              10.2391089,
              53.4727738
            ],
            [
              10.2391326,
              53.4728972
            ],
            [
              10.2391369,
              53.4730713
            ],
            [
              10.2391274,
              53.4739891
            ],
            [
              10.2391513,
              53.474113
            ],
            [
              10.2391865,
              53.4742861
            ],
            [
              10.2392142,
              53.4744187
            ],
            [
              10.239229,
              53.4745021
            ],
            [
              10.2393601,
              53.4747951
            ],
            [
              10.239551,
              53.4751995
            ],
            [
              10.2397509,
              53.4755857
            ],
            [
              10.2399741,
              53.4759668
            ],
            [
              10.2401778,
              53.4763137
            ],
            [
              10.2404856,
              53.4768364
            ],
            [
              10.2407214,
              53.4772431
            ],
            [
              10.2413188,
              53.4771119
            ],
            [
              10.241678,
              53.477032
            ],
            [
              10.2421249,
              53.4768827
            ],
            [
              10.2429328,
              53.4766153
            ],
            [
              10.2435133,
              53.4764273
            ],
            [
              10.2438878,
              53.4763142
            ],
            [
              10.2444942,
              53.4761518
            ],
            [
              10.2451605,
              53.4759734
            ],
            [
              10.2456781,
              53.4758371
            ],
            [
              10.245811,
              53.4757867
            ],
            [
              10.2461051,
              53.4756814
            ],
            [
              10.2462348,
              53.4756285
            ],
            [
              10.2464414,
              53.4755105
            ],
            [
              10.2466308,
              53.4754048
            ],
            [
              10.2468303,
              53.4753179
            ],
            [
              10.2471975,
              53.4751465
            ],
            [
              10.2474466,
              53.4750611
            ],
            [
              10.2479021,
              53.4749255
            ],
            [
              10.2480992,
              53.4748735
            ],
            [
              10.248233,
              53.474849
            ],
            [
              10.2484363,
              53.4748269
            ],
            [
              10.2486587,
              53.474803
            ],
            [
              10.2491305,
              53.4747568
            ],
            [
              10.2493378,
              53.4746993
            ],
            [
              10.2494908,
              53.4746611
            ],
            [
              10.2498462,
              53.4744559
            ],
            [
              10.2503283,
              53.4741897
            ],
            [
              10.2507981,
              53.4739363
            ],
            [
              10.2514567,
              53.4736035
            ],
            [
              10.2518269,
              53.4734566
            ],
            [
              10.2522296,
              53.473291
            ],
            [
              10.2525864,
              53.4731036
            ],
            [
              10.252922,
              53.4729179
            ],
            [
              10.2530664,
              53.4728199
            ],
            [
              10.2531977,
              53.4727078
            ],
            [
              10.2533179,
              53.4725965
            ],
            [
              10.2534773,
              53.4723432
            ],
            [
              10.2536185,
              53.4721097
            ],
            [
              10.2538344,
              53.4717719
            ],
            [
              10.254101,
              53.4715109
            ],
            [
              10.2547236,
              53.4709287
            ],
            [
              10.2549909,
              53.4707079
            ],
            [
              10.2553972,
              53.4703668
            ],
            [
              10.2557813,
              53.4700519
            ],
            [
              10.257603,
              53.4686524
            ],
            [
              10.2587352,
              53.4678878
            ],
            [
              10.2589595,
              53.467795
            ],
            [
              10.2592117,
              53.4683063
            ],
            [
              10.2616954,
              53.4713515
            ],
            [
              10.265731,
              53.470929
            ],
            [
              10.266003,
              53.4714496
            ],
            [
              10.2660555,
              53.4722674
            ],
            [
              10.2662395,
              53.4731212
            ],
            [
              10.2652124,
              53.4733238
            ],
            [
              10.264414,
              53.4750965
            ],
            [
              10.2639965,
              53.4749982
            ],
            [
              10.2638476,
              53.475006
            ],
            [
              10.26001,
              53.4743874
            ],
            [
              10.2586624,
              53.4762446
            ],
            [
              10.2598596,
              53.4768994
            ],
            [
              10.2599235,
              53.4769729
            ],
            [
              10.25702,
              53.477806
            ],
            [
              10.2564305,
              53.4781804
            ],
            [
              10.2556165,
              53.4782412
            ],
            [
              10.2549016,
              53.4780337
            ],
            [
              10.2548575,
              53.4776418
            ],
            [
              10.254474,
              53.4775188
            ],
            [
              10.2530425,
              53.4775659
            ],
            [
              10.2528857,
              53.4775373
            ],
            [
              10.252306,
              53.4772485
            ],
            [
              10.250441,
              53.4787087
            ],
            [
              10.2500849,
              53.4789784
            ],
            [
              10.2486969,
              53.4800804
            ],
            [
              10.2385422,
              53.4825453
            ],
            [
              10.2379927,
              53.4848827
            ],
            [
              10.2378364,
              53.4863904
            ],
            [
              10.2378186,
              53.486519
            ],
            [
              10.2374668,
              53.4885668
            ],
            [
              10.2374254,
              53.4887157
            ],
            [
              10.2373621,
              53.488932
            ],
            [
              10.2369329,
              53.4889174
            ],
            [
              10.2367865,
              53.4889185
            ],
            [
              10.2362829,
              53.4889533
            ],
            [
              10.2357,
              53.4890332
            ],
            [
              10.2352451,
              53.4890942
            ],
            [
              10.2351675,
              53.4891275
            ],
            [
              10.235062,
              53.4893109
            ],
            [
              10.2345434,
              53.4902627
            ],
            [
              10.2345401,
              53.4902956
            ],
            [
              10.2350364,
              53.4918617
            ],
            [
              10.2356095,
              53.493401
            ],
            [
              10.2365583,
              53.4958488
            ],
            [
              10.2366828,
              53.4960561
            ],
            [
              10.2368508,
              53.496336
            ],
            [
              10.2364962,
              53.4963555
            ],
            [
              10.2353171,
              53.4966547
            ],
            [
              10.2335077,
              53.4970377
            ],
            [
              10.2332332,
              53.4971949
            ],
            [
              10.232922,
              53.4972263
            ],
            [
              10.2327271,
              53.4971585
            ],
            [
              10.229699,
              53.4964345
            ],
            [
              10.2295761,
              53.4963086
            ],
            [
              10.2294007,
              53.4961384
            ],
            [
              10.2292339,
              53.4958703
            ],
            [
              10.2290956,
              53.4956984
            ],
            [
              10.2288355,
              53.4956643
            ],
            [
              10.2281362,
              53.4957287
            ],
            [
              10.227466,
              53.4959096
            ],
            [
              10.2269138,
              53.496039
            ],
            [
              10.2261105,
              53.4960026
            ],
            [
              10.2258564,
              53.4959821
            ],
            [
              10.2253844,
              53.495926
            ],
            [
              10.2249656,
              53.4959052
            ],
            [
              10.2247655,
              53.4961518
            ],
            [
              10.2246715,
              53.4962927
            ],
            [
              10.2244635,
              53.4963681
            ],
            [
              10.2243181,
              53.4964118
            ],
            [
              10.2238791,
              53.4964201
            ],
            [
              10.2235241,
              53.4963973
            ],
            [
              10.2229223,
              53.496333
            ],
            [
              10.2224287,
              53.4963281
            ],
            [
              10.2220738,
              53.4963429
            ],
            [
              10.2219409,
              53.4963925
            ],
            [
              10.2218944,
              53.4964977
            ],
            [
              10.2219573,
              53.4965442
            ],
            [
              10.2222764,
              53.4966032
            ],
            [
              10.2227129,
              53.496609
            ],
            [
              10.2228695,
              53.4966426
            ],
            [
              10.223033,
              53.4967268
            ],
            [
              10.2231237,
              53.4968794
            ],
            [
              10.2231553,
              53.4970224
            ],
            [
              10.2231312,
              53.4971472
            ],
            [
              10.2228523,
              53.4973122
            ],
            [
              10.2226135,
              53.4974142
            ],
            [
              10.2223218,
              53.4975476
            ],
            [
              10.2220551,
              53.497625
            ],
            [
              10.2219339,
              53.4977136
            ],
            [
              10.2219391,
              53.4977934
            ],
            [
              10.2221038,
              53.4978981
            ],
            [
              10.2222944,
              53.497998
            ],
            [
              10.222382,
              53.4980823
            ],
            [
              10.2223437,
              53.4982065
            ],
            [
              10.2222569,
              53.4982573
            ],
            [
              10.222135,
              53.4982875
            ],
            [
              10.2218721,
              53.4982786
            ],
            [
              10.2216406,
              53.4982829
            ],
            [
              10.2209463,
              53.4982188
            ],
            [
              10.2208242,
              53.4982173
            ],
            [
              10.2207149,
              53.4982844
            ],
            [
              10.2206604,
              53.4984597
            ],
            [
              10.2206832,
              53.4985579
            ],
            [
              10.2208315,
              53.4987967
            ],
            [
              10.2209672,
              53.4989785
            ],
            [
              10.2209858,
              53.4990871
            ],
            [
              10.2208491,
              53.4991813
            ],
            [
              10.2206218,
              53.4992588
            ],
            [
              10.2203095,
              53.4993148
            ],
            [
              10.219902,
              53.499341
            ],
            [
              10.2188999,
              53.4992695
            ],
            [
              10.2185496,
              53.4992541
            ],
            [
              10.218276,
              53.4992345
            ],
            [
              10.2182753,
              53.4991707
            ],
            [
              10.2177516,
              53.4990716
            ],
            [
              10.217246,
              53.4987574
            ],
            [
              10.2171043,
              53.4987381
            ],
            [
              10.2155758,
              53.4988646
            ],
            [
              10.2145911,
              53.498719
            ],
            [
              10.2139093,
              53.498743
            ],
            [
              10.2134544,
              53.4985296
            ],
            [
              10.2132045,
              53.4981503
            ],
            [
              10.2132302,
              53.4979945
            ],
            [
              10.2133416,
              53.4977462
            ],
            [
              10.2135121,
              53.4975761
            ],
            [
              10.2137815,
              53.497478
            ],
            [
              10.2138056,
              53.4974831
            ],
            [
              10.2143188,
              53.4975751
            ],
            [
              10.2145513,
              53.4975607
            ],
            [
              10.2146804,
              53.4975266
            ],
            [
              10.2147708,
              53.4974637
            ],
            [
              10.2148083,
              53.4973061
            ],
            [
              10.2148406,
              53.4972135
            ],
            [
              10.2147723,
              53.4970514
            ],
            [
              10.2147127,
              53.4969026
            ],
            [
              10.2146544,
              53.4967579
            ],
            [
              10.2145857,
              53.4966756
            ],
            [
              10.2143797,
              53.4964289
            ],
            [
              10.2141764,
              53.4962657
            ],
            [
              10.2139709,
              53.496178
            ],
            [
              10.2137593,
              53.4961273
            ],
            [
              10.2135538,
              53.4960875
            ],
            [
              10.2133813,
              53.4960769
            ],
            [
              10.2129673,
              53.4960928
            ],
            [
              10.2125291,
              53.4961301
            ],
            [
              10.2123282,
              53.4960751
            ],
            [
              10.2122684,
              53.4960336
            ],
            [
              10.2122354,
              53.4959761
            ],
            [
              10.2122141,
              53.4958877
            ],
            [
              10.2121908,
              53.4957907
            ],
            [
              10.2122009,
              53.4954366
            ],
            [
              10.2122066,
              53.4952108
            ],
            [
              10.2120649,
              53.494767
            ],
            [
              10.2120203,
              53.4946172
            ],
            [
              10.2119842,
              53.494168
            ],
            [
              10.2119819,
              53.4940756
            ],
            [
              10.2120078,
              53.4939896
            ],
            [
              10.2120218,
              53.4939145
            ],
            [
              10.2121014,
              53.4938598
            ],
            [
              10.2122651,
              53.4938672
            ],
            [
              10.2128255,
              53.4938927
            ],
            [
              10.2128075,
              53.4936953
            ],
            [
              10.212655,
              53.4936055
            ],
            [
              10.2117768,
              53.493016
            ],
            [
              10.2103356,
              53.4923
            ],
            [
              10.2092499,
              53.4916914
            ],
            [
              10.2086479,
              53.4913621
            ],
            [
              10.2086833,
              53.4913396
            ],
            [
              10.2086417,
              53.4912967
            ],
            [
              10.2084322,
              53.4910805
            ],
            [
              10.2081271,
              53.4908889
            ],
            [
              10.2079849,
              53.4908775
            ],
            [
              10.2077411,
              53.4907574
            ],
            [
              10.2074258,
              53.490758
            ],
            [
              10.2067235,
              53.4904742
            ],
            [
              10.206011,
              53.4901432
            ],
            [
              10.2059519,
              53.490186
            ],
            [
              10.2056364,
              53.4900227
            ],
            [
              10.2056347,
              53.4899287
            ],
            [
              10.2045617,
              53.4894168
            ],
            [
              10.2038755,
              53.4890274
            ],
            [
              10.203192,
              53.4890671
            ],
            [
              10.2032373,
              53.4895732
            ],
            [
              10.203093,
              53.4902244
            ],
            [
              10.2028787,
              53.4904491
            ],
            [
              10.2026904,
              53.4906464
            ],
            [
              10.2026568,
              53.4906745
            ],
            [
              10.2020373,
              53.4906898
            ],
            [
              10.2017546,
              53.490706
            ],
            [
              10.2014825,
              53.4908344
            ],
            [
              10.2013319,
              53.4908311
            ],
            [
              10.200583,
              53.4906882
            ],
            [
              10.2004462,
              53.4907738
            ],
            [
              10.1999863,
              53.4910389
            ],
            [
              10.1994438,
              53.4912894
            ],
            [
              10.1992379,
              53.49155
            ],
            [
              10.1989551,
              53.4917454
            ],
            [
              10.1988046,
              53.4917857
            ],
            [
              10.1980204,
              53.4917074
            ],
            [
              10.1961335,
              53.4910242
            ],
            [
              10.1938835,
              53.4901292
            ],
            [
              10.1936049,
              53.4900774
            ],
            [
              10.1930238,
              53.4899158
            ],
            [
              10.192832,
              53.4898092
            ],
            [
              10.1927344,
              53.4897611
            ],
            [
              10.1926179,
              53.489774
            ],
            [
              10.1924421,
              53.4899605
            ],
            [
              10.1920627,
              53.4902281
            ],
            [
              10.1921243,
              53.4904337
            ],
            [
              10.1919383,
              53.4905555
            ],
            [
              10.1914953,
              53.4905635
            ],
            [
              10.1913211,
              53.4905642
            ],
            [
              10.19105,
              53.4905997
            ],
            [
              10.1909219,
              53.4906053
            ],
            [
              10.1906291,
              53.4903584
            ],
            [
              10.190419,
              53.4902213
            ],
            [
              10.189942,
              53.4905405
            ],
            [
              10.1896871,
              53.4906561
            ],
            [
              10.1890753,
              53.4907094
            ],
            [
              10.1882062,
              53.4911307
            ],
            [
              10.1871843,
              53.4914779
            ],
            [
              10.1865325,
              53.4915902
            ],
            [
              10.1854597,
              53.4927136
            ],
            [
              10.1852773,
              53.4931221
            ],
            [
              10.1855026,
              53.4947242
            ],
            [
              10.1848558,
              53.4958211
            ],
            [
              10.1849876,
              53.496256
            ],
            [
              10.1850894,
              53.4965315
            ],
            [
              10.1851378,
              53.4967985
            ],
            [
              10.1848645,
              53.4971421
            ],
            [
              10.184638,
              53.4973342
            ],
            [
              10.1831101,
              53.4979728
            ],
            [
              10.1827667,
              53.4980366
            ],
            [
              10.1817823,
              53.497624
            ],
            [
              10.1813575,
              53.4975652
            ],
            [
              10.1811022,
              53.4975299
            ],
            [
              10.180676,
              53.4975067
            ],
            [
              10.1799752,
              53.4974001
            ],
            [
              10.1786546,
              53.4968565
            ],
            [
              10.1780326,
              53.4968257
            ],
            [
              10.1777613,
              53.4967838
            ],
            [
              10.1778763,
              53.4966589
            ],
            [
              10.1777671,
              53.4959241
            ],
            [
              10.1762875,
              53.4940309
            ],
            [
              10.174905,
              53.4922013
            ],
            [
              10.1744883,
              53.4912835
            ],
            [
              10.1736087,
              53.4907853
            ],
            [
              10.1731627,
              53.490136
            ],
            [
              10.1728578,
              53.4896205
            ],
            [
              10.1722981,
              53.4895229
            ],
            [
              10.1706558,
              53.4896848
            ],
            [
              10.1704506,
              53.4888198
            ]
          ]
        ]
      }
    },
    {
      "type": "Feature",
      "properties": {
        "name": "Eimsbüttel",
        "slug": "eimsbuettel",
        "osm_relation": 180627,
        "in": {
          "en": "in Eimsbüttel",
          "de": "in Eimsbüttel"
        }
      },
      "geometry": {
        "type": "Polygon",
        "coordinates": [
          [
            [
              9.9351095,
              53.5799004
            ],
            [
              9.935927,
              53.5789322
            ],
            [
              9.9379235,
              53.5766052
            ],
            [
              9.9394097,
              53.5748839
            ],
            [
              9.9394913,
              53.5747956
            ],
            [
              9.9400542,
              53.5741618
            ],
            [
              9.9409649,
              53.5731381
            ],
            [
              9.9424037,
              53.5719512
            ],
            [
              9.9421322,
              53.5719289
            ],
            [
              9.9429152,
              53.5712186
            ],
            [
              9.9436429,
              53.5705741
            ],
            [
              9.9437755,
              53.5704165
            ],
            [
              9.943871,
              53.5702767
            ],
            [
              9.9439418,
              53.5701474
            ],
            [
              9.9439901,
              53.5699849
            ],
            [
              9.9439514,
              53.5696607
            ],
            [
              9.9444463,
              53.5696488
            ],
            [
              9.944377,
              53.5696893
            ],
            [
              9.9444554,
              53.5707431
            ],
            [
              9.9445415,
              53.5713866
            ],
            [
              9.9446132,
              53.5717132
            ],
            [
              9.9447665,
              53.571745
            ],
            [
              9.9450036,
              53.571659
            ],
            [
              9.9450196,
              53.5716819
            ],
            [
              9.9457498,
              53.5713884
            ],
            [
              9.9462917,
              53.5711162
            ],
            [
              9.9471875,
              53.5707373
            ],
            [
              9.9480078,
              53.5703453
            ],
            [
              9.9488873,
              53.5696638
            ],
            [
              9.9490455,
              53.5697173
            ],
            [
              9.9493267,
              53.5696224
            ],
            [
              9.9498727,
              53.5694434
            ],
            [
              9.9503746,
              53.5688215
            ],
            [
              9.9507203,
              53.5684663
            ],
            [
              9.9509329,
              53.5683134
            ],
            [
              9.9517295,
              53.56748
            ],
            [
              9.9516599,
              53.5674599
            ],
            [
              9.9521847,
              53.5669115
            ],
            [
              9.9522606,
              53.5669314
            ],
            [
              9.9525707,
              53.5665932
            ],
            [
              9.9525166,
              53.5665589
            ],
            [
              9.9525848,
              53.5664897
            ],
            [
              9.9538103,
              53.5661755
            ],
            [
              9.9537772,
              53.5661287
            ],
            [
              9.9542515,
              53.5659932
            ],
            [
              9.9542857,
              53.56603
            ],
            [
              9.9548954,
              53.5658442
            ],
            [
              9.9548755,
              53.5658063
            ],
            [
              9.9550419,
              53.5657641
            ],
            [
              9.9550704,
              53.5657862
            ],
            [
              9.955528,
              53.5656352
            ],
            [
              9.955495,
              53.5656035
            ],
            [
              9.9573475,
              53.5649953
            ],
            [
              9.9573678,
              53.5650149
            ],
            [
              9.9577098,
              53.5648952
            ],
            [
              9.9594542,
              53.5641025
            ],
            [
              9.9596624,
              53.5637745
            ],
            [
              9.9598543,
              53.5636683
            ],
            [
              9.9599567,
              53.5636686
            ],
            [
              9.9604956,
              53.5631662
            ],
            [
              9.9607813,
              53.5632891
            ],
            [
              9.9607817,
              53.5633915
            ],
            [
              9.9605017,
              53.5636596
            ],
            [
              9.960548,
              53.5637421
            ],
            [
              9.9609103,
              53.5638475
            ],
            [
              9.9648142,
              53.564951
            ],
            [
              9.9654525,
              53.5651319
            ],
            [
              9.9655862,
              53.5650808
            ],
            [
              9.9660656,
              53.5652322
            ],
            [
              9.9660408,
              53.5653861
            ],
            [
              9.9661656,
              53.5655167
            ],
            [
              9.9667354,
              53.5658892
            ],
            [
              9.9677983,
              53.5664196
            ],
            [
              9.969131,
              53.5670651
            ],
            [
              9.9700483,
              53.5673064
            ],
            [
              9.9714365,
              53.5679018
            ],
            [
              9.9746217,
              53.569466
            ],
            [
              9.9752875,
              53.5698025
            ],
            [
              9.9757465,
              53.5701171
            ],
            [
              9.9766284,
              53.5707966
            ],
            [
              9.9768848,
              53.5709901
            ],
            [
              9.9775009,
              53.571455
            ],
            [
              9.9769148,
              53.5717255
            ],
            [
              9.976594,
              53.5719263
            ],
            [
              9.9756411,
              53.5727362
            ],
            [
              9.9742441,
              53.5735915
            ],
            [
              9.9732225,
              53.5742505
            ],
            [
              9.9724088,
              53.5747701
            ],
            [
              9.9716458,
              53.5752599
            ],
            [
              9.9707651,
              53.575824
            ],
            [
              9.9702523,
              53.5761468
            ],
            [
              9.969593,
              53.5765474
            ],
            [
              9.9686901,
              53.5760836
            ],
            [
              9.9640668,
              53.5782786
            ],
            [
              9.9636969,
              53.5777895
            ],
            [
              9.9635492,
              53.5774376
            ],
            [
              9.9632098,
              53.5775095
            ],
            [
              9.9622715,
              53.5778125
            ],
            [
              9.9618831,
              53.5779379
            ],
            [
              9.9590846,
              53.5794353
            ],
            [
              9.958355,
              53.5799143
            ],
            [
              9.9578572,
              53.5803271
            ],
            [
              9.9576097,
              53.5805124
            ],
            [
              9.9570386,
              53.5809668
            ],
            [
              9.9561664,
              53.5813583
            ],
            [
              9.9558994,
              53.5813171
            ],
            [
              9.9542651,
              53.5816733
            ],
            [
              9.9534553,
              53.581856
            ],
            [
              9.9509849,
              53.5824016
            ],
            [
              9.9504253,
              53.5824343
            ],
            [
              9.9495818,
              53.5823937
            ],
            [
              9.9495372,
              53.5823915
            ],
            [
              9.9481539,
              53.5823316
            ],
            [
              9.947726,
              53.5823711
            ],
            [
              9.943448,
              53.5821757
            ],
            [
              9.9432435,
              53.5816821
            ],
            [
              9.941077,
              53.5820009
            ],
            [
              9.9386907,
              53.582263
            ],
            [
              9.9388134,
              53.5816871
            ],
            [
              9.9388094,
              53.5815347
            ],
            [
              9.9387016,
              53.5804952
            ],
            [
              9.938669,
              53.5802204
            ],
            [
              9.9385716,
              53.5801945
            ],
            [
              9.9381199,
              53.5801868
            ],
            [
              9.9376719,
              53.5802221
            ],
            [
              9.9373053,
              53.5802117
            ],
            [
              9.9369637,
              53.580199
            ],
            [
              9.9366387,
              53.5801591
            ],
            [
              9.9358672,
              53.5800475
            ],
            [
              9.9351095,
              53.5799004
            ]
          ]
        ]
      }
    },
    {
      "type": "Feature",
      "properties": {
        "name": "Hamburg-Mitte",
        "slug": "hamburg-mitte",
        "osm_relation": 28971,
        "in": {
          "en": "in Hamburg-Mitte",
          "de": "in Hamburg-Mitte"
        }
      },
      "geometry": {
        "type": "MultiPolygon",
        "coordinates": [
          [
            [
              [
                8.1044993,
                54.02505
              ],
              [
                8.2109892,
                53.9807155
              ],
              [
                8.2592167,
                53.962
              ],
              [
                8.2908333,
                53.95
              ],
              [
                8.3390333,
                53.9300833
              ],
              [
                8.4290333,
                53.8934167
              ],
              [
                8.429328,
                53.8932944
              ],
              [
                8.4341314,
                53.8929325
              ],
              [
                8.4383556,
                53.8925975
              ],
              [
                8.5338059,
                53.8852572
              ],
              [
                8.5572006,
                53.8611518
              ],
              [
                8.5735543,
                53.8445591
              ],
              [
                8.5737038,
                53.8445303
              ],
              [
                8.5747146,
                53.843377
              ],
              [
                8.5753768,
                53.8441856
              ],
              [
                8.575606,
                53.8444764
              ],
              [
                8.5760454,
                53.8450037
              ],
              [
                8.5683376,
                53.8753112
              ],
              [
                8.5621635,
                53.8974068
              ],
              [
                8.5619009,
                53.8987535
              ],
              [
                8.5606667,
                53.9050833
              ],
              [
                8.5456774,
                53.9300833
              ],
              [
                8.5365167,
                53.9360032
              ],
              [
                8.504219,
                53.9569092
              ],
              [
                8.394369,
                54.02765
              ],
              [
                8.1044993,
                54.02505
              ]
            ]
          ],
          [
            [
              [
                9.7723167,
                53.543523
              ],
              [
                9.7736122,
                53.542903
              ],
              [
                9.7743998,
                53.5426923
              ],
              [
                9.7746375,
                53.5425882
              ],
              [
                9.7754395,
                53.5421069
              ],
              [
                9.7759437,
                53.541863
              ],
              [
                9.7763193,
                53.5415953
              ],
              [
                9.778168,
                53.5409351
              ],
              [
                9.7788221,
                53.5406097
              ],
              [
                9.779562,
                53.5402118
              ],
              [
                9.7804331,
                53.5397414
              ],
              [
                9.7812894,
                53.5393478
              ],
              [
                9.7817514,
                53.5391366
              ],
              [
                9.7829322,
                53.5386832
              ],
              [
                9.7843418,
                53.5382217
              ],
              [
                9.7848893,
                53.5379843
              ],
              [
                9.7854014,
                53.5377629
              ],
              [
                9.7856712,
                53.5376504
              ],
              [
                9.7868362,
                53.5374757
              ],
              [
                9.7876479,
                53.537137
              ],
              [
                9.788251,
                53.5368853
              ],
              [
                9.7889292,
                53.536723
              ],
              [
                9.7893638,
                53.5366173
              ],
              [
                9.7900421,
                53.5364555
              ],
              [
                9.7901695,
                53.5365205
              ],
              [
                9.7903176,
                53.5365472
              ],
              [
                9.7904285,
                53.5365672
              ],
              [
                9.7906483,
                53.5364974
              ],
              [
                9.7906964,
                53.5363655
              ],
              [
                9.7920951,
                53.5361631
              ],
              [
                9.7927263,
                53.5359908
              ],
              [
                9.7941425,
                53.5351954
              ],
              [
                9.7958967,
                53.5341951
              ],
              [
                9.796468,
                53.5341225
              ],
              [
                9.7980581,
                53.5337505
              ],
              [
                9.7987801,
                53.5334912
              ],
              [
                9.7989115,
                53.5333653
              ],
              [
                9.7995955,
                53.5331899
              ],
              [
                9.8013174,
                53.5324901
              ],
              [
                9.8047994,
                53.5314072
              ],
              [
                9.8060556,
                53.5311326
              ],
              [
                9.8063962,
                53.5309955
              ],
              [
                9.8066846,
                53.5308034
              ],
              [
                9.8069836,
                53.5308002
              ],
              [
                9.8073605,
                53.5310128
              ],
              [
                9.8089859,
                53.5307093
              ],
              [
                9.8096645,
                53.5307173
              ],
              [
                9.8113245,
                53.5305122
              ],
              [
                9.8120141,
                53.5303442
              ],
              [
                9.8122367,
                53.530333
              ],
              [
                9.8129234,
                53.5301481
              ],
              [
                9.8136502,
                53.5298978
              ],
              [
                9.8147312,
                53.5297384
              ],
              [
                9.8164317,
                53.5293286
              ],
              [
                9.8175544,
                53.529139
              ],
              [
                9.8179409,
                53.5284327
              ],
              [
                9.8204415,
                53.5279998
              ],
              [
                9.8218843,
                53.5280016
              ],
              [
                9.8235382,
                53.5287132
              ],
              [
                9.8239187,
                53.5287671
              ],
              [
                9.8264301,
                53.5294518
              ],
              [
                9.8264101,
                53.5270912
              ],
              [
                9.8266911,
                53.5259182
              ],
              [
                9.8274153,
                53.5241324
              ],
              [
                9.8280054,
                53.5229971
              ],
              [
                9.8287657,
                53.5217224
              ],
              [
                9.8294128,
                53.5207878
              ],
              [
                9.8298439,
                53.5204065
              ],
              [
                9.8307266,
                53.5196189
              ],
              [
                9.8321134,
                53.5186249
              ],
              [
                9.8345227,
                53.5173015
              ],
              [
                9.8376883,
                53.5165011
              ],
              [
                9.8421967,
                53.515664
              ],
              [
                9.8451381,
                53.5158833
              ],
              [
                9.8463249,
                53.5165322
              ],
              [
                9.8544127,
                53.5167889
              ],
              [
                9.8582738,
                53.5172012
              ],
              [
                9.8607251,
                53.5177066
              ],
              [
                9.8635842,
                53.5185998
              ],
              [
                9.8658557,
                53.5191001
              ],
              [
                9.867452,
                53.5192968
              ],
              [
                9.8705208,
                53.5192553
              ],
              [
                9.8753177,
                53.5187198
              ],
              [
                9.8761065,
                53.5185298
              ],
              [
                9.8771281,
                53.5181094
              ],
              [
                9.8778664,
                53.5186364
              ],
              [
                9.8781448,
                53.5188367
              ],
              [
                9.878152,
                53.5190264
              ],
              [
                9.8785396,
                53.5190168
              ],
              [
                9.8801604,
                53.5189901
              ],
              [
                9.8811173,
                53.5189996
              ],
              [
                9.8819456,
                53.5190003
              ],
              [
                9.8833378,
                53.5190912
              ],
              [
                9.8839563,
                53.5190969
              ],
              [
                9.8845292,
                53.5190567
              ],
              [
                9.88451,
                53.518877
              ],
              [
                9.8848006,
                53.5188698
              ],
              [
                9.8848646,
                53.5186273
              ],
              [
                9.885032,
                53.5183861
              ],
              [
                9.8852931,
                53.5181687
              ],
              [
                9.8854725,
                53.5180593
              ],
              [
                9.8858764,
                53.5179133
              ],
              [
                9.8864277,
                53.517824
              ],
              [
                9.8873545,
                53.5178247
              ],
              [
                9.8879214,
                53.5178237
              ],
              [
                9.8881524,
                53.5178099
              ],
              [
                9.8887669,
                53.5177561
              ],
              [
                9.8891026,
                53.5177223
              ],
              [
                9.889536,
                53.5176589
              ],
              [
                9.8903264,
                53.517491
              ],
              [
                9.8909978,
                53.5172882
              ],
              [
                9.8916995,
                53.5170538
              ],
              [
                9.8931648,
                53.5164222
              ],
              [
                9.8942394,
                53.5159607
              ],
              [
                9.8948949,
                53.5157167
              ],
              [
                9.8959766,
                53.5154062
              ],
              [
                9.8976311,
                53.5149674
              ],
              [
                9.9000317,
                53.5143342
              ],
              [
                9.9017706,
                53.5138748
              ],
              [
                9.9028044,
                53.513654
              ],
              [
                9.9035841,
                53.5135262
              ],
              [
                9.9044616,
                53.5134502
              ],
              [
                9.905204,
                53.5134016
              ],
              [
                9.906792,
                53.5132896
              ],
              [
                9.9073657,
                53.5132495
              ],
              [
                9.9082733,
                53.5132421
              ],
              [
                9.9088133,
                53.5132675
              ],
              [
                9.9091472,
                53.513334
              ],
              [
                9.9096481,
                53.513503
              ],
              [
                9.9104172,
                53.5136223
              ],
              [
                9.9105025,
                53.5135315
              ],
              [
                9.9105788,
                53.5135051
              ],
              [
                9.9110993,
                53.5135959
              ],
              [
                9.9114492,
                53.5136656
              ],
              [
                9.9116179,
                53.5136414
              ],
              [
                9.9116996,
                53.5135907
              ],
              [
                9.9117991,
                53.5135188
              ],
              [
                9.9125753,
                53.5138082
              ],
              [
                9.9126037,
                53.5139994
              ],
              [
                9.9129643,
                53.5141335
              ],
              [
                9.9134972,
                53.5142729
              ],
              [
                9.9137565,
                53.5141916
              ],
              [
                9.9139252,
                53.5141568
              ],
              [
                9.9140549,
                53.5141515
              ],
              [
                9.9142467,
                53.5141694
              ],
              [
                9.9144226,
                53.5141906
              ],
              [
                9.9145043,
                53.5142381
              ],
              [
                9.9145558,
                53.5143141
              ],
              [
                9.9145878,
                53.5144398
              ],
              [
                9.9146588,
                53.5145549
              ],
              [
                9.9148595,
                53.514631
              ],
              [
                9.9153533,
                53.5147894
              ],
              [
                9.9159803,
                53.5149257
              ],
              [
                9.9167192,
                53.5150017
              ],
              [
                9.9175558,
                53.5146891
              ],
              [
                9.9179288,
                53.514575
              ],
              [
                9.9183658,
                53.5144831
              ],
              [
                9.9185061,
                53.5144852
              ],
              [
                9.9192823,
                53.5147567
              ],
              [
                9.9198898,
                53.5149647
              ],
              [
                9.9212432,
                53.5152034
              ],
              [
                9.9223623,
                53.5154062
              ],
              [
                9.9234884,
                53.5157653
              ],
              [
                9.923872,
                53.5158604
              ],
              [
                9.9243303,
                53.5158688
              ],
              [
                9.9251012,
                53.5158308
              ],
              [
                9.9255843,
                53.5158097
              ],
              [
                9.9257477,
                53.5158329
              ],
              [
                9.9257229,
                53.5159364
              ],
              [
                9.9258756,
                53.5160272
              ],
              [
                9.9260035,
                53.5160779
              ],
              [
                9.9261527,
                53.5161497
              ],
              [
                9.9264618,
                53.5164666
              ],
              [
                9.9273499,
                53.5176156
              ],
              [
                9.927666,
                53.5181183
              ],
              [
                9.9278756,
                53.5182979
              ],
              [
                9.9281527,
                53.5183781
              ],
              [
                9.9284227,
                53.5184943
              ],
              [
                9.9291332,
                53.5189674
              ],
              [
                9.9299609,
                53.5196876
              ],
              [
                9.9312895,
                53.520864
              ],
              [
                9.9317869,
                53.5211787
              ],
              [
                9.9328846,
                53.5216497
              ],
              [
                9.9334245,
                53.5217764
              ],
              [
                9.9339148,
                53.5218757
              ],
              [
                9.9341315,
                53.5219433
              ],
              [
                9.9342984,
                53.5220299
              ],
              [
                9.9344121,
                53.5222052
              ],
              [
                9.9353606,
                53.5221334
              ],
              [
                9.9388148,
                53.5217156
              ],
              [
                9.9388236,
                53.5200853
              ],
              [
                9.9391957,
                53.5167671
              ],
              [
                9.9399171,
                53.5113936
              ],
              [
                9.9401861,
                53.5086052
              ],
              [
                9.9406367,
                53.5059604
              ],
              [
                9.9410713,
                53.5048469
              ],
              [
                9.9412017,
                53.5043044
              ],
              [
                9.941715,
                53.5033378
              ],
              [
                9.9426168,
                53.5021862
              ],
              [
                9.9441598,
                53.5007148
              ],
              [
                9.9459947,
                53.4994131
              ],
              [
                9.9490589,
                53.4976581
              ],
              [
                9.949847,
                53.4970842
              ],
              [
                9.9505663,
                53.4964008
              ],
              [
                9.9511188,
                53.4957657
              ],
              [
                9.9516736,
                53.4950326
              ],
              [
                9.9530812,
                53.4926941
              ],
              [
                9.9559736,
                53.4889009
              ],
              [
                9.9578105,
                53.4868871
              ],
              [
                9.9599475,
                53.4850189
              ],
              [
                9.9618177,
                53.483676
              ],
              [
                9.9632937,
                53.4828702
              ],
              [
                9.9702009,
                53.4796042
              ],
              [
                9.974041,
                53.4778945
              ],
              [
                9.9752281,
                53.4774951
              ],
              [
                9.9779752,
                53.4767072
              ],
              [
                9.9821573,
                53.4757011
              ],
              [
                9.9845052,
                53.4753374
              ],
              [
                9.9870953,
                53.4748966
              ],
              [
                9.9900832,
                53.4745007
              ],
              [
                9.9961667,
                53.4734677
              ],
              [
                9.9983788,
                53.4730429
              ],
              [
                10.0000209,
                53.4727318
              ],
              [
                10.0013759,
                53.4725713
              ],
              [
                10.0039959,
                53.472441
              ],
              [
                10.0070396,
                53.4726402
              ],
              [
                10.0163394,
                53.4737514
              ],
              [
                10.0163636,
                53.4737152
              ],
              [
                10.0202479,
                53.4742488
              ],
              [
                10.02327,
                53.4744696
              ],
              [
                10.0248194,
                53.4745828
              ],
              [
                10.0257862,
                53.4745709
              ],
              [
                10.0287247,
                53.474358
              ],
              [
                10.0310326,
                53.4740058
              ],
              [
                10.0330602,
                53.4735527
              ],
              [
                10.0354399,
                53.4729052
              ],
              [
                10.037178,
                53.472365
              ],
              [
                10.0396822,
                53.471362
              ],
              [
                10.0431255,
                53.4699109
              ],
              [
                10.0446975,
                53.4690838
              ],
              [
                10.0465655,
                53.4679298
              ],
              [
                10.048053,
                53.4668055
              ],
              [
                10.0484484,
                53.4664638
              ],
              [
                10.0500221,
                53.4651056
              ],
              [
                10.0516158,
                53.4639106
              ],
              [
                10.0523534,
                53.4634112
              ],
              [
                10.0532168,
                53.4629063
              ],
              [
                10.0578741,
                53.4604996
              ],
              [
                10.0647191,
                53.4570227
              ],
              [
                10.0669067,
                53.4560205
              ],
              [
                10.0682925,
                53.4555051
              ],
              [
                10.0694661,
                53.4551743
              ],
              [
                10.0716028,
                53.4547384
              ],
              [
                10.0789512,
                53.4538769
              ],
              [
                10.0741745,
                53.4551934
              ],
              [
                10.0701163,
                53.4577271
              ],
              [
                10.0689394,
                53.4585307
              ],
              [
                10.0680081,
                53.4592768
              ],
              [
                10.0668132,
                53.460383
              ],
              [
                10.0654077,
                53.4620725
              ],
              [
                10.064732,
                53.4633348
              ],
              [
                10.0629736,
                53.4678624
              ],
              [
                10.062649,
                53.4693042
              ],
              [
                10.0624842,
                53.4708794
              ],
              [
                10.0623984,
                53.472307
              ],
              [
                10.0622347,
                53.4734015
              ],
              [
                10.0616173,
                53.475345
              ],
              [
                10.0607804,
                53.4771633
              ],
              [
                10.0603705,
                53.4778538
              ],
              [
                10.0598124,
                53.4786311
              ],
              [
                10.0587976,
                53.4796551
              ],
              [
                10.0562026,
                53.4815849
              ],
              [
                10.0553873,
                53.4822588
              ],
              [
                10.0539821,
                53.4836552
              ],
              [
                10.0530469,
                53.4847496
              ],
              [
                10.0524503,
                53.4857113
              ],
              [
                10.0521624,
                53.4865018
              ],
              [
                10.0518922,
                53.487301
              ],
              [
                10.0517109,
                53.4882371
              ],
              [
                10.0511792,
                53.4920777
              ],
              [
                10.0510492,
                53.4938076
              ],
              [
                10.0510373,
                53.4946623
              ],
              [
                10.0511935,
                53.4956044
              ],
              [
                10.0514054,
                53.4964565
              ],
              [
                10.0516429,
                53.4970711
              ],
              [
                10.0521694,
                53.4980655
              ],
              [
                10.0535513,
                53.5003968
              ],
              [
                10.0554308,
                53.5030182
              ],
              [
                10.0569518,
                53.5050189
              ],
              [
                10.0580902,
                53.5066395
              ],
              [
                10.0596678,
                53.5062947
              ],
              [
                10.0598164,
                53.5058745
              ],
              [
                10.0599872,
                53.5054365
              ],
              [
                10.0601458,
                53.5051252
              ],
              [
                10.0602922,
                53.5048297
              ],
              [
                10.0606682,
                53.5042703
              ],
              [
                10.0607624,
                53.5041344
              ],
              [
                10.0611428,
                53.5036892
              ],
              [
                10.0614778,
                53.5033356
              ],
              [
                10.0618715,
                53.5029543
              ],
              [
                10.0620379,
                53.5028171
              ],
              [
                10.0626323,
                53.5023435
              ],
              [
                10.0630893,
                53.5020394
              ],
              [
                10.0635052,
                53.5017666
              ],
              [
                10.063839,
                53.5015809
              ],
              [
                10.0643281,
                53.5013117
              ],
              [
                10.0649253,
                53.5010285
              ],
              [
                10.0654351,
                53.5007954
              ],
              [
                10.0667407,
                53.5003002
              ],
              [
                10.0674488,
                53.5000698
              ],
              [
                10.0681895,
                53.5011966
              ],
              [
                10.0684782,
                53.5016461
              ],
              [
                10.0694868,
                53.5031899
              ],
              [
                10.0702338,
                53.5043404
              ],
              [
                10.0704153,
                53.5046248
              ],
              [
                10.0704716,
                53.5047863
              ],
              [
                10.0704055,
                53.5049486
              ],
              [
                10.0707332,
                53.5050097
              ],
              [
                10.0703787,
                53.505782
              ],
              [
                10.070193,
                53.5061969
              ],
              [
                10.0699384,
                53.5069893
              ],
              [
                10.0698385,
                53.5072787
              ],
              [
                10.0697865,
                53.5074753
              ],
              [
                10.069719,
                53.5077983
              ],
              [
                10.0696213,
                53.508293
              ],
              [
                10.0695527,
                53.5085832
              ],
              [
                10.0695863,
                53.5089163
              ],
              [
                10.0695045,
                53.5089295
              ],
              [
                10.0694602,
                53.5096045
              ],
              [
                10.0693988,
                53.5108901
              ],
              [
                10.0699653,
                53.5109935
              ],
              [
                10.0731968,
                53.5111663
              ],
              [
                10.0729885,
                53.5121793
              ],
              [
                10.0725148,
                53.5132141
              ],
              [
                10.0719312,
                53.5139223
              ],
              [
                10.071238,
                53.5146292
              ],
              [
                10.0656723,
                53.5196621
              ],
              [
                10.0658533,
                53.5215633
              ],
              [
                10.0650482,
                53.5241945
              ],
              [
                10.0644146,
                53.5247098
              ],
              [
                10.0661875,
                53.5254688
              ],
              [
                10.067976,
                53.5250396
              ],
              [
                10.0679288,
                53.5249724
              ],
              [
                10.068294,
                53.5249748
              ],
              [
                10.0687692,
                53.5248455
              ],
              [
                10.068682,
                53.5246546
              ],
              [
                10.0685317,
                53.5245829
              ],
              [
                10.0686671,
                53.5243563
              ],
              [
                10.0685369,
                53.5243678
              ],
              [
                10.0682615,
                53.5243158
              ],
              [
                10.0681485,
                53.5242181
              ],
              [
                10.0881261,
                53.5118017
              ],
              [
                10.0890108,
                53.5113826
              ],
              [
                10.0892764,
                53.5111189
              ],
              [
                10.0895697,
                53.5109338
              ],
              [
                10.0902192,
                53.5110276
              ],
              [
                10.0907012,
                53.5116791
              ],
              [
                10.0913496,
                53.5126114
              ],
              [
                10.0915939,
                53.512845
              ],
              [
                10.092023,
                53.5130815
              ],
              [
                10.0932464,
                53.5137674
              ],
              [
                10.0934968,
                53.5143315
              ],
              [
                10.0931817,
                53.5145297
              ],
              [
                10.0957289,
                53.5163618
              ],
              [
                10.0958806,
                53.516282
              ],
              [
                10.0959532,
                53.5162784
              ],
              [
                10.0961509,
                53.5163419
              ],
              [
                10.096163,
                53.5163863
              ],
              [
                10.0962881,
                53.5164823
              ],
              [
                10.0962074,
                53.5165218
              ],
              [
                10.0964514,
                53.5166825
              ],
              [
                10.0964172,
                53.5167029
              ],
              [
                10.0966249,
                53.5168583
              ],
              [
                10.0966653,
                53.5168433
              ],
              [
                10.0972583,
                53.5172846
              ],
              [
                10.0972119,
                53.517311
              ],
              [
                10.0977507,
                53.5177215
              ],
              [
                10.0976983,
                53.5177423
              ],
              [
                10.0988886,
                53.5186371
              ],
              [
                10.1001778,
                53.5189751
              ],
              [
                10.1005327,
                53.5188095
              ],
              [
                10.1029178,
                53.5205218
              ],
              [
                10.1052681,
                53.5222047
              ],
              [
                10.1083513,
                53.5243545
              ],
              [
                10.1081563,
                53.5244644
              ],
              [
                10.1083083,
                53.5245762
              ],
              [
                10.1084891,
                53.5244928
              ],
              [
                10.1093738,
                53.5251303
              ],
              [
                10.109735,
                53.5251883
              ],
              [
                10.1100144,
                53.5253697
              ],
              [
                10.1100903,
                53.5252743
              ],
              [
                10.1106764,
                53.5255107
              ],
              [
                10.1105933,
                53.5256683
              ],
              [
                10.1104732,
                53.5258071
              ],
              [
                10.1109102,
                53.52586
              ],
              [
                10.1115613,
                53.5257876
              ],
              [
                10.111465,
                53.525477
              ],
              [
                10.1116249,
                53.5250311
              ],
              [
                10.1119674,
                53.5246477
              ],
              [
                10.112215,
                53.524472
              ],
              [
                10.1124872,
                53.5243519
              ],
              [
                10.1129658,
                53.5242093
              ],
              [
                10.1144801,
                53.523784
              ],
              [
                10.115125,
                53.5237036
              ],
              [
                10.1155524,
                53.5236024
              ],
              [
                10.1163483,
                53.5234539
              ],
              [
                10.1168418,
                53.5232952
              ],
              [
                10.1171254,
                53.5232478
              ],
              [
                10.1174659,
                53.5232908
              ],
              [
                10.1176934,
                53.523251
              ],
              [
                10.1178718,
                53.5231846
              ],
              [
                10.1180099,
                53.5230608
              ],
              [
                10.1183337,
                53.5226035
              ],
              [
                10.1185963,
                53.5223718
              ],
              [
                10.1194341,
                53.5219901
              ],
              [
                10.1197134,
                53.5218073
              ],
              [
                10.1197483,
                53.52182
              ],
              [
                10.1202884,
                53.5215396
              ],
              [
                10.1209228,
                53.5211569
              ],
              [
                10.1211508,
                53.5210763
              ],
              [
                10.1214431,
                53.5210333
              ],
              [
                10.1217341,
                53.5210572
              ],
              [
                10.1220828,
                53.5212063
              ],
              [
                10.1224221,
                53.5214662
              ],
              [
                10.1225911,
                53.5213825
              ],
              [
                10.122288,
                53.5207263
              ],
              [
                10.1219317,
                53.5202931
              ],
              [
                10.1220148,
                53.5200061
              ],
              [
                10.1221526,
                53.5198787
              ],
              [
                10.1220788,
                53.5198397
              ],
              [
                10.1223665,
                53.5196182
              ],
              [
                10.1224639,
                53.519666
              ],
              [
                10.1226336,
                53.5196486
              ],
              [
                10.1241295,
                53.5204759
              ],
              [
                10.126269,
                53.5217571
              ],
              [
                10.1283836,
                53.523049
              ],
              [
                10.1284837,
                53.5231482
              ],
              [
                10.1285022,
                53.523248
              ],
              [
                10.1287727,
                53.5232539
              ],
              [
                10.1293619,
                53.5237231
              ],
              [
                10.1300134,
                53.5240596
              ],
              [
                10.130491,
                53.5241441
              ],
              [
                10.1311071,
                53.5241361
              ],
              [
                10.1315215,
                53.5241934
              ],
              [
                10.1319783,
                53.5242751
              ],
              [
                10.1323454,
                53.5244257
              ],
              [
                10.1328193,
                53.5246788
              ],
              [
                10.13436,
                53.5258289
              ],
              [
                10.1343693,
                53.5260357
              ],
              [
                10.1353623,
                53.5260671
              ],
              [
                10.1357131,
                53.5263561
              ],
              [
                10.136116,
                53.5263924
              ],
              [
                10.1362117,
                53.5264164
              ],
              [
                10.1368261,
                53.5261574
              ],
              [
                10.137403,
                53.5259213
              ],
              [
                10.1386147,
                53.5254944
              ],
              [
                10.1401912,
                53.5249354
              ],
              [
                10.1409903,
                53.5246161
              ],
              [
                10.1429186,
                53.5238678
              ],
              [
                10.1432174,
                53.5237738
              ],
              [
                10.1455609,
                53.5229359
              ],
              [
                10.1455458,
                53.5228406
              ],
              [
                10.1491345,
                53.5213869
              ],
              [
                10.151055,
                53.5205112
              ],
              [
                10.1511784,
                53.5205823
              ],
              [
                10.1521539,
                53.5200112
              ],
              [
                10.1542464,
                53.5190615
              ],
              [
                10.1544741,
                53.5191032
              ],
              [
                10.155105,
                53.5194738
              ],
              [
                10.1550825,
                53.5195466
              ],
              [
                10.1551749,
                53.51965
              ],
              [
                10.1558133,
                53.5193892
              ],
              [
                10.1562879,
                53.5193147
              ],
              [
                10.1567357,
                53.519711
              ],
              [
                10.1593107,
                53.5220033
              ],
              [
                10.1591376,
                53.5223977
              ],
              [
                10.1589564,
                53.5228107
              ],
              [
                10.1623307,
                53.5229864
              ],
              [
                10.1623193,
                53.523035
              ],
              [
                10.1617774,
                53.5253412
              ],
              [
                10.1617123,
                53.5261003
              ],
              [
                10.1619115,
                53.5268401
              ],
              [
                10.1625161,
                53.5278766
              ],
              [
                10.162901,
                53.5284412
              ],
              [
                10.1639939,
                53.5291891
              ],
              [
                10.1638311,
                53.5297255
              ],
              [
                10.1635015,
                53.5301346
              ],
              [
                10.163042,
                53.5307871
              ],
              [
                10.1635532,
                53.5313801
              ],
              [
                10.1636496,
                53.5315073
              ],
              [
                10.1637786,
                53.5318261
              ],
              [
                10.1639352,
                53.5319325
              ],
              [
                10.1643724,
                53.532049
              ],
              [
                10.1645934,
                53.532197
              ],
              [
                10.1646646,
                53.5322767
              ],
              [
                10.1651216,
                53.532793
              ],
              [
                10.1653119,
                53.5330752
              ],
              [
                10.1653193,
                53.5335633
              ],
              [
                10.1651649,
                53.5337755
              ],
              [
                10.1653485,
                53.5341835
              ],
              [
                10.1656083,
                53.5346253
              ],
              [
                10.1659085,
                53.5347362
              ],
              [
                10.1684867,
                53.5347333
              ],
              [
                10.1685834,
                53.5346931
              ],
              [
                10.1686633,
                53.5358202
              ],
              [
                10.168776,
                53.5373854
              ],
              [
                10.1686028,
                53.5374155
              ],
              [
                10.1685054,
                53.5374519
              ],
              [
                10.1683131,
                53.5375019
              ],
              [
                10.1680729,
                53.5376214
              ],
              [
                10.1680129,
                53.5373097
              ],
              [
                10.1679965,
                53.5372958
              ],
              [
                10.1644404,
                53.5375754
              ],
              [
                10.1644015,
                53.5374654
              ],
              [
                10.162616,
                53.5376083
              ],
              [
                10.1626409,
                53.5377054
              ],
              [
                10.1615455,
                53.5377869
              ],
              [
                10.1613575,
                53.5377456
              ],
              [
                10.1612106,
                53.5377697
              ],
              [
                10.1610716,
                53.5378549
              ],
              [
                10.1605252,
                53.5380141
              ],
              [
                10.1603747,
                53.5381663
              ],
              [
                10.1602554,
                53.5382201
              ],
              [
                10.1601802,
                53.538207
              ],
              [
                10.1601178,
                53.5381567
              ],
              [
                10.1601526,
                53.5380613
              ],
              [
                10.1603068,
                53.537805
              ],
              [
                10.1603021,
                53.5377369
              ],
              [
                10.1602051,
                53.5376837
              ],
              [
                10.1600582,
                53.5376706
              ],
              [
                10.1597716,
                53.5377291
              ],
              [
                10.1595005,
                53.5377085
              ],
              [
                10.1591099,
                53.5374834
              ],
              [
                10.1588968,
                53.5372287
              ],
              [
                10.1587186,
                53.5372265
              ],
              [
                10.1582489,
                53.5373954
              ],
              [
                10.1580201,
                53.5373963
              ],
              [
                10.1579525,
                53.5373964
              ],
              [
                10.1575999,
                53.5373333
              ],
              [
                10.1574829,
                53.5373915
              ],
              [
                10.1573555,
                53.5373703
              ],
              [
                10.1572621,
                53.5371375
              ],
              [
                10.1572348,
                53.5368586
              ],
              [
                10.1572902,
                53.5367403
              ],
              [
                10.1571915,
                53.5367097
              ],
              [
                10.1568247,
                53.5367321
              ],
              [
                10.1567158,
                53.5367131
              ],
              [
                10.1565266,
                53.5367283
              ],
              [
                10.1560038,
                53.5367171
              ],
              [
                10.1557352,
                53.5366138
              ],
              [
                10.1550545,
                53.536489
              ],
              [
                10.1534821,
                53.5360052
              ],
              [
                10.1529698,
                53.5358418
              ],
              [
                10.1522724,
                53.5355445
              ],
              [
                10.1518741,
                53.5354775
              ],
              [
                10.151885,
                53.5356216
              ],
              [
                10.1522671,
                53.5356919
              ],
              [
                10.1546877,
                53.5364176
              ],
              [
                10.1543903,
                53.5372404
              ],
              [
                10.154102,
                53.5381744
              ],
              [
                10.1535007,
                53.5400152
              ],
              [
                10.1523387,
                53.5399742
              ],
              [
                10.1522995,
                53.5401342
              ],
              [
                10.1521334,
                53.5405742
              ],
              [
                10.1519938,
                53.5410824
              ],
              [
                10.1518713,
                53.5416989
              ],
              [
                10.1517778,
                53.5421014
              ],
              [
                10.151827,
                53.5421132
              ],
              [
                10.1519888,
                53.5421759
              ],
              [
                10.1523639,
                53.5427243
              ],
              [
                10.152486,
                53.5431772
              ],
              [
                10.1521894,
                53.5437458
              ],
              [
                10.1521208,
                53.5437469
              ],
              [
                10.1521179,
                53.5438148
              ],
              [
                10.151538,
                53.544814
              ],
              [
                10.1484384,
                53.5459771
              ],
              [
                10.1501924,
                53.548726
              ],
              [
                10.1556299,
                53.5523593
              ],
              [
                10.1562251,
                53.5523235
              ],
              [
                10.1564931,
                53.552501
              ],
              [
                10.1567655,
                53.5529076
              ],
              [
                10.1566808,
                53.5533151
              ],
              [
                10.1568002,
                53.5535146
              ],
              [
                10.1569384,
                53.5536396
              ],
              [
                10.157352,
                53.55401
              ],
              [
                10.1579363,
                53.5541681
              ],
              [
                10.1582543,
                53.5543735
              ],
              [
                10.1588336,
                53.5545712
              ],
              [
                10.1593159,
                53.5548683
              ],
              [
                10.1594609,
                53.5552188
              ],
              [
                10.159551,
                53.5553864
              ],
              [
                10.159605,
                53.5554664
              ],
              [
                10.1597795,
                53.5556774
              ],
              [
                10.1597115,
                53.5560685
              ],
              [
                10.1598852,
                53.5563691
              ],
              [
                10.1599536,
                53.5568242
              ],
              [
                10.1600866,
                53.5571262
              ],
              [
                10.1602748,
                53.5574176
              ],
              [
                10.1602708,
                53.5576371
              ],
              [
                10.1602127,
                53.5584721
              ],
              [
                10.160126,
                53.5585227
              ],
              [
                10.1600538,
                53.558652
              ],
              [
                10.1599029,
                53.558873
              ],
              [
                10.1598272,
                53.5590791
              ],
              [
                10.1595809,
                53.559335
              ],
              [
                10.15924,
                53.5598894
              ],
              [
                10.1587289,
                53.5602709
              ],
              [
                10.1604869,
                53.5609663
              ],
              [
                10.1590524,
                53.561121
              ],
              [
                10.1581663,
                53.561287
              ],
              [
                10.157884,
                53.5613551
              ],
              [
                10.1565876,
                53.5616878
              ],
              [
                10.1551614,
                53.5621171
              ],
              [
                10.1549503,
                53.5620946
              ],
              [
                10.1540453,
                53.5623759
              ],
              [
                10.1540098,
                53.5624534
              ],
              [
                10.1527484,
                53.5628136
              ],
              [
                10.1526498,
                53.5627568
              ],
              [
                10.1522466,
                53.5628541
              ],
              [
                10.1523135,
                53.562925
              ],
              [
                10.1480258,
                53.5640097
              ],
              [
                10.1477511,
                53.5642493
              ],
              [
                10.1477125,
                53.5643859
              ],
              [
                10.1427127,
                53.5655364
              ],
              [
                10.1427378,
                53.5656255
              ],
              [
                10.14243,
                53.5656772
              ],
              [
                10.1423465,
                53.5656157
              ],
              [
                10.1396586,
                53.5662694
              ],
              [
                10.139511,
                53.5663601
              ],
              [
                10.1392985,
                53.5663419
              ],
              [
                10.1366539,
                53.5668123
              ],
              [
                10.1353186,
                53.5669697
              ],
              [
                10.1340509,
                53.5670779
              ],
              [
                10.1340623,
                53.5671618
              ],
              [
                10.1333818,
                53.5672223
              ],
              [
                10.133371,
                53.5671602
              ],
              [
                10.1325026,
                53.5672305
              ],
              [
                10.1300159,
                53.5673535
              ],
              [
                10.1281512,
                53.5673577
              ],
              [
                10.1250037,
                53.5672116
              ],
              [
                10.1224758,
                53.5669815
              ],
              [
                10.1217196,
                53.5668838
              ],
              [
                10.1146605,
                53.5661695
              ],
              [
                10.1074876,
                53.565535
              ],
              [
                10.1051776,
                53.5652999
              ],
              [
                10.1039444,
                53.5651479
              ],
              [
                10.1004926,
                53.5646544
              ],
              [
                10.0984814,
                53.5643641
              ],
              [
                10.0947212,
                53.5638685
              ],
              [
                10.0946621,
                53.5639327
              ],
              [
                10.0944682,
                53.5639069
              ],
              [
                10.0944271,
                53.563839
              ],
              [
                10.0891347,
                53.5633312
              ],
              [
                10.0871758,
                53.5631359
              ],
              [
                10.0870697,
                53.5632742
              ],
              [
                10.086828,
                53.5632199
              ],
              [
                10.0869134,
                53.5631219
              ],
              [
                10.0838279,
                53.5628446
              ],
              [
                10.0807951,
                53.562581
              ],
              [
                10.0794789,
                53.5624393
              ],
              [
                10.0785006,
                53.562283
              ],
              [
                10.0756428,
                53.5618076
              ],
              [
                10.0755411,
                53.5619821
              ],
              [
                10.0732505,
                53.5617149
              ],
              [
                10.0732627,
                53.5616504
              ],
              [
                10.0731645,
                53.5616293
              ],
              [
                10.0732198,
                53.56148
              ],
              [
                10.0728001,
                53.5613411
              ],
              [
                10.0728463,
                53.5612716
              ],
              [
                10.0710256,
                53.5605081
              ],
              [
                10.0705531,
                53.5600916
              ],
              [
                10.0697057,
                53.5600529
              ],
              [
                10.0697513,
                53.5598529
              ],
              [
                10.0698294,
                53.5598222
              ],
              [
                10.0697958,
                53.5597995
              ],
              [
                10.069376,
                53.5596952
              ],
              [
                10.0691272,
                53.5595695
              ],
              [
                10.0690532,
                53.559552
              ],
              [
                10.0685909,
                53.5595844
              ],
              [
                10.0685466,
                53.5595423
              ],
              [
                10.0673787,
                53.5597301
              ],
              [
                10.0661032,
                53.559881
              ],
              [
                10.0646361,
                53.5622805
              ],
              [
                10.0622369,
                53.5661079
              ],
              [
                10.0605778,
                53.5656795
              ],
              [
                10.060582,
                53.5656239
              ],
              [
                10.0576464,
                53.5649012
              ],
              [
                10.0575826,
                53.5649341
              ],
              [
                10.0572486,
                53.5648482
              ],
              [
                10.0572202,
                53.5647994
              ],
              [
                10.0540757,
                53.5640207
              ],
              [
                10.0533387,
                53.5638852
              ],
              [
                10.0522305,
                53.5637287
              ],
              [
                10.0514584,
                53.5636408
              ],
              [
                10.0509676,
                53.5636269
              ],
              [
                10.0487603,
                53.5634796
              ],
              [
                10.0471237,
                53.5634071
              ],
              [
                10.0460938,
                53.5633071
              ],
              [
                10.0448978,
                53.5631503
              ],
              [
                10.0440316,
                53.5629827
              ],
              [
                10.0424212,
                53.5626254
              ],
              [
                10.0413762,
                53.5623521
              ],
              [
                10.0403864,
                53.5619726
              ],
              [
                10.0392385,
                53.56153
              ],
              [
                10.0380169,
                53.5610142
              ],
              [
                10.0377683,
                53.5608787
              ],
              [
                10.0376053,
                53.5608608
              ],
              [
                10.0374457,
                53.5608098
              ],
              [
                10.0374994,
                53.5607621
              ],
              [
                10.0370416,
                53.5605949
              ],
              [
                10.0370099,
                53.5606279
              ],
              [
                10.0360551,
                53.5602756
              ],
              [
                10.0350876,
                53.5598177
              ],
              [
                10.0318833,
                53.5585075
              ],
              [
                10.0312426,
                53.5583099
              ],
              [
                10.029934,
                53.5577204
              ],
              [
                10.0288039,
                53.5572737
              ],
              [
                10.0280429,
                53.5569105
              ],
              [
                10.0274351,
                53.5565222
              ],
              [
                10.0272057,
                53.5564526
              ],
              [
                10.0270453,
                53.5564618
              ],
              [
                10.0267019,
                53.5566807
              ],
              [
                10.0263561,
                53.5563894
              ],
              [
                10.0262258,
                53.5564028
              ],
              [
                10.0260195,
                53.556489
              ],
              [
                10.0260062,
                53.5565305
              ],
              [
                10.0259853,
                53.5566465
              ],
              [
                10.0255465,
                53.5569262
              ],
              [
                10.024783,
                53.5574219
              ],
              [
                10.0235545,
                53.5581109
              ],
              [
                10.0224597,
                53.5585452
              ],
              [
                10.0212301,
                53.5593414
              ],
              [
                10.0182682,
                53.5608681
              ],
              [
                10.0172181,
                53.5610685
              ],
              [
                10.017063,
                53.5611095
              ],
              [
                10.0169138,
                53.5611652
              ],
              [
                10.0166958,
                53.5613056
              ],
              [
                10.016496,
                53.5614718
              ],
              [
                10.0163626,
                53.5615683
              ],
              [
                10.0163055,
                53.5615866
              ],
              [
                10.0161512,
                53.5615914
              ],
              [
                10.0158424,
                53.561398
              ],
              [
                10.0154482,
                53.5615916
              ],
              [
                10.0146728,
                53.5619792
              ],
              [
                10.0082327,
                53.5652488
              ],
              [
                9.9980607,
                53.5578436
              ],
              [
                9.9974811,
                53.5571285
              ],
              [
                9.9973681,
                53.5569902
              ],
              [
                9.9950667,
                53.557564
              ],
              [
                9.9943988,
                53.5577191
              ],
              [
                9.9936025,
                53.5580031
              ],
              [
                9.9936099,
                53.5581145
              ],
              [
                9.9933452,
                53.5582409
              ],
              [
                9.993094,
                53.5582485
              ],
              [
                9.9920778,
                53.5587355
              ],
              [
                9.9920161,
                53.5587755
              ],
              [
                9.9920322,
                53.5588752
              ],
              [
                9.9916152,
                53.5591037
              ],
              [
                9.9913415,
                53.5591892
              ],
              [
                9.9910113,
                53.5594035
              ],
              [
                9.9904773,
                53.559781
              ],
              [
                9.9904474,
                53.5599346
              ],
              [
                9.9902942,
                53.5600495
              ],
              [
                9.9895306,
                53.5606393
              ],
              [
                9.9894729,
                53.560617
              ],
              [
                9.9891779,
                53.5608441
              ],
              [
                9.9892363,
                53.5608705
              ],
              [
                9.9888521,
                53.5611565
              ],
              [
                9.9887434,
                53.5611519
              ],
              [
                9.9886904,
                53.5611886
              ],
              [
                9.9882763,
                53.5614705
              ],
              [
                9.9882589,
                53.5615816
              ],
              [
                9.9881827,
                53.5616344
              ],
              [
                9.9880844,
                53.56164
              ],
              [
                9.9872538,
                53.5621701
              ],
              [
                9.9862605,
                53.5627319
              ],
              [
                9.9851238,
                53.5633606
              ],
              [
                9.985032,
                53.5633899
              ],
              [
                9.9845507,
                53.5635543
              ],
              [
                9.9838506,
                53.5637151
              ],
              [
                9.9831654,
                53.5638046
              ],
              [
                9.9826746,
                53.5637833
              ],
              [
                9.9767688,
                53.5637765
              ],
              [
                9.9755779,
                53.5637901
              ],
              [
                9.9715962,
                53.5637037
              ],
              [
                9.9716307,
                53.5632184
              ],
              [
                9.9705919,
                53.5632028
              ],
              [
                9.9705741,
                53.5632019
              ],
              [
                9.9705636,
                53.5633714
              ],
              [
                9.970687,
                53.5633956
              ],
              [
                9.9706605,
                53.5635419
              ],
              [
                9.9695599,
                53.5635014
              ],
              [
                9.9692311,
                53.5634893
              ],
              [
                9.9657335,
                53.5633693
              ],
              [
                9.9656534,
                53.5633665
              ],
              [
                9.9656843,
                53.5630588
              ],
              [
                9.9659421,
                53.5625481
              ],
              [
                9.9661766,
                53.5624591
              ],
              [
                9.9681862,
                53.5624965
              ],
              [
                9.9681757,
                53.5622886
              ],
              [
                9.9681298,
                53.5622421
              ],
              [
                9.9675761,
                53.5612197
              ],
              [
                9.9682459,
                53.561095
              ],
              [
                9.9677801,
                53.5603075
              ],
              [
                9.9673267,
                53.5603919
              ],
              [
                9.9671924,
                53.5601123
              ],
              [
                9.9670282,
                53.5601163
              ],
              [
                9.967327,
                53.55764
              ],
              [
                9.9676633,
                53.5574731
              ],
              [
                9.9676687,
                53.5573656
              ],
              [
                9.9673781,
                53.5573553
              ],
              [
                9.9646335,
                53.5570762
              ],
              [
                9.9646218,
                53.5572106
              ],
              [
                9.9644238,
                53.5572055
              ],
              [
                9.9643477,
                53.5572539
              ],
              [
                9.9641146,
                53.5578082
              ],
              [
                9.9637529,
                53.558359
              ],
              [
                9.9615672,
                53.5594713
              ],
              [
                9.9608656,
                53.5598741
              ],
              [
                9.9599233,
                53.5602374
              ],
              [
                9.959878,
                53.5602173
              ],
              [
                9.9598091,
                53.5601319
              ],
              [
                9.9596878,
                53.5599439
              ],
              [
                9.9584188,
                53.5569081
              ],
              [
                9.957794,
                53.5554354
              ],
              [
                9.9571975,
                53.5540549
              ],
              [
                9.9569992,
                53.5536008
              ],
              [
                9.9569312,
                53.553401
              ],
              [
                9.956868,
                53.5531803
              ],
              [
                9.9568592,
                53.5531497
              ],
              [
                9.9569183,
                53.5531368
              ],
              [
                9.9568161,
                53.5528747
              ],
              [
                9.9562907,
                53.5517928
              ],
              [
                9.9561833,
                53.5514089
              ],
              [
                9.9561372,
                53.5512757
              ],
              [
                9.9561186,
                53.5510968
              ],
              [
                9.9561113,
                53.5510672
              ],
              [
                9.9560566,
                53.5506103
              ],
              [
                9.956044,
                53.5504854
              ],
              [
                9.9559216,
                53.5499025
              ],
              [
                9.9558288,
                53.5495412
              ],
              [
                9.9556681,
                53.5495411
              ],
              [
                9.9556213,
                53.5495182
              ],
              [
                9.9555706,
                53.5493877
              ],
              [
                9.9552464,
                53.5490385
              ],
              [
                9.9550482,
                53.5486964
              ],
              [
                9.9551135,
                53.5486137
              ],
              [
                9.9549651,
                53.5485107
              ],
              [
                9.9550729,
                53.5484653
              ],
              [
                9.9559829,
                53.548082
              ],
              [
                9.9560014,
                53.5480773
              ],
              [
                9.9571242,
                53.5477949
              ],
              [
                9.9571188,
                53.5477749
              ],
              [
                9.9566838,
                53.5475716
              ],
              [
                9.956909,
                53.5474123
              ],
              [
                9.957261,
                53.5474191
              ],
              [
                9.9573988,
                53.5466811
              ],
              [
                9.9574638,
                53.5463892
              ],
              [
                9.9578965,
                53.5463894
              ],
              [
                9.9578911,
                53.5461399
              ],
              [
                9.9579644,
                53.5461588
              ],
              [
                9.9582518,
                53.5462446
              ],
              [
                9.9584949,
                53.5462866
              ],
              [
                9.9588589,
                53.5463068
              ],
              [
                9.9595343,
                53.546336
              ],
              [
                9.9595426,
                53.546391
              ],
              [
                9.9601201,
                53.5463678
              ],
              [
                9.9601181,
                53.546344
              ],
              [
                9.9602617,
                53.5442448
              ],
              [
                9.9586888,
                53.5440739
              ],
              [
                9.9574951,
                53.5438867
              ],
              [
                9.9545109,
                53.5433199
              ],
              [
                9.9544147,
                53.5434633
              ],
              [
                9.9517238,
                53.5429343
              ],
              [
                9.9506838,
                53.5427298
              ],
              [
                9.9462852,
                53.5424852
              ],
              [
                9.9446425,
                53.5423777
              ],
              [
                9.9432811,
                53.5423692
              ],
              [
                9.9412533,
                53.5423016
              ],
              [
                9.9357479,
                53.5420852
              ],
              [
                9.9298607,
                53.5418574
              ],
              [
                9.9277069,
                53.5417787
              ],
              [
                9.9216382,
                53.5415333
              ],
              [
                9.9131013,
                53.5415406
              ],
              [
                9.893968,
                53.5417364
              ],
              [
                9.8877715,
                53.5419022
              ],
              [
                9.8826429,
                53.5421175
              ],
              [
                9.871155,
                53.5434302
              ],
              [
                9.8642564,
                53.5442254
              ],
              [
                9.8513044,
                53.5459366
              ],
              [
                9.8405653,
                53.5474533
              ],
              [
                9.8324455,
                53.5487857
              ],
              [
                9.8210982,
                53.5506905
              ],
              [
                9.8204171,
                53.5508
              ],
              [
                9.8184359,
                53.5511347
              ],
              [
                9.8034077,
                53.5536164
              ],
              [
                9.7978143,
                53.554552
              ],
              [
                9.7939357,
                53.5550334
              ],
              [
                9.7775981,
                53.5571351
              ],
              [
                9.7743919,
                53.5543254
              ],
              [
                9.7736614,
                53.5503892
              ],
              [
                9.7735914,
                53.5500572
              ],
              [
                9.7731055,
                53.5477835
              ],
              [
                9.7725386,
                53.5446408
              ],
              [
                9.7723167,
                53.543523
              ]
            ]
          ]
        ]
      }
    },
    {
      "type": "Feature",
      "properties": {
        "name": "Hamburg-Nord",
        "slug": "hamburg-nord",
        "osm_relation": 30352,
        "in": {
          "en": "in Hamburg-Nord",
          "de": "in Hamburg-Nord"
        }
      },
      "geometry": {
        "type": "Polygon",
        "coordinates": [
          [
            [
              9.9563289,
              53.6158419
            ],
            [
              9.9567302,
              53.6145178
            ],
            [
              9.956741,
              53.6145163
            ],
            [
              9.9573983,
              53.6145078
            ],
            [
              9.959475,
              53.6143697
            ],
            [
              9.9601818,
              53.6145275
            ],
            [
              9.9609472,
              53.6150674
            ],
            [
              9.9636383,
              53.6161185
            ],
            [
              9.9637843,
              53.6160806
            ],
            [
              9.9645891,
              53.6158415
            ],
            [
              9.9655017,
              53.6158281
            ],
            [
              9.9658858,
              53.6158806
            ],
            [
              9.9675305,
              53.6167
            ],
            [
              9.9676355,
              53.6168398
            ],
            [
              9.9676983,
              53.6169192
            ],
            [
              9.9679065,
              53.6170333
            ],
            [
              9.9680207,
              53.6170441
            ],
            [
              9.9678288,
              53.6164148
            ],
            [
              9.9675038,
              53.6152583
            ],
            [
              9.967203,
              53.6142755
            ],
            [
              9.9672524,
              53.6142147
            ],
            [
              9.9672595,
              53.6139896
            ],
            [
              9.9673561,
              53.6126632
            ],
            [
              9.9652703,
              53.6101624
            ],
            [
              9.965337,
              53.6097343
            ],
            [
              9.9646798,
              53.608571
            ],
            [
              9.9649596,
              53.6076255
            ],
            [
              9.9648693,
              53.6076202
            ],
            [
              9.9652524,
              53.6064851
            ],
            [
              9.9653742,
              53.6060788
            ],
            [
              9.9661366,
              53.6056438
            ],
            [
              9.9666348,
              53.6053462
            ],
            [
              9.9663822,
              53.6051256
            ],
            [
              9.9663056,
              53.6049882
            ],
            [
              9.9662921,
              53.6049655
            ],
            [
              9.9662286,
              53.6046248
            ],
            [
              9.9661987,
              53.6044248
            ],
            [
              9.9661882,
              53.6043295
            ],
            [
              9.966407,
              53.6042614
            ],
            [
              9.966407,
              53.6041358
            ],
            [
              9.9684846,
              53.6034872
            ],
            [
              9.9700671,
              53.6030651
            ],
            [
              9.9717718,
              53.6027588
            ],
            [
              9.9717915,
              53.6019034
            ],
            [
              9.9719016,
              53.6018639
            ],
            [
              9.971824,
              53.5987244
            ],
            [
              9.9719228,
              53.5986706
            ],
            [
              9.9732431,
              53.5985054
            ],
            [
              9.9745973,
              53.5983443
            ],
            [
              9.9745055,
              53.5981747
            ],
            [
              9.9742098,
              53.5943312
            ],
            [
              9.9743764,
              53.5943555
            ],
            [
              9.9744705,
              53.5942448
            ],
            [
              9.9717894,
              53.5938459
            ],
            [
              9.9699849,
              53.5937595
            ],
            [
              9.9699864,
              53.5937079
            ],
            [
              9.9708922,
              53.5927491
            ],
            [
              9.9713516,
              53.5921256
            ],
            [
              9.9715877,
              53.5917716
            ],
            [
              9.9715889,
              53.5915674
            ],
            [
              9.9714252,
              53.5913591
            ],
            [
              9.9711551,
              53.5912278
            ],
            [
              9.9709228,
              53.5911648
            ],
            [
              9.9704363,
              53.5911239
            ],
            [
              9.9676637,
              53.5908621
            ],
            [
              9.9682667,
              53.5883472
            ],
            [
              9.9685562,
              53.5868831
            ],
            [
              9.968658,
              53.5867795
            ],
            [
              9.9687305,
              53.5865574
            ],
            [
              9.9686933,
              53.5865132
            ],
            [
              9.9687937,
              53.5862418
            ],
            [
              9.9689309,
              53.5859579
            ],
            [
              9.9689881,
              53.5859673
            ],
            [
              9.9690788,
              53.5856112
            ],
            [
              9.9693003,
              53.5851379
            ],
            [
              9.9693635,
              53.5851438
            ],
            [
              9.9695551,
              53.5845513
            ],
            [
              9.9696028,
              53.5844581
            ],
            [
              9.9699367,
              53.5840181
            ],
            [
              9.9710114,
              53.5830319
            ],
            [
              9.9720196,
              53.5821284
            ],
            [
              9.9724403,
              53.5818479
            ],
            [
              9.9728543,
              53.5814825
            ],
            [
              9.9730625,
              53.5812986
            ],
            [
              9.973533,
              53.5808833
            ],
            [
              9.9753699,
              53.5792871
            ],
            [
              9.9755534,
              53.5791205
            ],
            [
              9.9756587,
              53.5791441
            ],
            [
              9.9759662,
              53.5785701
            ],
            [
              9.9762615,
              53.5787406
            ],
            [
              9.9781393,
              53.5800447
            ],
            [
              9.9786635,
              53.5804019
            ],
            [
              9.9792975,
              53.5808244
            ],
            [
              9.9794327,
              53.5809115
            ],
            [
              9.9796209,
              53.5810306
            ],
            [
              9.9796399,
              53.5810426
            ],
            [
              9.9799153,
              53.5812162
            ],
            [
              9.9799761,
              53.5812536
            ],
            [
              9.9800137,
              53.5812801
            ],
            [
              9.9803228,
              53.581486
            ],
            [
              9.9804643,
              53.5815757
            ],
            [
              9.9806065,
              53.5816658
            ],
            [
              9.9807521,
              53.5817602
            ],
            [
              9.9810592,
              53.5819522
            ],
            [
              9.9812105,
              53.5820453
            ],
            [
              9.9813597,
              53.5821372
            ],
            [
              9.9815517,
              53.5822563
            ],
            [
              9.9817428,
              53.582374
            ],
            [
              9.9821382,
              53.5826181
            ],
            [
              9.9824889,
              53.5828258
            ],
            [
              9.9824952,
              53.5828245
            ],
            [
              9.9825243,
              53.5828466
            ],
            [
              9.9828571,
              53.5830462
            ],
            [
              9.9830084,
              53.5831411
            ],
            [
              9.9831566,
              53.5832282
            ],
            [
              9.9834585,
              53.5834122
            ],
            [
              9.9835757,
              53.5834771
            ],
            [
              9.9836415,
              53.5835141
            ],
            [
              9.983838,
              53.5836274
            ],
            [
              9.9839756,
              53.5837132
            ],
            [
              9.9841008,
              53.5837898
            ],
            [
              9.9844966,
              53.5839855
            ],
            [
              9.9848609,
              53.5841511
            ],
            [
              9.9849658,
              53.584191
            ],
            [
              9.9852228,
              53.5842839
            ],
            [
              9.985541,
              53.5843897
            ],
            [
              9.9858792,
              53.5844891
            ],
            [
              9.9864793,
              53.5846222
            ],
            [
              9.9864917,
              53.5846348
            ],
            [
              9.9865662,
              53.5846539
            ],
            [
              9.9868274,
              53.5846923
            ],
            [
              9.9880036,
              53.5848967
            ],
            [
              9.9880979,
              53.5849354
            ],
            [
              9.9881331,
              53.584963
            ],
            [
              9.9884008,
              53.5850104
            ],
            [
              9.9884468,
              53.585019
            ],
            [
              9.9885672,
              53.5850089
            ],
            [
              9.9886979,
              53.5850207
            ],
            [
              9.9887594,
              53.5850757
            ],
            [
              9.9888352,
              53.5850821
            ],
            [
              9.9888804,
              53.5851078
            ],
            [
              9.9893807,
              53.5851486
            ],
            [
              9.9895298,
              53.5851544
            ],
            [
              9.9896007,
              53.5852181
            ],
            [
              9.9902995,
              53.5852536
            ],
            [
              9.9915393,
              53.5852299
            ],
            [
              9.9921574,
              53.5851956
            ],
            [
              9.9932178,
              53.5850346
            ],
            [
              9.9933588,
              53.5850138
            ],
            [
              9.9936096,
              53.584945
            ],
            [
              9.9936899,
              53.5848592
            ],
            [
              9.9937478,
              53.5847714
            ],
            [
              9.9938306,
              53.5847259
            ],
            [
              9.9948464,
              53.5843997
            ],
            [
              9.9949755,
              53.5843759
            ],
            [
              9.9951328,
              53.5843807
            ],
            [
              9.9952745,
              53.5841108
            ],
            [
              9.9954743,
              53.5840355
            ],
            [
              9.9955132,
              53.5827056
            ],
            [
              9.9960369,
              53.5820252
            ],
            [
              9.9972244,
              53.5813242
            ],
            [
              9.9982271,
              53.5805865
            ],
            [
              9.9989277,
              53.5800704
            ],
            [
              9.9995774,
              53.5794774
            ],
            [
              10.0021325,
              53.5769622
            ],
            [
              10.0038075,
              53.575329
            ],
            [
              10.0041349,
              53.5745536
            ],
            [
              10.0045192,
              53.5737103
            ],
            [
              10.0051857,
              53.5721608
            ],
            [
              10.0056222,
              53.5711609
            ],
            [
              10.0060748,
              53.5701354
            ],
            [
              10.0082327,
              53.5652488
            ],
            [
              10.0146728,
              53.5619792
            ],
            [
              10.0154482,
              53.5615916
            ],
            [
              10.0158424,
              53.561398
            ],
            [
              10.0161512,
              53.5615914
            ],
            [
              10.0163055,
              53.5615866
            ],
            [
              10.0163626,
              53.5615683
            ],
            [
              10.016496,
              53.5614718
            ],
            [
              10.0166958,
              53.5613056
            ],
            [
              10.0169138,
              53.5611652
            ],
            [
              10.017063,
              53.5611095
            ],
            [
              10.0172181,
              53.5610685
            ],
            [
              10.0182682,
              53.5608681
            ],
            [
              10.0212301,
              53.5593414
            ],
            [
              10.0224597,
              53.5585452
            ],
            [
              10.0235545,
              53.5581109
            ],
            [
              10.024783,
              53.5574219
            ],
            [
              10.0255465,
              53.5569262
            ],
            [
              10.0259853,
              53.5566465
            ],
            [
              10.0260062,
              53.5565305
            ],
            [
              10.0260195,
              53.556489
            ],
            [
              10.0262258,
              53.5564028
            ],
            [
              10.0263561,
              53.5563894
            ],
            [
              10.0267019,
              53.5566807
            ],
            [
              10.0270453,
              53.5564618
            ],
            [
              10.0272057,
              53.5564526
            ],
            [
              10.0274351,
              53.5565222
            ],
            [
              10.0280429,
              53.5569105
            ],
            [
              10.0288039,
              53.5572737
            ],
            [
              10.029934,
              53.5577204
            ],
            [
              10.0312426,
              53.5583099
            ],
            [
              10.0318833,
              53.5585075
            ],
            [
              10.0350876,
              53.5598177
            ],
            [
              10.0360551,
              53.5602756
            ],
            [
              10.0370099,
              53.5606279
            ],
            [
              10.0370416,
              53.5605949
            ],
            [
              10.0374994,
              53.5607621
            ],
            [
              10.0374457,
              53.5608098
            ],
            [
              10.0376053,
              53.5608608
            ],
            [
              10.037771,
              53.5609281
            ],
            [
              10.0375662,
              53.5611586
            ],
            [
              10.0372587,
              53.561527
            ],
            [
              10.0369758,
              53.561818
            ],
            [
              10.0359358,
              53.5630084
            ],
            [
              10.0351728,
              53.5637153
            ],
            [
              10.0347224,
              53.5641357
            ],
            [
              10.034494,
              53.5643639
            ],
            [
              10.0342138,
              53.5646458
            ],
            [
              10.0341755,
              53.5646283
            ],
            [
              10.0318304,
              53.5665697
            ],
            [
              10.0377111,
              53.5696146
            ],
            [
              10.0377418,
              53.5695903
            ],
            [
              10.0378378,
              53.5696406
            ],
            [
              10.039029,
              53.5702603
            ],
            [
              10.0399043,
              53.5706363
            ],
            [
              10.0406488,
              53.5709099
            ],
            [
              10.0449782,
              53.5720732
            ],
            [
              10.0468083,
              53.572605
            ],
            [
              10.0491602,
              53.5733427
            ],
            [
              10.0493388,
              53.5733237
            ],
            [
              10.0494815,
              53.5731695
            ],
            [
              10.0495773,
              53.5731345
            ],
            [
              10.0499362,
              53.5732224
            ],
            [
              10.0500894,
              53.5730395
            ],
            [
              10.0557576,
              53.574708
            ],
            [
              10.0560902,
              53.5748934
            ],
            [
              10.056286,
              53.5750305
            ],
            [
              10.0564389,
              53.5751693
            ],
            [
              10.0565785,
              53.5753394
            ],
            [
              10.0566682,
              53.5755037
            ],
            [
              10.0566934,
              53.5757732
            ],
            [
              10.0567216,
              53.575829
            ],
            [
              10.0567831,
              53.5758746
            ],
            [
              10.0567949,
              53.5758973
            ],
            [
              10.057332,
              53.5759749
            ],
            [
              10.0576754,
              53.5760196
            ],
            [
              10.0576944,
              53.5760249
            ],
            [
              10.0577082,
              53.5760357
            ],
            [
              10.0577077,
              53.5760507
            ],
            [
              10.0577072,
              53.5760648
            ],
            [
              10.0578009,
              53.5760674
            ],
            [
              10.0578272,
              53.5760748
            ],
            [
              10.0578382,
              53.576075
            ],
            [
              10.0579543,
              53.5759743
            ],
            [
              10.0581148,
              53.5758428
            ],
            [
              10.0587742,
              53.5759062
            ],
            [
              10.05958,
              53.5762264
            ],
            [
              10.0596826,
              53.5762943
            ],
            [
              10.0597872,
              53.5763388
            ],
            [
              10.0626794,
              53.5777613
            ],
            [
              10.0629634,
              53.5778813
            ],
            [
              10.0643194,
              53.5785378
            ],
            [
              10.0642084,
              53.5786459
            ],
            [
              10.0650705,
              53.5791586
            ],
            [
              10.066318,
              53.5799666
            ],
            [
              10.0668946,
              53.5800263
            ],
            [
              10.0668268,
              53.5802724
            ],
            [
              10.0668753,
              53.5803319
            ],
            [
              10.0674508,
              53.5805167
            ],
            [
              10.0689831,
              53.5808176
            ],
            [
              10.0710527,
              53.5826461
            ],
            [
              10.0711808,
              53.5827346
            ],
            [
              10.071317,
              53.5828098
            ],
            [
              10.0715018,
              53.5828938
            ],
            [
              10.0719701,
              53.58303
            ],
            [
              10.0721833,
              53.5835642
            ],
            [
              10.0725673,
              53.5840341
            ],
            [
              10.0735579,
              53.5854903
            ],
            [
              10.0745075,
              53.5869116
            ],
            [
              10.074916,
              53.5878019
            ],
            [
              10.0751865,
              53.5885283
            ],
            [
              10.0752485,
              53.5885839
            ],
            [
              10.0753631,
              53.5889521
            ],
            [
              10.0755084,
              53.5890542
            ],
            [
              10.0753157,
              53.5892952
            ],
            [
              10.0747868,
              53.5891645
            ],
            [
              10.0746554,
              53.5891878
            ],
            [
              10.0744042,
              53.5895387
            ],
            [
              10.0693914,
              53.5897764
            ],
            [
              10.0694627,
              53.5898306
            ],
            [
              10.0696065,
              53.5907931
            ],
            [
              10.0695473,
              53.5909313
            ],
            [
              10.0694774,
              53.5910179
            ],
            [
              10.0698247,
              53.5911378
            ],
            [
              10.0700171,
              53.5913354
            ],
            [
              10.0700204,
              53.5915353
            ],
            [
              10.0700159,
              53.5919627
            ],
            [
              10.0688712,
              53.5920226
            ],
            [
              10.0678117,
              53.5921785
            ],
            [
              10.0677116,
              53.5922445
            ],
            [
              10.0675254,
              53.592317
            ],
            [
              10.0664821,
              53.5924451
            ],
            [
              10.0656774,
              53.5925958
            ],
            [
              10.0619138,
              53.5932905
            ],
            [
              10.0603629,
              53.5933792
            ],
            [
              10.0592946,
              53.5934285
            ],
            [
              10.0589947,
              53.5935083
            ],
            [
              10.0581464,
              53.5937316
            ],
            [
              10.0578336,
              53.5941773
            ],
            [
              10.0572495,
              53.5945757
            ],
            [
              10.0571508,
              53.5946453
            ],
            [
              10.0569899,
              53.595029
            ],
            [
              10.0569107,
              53.5951476
            ],
            [
              10.0567764,
              53.5952209
            ],
            [
              10.0566451,
              53.5952674
            ],
            [
              10.0563692,
              53.5952662
            ],
            [
              10.0562652,
              53.5954029
            ],
            [
              10.0557664,
              53.5961985
            ],
            [
              10.055567,
              53.5965249
            ],
            [
              10.0557729,
              53.5966571
            ],
            [
              10.0557712,
              53.5968781
            ],
            [
              10.0556341,
              53.5974447
            ],
            [
              10.0557433,
              53.5979855
            ],
            [
              10.055748,
              53.5982568
            ],
            [
              10.0556571,
              53.5984556
            ],
            [
              10.0554545,
              53.5986722
            ],
            [
              10.054869,
              53.5993064
            ],
            [
              10.0547927,
              53.5994789
            ],
            [
              10.0547826,
              53.5996304
            ],
            [
              10.0548005,
              53.5997942
            ],
            [
              10.0548599,
              53.5999596
            ],
            [
              10.0552621,
              53.6005102
            ],
            [
              10.0557008,
              53.6007271
            ],
            [
              10.055881,
              53.6008397
            ],
            [
              10.056039,
              53.6009278
            ],
            [
              10.0562401,
              53.6011719
            ],
            [
              10.0563052,
              53.6013933
            ],
            [
              10.0558372,
              53.6013656
            ],
            [
              10.0554971,
              53.6014133
            ],
            [
              10.0513587,
              53.6028122
            ],
            [
              10.0512599,
              53.6027835
            ],
            [
              10.0509506,
              53.6025444
            ],
            [
              10.0481137,
              53.6035867
            ],
            [
              10.0477806,
              53.6037549
            ],
            [
              10.0475268,
              53.6038663
            ],
            [
              10.0470999,
              53.6041429
            ],
            [
              10.0436688,
              53.6069065
            ],
            [
              10.0433522,
              53.6069177
            ],
            [
              10.0432877,
              53.6072236
            ],
            [
              10.0431609,
              53.6078363
            ],
            [
              10.0438434,
              53.6078753
            ],
            [
              10.0441964,
              53.6079528
            ],
            [
              10.0442575,
              53.6080485
            ],
            [
              10.044092,
              53.6094203
            ],
            [
              10.0440334,
              53.6099195
            ],
            [
              10.0439762,
              53.6107154
            ],
            [
              10.0438889,
              53.6112875
            ],
            [
              10.0436967,
              53.6117303
            ],
            [
              10.0438998,
              53.6119555
            ],
            [
              10.0440458,
              53.6120719
            ],
            [
              10.04549,
              53.6132664
            ],
            [
              10.0476816,
              53.616116
            ],
            [
              10.0480893,
              53.6166461
            ],
            [
              10.0489697,
              53.6178367
            ],
            [
              10.0497427,
              53.6190167
            ],
            [
              10.0547018,
              53.6173182
            ],
            [
              10.0550684,
              53.617261
            ],
            [
              10.0562649,
              53.617069
            ],
            [
              10.0566875,
              53.6177991
            ],
            [
              10.0571954,
              53.6183773
            ],
            [
              10.0573474,
              53.6185445
            ],
            [
              10.0586631,
              53.6194665
            ],
            [
              10.05903,
              53.6196758
            ],
            [
              10.060382,
              53.6201716
            ],
            [
              10.0613234,
              53.6204059
            ],
            [
              10.0617916,
              53.6204815
            ],
            [
              10.0625553,
              53.6205409
            ],
            [
              10.0632257,
              53.6205352
            ],
            [
              10.0638913,
              53.6204933
            ],
            [
              10.0647984,
              53.6203456
            ],
            [
              10.0656997,
              53.6202939
            ],
            [
              10.0664285,
              53.6200719
            ],
            [
              10.067486,
              53.6197492
            ],
            [
              10.0677678,
              53.6197352
            ],
            [
              10.0688942,
              53.6198037
            ],
            [
              10.0691619,
              53.6198035
            ],
            [
              10.069375,
              53.6197674
            ],
            [
              10.0703768,
              53.6193895
            ],
            [
              10.071126,
              53.6193356
            ],
            [
              10.0715465,
              53.6192944
            ],
            [
              10.0724256,
              53.6190051
            ],
            [
              10.0731694,
              53.6192979
            ],
            [
              10.0741078,
              53.6189758
            ],
            [
              10.0742537,
              53.6189668
            ],
            [
              10.0754029,
              53.6195804
            ],
            [
              10.0753529,
              53.6196611
            ],
            [
              10.0765103,
              53.6202771
            ],
            [
              10.0771486,
              53.6201601
            ],
            [
              10.0776161,
              53.6210941
            ],
            [
              10.0773193,
              53.6211469
            ],
            [
              10.077795,
              53.6220675
            ],
            [
              10.0791463,
              53.6218224
            ],
            [
              10.0800394,
              53.6229056
            ],
            [
              10.0801625,
              53.6232663
            ],
            [
              10.0801239,
              53.6235858
            ],
            [
              10.0803929,
              53.6236245
            ],
            [
              10.0805915,
              53.6240316
            ],
            [
              10.0806525,
              53.6243444
            ],
            [
              10.0810695,
              53.6247606
            ],
            [
              10.0814125,
              53.6248099
            ],
            [
              10.0816156,
              53.6246107
            ],
            [
              10.0834355,
              53.6244458
            ],
            [
              10.083596,
              53.625226
            ],
            [
              10.0841918,
              53.625178
            ],
            [
              10.084344,
              53.6257477
            ],
            [
              10.0845221,
              53.6257521
            ],
            [
              10.0845693,
              53.6259326
            ],
            [
              10.0849853,
              53.625892
            ],
            [
              10.0851789,
              53.6267278
            ],
            [
              10.0852059,
              53.6269222
            ],
            [
              10.0850304,
              53.6269845
            ],
            [
              10.0845846,
              53.6269984
            ],
            [
              10.0846097,
              53.627402
            ],
            [
              10.0820191,
              53.6288672
            ],
            [
              10.077973,
              53.6288556
            ],
            [
              10.0779766,
              53.6310375
            ],
            [
              10.0770875,
              53.6314644
            ],
            [
              10.07521,
              53.631364
            ],
            [
              10.0742776,
              53.6313104
            ],
            [
              10.0740866,
              53.6313041
            ],
            [
              10.0664354,
              53.6295915
            ],
            [
              10.0652205,
              53.6293193
            ],
            [
              10.0612658,
              53.6284301
            ],
            [
              10.0611642,
              53.6283935
            ],
            [
              10.0610965,
              53.6285846
            ],
            [
              10.0605894,
              53.6300167
            ],
            [
              10.0606854,
              53.6300282
            ],
            [
              10.0605246,
              53.6305312
            ],
            [
              10.0604493,
              53.6305235
            ],
            [
              10.0601821,
              53.6312946
            ],
            [
              10.0600909,
              53.6315644
            ],
            [
              10.0600228,
              53.6315913
            ],
            [
              10.0585635,
              53.6313757
            ],
            [
              10.0583964,
              53.6318544
            ],
            [
              10.0584432,
              53.6320277
            ],
            [
              10.0583481,
              53.6320179
            ],
            [
              10.058088,
              53.6328387
            ],
            [
              10.0581885,
              53.6328605
            ],
            [
              10.0581138,
              53.6329757
            ],
            [
              10.0580537,
              53.6329598
            ],
            [
              10.0575861,
              53.634424
            ],
            [
              10.0573482,
              53.6357196
            ],
            [
              10.0572825,
              53.6360775
            ],
            [
              10.0573763,
              53.6360819
            ],
            [
              10.0572863,
              53.6365318
            ],
            [
              10.0573838,
              53.6365539
            ],
            [
              10.0573545,
              53.6367112
            ],
            [
              10.0576703,
              53.6367744
            ],
            [
              10.0573238,
              53.6370883
            ],
            [
              10.0570092,
              53.6374082
            ],
            [
              10.0564914,
              53.6381399
            ],
            [
              10.0564597,
              53.6382
            ],
            [
              10.0560174,
              53.6380967
            ],
            [
              10.0555022,
              53.6379427
            ],
            [
              10.0545961,
              53.6374367
            ],
            [
              10.0541173,
              53.6371345
            ],
            [
              10.0532127,
              53.6366357
            ],
            [
              10.0525372,
              53.6363788
            ],
            [
              10.0519492,
              53.6360912
            ],
            [
              10.0509477,
              53.6357848
            ],
            [
              10.0506833,
              53.635733
            ],
            [
              10.0504945,
              53.6356952
            ],
            [
              10.0503025,
              53.6356784
            ],
            [
              10.0501053,
              53.6356762
            ],
            [
              10.0499655,
              53.6357237
            ],
            [
              10.0497597,
              53.635827
            ],
            [
              10.0492774,
              53.6361062
            ],
            [
              10.0489079,
              53.6362407
            ],
            [
              10.048543,
              53.6362988
            ],
            [
              10.0481504,
              53.6362832
            ],
            [
              10.0474793,
              53.6361193
            ],
            [
              10.0467977,
              53.6358978
            ],
            [
              10.0465665,
              53.6357651
            ],
            [
              10.046239,
              53.6355036
            ],
            [
              10.0460207,
              53.6353189
            ],
            [
              10.0459302,
              53.6352106
            ],
            [
              10.0457216,
              53.6350856
            ],
            [
              10.0456506,
              53.6350622
            ],
            [
              10.045356,
              53.6350042
            ],
            [
              10.0448681,
              53.6349508
            ],
            [
              10.0441744,
              53.6348801
            ],
            [
              10.0441294,
              53.6348755
            ],
            [
              10.0440461,
              53.634867
            ],
            [
              10.0437979,
              53.6348185
            ],
            [
              10.0436577,
              53.6347688
            ],
            [
              10.0435613,
              53.6347342
            ],
            [
              10.0434916,
              53.6346781
            ],
            [
              10.0432249,
              53.6344701
            ],
            [
              10.0431181,
              53.6343307
            ],
            [
              10.0430659,
              53.6342545
            ],
            [
              10.0430011,
              53.6341947
            ],
            [
              10.0429197,
              53.6341381
            ],
            [
              10.0427969,
              53.6340836
            ],
            [
              10.0424063,
              53.6339105
            ],
            [
              10.0418728,
              53.6338027
            ],
            [
              10.0417835,
              53.633787
            ],
            [
              10.0416628,
              53.6337089
            ],
            [
              10.0415502,
              53.6335474
            ],
            [
              10.0415485,
              53.6333991
            ],
            [
              10.0418216,
              53.6328411
            ],
            [
              10.0418828,
              53.6325422
            ],
            [
              10.0418653,
              53.6324331
            ],
            [
              10.041696,
              53.6322809
            ],
            [
              10.0413557,
              53.6321351
            ],
            [
              10.0408134,
              53.6319827
            ],
            [
              10.040385,
              53.6319343
            ],
            [
              10.0400254,
              53.6319367
            ],
            [
              10.0397285,
              53.6319814
            ],
            [
              10.039063,
              53.6321792
            ],
            [
              10.0387691,
              53.6323645
            ],
            [
              10.0385709,
              53.6324711
            ],
            [
              10.0383094,
              53.6325529
            ],
            [
              10.0374587,
              53.6327332
            ],
            [
              10.037096,
              53.6331047
            ],
            [
              10.0369496,
              53.6332171
            ],
            [
              10.0366588,
              53.633343
            ],
            [
              10.036545,
              53.6334185
            ],
            [
              10.0359173,
              53.6339892
            ],
            [
              10.0356552,
              53.6342095
            ],
            [
              10.0364014,
              53.6346183
            ],
            [
              10.0362482,
              53.6346323
            ],
            [
              10.0333646,
              53.6361426
            ],
            [
              10.0333488,
              53.6362133
            ],
            [
              10.033983,
              53.6367126
            ],
            [
              10.0328178,
              53.6368986
            ],
            [
              10.0328622,
              53.6370523
            ],
            [
              10.0321823,
              53.6372406
            ],
            [
              10.0322545,
              53.6375481
            ],
            [
              10.0314606,
              53.6376259
            ],
            [
              10.0314567,
              53.6377835
            ],
            [
              10.0299726,
              53.6379296
            ],
            [
              10.02967,
              53.6377928
            ],
            [
              10.0283249,
              53.6377195
            ],
            [
              10.0267957,
              53.6381204
            ],
            [
              10.0267868,
              53.6381545
            ],
            [
              10.0263682,
              53.6382606
            ],
            [
              10.0261615,
              53.6382696
            ],
            [
              10.0259792,
              53.6382131
            ],
            [
              10.0253589,
              53.6378286
            ],
            [
              10.0253708,
              53.6377395
            ],
            [
              10.0251033,
              53.6378618
            ],
            [
              10.0242063,
              53.6381259
            ],
            [
              10.0236345,
              53.6381293
            ],
            [
              10.0237931,
              53.6382223
            ],
            [
              10.0237389,
              53.6382925
            ],
            [
              10.0237519,
              53.638388
            ],
            [
              10.020762,
              53.6394257
            ],
            [
              10.0203673,
              53.639081
            ],
            [
              10.0202659,
              53.6392262
            ],
            [
              10.0202163,
              53.6393873
            ],
            [
              10.0202046,
              53.6400272
            ],
            [
              10.0205917,
              53.6400454
            ],
            [
              10.0225246,
              53.6419922
            ],
            [
              10.0231006,
              53.6425913
            ],
            [
              10.0237804,
              53.6433089
            ],
            [
              10.0243832,
              53.6439569
            ],
            [
              10.0245567,
              53.64415
            ],
            [
              10.0247449,
              53.6443299
            ],
            [
              10.0251165,
              53.644661
            ],
            [
              10.0273469,
              53.6465173
            ],
            [
              10.0294417,
              53.6482711
            ],
            [
              10.0305187,
              53.6491962
            ],
            [
              10.0321815,
              53.6506225
            ],
            [
              10.0327068,
              53.6510688
            ],
            [
              10.0328796,
              53.6512157
            ],
            [
              10.0330236,
              53.651332
            ],
            [
              10.0332078,
              53.651483
            ],
            [
              10.0339181,
              53.6520506
            ],
            [
              10.0341863,
              53.6523823
            ],
            [
              10.0346378,
              53.6526066
            ],
            [
              10.035095,
              53.6528568
            ],
            [
              10.0356396,
              53.6530858
            ],
            [
              10.0362337,
              53.6536134
            ],
            [
              10.0365919,
              53.6539582
            ],
            [
              10.0364211,
              53.6552018
            ],
            [
              10.0363931,
              53.6560106
            ],
            [
              10.0365002,
              53.6562224
            ],
            [
              10.0366276,
              53.657418
            ],
            [
              10.0363566,
              53.6575919
            ],
            [
              10.0348331,
              53.6576736
            ],
            [
              10.0347037,
              53.6577498
            ],
            [
              10.0346224,
              53.6579318
            ],
            [
              10.0347842,
              53.6589289
            ],
            [
              10.0348667,
              53.6590398
            ],
            [
              10.0349635,
              53.6590918
            ],
            [
              10.0352206,
              53.6591961
            ],
            [
              10.0352673,
              53.6592293
            ],
            [
              10.0353346,
              53.6592772
            ],
            [
              10.0353574,
              53.6594392
            ],
            [
              10.0351131,
              53.6604494
            ],
            [
              10.0354073,
              53.660882
            ],
            [
              10.0353879,
              53.6609433
            ],
            [
              10.0350107,
              53.6611024
            ],
            [
              10.0349621,
              53.6614187
            ],
            [
              10.0349393,
              53.6615673
            ],
            [
              10.0350711,
              53.6633396
            ],
            [
              10.0352454,
              53.6656802
            ],
            [
              10.0354451,
              53.6681184
            ],
            [
              10.0354935,
              53.668701
            ],
            [
              10.0356195,
              53.6702083
            ],
            [
              10.0358119,
              53.6731479
            ],
            [
              10.0357846,
              53.6731452
            ],
            [
              10.0359151,
              53.674851
            ],
            [
              10.0359598,
              53.6753756
            ],
            [
              10.0385529,
              53.6776567
            ],
            [
              10.0388187,
              53.677641
            ],
            [
              10.0430949,
              53.6814064
            ],
            [
              10.0428879,
              53.6814904
            ],
            [
              10.0434538,
              53.6819818
            ],
            [
              10.0426075,
              53.6819726
            ],
            [
              10.0315624,
              53.6817402
            ],
            [
              10.0293842,
              53.6816906
            ],
            [
              10.0246033,
              53.6816066
            ],
            [
              10.0174223,
              53.681459
            ],
            [
              10.006223,
              53.6812287
            ],
            [
              10.0049869,
              53.6811915
            ],
            [
              10.004788,
              53.6811754
            ],
            [
              10.0046859,
              53.6811666
            ],
            [
              10.0040853,
              53.6810706
            ],
            [
              10.0030912,
              53.680933
            ],
            [
              10.00287,
              53.68095
            ],
            [
              10.0014732,
              53.6810759
            ],
            [
              10.000995,
              53.6811187
            ],
            [
              10.0002817,
              53.6814022
            ],
            [
              9.9996163,
              53.6815178
            ],
            [
              9.9990876,
              53.6812228
            ],
            [
              9.998449,
              53.6808664
            ],
            [
              9.9982797,
              53.6807661
            ],
            [
              9.997991,
              53.6806011
            ],
            [
              9.9977334,
              53.6804606
            ],
            [
              9.997729,
              53.6804582
            ],
            [
              9.9974925,
              53.6803097
            ],
            [
              9.9972762,
              53.6801413
            ],
            [
              9.9970081,
              53.6799365
            ],
            [
              9.996808,
              53.6797802
            ],
            [
              9.9966808,
              53.6796766
            ],
            [
              9.9964878,
              53.6795356
            ],
            [
              9.9946241,
              53.6780558
            ],
            [
              9.9934363,
              53.6771669
            ],
            [
              9.9924445,
              53.676393
            ],
            [
              9.9923885,
              53.6752211
            ],
            [
              9.9923415,
              53.6749701
            ],
            [
              9.9919316,
              53.6740692
            ],
            [
              9.9916937,
              53.6735773
            ],
            [
              9.9913677,
              53.6728564
            ],
            [
              9.9912567,
              53.6726084
            ],
            [
              9.990095,
              53.6700797
            ],
            [
              9.989722,
              53.6693658
            ],
            [
              9.990092,
              53.6686069
            ],
            [
              9.9911325,
              53.6665012
            ],
            [
              9.9909966,
              53.6660733
            ],
            [
              9.990565,
              53.6647163
            ],
            [
              9.9908669,
              53.6635904
            ],
            [
              9.9909823,
              53.6631045
            ],
            [
              9.9912809,
              53.6620416
            ],
            [
              9.9915469,
              53.6610457
            ],
            [
              9.9915015,
              53.6606062
            ],
            [
              9.9912053,
              53.6582612
            ],
            [
              9.9911057,
              53.6580933
            ],
            [
              9.9869996,
              53.6553853
            ],
            [
              9.9873682,
              53.6507161
            ],
            [
              9.9874806,
              53.649346
            ],
            [
              9.9874716,
              53.649224
            ],
            [
              9.9873516,
              53.6490612
            ],
            [
              9.9858091,
              53.6482375
            ],
            [
              9.9854127,
              53.6483645
            ],
            [
              9.9852303,
              53.6483368
            ],
            [
              9.9849932,
              53.6483263
            ],
            [
              9.9848523,
              53.6484324
            ],
            [
              9.9846051,
              53.6484961
            ],
            [
              9.9834556,
              53.648657
            ],
            [
              9.9822763,
              53.6488647
            ],
            [
              9.9822515,
              53.6491514
            ],
            [
              9.9805642,
              53.6491641
            ],
            [
              9.9790686,
              53.6487914
            ],
            [
              9.9787291,
              53.6486736
            ],
            [
              9.9785308,
              53.6486654
            ],
            [
              9.9779414,
              53.6488725
            ],
            [
              9.977887,
              53.6491164
            ],
            [
              9.9762775,
              53.6497214
            ],
            [
              9.9775616,
              53.6481496
            ],
            [
              9.978263,
              53.6475271
            ],
            [
              9.9784482,
              53.6472582
            ],
            [
              9.9786932,
              53.646892
            ],
            [
              9.9787571,
              53.646806
            ],
            [
              9.9790228,
              53.6468774
            ],
            [
              9.979157,
              53.6467223
            ],
            [
              9.9788678,
              53.6466411
            ],
            [
              9.978902,
              53.6465804
            ],
            [
              9.9789884,
              53.6466063
            ],
            [
              9.979071,
              53.6465129
            ],
            [
              9.9789854,
              53.6464783
            ],
            [
              9.9813492,
              53.6437951
            ],
            [
              9.9814519,
              53.6436621
            ],
            [
              9.9845998,
              53.6400213
            ],
            [
              9.9854071,
              53.6390707
            ],
            [
              9.9832904,
              53.6389784
            ],
            [
              9.9830688,
              53.6389286
            ],
            [
              9.9827685,
              53.6388326
            ],
            [
              9.9826952,
              53.6387714
            ],
            [
              9.982466,
              53.6385589
            ],
            [
              9.9824218,
              53.6384272
            ],
            [
              9.9824482,
              53.6381656
            ],
            [
              9.9840022,
              53.6382245
            ],
            [
              9.9841635,
              53.6377611
            ],
            [
              9.9840092,
              53.637732
            ],
            [
              9.9825101,
              53.6376599
            ],
            [
              9.9824519,
              53.6374385
            ],
            [
              9.9817144,
              53.6346037
            ],
            [
              9.9815243,
              53.6338431
            ],
            [
              9.9811784,
              53.6325835
            ],
            [
              9.981009,
              53.6318776
            ],
            [
              9.9808346,
              53.6312072
            ],
            [
              9.9806983,
              53.6309708
            ],
            [
              9.9799542,
              53.6296212
            ],
            [
              9.9790888,
              53.6281395
            ],
            [
              9.9782144,
              53.6274533
            ],
            [
              9.9772201,
              53.6268242
            ],
            [
              9.9757736,
              53.6262315
            ],
            [
              9.9741642,
              53.6257262
            ],
            [
              9.9739551,
              53.6256649
            ],
            [
              9.9735716,
              53.6255443
            ],
            [
              9.9729843,
              53.6252348
            ],
            [
              9.9718894,
              53.6244831
            ],
            [
              9.9707032,
              53.6237111
            ],
            [
              9.970293,
              53.6234678
            ],
            [
              9.9688534,
              53.6228052
            ],
            [
              9.9681625,
              53.6225371
            ],
            [
              9.9680252,
              53.6224637
            ],
            [
              9.9679201,
              53.6223761
            ],
            [
              9.9673914,
              53.6217667
            ],
            [
              9.9672426,
              53.6216944
            ],
            [
              9.9672159,
              53.6216946
            ],
            [
              9.9669953,
              53.6217143
            ],
            [
              9.9669475,
              53.6217189
            ],
            [
              9.966598,
              53.6217635
            ],
            [
              9.96586,
              53.621389
            ],
            [
              9.9605453,
              53.6188083
            ],
            [
              9.9600354,
              53.6184889
            ],
            [
              9.9594395,
              53.6181199
            ],
            [
              9.958098,
              53.6172895
            ],
            [
              9.957948,
              53.6172002
            ],
            [
              9.9573055,
              53.6169483
            ],
            [
              9.9567602,
              53.6160963
            ],
            [
              9.956347,
              53.6158595
            ],
            [
              9.9563289,
              53.6158419
            ]
          ]
        ]
      }
    },
    {
      "type": "Feature",
      "properties": {
        "name": "Harburg",
        "slug": "harburg",
        "osm_relation": 299467,
        "in": {
          "en": "in Harburg",
          "de": "in Harburg"
        }
      },
      "geometry": {
        "type": "Polygon",
        "coordinates": [
          [
            [
              9.9651077,
              53.4677505
            ],
            [
              9.9659178,
              53.4671917
            ],
            [
              9.9664546,
              53.4667704
            ],
            [
              9.966775,
              53.4664584
            ],
            [
              9.9684829,
              53.4645948
            ],
            [
              9.9682514,
              53.4638995
            ],
            [
              9.9681086,
              53.463807
            ],
            [
              9.9655434,
              53.4633974
            ],
            [
              9.9666756,
              53.4611189
            ],
            [
              9.9679103,
              53.4582873
            ],
            [
              9.96827,
              53.4575166
            ],
            [
              9.9687733,
              53.4576076
            ],
            [
              9.9691451,
              53.4569618
            ],
            [
              9.9701502,
              53.4562317
            ],
            [
              9.9707223,
              53.4558046
            ],
            [
              9.9710077,
              53.4555217
            ],
            [
              9.9716082,
              53.4549496
            ],
            [
              9.9734251,
              53.4551174
            ],
            [
              9.9770598,
              53.4554405
            ],
            [
              9.9747666,
              53.4536732
            ],
            [
              9.9736132,
              53.4527846
            ],
            [
              9.9730345,
              53.4523633
            ],
            [
              9.9724111,
              53.4519808
            ],
            [
              9.9719865,
              53.4517773
            ],
            [
              9.9723597,
              53.451481
            ],
            [
              9.9803082,
              53.4519181
            ],
            [
              9.9806528,
              53.4519612
            ],
            [
              9.9825395,
              53.4521987
            ],
            [
              9.983891,
              53.4521117
            ],
            [
              9.9849314,
              53.4520427
            ],
            [
              9.9853347,
              53.4519936
            ],
            [
              9.9864221,
              53.4518373
            ],
            [
              9.9867572,
              53.4518303
            ],
            [
              9.9870238,
              53.4518213
            ],
            [
              9.9873425,
              53.4519235
            ],
            [
              9.9878226,
              53.4520788
            ],
            [
              9.9907989,
              53.4530204
            ],
            [
              9.9914015,
              53.4532135
            ],
            [
              9.9916937,
              53.4536559
            ],
            [
              9.9917695,
              53.4537697
            ],
            [
              9.9918094,
              53.4539258
            ],
            [
              9.9917216,
              53.4540752
            ],
            [
              9.9911087,
              53.4545863
            ],
            [
              9.9928198,
              53.4547919
            ],
            [
              9.9931256,
              53.4541834
            ],
            [
              9.9935738,
              53.4536005
            ],
            [
              9.9936641,
              53.453494
            ],
            [
              9.9938824,
              53.4532368
            ],
            [
              9.9945301,
              53.452653
            ],
            [
              9.9955586,
              53.4518648
            ],
            [
              9.9957465,
              53.4518783
            ],
            [
              9.9959064,
              53.4518652
            ],
            [
              9.996011,
              53.4518098
            ],
            [
              9.9961633,
              53.4517015
            ],
            [
              9.996591,
              53.4513659
            ],
            [
              9.9982472,
              53.4502612
            ],
            [
              10.0006622,
              53.4487463
            ],
            [
              10.0014549,
              53.4492654
            ],
            [
              10.0018906,
              53.4495355
            ],
            [
              10.0063932,
              53.4523989
            ],
            [
              10.006846,
              53.4526816
            ],
            [
              10.005793,
              53.4531202
            ],
            [
              10.0056082,
              53.453207
            ],
            [
              10.0049722,
              53.4535156
            ],
            [
              10.0040086,
              53.4539113
            ],
            [
              10.0023658,
              53.4545657
            ],
            [
              10.0015685,
              53.4548856
            ],
            [
              9.9998626,
              53.4555659
            ],
            [
              9.9995139,
              53.4557061
            ],
            [
              9.9992853,
              53.4557452
            ],
            [
              9.9989527,
              53.4557476
            ],
            [
              9.9986731,
              53.4558063
            ],
            [
              9.9979609,
              53.4562747
            ],
            [
              9.9969397,
              53.4566272
            ],
            [
              9.996492,
              53.4567497
            ],
            [
              9.9956597,
              53.4569816
            ],
            [
              9.9949692,
              53.4571689
            ],
            [
              9.9940019,
              53.4574313
            ],
            [
              9.9934698,
              53.4579594
            ],
            [
              9.9949369,
              53.4588436
            ],
            [
              9.9970862,
              53.4604079
            ],
            [
              9.9980391,
              53.4611522
            ],
            [
              9.9991765,
              53.4621954
            ],
            [
              10.0004054,
              53.4633341
            ],
            [
              9.9986879,
              53.4635635
            ],
            [
              9.9979156,
              53.4637513
            ],
            [
              9.9973064,
              53.4639672
            ],
            [
              9.9971413,
              53.464021
            ],
            [
              9.9967772,
              53.4641613
            ],
            [
              9.9964834,
              53.464297
            ],
            [
              9.9961819,
              53.4644364
            ],
            [
              9.9958835,
              53.464604
            ],
            [
              9.9953847,
              53.4648846
            ],
            [
              9.9951796,
              53.4650003
            ],
            [
              9.9949731,
              53.4650868
            ],
            [
              9.994843,
              53.4651314
            ],
            [
              9.9946458,
              53.4651757
            ],
            [
              9.9942345,
              53.4652476
            ],
            [
              9.9956778,
              53.46813
            ],
            [
              9.9960299,
              53.4688854
            ],
            [
              9.9969957,
              53.4709667
            ],
            [
              9.9973746,
              53.4718426
            ],
            [
              9.9976312,
              53.4718034
            ],
            [
              9.9983788,
              53.4730429
            ],
            [
              9.9961667,
              53.4734677
            ],
            [
              9.9900832,
              53.4745007
            ],
            [
              9.9870953,
              53.4748966
            ],
            [
              9.9845052,
              53.4753374
            ],
            [
              9.9835411,
              53.4726106
            ],
            [
              9.9828616,
              53.4706265
            ],
            [
              9.982111,
              53.46849
            ],
            [
              9.9817443,
              53.4677362
            ],
            [
              9.9815529,
              53.4674421
            ],
            [
              9.9804984,
              53.4659494
            ],
            [
              9.9796826,
              53.4647953
            ],
            [
              9.9794176,
              53.4644228
            ],
            [
              9.9786195,
              53.4646612
            ],
            [
              9.9769713,
              53.4651517
            ],
            [
              9.9678215,
              53.4680495
            ],
            [
              9.9674832,
              53.4679293
            ],
            [
              9.9668279,
              53.4678131
            ],
            [
              9.9658932,
              53.4677662
            ],
            [
              9.9651906,
              53.4678252
            ],
            [
              9.9651077,
              53.4677505
            ]
          ]
        ]
      }
    },
    {
      "type": "Feature",
      "properties": {
        "name": "Wandsbek",
        "slug": "wandsbek",
        "osm_relation": 295403,
        "in": {
          "en": "in Wandsbek",
          "de": "in Wandsbek"
        }
      },
      "geometry": {
        "type": "Polygon",
        "coordinates": [
          [
            [
              10.0576754,
              53.5760196
            ],
            [
              10.0577372,
              53.5758241
            ],
            [
              10.0578087,
              53.5757801
            ],
            [
              10.0578469,
              53.5752562
            ],
            [
              10.0578702,
              53.5747623
            ],
            [
              10.0579372,
              53.5745834
            ],
            [
              10.0580469,
              53.5743321
            ],
            [
              10.0579464,
              53.5742418
            ],
            [
              10.0583595,
              53.5734511
            ],
            [
              10.0587052,
              53.5726875
            ],
            [
              10.0596762,
              53.5707046
            ],
            [
              10.0598887,
              53.5703491
            ],
            [
              10.0636699,
              53.571125
            ],
            [
              10.064719,
              53.571318
            ],
            [
              10.0651037,
              53.5713999
            ],
            [
              10.0653283,
              53.5714029
            ],
            [
              10.0656164,
              53.5713439
            ],
            [
              10.0658176,
              53.5712914
            ],
            [
              10.0660622,
              53.5712917
            ],
            [
              10.0700657,
              53.5718034
            ],
            [
              10.0714559,
              53.5720417
            ],
            [
              10.0726535,
              53.5722311
            ],
            [
              10.0738744,
              53.5723816
            ],
            [
              10.0757272,
              53.5721798
            ],
            [
              10.0765837,
              53.5706998
            ],
            [
              10.0770715,
              53.5704906
            ],
            [
              10.0774282,
              53.5703528
            ],
            [
              10.0777079,
              53.5703773
            ],
            [
              10.0778914,
              53.5700962
            ],
            [
              10.0794324,
              53.5705149
            ],
            [
              10.0814906,
              53.5712114
            ],
            [
              10.0824889,
              53.5715611
            ],
            [
              10.0843968,
              53.5721921
            ],
            [
              10.0855702,
              53.5725346
            ],
            [
              10.0868374,
              53.572856
            ],
            [
              10.0875908,
              53.5730324
            ],
            [
              10.0880502,
              53.5731228
            ],
            [
              10.0900849,
              53.5734902
            ],
            [
              10.0956546,
              53.5743585
            ],
            [
              10.0985979,
              53.5748459
            ],
            [
              10.0995084,
              53.5750002
            ],
            [
              10.0999888,
              53.5750897
            ],
            [
              10.1012845,
              53.5753582
            ],
            [
              10.103479,
              53.5759352
            ],
            [
              10.1034119,
              53.5761306
            ],
            [
              10.1033763,
              53.5762529
            ],
            [
              10.1033477,
              53.5763533
            ],
            [
              10.1033233,
              53.5764784
            ],
            [
              10.1033192,
              53.5766353
            ],
            [
              10.1033151,
              53.5769643
            ],
            [
              10.1033048,
              53.5773666
            ],
            [
              10.1032988,
              53.5774668
            ],
            [
              10.1032265,
              53.5777329
            ],
            [
              10.1031602,
              53.5779757
            ],
            [
              10.1030703,
              53.5782429
            ],
            [
              10.1029389,
              53.5785403
            ],
            [
              10.1027809,
              53.5788971
            ],
            [
              10.1026462,
              53.5792002
            ],
            [
              10.1025087,
              53.5795023
            ],
            [
              10.1022568,
              53.5801668
            ],
            [
              10.1021321,
              53.5804958
            ],
            [
              10.1019639,
              53.5811108
            ],
            [
              10.1018083,
              53.5815612
            ],
            [
              10.101877,
              53.582606
            ],
            [
              10.1017211,
              53.5833136
            ],
            [
              10.1014293,
              53.5839811
            ],
            [
              10.1011486,
              53.5841782
            ],
            [
              10.1005366,
              53.5846078
            ],
            [
              10.1003049,
              53.5846384
            ],
            [
              10.1001787,
              53.5852756
            ],
            [
              10.1001184,
              53.5858408
            ],
            [
              10.1000388,
              53.5866356
            ],
            [
              10.0999289,
              53.5868708
            ],
            [
              10.0999103,
              53.5869063
            ],
            [
              10.0998264,
              53.5870664
            ],
            [
              10.0997972,
              53.5871218
            ],
            [
              10.0997557,
              53.5872005
            ],
            [
              10.0989144,
              53.5887959
            ],
            [
              10.0986827,
              53.5892646
            ],
            [
              10.0984509,
              53.5904007
            ],
            [
              10.098152,
              53.5936091
            ],
            [
              10.0989358,
              53.5937706
            ],
            [
              10.0989692,
              53.5941005
            ],
            [
              10.0990312,
              53.5940845
            ],
            [
              10.0991814,
              53.5962988
            ],
            [
              10.1000723,
              53.597028
            ],
            [
              10.0993137,
              53.5977927
            ],
            [
              10.0981755,
              53.5975508
            ],
            [
              10.0935546,
              53.5965318
            ],
            [
              10.0916926,
              53.5961361
            ],
            [
              10.0914284,
              53.5966219
            ],
            [
              10.0911941,
              53.5965588
            ],
            [
              10.0911304,
              53.5965844
            ],
            [
              10.0911167,
              53.597107
            ],
            [
              10.0907477,
              53.5974177
            ],
            [
              10.0901469,
              53.5976316
            ],
            [
              10.089589,
              53.5976927
            ],
            [
              10.0892027,
              53.5976927
            ],
            [
              10.0888508,
              53.5976978
            ],
            [
              10.0883272,
              53.5976469
            ],
            [
              10.0877436,
              53.5976112
            ],
            [
              10.0873316,
              53.5976265
            ],
            [
              10.0867823,
              53.5976978
            ],
            [
              10.08615,
              53.5977943
            ],
            [
              10.0847326,
              53.598176
            ],
            [
              10.0845244,
              53.5982376
            ],
            [
              10.0840322,
              53.5982859
            ],
            [
              10.0833946,
              53.598441
            ],
            [
              10.0822967,
              53.5984453
            ],
            [
              10.0817365,
              53.5984348
            ],
            [
              10.0810025,
              53.5983959
            ],
            [
              10.0794674,
              53.5981261
            ],
            [
              10.0789492,
              53.5980997
            ],
            [
              10.0785189,
              53.5979713
            ],
            [
              10.0776537,
              53.5977352
            ],
            [
              10.0768949,
              53.5974628
            ],
            [
              10.0758057,
              53.5969217
            ],
            [
              10.0749066,
              53.5965385
            ],
            [
              10.0739677,
              53.5961446
            ],
            [
              10.0731542,
              53.595918
            ],
            [
              10.072701,
              53.5957813
            ],
            [
              10.0724425,
              53.5956515
            ],
            [
              10.071782,
              53.595543
            ],
            [
              10.0714999,
              53.5953672
            ],
            [
              10.0712136,
              53.5950338
            ],
            [
              10.0709844,
              53.5948275
            ],
            [
              10.0707175,
              53.5945941
            ],
            [
              10.070522,
              53.5944258
            ],
            [
              10.0703628,
              53.5943299
            ],
            [
              10.0702012,
              53.5942011
            ],
            [
              10.0700239,
              53.5940186
            ],
            [
              10.0699355,
              53.5937828
            ],
            [
              10.0698058,
              53.5930195
            ],
            [
              10.0698316,
              53.5928514
            ],
            [
              10.0698985,
              53.592719
            ],
            [
              10.0700032,
              53.5921586
            ],
            [
              10.0700159,
              53.5919627
            ],
            [
              10.0700204,
              53.5915353
            ],
            [
              10.0700171,
              53.5913354
            ],
            [
              10.0698247,
              53.5911378
            ],
            [
              10.0694774,
              53.5910179
            ],
            [
              10.0695473,
              53.5909313
            ],
            [
              10.0696065,
              53.5907931
            ],
            [
              10.0694627,
              53.5898306
            ],
            [
              10.0693914,
              53.5897764
            ],
            [
              10.0744042,
              53.5895387
            ],
            [
              10.0746554,
              53.5891878
            ],
            [
              10.0747868,
              53.5891645
            ],
            [
              10.0753157,
              53.5892952
            ],
            [
              10.0755084,
              53.5890542
            ],
            [
              10.0753631,
              53.5889521
            ],
            [
              10.0752485,
              53.5885839
            ],
            [
              10.0751865,
              53.5885283
            ],
            [
              10.074916,
              53.5878019
            ],
            [
              10.0745075,
              53.5869116
            ],
            [
              10.0735579,
              53.5854903
            ],
            [
              10.0725673,
              53.5840341
            ],
            [
              10.0721833,
              53.5835642
            ],
            [
              10.0719701,
              53.58303
            ],
            [
              10.0715018,
              53.5828938
            ],
            [
              10.071317,
              53.5828098
            ],
            [
              10.0711808,
              53.5827346
            ],
            [
              10.0710527,
              53.5826461
            ],
            [
              10.0689831,
              53.5808176
            ],
            [
              10.0674508,
              53.5805167
            ],
            [
              10.0668753,
              53.5803319
            ],
            [
              10.0668268,
              53.5802724
            ],
            [
              10.0668946,
              53.5800263
            ],
            [
              10.066318,
              53.5799666
            ],
            [
              10.0650705,
              53.5791586
            ],
            [
              10.0642084,
              53.5786459
            ],
            [
              10.0643194,
              53.5785378
            ],
            [
              10.0629634,
              53.5778813
            ],
            [
              10.0626794,
              53.5777613
            ],
            [
              10.0597872,
              53.5763388
            ],
            [
              10.0596826,
              53.5762943
            ],
            [
              10.05958,
              53.5762264
            ],
            [
              10.0587742,
              53.5759062
            ],
            [
              10.0581148,
              53.5758428
            ],
            [
              10.0579543,
              53.5759743
            ],
            [
              10.0578382,
              53.576075
            ],
            [
              10.0578272,
              53.5760748
            ],
            [
              10.0578009,
              53.5760674
            ],
            [
              10.0577072,
              53.5760648
            ],
            [
              10.0577077,
              53.5760507
            ],
            [
              10.0577082,
              53.5760357
            ],
            [
              10.0576944,
              53.5760249
            ],
            [
              10.0576754,
              53.5760196
            ]
          ]
        ]
      }
    }
  ]
}