{
  "type": "FeatureCollection",
  "source": "OpenStreetMap contributors, ODbL (12 Bezirke von Berlin)",
  "features": [
    {
      "type": "Feature",
      "properties": {
        "name": "Mitte",
        "slug": "mitte",
        "osm_relation": 16347,
        "in": {
          "en": "in Mitte",
          "de": "in Mitte"
        }
      },
      "geometry": {
        "type": "MultiPolygon",
        "coordinates": [
          [
            [
              [
                13.301538,
                52.548807
              ],
              [
                13.302884,
                52.550449
              ],
              [
                13.304287,
                52.551997
              ],
              [
                13.309722,
                52.557726
              ],
              [
                13.312147,
                52.55839
              ],
              [
                13.317564,
                52.559693
              ],
              [
                13.318787,
                52.559922
              ],
              [
                13.323915,
                52.56057
              ],
              [
                13.325105,
                52.560841
              ],
              [
                13.325845,
                52.56118
              ],
              [
                13.326349,
                52.561583
              ],
              [
                13.326801,
                52.562382
              ],
              [
                13.330928,
                52.562151
              ],
              [
                13.331798,
                52.561658
              ],
              [
                13.337114,
                52.564445
              ],
              [
                13.348711,
                52.562071
              ],
              [
                13.348744,
                52.561993
              ],
              [
                13.349123,
                52.561929
              ],
              [
                13.356879,
                52.562021
              ],
              [
                13.359719,
                52.561857
              ],
              [
                13.359815,
                52.561798
              ],
              [
                13.360116,
                52.560471
              ],
              [
                13.364539,
                52.561179
              ],
              [
                13.365105,
                52.558116
              ],
              [
                13.366659,
                52.558221
              ],
              [
                13.371158,
                52.560604
              ],
              [
                13.376998,
                52.560678
              ],
              [
                13.378379,
                52.566043
              ],
              [
                13.381482,
                52.566448
              ],
              [
                13.384142,
                52.567496
              ],
              [
                13.385346,
                52.567537
              ],
              [
                13.387801,
                52.567246
              ],
              [
                13.388401,
                52.567669
              ],
              [
                13.388516,
                52.567606
              ],
              [
                13.388655,
                52.567659
              ],
              [
                13.38906,
                52.56738
              ],
              [
                13.388793,
                52.567155
              ],
              [
                13.388955,
                52.567068
              ],
              [
                13.388918,
                52.567001
              ],
              [
                13.390629,
                52.566021
              ],
              [
                13.39071,
                52.565796
              ],
              [
                13.391032,
                52.565624
              ],
              [
                13.391342,
                52.565621
              ],
              [
                13.39339,
                52.564405
              ],
              [
                13.393334,
                52.564374
              ],
              [
                13.394491,
                52.563386
              ],
              [
                13.395905,
                52.561822
              ],
              [
                13.396399,
                52.560863
              ],
              [
                13.397098,
                52.558268
              ],
              [
                13.397167,
                52.557888
              ],
              [
                13.397177,
                52.556344
              ],
              [
                13.398067,
                52.552806
              ],
              [
                13.397981,
                52.552196
              ],
              [
                13.39763,
                52.551418
              ],
              [
                13.396846,
                52.550704
              ],
              [
                13.3989,
                52.550886
              ],
              [
                13.399233,
                52.549068
              ],
              [
                13.400304,
                52.546645
              ],
              [
                13.399207,
                52.54653
              ],
              [
                13.399816,
                52.54506
              ],
              [
                13.400246,
                52.543376
              ],
              [
                13.400906,
                52.54196
              ],
              [
                13.402031,
                52.540124
              ],
              [
                13.403378,
                52.540506
              ],
              [
                13.403528,
                52.540213
              ],
              [
                13.404191,
                52.540401
              ],
              [
                13.404705,
                52.540188
              ],
              [
                13.405814,
                52.537784
              ],
              [
                13.405885,
                52.537797
              ],
              [
                13.407486,
                52.53469
              ],
              [
                13.40835,
                52.534348
              ],
              [
                13.406424,
                52.532348
              ],
              [
                13.405991,
                52.530781
              ],
              [
                13.406086,
                52.530605
              ],
              [
                13.405586,
                52.529665
              ],
              [
                13.411314,
                52.528621
              ],
              [
                13.415432,
                52.527463
              ],
              [
                13.416146,
                52.527084
              ],
              [
                13.419753,
                52.525546
              ],
              [
                13.423773,
                52.523963
              ],
              [
                13.425433,
                52.523439
              ],
              [
                13.426501,
                52.523294
              ],
              [
                13.426519,
                52.522942
              ],
              [
                13.426003,
                52.522922
              ],
              [
                13.42591,
                52.522832
              ],
              [
                13.425552,
                52.522792
              ],
              [
                13.429179,
                52.521225
              ],
              [
                13.4284,
                52.519587
              ],
              [
                13.427473,
                52.519607
              ],
              [
                13.426919,
                52.519744
              ],
              [
                13.425949,
                52.518376
              ],
              [
                13.426304,
                52.51829
              ],
              [
                13.426151,
                52.518069
              ],
              [
                13.426749,
                52.517961
              ],
              [
                13.425096,
                52.51507
              ],
              [
                13.424012,
                52.513687
              ],
              [
                13.423839,
                52.513367
              ],
              [
                13.42278,
                52.512234
              ],
              [
                13.424468,
                52.511397
              ],
              [
                13.42838,
                52.509071
              ],
              [
                13.428864,
                52.50898
              ],
              [
                13.42917,
                52.508835
              ],
              [
                13.429238,
                52.508664
              ],
              [
                13.429402,
                52.508563
              ],
              [
                13.429028,
                52.508036
              ],
              [
                13.428814,
                52.507978
              ],
              [
                13.4272,
                52.505667
              ],
              [
                13.426708,
                52.505799
              ],
              [
                13.425821,
                52.505425
              ],
              [
                13.424957,
                52.505182
              ],
              [
                13.423038,
                52.50498
              ],
              [
                13.421542,
                52.505079
              ],
              [
                13.419431,
                52.505649
              ],
              [
                13.418944,
                52.50506
              ],
              [
                13.418532,
                52.504969
              ],
              [
                13.418214,
                52.505018
              ],
              [
                13.417602,
                52.504168
              ],
              [
                13.414907,
                52.504919
              ],
              [
                13.414592,
                52.504792
              ],
              [
                13.41461,
                52.50468
              ],
              [
                13.414072,
                52.504037
              ],
              [
                13.411525,
                52.504891
              ],
              [
                13.409969,
                52.506928
              ],
              [
                13.40803,
                52.506183
              ],
              [
                13.405284,
                52.50821
              ],
              [
                13.404443,
                52.507772
              ],
              [
                13.402762,
                52.508533
              ],
              [
                13.400228,
                52.509382
              ],
              [
                13.39923,
                52.508077
              ],
              [
                13.398772,
                52.508113
              ],
              [
                13.385762,
                52.507329
              ],
              [
                13.378922,
                52.506999
              ],
              [
                13.37765,
                52.507966
              ],
              [
                13.37498,
                52.503376
              ],
              [
                13.374678,
                52.503236
              ],
              [
                13.374244,
                52.503485
              ],
              [
                13.373609,
                52.504164
              ],
              [
                13.373043,
                52.503382
              ],
              [
                13.371344,
                52.501634
              ],
              [
                13.370825,
                52.49986
              ],
              [
                13.369343,
                52.498721
              ],
              [
                13.362537,
                52.499662
              ],
              [
                13.357637,
                52.501062
              ],
              [
                13.354328,
                52.501907
              ],
              [
                13.351408,
                52.502541
              ],
              [
                13.340977,
                52.50507
              ],
              [
                13.340021,
                52.505185
              ],
              [
                13.339105,
                52.505117
              ],
              [
                13.338641,
                52.505926
              ],
              [
                13.33672,
                52.505716
              ],
              [
                13.335408,
                52.505881
              ],
              [
                13.333859,
                52.506505
              ],
              [
                13.333992,
                52.506612
              ],
              [
                13.333732,
                52.506696
              ],
              [
                13.334838,
                52.508147
              ],
              [
                13.334872,
                52.508461
              ],
              [
                13.334646,
                52.508769
              ],
              [
                13.334403,
                52.508907
              ],
              [
                13.333968,
                52.508976
              ],
              [
                13.333899,
                52.508846
              ],
              [
                13.330043,
                52.510075
              ],
              [
                13.332808,
                52.510993
              ],
              [
                13.333309,
                52.511224
              ],
              [
                13.334027,
                52.511715
              ],
              [
                13.333747,
                52.511717
              ],
              [
                13.331185,
                52.512309
              ],
              [
                13.330735,
                52.512535
              ],
              [
                13.330555,
                52.512831
              ],
              [
                13.331395,
                52.512885
              ],
              [
                13.331554,
                52.512792
              ],
              [
                13.331652,
                52.512812
              ],
              [
                13.331652,
                52.512934
              ],
              [
                13.331764,
                52.513016
              ],
              [
                13.335855,
                52.513301
              ],
              [
                13.336111,
                52.513968
              ],
              [
                13.335928,
                52.513961
              ],
              [
                13.336148,
                52.514378
              ],
              [
                13.335379,
                52.514859
              ],
              [
                13.335333,
                52.515039
              ],
              [
                13.334793,
                52.515504
              ],
              [
                13.334215,
                52.516771
              ],
              [
                13.333222,
                52.516668
              ],
              [
                13.332203,
                52.516714
              ],
              [
                13.330728,
                52.517207
              ],
              [
                13.329638,
                52.517953
              ],
              [
                13.329281,
                52.518435
              ],
              [
                13.329106,
                52.518968
              ],
              [
                13.329171,
                52.519523
              ],
              [
                13.329496,
                52.520474
              ],
              [
                13.329554,
                52.520924
              ],
              [
                13.329495,
                52.521334
              ],
              [
                13.32928,
                52.521799
              ],
              [
                13.328897,
                52.522331
              ],
              [
                13.328193,
                52.522879
              ],
              [
                13.32686,
                52.523771
              ],
              [
                13.325819,
                52.524234
              ],
              [
                13.324736,
                52.524555
              ],
              [
                13.323523,
                52.524714
              ],
              [
                13.322009,
                52.524616
              ],
              [
                13.320939,
                52.52441
              ],
              [
                13.31979,
                52.523946
              ],
              [
                13.319557,
                52.523779
              ],
              [
                13.3189,
                52.522943
              ],
              [
                13.318687,
                52.522076
              ],
              [
                13.318777,
                52.52112
              ],
              [
                13.317798,
                52.520367
              ],
              [
                13.316802,
                52.520923
              ],
              [
                13.313356,
                52.530261
              ],
              [
                13.316747,
                52.530905
              ],
              [
                13.316614,
                52.531162
              ],
              [
                13.317325,
                52.531531
              ],
              [
                13.317074,
                52.532051
              ],
              [
                13.317296,
                52.532372
              ],
              [
                13.313078,
                52.531881
              ],
              [
                13.31292,
                52.532203
              ],
              [
                13.312552,
                52.532642
              ],
              [
                13.311428,
                52.535624
              ],
              [
                13.32585,
                52.537669
              ],
              [
                13.325918,
                52.537621
              ],
              [
                13.326805,
                52.537742
              ],
              [
                13.328387,
                52.538024
              ],
              [
                13.329137,
                52.538235
              ],
              [
                13.32719,
                52.539647
              ],
              [
                13.327142,
                52.539733
              ],
              [
                13.327325,
                52.54143
              ],
              [
                13.326234,
                52.541874
              ],
              [
                13.322887,
                52.544519
              ],
              [
                13.320285,
                52.546445
              ],
              [
                13.319329,
                52.547293
              ],
              [
                13.317956,
                52.548241
              ],
              [
                13.301538,
                52.548807
              ]
            ]
          ]
        ]
      }
    },
    {
      "type": "Feature",
      "properties": {
        "name": "Friedrichshain-Kreuzberg",
        "slug": "friedrichshain-kreuzberg",
        "osm_relation": 55764,
        "in": {
          "en": "in Friedrichshain-Kreuzberg",
          "de": "in Friedrichshain-Kreuzberg"
        }
      },
      "geometry": {
        "type": "MultiPolygon",
        "coordinates": [
          [
            [
              [
                13.368581,
                52.493955
              ],
              [
                13.368415,
                52.494478
              ],
              [
                13.368636,
                52.496879
              ],
              [
                13.369296,
                52.497416
              ],
              [
                13.369558,
                52.497855
              ],
              [
                13.369729,
                52.498776
              ],
              [
                13.369514,
                52.498879
              ],
              [
                13.370825,
                52.49986
              ],
              [
                13.371344,
                52.501634
              ],
              [
                13.373043,
                52.503382
              ],
              [
                13.373609,
                52.504164
              ],
              [
                13.374244,
                52.503485
              ],
              [
                13.374678,
                52.503236
              ],
              [
                13.37498,
                52.503376
              ],
              [
                13.37765,
                52.507966
              ],
              [
                13.378922,
                52.506999
              ],
              [
                13.385762,
                52.507329
              ],
              [
                13.398772,
                52.508113
              ],
              [
                13.39923,
                52.508077
              ],
              [
                13.400228,
                52.509382
              ],
              [
                13.402762,
                52.508533
              ],
              [
                13.404443,
                52.507772
              ],
              [
                13.405284,
                52.50821
              ],
              [
                13.40803,
                52.506183
              ],
              [
                13.409969,
                52.506928
              ],
              [
                13.411525,
                52.504891
              ],
              [
                13.414072,
                52.504037
              ],
              [
                13.41461,
                52.50468
              ],
              [
                13.414592,
                52.504792
              ],
              [
                13.414907,
                52.504919
              ],
              [
                13.417602,
                52.504168
              ],
              [
                13.418214,
                52.505018
              ],
              [
                13.418532,
                52.504969
              ],
              [
                13.418944,
                52.50506
              ],
              [
                13.419431,
                52.505649
              ],
              [
                13.421542,
                52.505079
              ],
              [
                13.423038,
                52.50498
              ],
              [
                13.424957,
                52.505182
              ],
              [
                13.425821,
                52.505425
              ],
              [
                13.426708,
                52.505799
              ],
              [
                13.4272,
                52.505667
              ],
              [
                13.428814,
                52.507978
              ],
              [
                13.429028,
                52.508036
              ],
              [
                13.429402,
                52.508563
              ],
              [
                13.429238,
                52.508664
              ],
              [
                13.42917,
                52.508835
              ],
              [
                13.428864,
                52.50898
              ],
              [
                13.42838,
                52.509071
              ],
              [
                13.424468,
                52.511397
              ],
              [
                13.42278,
                52.512234
              ],
              [
                13.423839,
                52.513367
              ],
              [
                13.424012,
                52.513687
              ],
              [
                13.425096,
                52.51507
              ],
              [
                13.426749,
                52.517961
              ],
              [
                13.426151,
                52.518069
              ],
              [
                13.426304,
                52.51829
              ],
              [
                13.425949,
                52.518376
              ],
              [
                13.426919,
                52.519744
              ],
              [
                13.427473,
                52.519607
              ],
              [
                13.4284,
                52.519587
              ],
              [
                13.429188,
                52.521203
              ],
              [
                13.425552,
                52.522792
              ],
              [
                13.42591,
                52.522832
              ],
              [
                13.426003,
                52.522922
              ],
              [
                13.426519,
                52.522942
              ],
              [
                13.426501,
                52.523294
              ],
              [
                13.425433,
                52.523439
              ],
              [
                13.424071,
                52.523855
              ],
              [
                13.419753,
                52.525546
              ],
              [
                13.423642,
                52.527915
              ],
              [
                13.424855,
                52.527878
              ],
              [
                13.425027,
                52.528095
              ],
              [
                13.437482,
                52.529548
              ],
              [
                13.438311,
                52.528801
              ],
              [
                13.438748,
                52.528778
              ],
              [
                13.442277,
                52.531026
              ],
              [
                13.44648,
                52.527139
              ],
              [
                13.446555,
                52.526975
              ],
              [
                13.447168,
                52.526408
              ],
              [
                13.450768,
                52.527483
              ],
              [
                13.452183,
                52.527796
              ],
              [
                13.4558,
                52.522552
              ],
              [
                13.456157,
                52.522458
              ],
              [
                13.45529,
                52.521272
              ],
              [
                13.462695,
                52.519928
              ],
              [
                13.472107,
                52.520694
              ],
              [
                13.47239,
                52.520571
              ],
              [
                13.473515,
                52.519126
              ],
              [
                13.474075,
                52.519038
              ],
              [
                13.476055,
                52.516124
              ],
              [
                13.476568,
                52.515154
              ],
              [
                13.477729,
                52.51472
              ],
              [
                13.477492,
                52.514388
              ],
              [
                13.475888,
                52.514863
              ],
              [
                13.475451,
                52.513823
              ],
              [
                13.475436,
                52.51343
              ],
              [
                13.475531,
                52.513069
              ],
              [
                13.475631,
                52.513059
              ],
              [
                13.475839,
                52.512122
              ],
              [
                13.475927,
                52.512113
              ],
              [
                13.475888,
                52.512053
              ],
              [
                13.476266,
                52.510439
              ],
              [
                13.475827,
                52.510256
              ],
              [
                13.475419,
                52.509633
              ],
              [
                13.473902,
                52.508101
              ],
              [
                13.474028,
                52.508068
              ],
              [
                13.473935,
                52.50797
              ],
              [
                13.473805,
                52.508007
              ],
              [
                13.473821,
                52.507931
              ],
              [
                13.473067,
                52.507126
              ],
              [
                13.473406,
                52.506919
              ],
              [
                13.472832,
                52.50671
              ],
              [
                13.472715,
                52.50636
              ],
              [
                13.471748,
                52.505735
              ],
              [
                13.471164,
                52.505138
              ],
              [
                13.471294,
                52.505002
              ],
              [
                13.470206,
                52.503744
              ],
              [
                13.469756,
                52.50232
              ],
              [
                13.469674,
                52.502284
              ],
              [
                13.469521,
                52.501943
              ],
              [
                13.468876,
                52.50016
              ],
              [
                13.46877,
                52.500157
              ],
              [
                13.468573,
                52.499657
              ],
              [
                13.473076,
                52.499003
              ],
              [
                13.478627,
                52.495271
              ],
              [
                13.478772,
                52.495288
              ],
              [
                13.483731,
                52.491859
              ],
              [
                13.484132,
                52.491692
              ],
              [
                13.484987,
                52.491634
              ],
              [
                13.485694,
                52.491296
              ],
              [
                13.48611,
                52.490744
              ],
              [
                13.488527,
                52.48985
              ],
              [
                13.488787,
                52.48927
              ],
              [
                13.491443,
                52.488283
              ],
              [
                13.49101,
                52.487359
              ],
              [
                13.490266,
                52.487609
              ],
              [
                13.489276,
                52.487814
              ],
              [
                13.487683,
                52.487884
              ],
              [
                13.48689,
                52.487777
              ],
              [
                13.486031,
                52.487532
              ],
              [
                13.482954,
                52.48605
              ],
              [
                13.482049,
                52.487448
              ],
              [
                13.481678,
                52.487638
              ],
              [
                13.480538,
                52.487878
              ],
              [
                13.479425,
                52.487924
              ],
              [
                13.479238,
                52.487868
              ],
              [
                13.478628,
                52.487033
              ],
              [
                13.478042,
                52.487766
              ],
              [
                13.477689,
                52.488779
              ],
              [
                13.476147,
                52.489944
              ],
              [
                13.473789,
                52.491034
              ],
              [
                13.47102,
                52.491487
              ],
              [
                13.468489,
                52.492343
              ],
              [
                13.467057,
                52.492687
              ],
              [
                13.464279,
                52.493719
              ],
              [
                13.463195,
                52.494217
              ],
              [
                13.463174,
                52.494349
              ],
              [
                13.464161,
                52.495113
              ],
              [
                13.463355,
                52.495486
              ],
              [
                13.463072,
                52.495444
              ],
              [
                13.462196,
                52.495538
              ],
              [
                13.459596,
                52.496557
              ],
              [
                13.454064,
                52.497559
              ],
              [
                13.453108,
                52.497546
              ],
              [
                13.45293,
                52.497707
              ],
              [
                13.451388,
                52.497392
              ],
              [
                13.450655,
                52.497089
              ],
              [
                13.44745,
                52.494873
              ],
              [
                13.445549,
                52.494856
              ],
              [
                13.440686,
                52.491089
              ],
              [
                13.439884,
                52.490605
              ],
              [
                13.439682,
                52.490129
              ],
              [
                13.439628,
                52.489659
              ],
              [
                13.439262,
                52.48961
              ],
              [
                13.438278,
                52.490387
              ],
              [
                13.42249,
                52.495445
              ],
              [
                13.4204,
                52.495864
              ],
              [
                13.420791,
                52.495474
              ],
              [
                13.42535,
                52.488182
              ],
              [
                13.425355,
                52.487999
              ],
              [
                13.424938,
                52.48778
              ],
              [
                13.423705,
                52.486384
              ],
              [
                13.421256,
                52.487164
              ],
              [
                13.407887,
                52.48886
              ],
              [
                13.407723,
                52.488747
              ],
              [
                13.407838,
                52.488484
              ],
              [
                13.407912,
                52.488478
              ],
              [
                13.408423,
                52.487113
              ],
              [
                13.408286,
                52.486894
              ],
              [
                13.40675,
                52.485477
              ],
              [
                13.406346,
                52.482792
              ],
              [
                13.403442,
                52.4834
              ],
              [
                13.401226,
                52.483739
              ],
              [
                13.398717,
                52.483933
              ],
              [
                13.394613,
                52.484022
              ],
              [
                13.394234,
                52.484126
              ],
              [
                13.394261,
                52.485775
              ],
              [
                13.386281,
                52.485823
              ],
              [
                13.386268,
                52.484859
              ],
              [
                13.371607,
                52.484979
              ],
              [
                13.371719,
                52.485174
              ],
              [
                13.374019,
                52.485167
              ],
              [
                13.374175,
                52.487732
              ],
              [
                13.373482,
                52.48775
              ],
              [
                13.373518,
                52.48797
              ],
              [
                13.374889,
                52.489319
              ],
              [
                13.375413,
                52.489366
              ],
              [
                13.375465,
                52.49045
              ],
              [
                13.376562,
                52.49167
              ],
              [
                13.371065,
                52.492737
              ],
              [
                13.371082,
                52.492904
              ],
              [
                13.369253,
                52.493286
              ],
              [
                13.369173,
                52.493151
              ],
              [
                13.368229,
                52.493336
              ],
              [
                13.368581,
                52.493955
              ]
            ]
          ]
        ]
      }
    },
    {
      "type": "Feature",
      "properties": {
        "name": "Pankow",
        "slug": "pankow",
        "osm_relation": 164723,
        "in": {
          "en": "in Pankow",
          "de": "in Pankow"
        }
      },
      "geometry": {
        "type": "MultiPolygon",
        "coordinates": [
          [
            [
              [
                13.347557,
                52.590083
              ],
              [
                13.351869,
                52.587799
              ],
              [
                13.352234,
                52.587588
              ],
              [
                13.352105,
                52.587534
              ],
              [
                13.357819,
                52.584386
              ],
              [
                13.358814,
                52.584172
              ],
              [
                13.359251,
                52.583857
              ],
              [
                13.359216,
                52.583775
              ],
              [
                13.363451,
                52.581433
              ],
              [
                13.363868,
                52.581252
              ],
              [
                13.364012,
                52.581468
              ],
              [
                13.365716,
                52.580348
              ],
              [
                13.37118,
                52.57729
              ],
              [
                13.375146,
                52.575632
              ],
              [
                13.376517,
                52.574806
              ],
              [
                13.376445,
                52.574745
              ],
              [
                13.378157,
                52.573614
              ],
              [
                13.378483,
                52.573716
              ],
              [
                13.378589,
                52.573414
              ],
              [
                13.378917,
                52.573455
              ],
              [
                13.379036,
                52.573066
              ],
              [
                13.379271,
                52.573095
              ],
              [
                13.379355,
                52.572824
              ],
              [
                13.379615,
                52.572736
              ],
              [
                13.379685,
                52.572524
              ],
              [
                13.382239,
                52.572021
              ],
              [
                13.382542,
                52.572075
              ],
              [
                13.383082,
                52.572333
              ],
              [
                13.388264,
                52.569479
              ],
              [
                13.387775,
                52.569147
              ],
              [
                13.389282,
                52.568242
              ],
              [
                13.388381,
                52.567679
              ],
              [
                13.388516,
                52.567606
              ],
              [
                13.388655,
                52.567659
              ],
              [
                13.38906,
                52.56738
              ],
              [
                13.388793,
                52.567155
              ],
              [
                13.388955,
                52.567068
              ],
              [
                13.388918,
                52.567001
              ],
              [
                13.390629,
                52.566021
              ],
              [
                13.39071,
                52.565796
              ],
              [
                13.391032,
                52.565624
              ],
              [
                13.391342,
                52.565621
              ],
              [
                13.39319,
                52.564557
              ],
              [
                13.394628,
                52.563245
              ],
              [
                13.395905,
                52.561822
              ],
              [
                13.396399,
                52.560863
              ],
              [
                13.397167,
                52.557888
              ],
              [
                13.397177,
                52.556344
              ],
              [
                13.397308,
                52.555656
              ],
              [
                13.398067,
                52.552806
              ],
              [
                13.397981,
                52.552196
              ],
              [
                13.39763,
                52.551418
              ],
              [
                13.396846,
                52.550704
              ],
              [
                13.3989,
                52.550886
              ],
              [
                13.399233,
                52.549068
              ],
              [
                13.400304,
                52.546645
              ],
              [
                13.399207,
                52.54653
              ],
              [
                13.399816,
                52.54506
              ],
              [
                13.400246,
                52.543376
              ],
              [
                13.400906,
                52.54196
              ],
              [
                13.402031,
                52.540124
              ],
              [
                13.403378,
                52.540506
              ],
              [
                13.403528,
                52.540213
              ],
              [
                13.404191,
                52.540401
              ],
              [
                13.404705,
                52.540188
              ],
              [
                13.405814,
                52.537784
              ],
              [
                13.405885,
                52.537797
              ],
              [
                13.407486,
                52.53469
              ],
              [
                13.40835,
                52.534348
              ],
              [
                13.406424,
                52.532348
              ],
              [
                13.405991,
                52.530781
              ],
              [
                13.406086,
                52.530605
              ],
              [
                13.405586,
                52.529665
              ],
              [
                13.411314,
                52.528621
              ],
              [
                13.415432,
                52.527463
              ],
              [
                13.416146,
                52.527084
              ],
              [
                13.419753,
                52.525546
              ],
              [
                13.423642,
                52.527915
              ],
              [
                13.424855,
                52.527878
              ],
              [
                13.425027,
                52.528095
              ],
              [
                13.437482,
                52.529548
              ],
              [
                13.438311,
                52.528801
              ],
              [
                13.438748,
                52.528778
              ],
              [
                13.442277,
                52.531026
              ],
              [
                13.44648,
                52.527139
              ],
              [
                13.446555,
                52.526975
              ],
              [
                13.447168,
                52.526408
              ],
              [
                13.450768,
                52.527483
              ],
              [
                13.452183,
                52.527796
              ],
              [
                13.4558,
                52.522552
              ],
              [
                13.456157,
                52.522458
              ],
              [
                13.45529,
                52.521272
              ],
              [
                13.462695,
                52.519928
              ],
              [
                13.472107,
                52.520694
              ],
              [
                13.470746,
                52.522008
              ],
              [
                13.469608,
                52.522809
              ],
              [
                13.468585,
                52.523299
              ],
              [
                13.467095,
                52.523818
              ],
              [
                13.466022,
                52.524062
              ],
              [
                13.462756,
                52.524504
              ],
              [
                13.460262,
                52.525286
              ],
              [
                13.459118,
                52.525768
              ],
              [
                13.458179,
                52.526399
              ],
              [
                13.456197,
                52.528265
              ],
              [
                13.456332,
                52.528395
              ],
              [
                13.460674,
                52.529358
              ],
              [
                13.461006,
                52.529678
              ],
              [
                13.463389,
                52.532634
              ],
              [
                13.464445,
                52.532989
              ],
              [
                13.464525,
                52.533202
              ],
              [
                13.466959,
                52.534055
              ],
              [
                13.467308,
                52.53403
              ],
              [
                13.468743,
                52.534712
              ],
              [
                13.467785,
                52.536142
              ],
              [
                13.466384,
                52.536657
              ],
              [
                13.467648,
                52.53845
              ],
              [
                13.46753,
                52.538461
              ],
              [
                13.46752,
                52.538405
              ],
              [
                13.46731,
                52.538495
              ],
              [
                13.469841,
                52.540458
              ],
              [
                13.467018,
                52.548071
              ],
              [
                13.467363,
                52.548321
              ],
              [
                13.468526,
                52.548231
              ],
              [
                13.469542,
                52.547776
              ],
              [
                13.469929,
                52.547742
              ],
              [
                13.479645,
                52.547547
              ],
              [
                13.48046,
                52.548121
              ],
              [
                13.48011,
                52.548496
              ],
              [
                13.479765,
                52.549101
              ],
              [
                13.479342,
                52.549303
              ],
              [
                13.479747,
                52.549621
              ],
              [
                13.480082,
                52.54947
              ],
              [
                13.480254,
                52.549603
              ],
              [
                13.48037,
                52.549551
              ],
              [
                13.480372,
                52.549452
              ],
              [
                13.481687,
                52.549487
              ],
              [
                13.482222,
                52.549647
              ],
              [
                13.485677,
                52.552196
              ],
              [
                13.485805,
                52.552177
              ],
              [
                13.486117,
                52.552398
              ],
              [
                13.49035,
                52.551695
              ],
              [
                13.49443,
                52.550785
              ],
              [
                13.495443,
                52.553
              ],
              [
                13.495674,
                52.553865
              ],
              [
                13.495659,
                52.554407
              ],
              [
                13.495532,
                52.555003
              ],
              [
                13.495278,
                52.555556
              ],
              [
                13.494907,
                52.556082
              ],
              [
                13.491668,
                52.559448
              ],
              [
                13.490854,
                52.560083
              ],
              [
                13.489973,
                52.560482
              ],
              [
                13.487289,
                52.561288
              ],
              [
                13.485398,
                52.561551
              ],
              [
                13.485188,
                52.561799
              ],
              [
                13.485321,
                52.562274
              ],
              [
                13.485596,
                52.562418
              ],
              [
                13.486069,
                52.564153
              ],
              [
                13.483781,
                52.564426
              ],
              [
                13.484154,
                52.566027
              ],
              [
                13.48359,
                52.566119
              ],
              [
                13.487588,
                52.569219
              ],
              [
                13.482601,
                52.571635
              ],
              [
                13.482799,
                52.572155
              ],
              [
                13.482795,
                52.572632
              ],
              [
                13.482026,
                52.572493
              ],
              [
                13.481333,
                52.572603
              ],
              [
                13.479459,
                52.572694
              ],
              [
                13.479575,
                52.573341
              ],
              [
                13.479856,
                52.573325
              ],
              [
                13.479888,
                52.573511
              ],
              [
                13.47962,
                52.573528
              ],
              [
                13.479625,
                52.573778
              ],
              [
                13.479791,
                52.574513
              ],
              [
                13.480077,
                52.575022
              ],
              [
                13.480081,
                52.575138
              ],
              [
                13.479745,
                52.57515
              ],
              [
                13.479818,
                52.575426
              ],
              [
                13.479914,
                52.575415
              ],
              [
                13.47999,
                52.577695
              ],
              [
                13.480516,
                52.577703
              ],
              [
                13.480402,
                52.577855
              ],
              [
                13.480271,
                52.577836
              ],
              [
                13.480204,
                52.577914
              ],
              [
                13.479943,
                52.579201
              ],
              [
                13.479735,
                52.579604
              ],
              [
                13.47972,
                52.581066
              ],
              [
                13.48001,
                52.58225
              ],
              [
                13.480477,
                52.583533
              ],
              [
                13.481613,
                52.583315
              ],
              [
                13.481975,
                52.584002
              ],
              [
                13.483566,
                52.584077
              ],
              [
                13.48433,
                52.585638
              ],
              [
                13.484646,
                52.585618
              ],
              [
                13.485308,
                52.587131
              ],
              [
                13.486004,
                52.588014
              ],
              [
                13.486945,
                52.588839
              ],
              [
                13.488405,
                52.589784
              ],
              [
                13.505176,
                52.596463
              ],
              [
                13.498973,
                52.605164
              ],
              [
                13.496662,
                52.605027
              ],
              [
                13.497507,
                52.607905
              ],
              [
                13.498508,
                52.610743
              ],
              [
                13.500269,
                52.613689
              ],
              [
                13.501914,
                52.616777
              ],
              [
                13.503315,
                52.619001
              ],
              [
                13.503701,
                52.619262
              ],
              [
                13.505458,
                52.619974
              ],
              [
                13.505856,
                52.625754
              ],
              [
                13.507896,
                52.626595
              ],
              [
                13.510851,
                52.627618
              ],
              [
                13.517819,
                52.629567
              ],
              [
                13.518436,
                52.631648
              ],
              [
                13.520417,
                52.635725
              ],
              [
                13.521058,
                52.637495
              ],
              [
                13.52175,
                52.638724
              ],
              [
                13.52235,
                52.640486
              ],
              [
                13.522806,
                52.643085
              ],
              [
                13.523022,
                52.645037
              ],
              [
                13.52039,
                52.644881
              ],
              [
                13.519941,
                52.645504
              ],
              [
                13.519265,
                52.646947
              ],
              [
                13.515192,
                52.646122
              ],
              [
                13.512828,
                52.645402
              ],
              [
                13.504722,
                52.649563
              ],
              [
                13.503142,
                52.649971
              ],
              [
                13.490763,
                52.654796
              ],
              [
                13.48536,
                52.659428
              ],
              [
                13.488425,
                52.67079
              ],
              [
                13.485217,
                52.669641
              ],
              [
                13.483789,
                52.669304
              ],
              [
                13.479924,
                52.668109
              ],
              [
                13.477972,
                52.667679
              ],
              [
                13.475832,
                52.666549
              ],
              [
                13.475563,
                52.666871
              ],
              [
                13.475549,
                52.667277
              ],
              [
                13.475683,
                52.667539
              ],
              [
                13.475302,
                52.667904
              ],
              [
                13.474588,
                52.668065
              ],
              [
                13.474533,
                52.668223
              ],
              [
                13.476468,
                52.671362
              ],
              [
                13.477266,
                52.672074
              ],
              [
                13.479845,
                52.674722
              ],
              [
                13.480083,
                52.674858
              ],
              [
                13.479487,
                52.675509
              ],
              [
                13.477274,
                52.673904
              ],
              [
                13.475521,
                52.675024
              ],
              [
                13.470713,
                52.671026
              ],
              [
                13.470523,
                52.671074
              ],
              [
                13.465926,
                52.667121
              ],
              [
                13.459549,
                52.668978
              ],
              [
                13.455501,
                52.665748
              ],
              [
                13.455215,
                52.665637
              ],
              [
                13.450782,
                52.662668
              ],
              [
                13.453945,
                52.661849
              ],
              [
                13.462382,
                52.657539
              ],
              [
                13.473509,
                52.65653
              ],
              [
                13.473529,
                52.656374
              ],
              [
                13.474123,
                52.655946
              ],
              [
                13.47426,
                52.655753
              ],
              [
                13.474036,
                52.65486
              ],
              [
                13.474026,
                52.654559
              ],
              [
                13.474113,
                52.654514
              ],
              [
                13.473905,
                52.65412
              ],
              [
                13.473612,
                52.653916
              ],
              [
                13.472172,
                52.653414
              ],
              [
                13.471094,
                52.652662
              ],
              [
                13.470492,
                52.652363
              ],
              [
                13.469964,
                52.651864
              ],
              [
                13.469267,
                52.651666
              ],
              [
                13.468763,
                52.651735
              ],
              [
                13.468488,
                52.651638
              ],
              [
                13.467661,
                52.65159
              ],
              [
                13.467075,
                52.651656
              ],
              [
                13.46572,
                52.65117
              ],
              [
                13.465018,
                52.650738
              ],
              [
                13.464262,
                52.650518
              ],
              [
                13.464251,
                52.650419
              ],
              [
                13.463865,
                52.650377
              ],
              [
                13.46305,
                52.64992
              ],
              [
                13.462209,
                52.648897
              ],
              [
                13.46047,
                52.648496
              ],
              [
                13.459732,
                52.648083
              ],
              [
                13.456455,
                52.648416
              ],
              [
                13.452087,
                52.648702
              ],
              [
                13.452098,
                52.649672
              ],
              [
                13.451688,
                52.649626
              ],
              [
                13.451595,
                52.649743
              ],
              [
                13.450977,
                52.649852
              ],
              [
                13.448781,
                52.65
              ],
              [
                13.44749,
                52.650026
              ],
              [
                13.44491,
                52.649503
              ],
              [
                13.443306,
                52.649538
              ],
              [
                13.443198,
                52.649351
              ],
              [
                13.442892,
                52.649362
              ],
              [
                13.442771,
                52.649127
              ],
              [
                13.441611,
                52.649025
              ],
              [
                13.441652,
                52.649329
              ],
              [
                13.441544,
                52.649387
              ],
              [
                13.44082,
                52.649265
              ],
              [
                13.439788,
                52.645268
              ],
              [
                13.439079,
                52.645217
              ],
              [
                13.435704,
                52.644665
              ],
              [
                13.434006,
                52.644282
              ],
              [
                13.43382,
                52.643821
              ],
              [
                13.433387,
                52.641472
              ],
              [
                13.434258,
                52.637955
              ],
              [
                13.432716,
                52.637379
              ],
              [
                13.42763,
                52.637514
              ],
              [
                13.424374,
                52.635578
              ],
              [
                13.424351,
                52.635468
              ],
              [
                13.420814,
                52.637396
              ],
              [
                13.416559,
                52.63943
              ],
              [
                13.414259,
                52.641239
              ],
              [
                13.414752,
                52.641779
              ],
              [
                13.414735,
                52.642387
              ],
              [
                13.414422,
                52.642512
              ],
              [
                13.413632,
                52.642465
              ],
              [
                13.412291,
                52.643483
              ],
              [
                13.407886,
                52.642685
              ],
              [
                13.406588,
                52.643847
              ],
              [
                13.403892,
                52.644863
              ],
              [
                13.403118,
                52.645255
              ],
              [
                13.397908,
                52.648115
              ],
              [
                13.397938,
                52.64829
              ],
              [
                13.397269,
                52.648151
              ],
              [
                13.396837,
                52.647832
              ],
              [
                13.396805,
                52.647694
              ],
              [
                13.39639,
                52.647425
              ],
              [
                13.395202,
                52.64744
              ],
              [
                13.394502,
                52.647533
              ],
              [
                13.39435,
                52.647184
              ],
              [
                13.393907,
                52.646691
              ],
              [
                13.393864,
                52.646317
              ],
              [
                13.393345,
                52.646158
              ],
              [
                13.393145,
                52.645965
              ],
              [
                13.393138,
                52.64588
              ],
              [
                13.393299,
                52.645798
              ],
              [
                13.392927,
                52.645562
              ],
              [
                13.393173,
                52.645411
              ],
              [
                13.393041,
                52.645314
              ],
              [
                13.392846,
                52.645323
              ],
              [
                13.392847,
                52.645468
              ],
              [
                13.39272,
                52.645308
              ],
              [
                13.392946,
                52.645233
              ],
              [
                13.392383,
                52.644984
              ],
              [
                13.392403,
                52.644782
              ],
              [
                13.392091,
                52.644822
              ],
              [
                13.39191,
                52.644751
              ],
              [
                13.391984,
                52.644603
              ],
              [
                13.392328,
                52.644404
              ],
              [
                13.39217,
                52.644348
              ],
              [
                13.391958,
                52.644461
              ],
              [
                13.392011,
                52.644322
              ],
              [
                13.391828,
                52.644199
              ],
              [
                13.391897,
                52.644109
              ],
              [
                13.392162,
                52.64414
              ],
              [
                13.392173,
                52.644045
              ],
              [
                13.391743,
                52.643841
              ],
              [
                13.392205,
                52.643827
              ],
              [
                13.392285,
                52.643705
              ],
              [
                13.391737,
                52.643717
              ],
              [
                13.391499,
                52.643633
              ],
              [
                13.392068,
                52.643577
              ],
              [
                13.392287,
                52.643652
              ],
              [
                13.392225,
                52.643251
              ],
              [
                13.391975,
                52.643293
              ],
              [
                13.391972,
                52.643475
              ],
              [
                13.391833,
                52.643392
              ],
              [
                13.391298,
                52.643548
              ],
              [
                13.391303,
                52.643178
              ],
              [
                13.391116,
                52.643211
              ],
              [
                13.39115,
                52.64307
              ],
              [
                13.390665,
                52.642621
              ],
              [
                13.390856,
                52.642598
              ],
              [
                13.390896,
                52.642472
              ],
              [
                13.390773,
                52.642404
              ],
              [
                13.390415,
                52.642477
              ],
              [
                13.390144,
                52.642436
              ],
              [
                13.390588,
                52.642193
              ],
              [
                13.390366,
                52.642097
              ],
              [
                13.390204,
                52.642154
              ],
              [
                13.390313,
                52.64195
              ],
              [
                13.39026,
                52.641889
              ],
              [
                13.390462,
                52.641824
              ],
              [
                13.390168,
                52.64175
              ],
              [
                13.390044,
                52.64157
              ],
              [
                13.390099,
                52.641499
              ],
              [
                13.390334,
                52.641554
              ],
              [
                13.390378,
                52.641465
              ],
              [
                13.390181,
                52.641347
              ],
              [
                13.389817,
                52.641422
              ],
              [
                13.389884,
                52.641522
              ],
              [
                13.389657,
                52.64152
              ],
              [
                13.389684,
                52.641225
              ],
              [
                13.390047,
                52.641185
              ],
              [
                13.389912,
                52.640994
              ],
              [
                13.390097,
                52.640952
              ],
              [
                13.390115,
                52.640839
              ],
              [
                13.390399,
                52.640851
              ],
              [
                13.390133,
                52.640509
              ],
              [
                13.389909,
                52.640539
              ],
              [
                13.390446,
                52.640146
              ],
              [
                13.390386,
                52.639985
              ],
              [
                13.390605,
                52.639915
              ],
              [
                13.390151,
                52.639676
              ],
              [
                13.389869,
                52.639399
              ],
              [
                13.389611,
                52.639373
              ],
              [
                13.389932,
                52.639123
              ],
              [
                13.389604,
                52.639019
              ],
              [
                13.389605,
                52.638946
              ],
              [
                13.389759,
                52.638902
              ],
              [
                13.389437,
                52.638837
              ],
              [
                13.389817,
                52.638847
              ],
              [
                13.389816,
                52.638781
              ],
              [
                13.389563,
                52.63858
              ],
              [
                13.389354,
                52.638252
              ],
              [
                13.389059,
                52.638131
              ],
              [
                13.389326,
                52.637955
              ],
              [
                13.389275,
                52.637856
              ],
              [
                13.388942,
                52.63786
              ],
              [
                13.389203,
                52.637625
              ],
              [
                13.388619,
                52.637594
              ],
              [
                13.388304,
                52.637419
              ],
              [
                13.388334,
                52.637256
              ],
              [
                13.388175,
                52.637163
              ],
              [
                13.387617,
                52.637239
              ],
              [
                13.387054,
                52.636988
              ],
              [
                13.386693,
                52.637023
              ],
              [
                13.386534,
                52.636872
              ],
              [
                13.386358,
                52.636928
              ],
              [
                13.386374,
                52.636744
              ],
              [
                13.386119,
                52.636783
              ],
              [
                13.385735,
                52.636581
              ],
              [
                13.385529,
                52.636629
              ],
              [
                13.38515,
                52.63652
              ],
              [
                13.385096,
                52.636474
              ],
              [
                13.385211,
                52.63635
              ],
              [
                13.385081,
                52.636265
              ],
              [
                13.384913,
                52.636293
              ],
              [
                13.384761,
                52.636449
              ],
              [
                13.384529,
                52.636245
              ],
              [
                13.384307,
                52.636392
              ],
              [
                13.384207,
                52.636231
              ],
              [
                13.384026,
                52.636185
              ],
              [
                13.383835,
                52.636323
              ],
              [
                13.383934,
                52.636463
              ],
              [
                13.383498,
                52.636435
              ],
              [
                13.383327,
                52.636637
              ],
              [
                13.382958,
                52.636351
              ],
              [
                13.382188,
                52.636474
              ],
              [
                13.382129,
                52.636339
              ],
              [
                13.382029,
                52.636311
              ],
              [
                13.381811,
                52.636398
              ],
              [
                13.382049,
                52.636083
              ],
              [
                13.382062,
                52.636022
              ],
              [
                13.38193,
                52.635952
              ],
              [
                13.382689,
                52.635746
              ],
              [
                13.382857,
                52.635218
              ],
              [
                13.380574,
                52.634518
              ],
              [
                13.37997,
                52.634405
              ],
              [
                13.380102,
                52.634279
              ],
              [
                13.379402,
                52.633874
              ],
              [
                13.378708,
                52.634355
              ],
              [
                13.378246,
                52.633989
              ],
              [
                13.377683,
                52.63339
              ],
              [
                13.377733,
                52.633185
              ],
              [
                13.377617,
                52.633073
              ],
              [
                13.377274,
                52.633189
              ],
              [
                13.376791,
                52.632917
              ],
              [
                13.37679,
                52.632782
              ],
              [
                13.377058,
                52.632824
              ],
              [
                13.37719,
                52.632672
              ],
              [
                13.377035,
                52.632509
              ],
              [
                13.376561,
                52.632414
              ],
              [
                13.376886,
                52.632288
              ],
              [
                13.376869,
                52.632176
              ],
              [
                13.376472,
                52.632142
              ],
              [
                13.376533,
                52.63194
              ],
              [
                13.376357,
                52.631785
              ],
              [
                13.375821,
                52.631608
              ],
              [
                13.375972,
                52.631482
              ],
              [
                13.37624,
                52.631458
              ],
              [
                13.376343,
                52.631368
              ],
              [
                13.376155,
                52.631143
              ],
              [
                13.376278,
                52.630809
              ],
              [
                13.376802,
                52.630026
              ],
              [
                13.377021,
                52.629818
              ],
              [
                13.376824,
                52.629536
              ],
              [
                13.377021,
                52.629336
              ],
              [
                13.37685,
                52.629157
              ],
              [
                13.376444,
                52.629254
              ],
              [
                13.376364,
                52.629212
              ],
              [
                13.376604,
                52.629076
              ],
              [
                13.376678,
                52.628896
              ],
              [
                13.37613,
                52.628935
              ],
              [
                13.375965,
                52.629081
              ],
              [
                13.375827,
                52.629035
              ],
              [
                13.376266,
                52.628751
              ],
              [
                13.376366,
                52.628622
              ],
              [
                13.376375,
                52.628379
              ],
              [
                13.376197,
                52.628334
              ],
              [
                13.375728,
                52.628448
              ],
              [
                13.375452,
                52.628679
              ],
              [
                13.375232,
                52.628606
              ],
              [
                13.375043,
                52.62823
              ],
              [
                13.374781,
                52.627971
              ],
              [
                13.374633,
                52.627999
              ],
              [
                13.374572,
                52.627768
              ],
              [
                13.374187,
                52.627918
              ],
              [
                13.374141,
                52.627678
              ],
              [
                13.373545,
                52.627799
              ],
              [
                13.372977,
                52.627446
              ],
              [
                13.372688,
                52.627573
              ],
              [
                13.372324,
                52.627271
              ],
              [
                13.371606,
                52.627401
              ],
              [
                13.3716,
                52.62721
              ],
              [
                13.371482,
                52.627161
              ],
              [
                13.370794,
                52.627373
              ],
              [
                13.370438,
                52.627037
              ],
              [
                13.370292,
                52.626998
              ],
              [
                13.370175,
                52.62707
              ],
              [
                13.370231,
                52.626823
              ],
              [
                13.369871,
                52.626688
              ],
              [
                13.36983,
                52.626516
              ],
              [
                13.369548,
                52.626252
              ],
              [
                13.36951,
                52.626015
              ],
              [
                13.369136,
                52.626033
              ],
              [
                13.369162,
                52.62583
              ],
              [
                13.368531,
                52.625579
              ],
              [
                13.368243,
                52.625675
              ],
              [
                13.367968,
                52.625577
              ],
              [
                13.367684,
                52.625716
              ],
              [
                13.367656,
                52.626006
              ],
              [
                13.367294,
                52.625884
              ],
              [
                13.367218,
                52.625752
              ],
              [
                13.366938,
                52.625851
              ],
              [
                13.366928,
                52.625346
              ],
              [
                13.367111,
                52.6254
              ],
              [
                13.367194,
                52.625314
              ],
              [
                13.367304,
                52.625023
              ],
              [
                13.367932,
                52.624041
              ],
              [
                13.369519,
                52.622257
              ],
              [
                13.371554,
                52.619695
              ],
              [
                13.375228,
                52.614226
              ],
              [
                13.375717,
                52.613239
              ],
              [
                13.376284,
                52.611129
              ],
              [
                13.376354,
                52.609322
              ],
              [
                13.376212,
                52.607739
              ],
              [
                13.374266,
                52.604767
              ],
              [
                13.370572,
                52.599479
              ],
              [
                13.360648,
                52.591268
              ],
              [
                13.359129,
                52.591093
              ],
              [
                13.355693,
                52.590887
              ],
              [
                13.354149,
                52.590909
              ],
              [
                13.351757,
                52.590794
              ],
              [
                13.350197,
                52.590605
              ],
              [
                13.347557,
                52.590083
              ]
            ]
          ],
          [
            [
              [
                13.3929209,
                52.6456661
              ],
              [
                13.3928474,
                52.6456616
              ],
              [
                13.3927442,
                52.6456438
              ],
              [
                13.3927005,
                52.6455817
              ],
              [
                13.3927858,
                52.6454947
              ],
              [
                13.3929209,
                52.6456661
              ]
            ]
          ],
          [
            [
              [
                13.3930665,
                52.6460089
              ],
              [
                13.3930902,
                52.6460336
              ],
              [
                13.3930208,
                52.6460056
              ],
              [
                13.3930177,
                52.64593
              ],
              [
                13.393058,
                52.6459089
              ],
              [
                13.3930665,
                52.6460089
              ]
            ]
          ],
          [
            [
              [
                13.4335839,
                52.64189
              ],
              [
                13.4336264,
                52.6421286
              ],
              [
                13.4340492,
                52.6421656
              ],
              [
                13.4339193,
                52.6419788
              ],
              [
                13.4335839,
                52.64189
              ]
            ]
          ],
          [
            [
              [
                13.504848,
                52.619615
              ],
              [
                13.505451,
                52.61989
              ],
              [
                13.505436,
                52.619685
              ],
              [
                13.503438,
                52.618993
              ],
              [
                13.503777,
                52.619212
              ],
              [
                13.504848,
                52.619615
              ]
            ]
          ]
        ]
      }
    },
    {
      "type": "Feature",
      "properties": {
        "name": "Charlottenburg-Wilmersdorf",
        "slug": "charlottenburg-wilmersdorf",
        "osm_relation": 404538,
        "in": {
          "en": "in Charlottenburg-Wilmersdorf",
          "de": "in Charlottenburg-Wilmersdorf"
        }
      },
      "geometry": {
        "type": "MultiPolygon",
        "coordinates": [
          [
            [
              [
                13.188168,
                52.471837
              ],
              [
                13.188288,
                52.474183
              ],
              [
                13.187245,
                52.478656
              ],
              [
                13.190158,
                52.482612
              ],
              [
                13.18983,
                52.484335
              ],
              [
                13.187145,
                52.487132
              ],
              [
                13.186595,
                52.489298
              ],
              [
                13.187572,
                52.491232
              ],
              [
                13.189592,
                52.492941
              ],
              [
                13.189432,
                52.494986
              ],
              [
                13.18982,
                52.497543
              ],
              [
                13.191709,
                52.498691
              ],
              [
                13.195215,
                52.499741
              ],
              [
                13.19819,
                52.499792
              ],
              [
                13.199082,
                52.499888
              ],
              [
                13.20517,
                52.501363
              ],
              [
                13.209729,
                52.502907
              ],
              [
                13.209346,
                52.504302
              ],
              [
                13.208762,
                52.505046
              ],
              [
                13.20933,
                52.505875
              ],
              [
                13.2105,
                52.507202
              ],
              [
                13.211013,
                52.508522
              ],
              [
                13.211861,
                52.509347
              ],
              [
                13.213231,
                52.509097
              ],
              [
                13.214085,
                52.509101
              ],
              [
                13.214546,
                52.509368
              ],
              [
                13.215582,
                52.50916
              ],
              [
                13.215696,
                52.509365
              ],
              [
                13.214978,
                52.509506
              ],
              [
                13.215867,
                52.510681
              ],
              [
                13.216201,
                52.511341
              ],
              [
                13.216477,
                52.511701
              ],
              [
                13.217447,
                52.512407
              ],
              [
                13.21847,
                52.513404
              ],
              [
                13.218835,
                52.513369
              ],
              [
                13.219456,
                52.513994
              ],
              [
                13.21968,
                52.514008
              ],
              [
                13.219752,
                52.513576
              ],
              [
                13.220947,
                52.513622
              ],
              [
                13.220377,
                52.514285
              ],
              [
                13.219919,
                52.516089
              ],
              [
                13.219507,
                52.521226
              ],
              [
                13.219662,
                52.521825
              ],
              [
                13.220301,
                52.523209
              ],
              [
                13.221756,
                52.525626
              ],
              [
                13.221615,
                52.525639
              ],
              [
                13.221721,
                52.525793
              ],
              [
                13.221816,
                52.525763
              ],
              [
                13.222042,
                52.526129
              ],
              [
                13.223839,
                52.52588
              ],
              [
                13.225917,
                52.525769
              ],
              [
                13.227282,
                52.525592
              ],
              [
                13.228072,
                52.525688
              ],
              [
                13.228223,
                52.525995
              ],
              [
                13.230909,
                52.525856
              ],
              [
                13.231324,
                52.52573
              ],
              [
                13.236229,
                52.526094
              ],
              [
                13.237628,
                52.526121
              ],
              [
                13.238726,
                52.526079
              ],
              [
                13.23982,
                52.525858
              ],
              [
                13.239982,
                52.526129
              ],
              [
                13.240202,
                52.525978
              ],
              [
                13.242249,
                52.525543
              ],
              [
                13.246168,
                52.524491
              ],
              [
                13.246231,
                52.524556
              ],
              [
                13.247492,
                52.524277
              ],
              [
                13.247716,
                52.524639
              ],
              [
                13.247697,
                52.524888
              ],
              [
                13.247446,
                52.52528
              ],
              [
                13.247254,
                52.525817
              ],
              [
                13.247127,
                52.527228
              ],
              [
                13.246899,
                52.527532
              ],
              [
                13.246341,
                52.527689
              ],
              [
                13.246704,
                52.528387
              ],
              [
                13.247229,
                52.528021
              ],
              [
                13.248202,
                52.527631
              ],
              [
                13.249806,
                52.527179
              ],
              [
                13.25688,
                52.527202
              ],
              [
                13.259851,
                52.527487
              ],
              [
                13.26292,
                52.528356
              ],
              [
                13.264571,
                52.528672
              ],
              [
                13.268921,
                52.528978
              ],
              [
                13.273855,
                52.528826
              ],
              [
                13.274683,
                52.528867
              ],
              [
                13.276589,
                52.529577
              ],
              [
                13.276959,
                52.529764
              ],
              [
                13.276861,
                52.52975
              ],
              [
                13.276965,
                52.529854
              ],
              [
                13.278208,
                52.530253
              ],
              [
                13.279325,
                52.530324
              ],
              [
                13.280214,
                52.530227
              ],
              [
                13.280847,
                52.53006
              ],
              [
                13.281257,
                52.530579
              ],
              [
                13.282466,
                52.533981
              ],
              [
                13.28029,
                52.534363
              ],
              [
                13.276275,
                52.535639
              ],
              [
                13.276325,
                52.535699
              ],
              [
                13.276246,
                52.535722
              ],
              [
                13.276207,
                52.536031
              ],
              [
                13.27603,
                52.536444
              ],
              [
                13.275472,
                52.537241
              ],
              [
                13.275593,
                52.537265
              ],
              [
                13.275531,
                52.537367
              ],
              [
                13.275228,
                52.537692
              ],
              [
                13.274397,
                52.538232
              ],
              [
                13.273929,
                52.538429
              ],
              [
                13.27259,
                52.5388
              ],
              [
                13.272792,
                52.539313
              ],
              [
                13.27254,
                52.539362
              ],
              [
                13.273613,
                52.542285
              ],
              [
                13.273597,
                52.542432
              ],
              [
                13.270662,
                52.547886
              ],
              [
                13.269976,
                52.548558
              ],
              [
                13.269979,
                52.548654
              ],
              [
                13.270307,
                52.548651
              ],
              [
                13.270341,
                52.54934
              ],
              [
                13.270606,
                52.549344
              ],
              [
                13.270593,
                52.549434
              ],
              [
                13.271997,
                52.549383
              ],
              [
                13.272106,
                52.549305
              ],
              [
                13.301538,
                52.548807
              ],
              [
                13.317956,
                52.548241
              ],
              [
                13.319329,
                52.547293
              ],
              [
                13.320285,
                52.546445
              ],
              [
                13.322887,
                52.544519
              ],
              [
                13.326234,
                52.541874
              ],
              [
                13.327325,
                52.54143
              ],
              [
                13.327142,
                52.539733
              ],
              [
                13.32719,
                52.539647
              ],
              [
                13.329137,
                52.538235
              ],
              [
                13.328387,
                52.538024
              ],
              [
                13.326805,
                52.537742
              ],
              [
                13.325918,
                52.537621
              ],
              [
                13.32585,
                52.537669
              ],
              [
                13.311428,
                52.535624
              ],
              [
                13.312552,
                52.532642
              ],
              [
                13.31292,
                52.532203
              ],
              [
                13.313078,
                52.531881
              ],
              [
                13.317296,
                52.532372
              ],
              [
                13.317074,
                52.532051
              ],
              [
                13.317325,
                52.531531
              ],
              [
                13.316614,
                52.531162
              ],
              [
                13.316747,
                52.530905
              ],
              [
                13.313356,
                52.530261
              ],
              [
                13.316802,
                52.520923
              ],
              [
                13.317798,
                52.520367
              ],
              [
                13.318777,
                52.52112
              ],
              [
                13.318687,
                52.522076
              ],
              [
                13.3189,
                52.522943
              ],
              [
                13.319465,
                52.523706
              ],
              [
                13.31979,
                52.523946
              ],
              [
                13.321103,
                52.524466
              ],
              [
                13.323251,
                52.524705
              ],
              [
                13.32411,
                52.524662
              ],
              [
                13.325053,
                52.524479
              ],
              [
                13.325819,
                52.524234
              ],
              [
                13.326985,
                52.523695
              ],
              [
                13.328659,
                52.522551
              ],
              [
                13.329204,
                52.521915
              ],
              [
                13.329454,
                52.521454
              ],
              [
                13.329538,
                52.520704
              ],
              [
                13.329095,
                52.519169
              ],
              [
                13.329178,
                52.518646
              ],
              [
                13.329638,
                52.517953
              ],
              [
                13.330728,
                52.517207
              ],
              [
                13.332203,
                52.516714
              ],
              [
                13.333222,
                52.516668
              ],
              [
                13.334215,
                52.516771
              ],
              [
                13.334793,
                52.515504
              ],
              [
                13.335333,
                52.515039
              ],
              [
                13.335379,
                52.514859
              ],
              [
                13.336148,
                52.514378
              ],
              [
                13.335928,
                52.513961
              ],
              [
                13.336111,
                52.513968
              ],
              [
                13.335855,
                52.513301
              ],
              [
                13.331764,
                52.513016
              ],
              [
                13.331652,
                52.512934
              ],
              [
                13.331652,
                52.512812
              ],
              [
                13.331554,
                52.512792
              ],
              [
                13.331395,
                52.512885
              ],
              [
                13.330555,
                52.512831
              ],
              [
                13.330735,
                52.512535
              ],
              [
                13.331184,
                52.51231
              ],
              [
                13.333747,
                52.511717
              ],
              [
                13.334027,
                52.511715
              ],
              [
                13.333578,
                52.511384
              ],
              [
                13.332808,
                52.510993
              ],
              [
                13.330043,
                52.510075
              ],
              [
                13.333899,
                52.508846
              ],
              [
                13.333968,
                52.508976
              ],
              [
                13.334403,
                52.508907
              ],
              [
                13.334733,
                52.508696
              ],
              [
                13.334872,
                52.508461
              ],
              [
                13.334838,
                52.508147
              ],
              [
                13.333732,
                52.506696
              ],
              [
                13.333992,
                52.506612
              ],
              [
                13.333859,
                52.506505
              ],
              [
                13.334665,
                52.50613
              ],
              [
                13.33474,
                52.506181
              ],
              [
                13.335583,
                52.505827
              ],
              [
                13.336602,
                52.505721
              ],
              [
                13.338641,
                52.505926
              ],
              [
                13.339105,
                52.505117
              ],
              [
                13.340021,
                52.505185
              ],
              [
                13.340977,
                52.50507
              ],
              [
                13.341429,
                52.504935
              ],
              [
                13.336906,
                52.500867
              ],
              [
                13.339185,
                52.499983
              ],
              [
                13.337979,
                52.497839
              ],
              [
                13.337304,
                52.495978
              ],
              [
                13.337385,
                52.495987
              ],
              [
                13.33737,
                52.495848
              ],
              [
                13.337273,
                52.495863
              ],
              [
                13.337333,
                52.494779
              ],
              [
                13.337447,
                52.494787
              ],
              [
                13.337447,
                52.494072
              ],
              [
                13.337349,
                52.494066
              ],
              [
                13.337125,
                52.492302
              ],
              [
                13.337217,
                52.492314
              ],
              [
                13.337066,
                52.491001
              ],
              [
                13.337553,
                52.490722
              ],
              [
                13.337315,
                52.490486
              ],
              [
                13.33695,
                52.490362
              ],
              [
                13.3369,
                52.489679
              ],
              [
                13.337057,
                52.488475
              ],
              [
                13.33714,
                52.488398
              ],
              [
                13.337215,
                52.488048
              ],
              [
                13.337147,
                52.488043
              ],
              [
                13.337057,
                52.485923
              ],
              [
                13.337136,
                52.485918
              ],
              [
                13.337181,
                52.485674
              ],
              [
                13.337085,
                52.485677
              ],
              [
                13.337124,
                52.482535
              ],
              [
                13.337205,
                52.482528
              ],
              [
                13.337049,
                52.482088
              ],
              [
                13.337052,
                52.480708
              ],
              [
                13.337169,
                52.480354
              ],
              [
                13.337164,
                52.480115
              ],
              [
                13.337059,
                52.479889
              ],
              [
                13.337063,
                52.478133
              ],
              [
                13.332985,
                52.477849
              ],
              [
                13.332868,
                52.477416
              ],
              [
                13.3204,
                52.477472
              ],
              [
                13.320134,
                52.470523
              ],
              [
                13.320526,
                52.470266
              ],
              [
                13.320522,
                52.470131
              ],
              [
                13.320112,
                52.46981
              ],
              [
                13.320001,
                52.466997
              ],
              [
                13.311576,
                52.467121
              ],
              [
                13.31114,
                52.467113
              ],
              [
                13.310694,
                52.466932
              ],
              [
                13.30906,
                52.467717
              ],
              [
                13.308535,
                52.467457
              ],
              [
                13.307554,
                52.467863
              ],
              [
                13.306593,
                52.467567
              ],
              [
                13.298084,
                52.468954
              ],
              [
                13.290205,
                52.47044
              ],
              [
                13.29015,
                52.470126
              ],
              [
                13.289926,
                52.469995
              ],
              [
                13.289242,
                52.470531
              ],
              [
                13.281258,
                52.468903
              ],
              [
                13.278688,
                52.46853
              ],
              [
                13.278687,
                52.46861
              ],
              [
                13.278334,
                52.468569
              ],
              [
                13.278338,
                52.468636
              ],
              [
                13.272446,
                52.46794
              ],
              [
                13.272308,
                52.467852
              ],
              [
                13.264944,
                52.467059
              ],
              [
                13.262725,
                52.467022
              ],
              [
                13.262441,
                52.467185
              ],
              [
                13.262495,
                52.467526
              ],
              [
                13.261664,
                52.467762
              ],
              [
                13.260805,
                52.467247
              ],
              [
                13.259238,
                52.466677
              ],
              [
                13.25903,
                52.466505
              ],
              [
                13.255548,
                52.466739
              ],
              [
                13.252778,
                52.466697
              ],
              [
                13.247836,
                52.467537
              ],
              [
                13.247367,
                52.467712
              ],
              [
                13.246753,
                52.467738
              ],
              [
                13.238348,
                52.469194
              ],
              [
                13.235078,
                52.46967
              ],
              [
                13.233894,
                52.470117
              ],
              [
                13.231474,
                52.470756
              ],
              [
                13.230223,
                52.470747
              ],
              [
                13.228689,
                52.470486
              ],
              [
                13.226798,
                52.47036
              ],
              [
                13.22552,
                52.470127
              ],
              [
                13.223776,
                52.469985
              ],
              [
                13.21616,
                52.470095
              ],
              [
                13.213988,
                52.469797
              ],
              [
                13.213347,
                52.469619
              ],
              [
                13.212184,
                52.469556
              ],
              [
                13.211578,
                52.469439
              ],
              [
                13.210328,
                52.469719
              ],
              [
                13.210195,
                52.469664
              ],
              [
                13.208261,
                52.46994
              ],
              [
                13.206636,
                52.470324
              ],
              [
                13.205013,
                52.470523
              ],
              [
                13.203748,
                52.470499
              ],
              [
                13.202206,
                52.470159
              ],
              [
                13.201727,
                52.469981
              ],
              [
                13.200715,
                52.46904
              ],
              [
                13.199271,
                52.468746
              ],
              [
                13.198073,
                52.469021
              ],
              [
                13.197934,
                52.469133
              ],
              [
                13.197732,
                52.469359
              ],
              [
                13.197618,
                52.469737
              ],
              [
                13.197729,
                52.470349
              ],
              [
                13.197593,
                52.470629
              ],
              [
                13.196996,
                52.471169
              ],
              [
                13.196621,
                52.471347
              ],
              [
                13.195241,
                52.471253
              ],
              [
                13.194573,
                52.470983
              ],
              [
                13.188168,
                52.471837
              ]
            ]
          ]
        ]
      }
    },
    {
      "type": "Feature",
      "properties": {
        "name": "Spandau",
        "slug": "spandau",
        "osm_relation": 16343,
        "in": {
          "en": "in Spandau",
          "de": "in Spandau"
        }
      },
      "geometry": {
        "type": "MultiPolygon",
        "coordinates": [
          [
            [
              [
                13.109316,
                52.450709
              ],
              [
                13.109295,
                52.450635
              ],
              [
                13.115365,
                52.445652
              ],
              [
                13.116627,
                52.445174
              ],
              [
                13.119011,
                52.444009
              ],
              [
                13.119136,
                52.443775
              ],
              [
                13.119018,
                52.442966
              ],
              [
                13.119931,
                52.441521
              ],
              [
                13.123121,
                52.439615
              ],
              [
                13.124118,
                52.440673
              ],
              [
                13.126879,
                52.441145
              ],
              [
                13.128048,
                52.440961
              ],
              [
                13.129465,
                52.441305
              ],
              [
                13.130797,
                52.441411
              ],
              [
                13.131718,
                52.441104
              ],
              [
                13.133262,
                52.442083
              ],
              [
                13.136059,
                52.44238
              ],
              [
                13.148507,
                52.443371
              ],
              [
                13.154508,
                52.446586
              ],
              [
                13.15812,
                52.449505
              ],
              [
                13.161731,
                52.452137
              ],
              [
                13.170853,
                52.456119
              ],
              [
                13.177417,
                52.455916
              ],
              [
                13.181219,
                52.459627
              ],
              [
                13.185295,
                52.462563
              ],
              [
                13.186632,
                52.466546
              ],
              [
                13.188168,
                52.471837
              ],
              [
                13.188288,
                52.474183
              ],
              [
                13.187245,
                52.478656
              ],
              [
                13.190158,
                52.482612
              ],
              [
                13.18983,
                52.484335
              ],
              [
                13.187145,
                52.487132
              ],
              [
                13.186595,
                52.489298
              ],
              [
                13.187572,
                52.491232
              ],
              [
                13.189592,
                52.492941
              ],
              [
                13.189432,
                52.494986
              ],
              [
                13.18982,
                52.497543
              ],
              [
                13.191709,
                52.498691
              ],
              [
                13.195215,
                52.499741
              ],
              [
                13.19819,
                52.499792
              ],
              [
                13.199082,
                52.499888
              ],
              [
                13.20517,
                52.501363
              ],
              [
                13.209729,
                52.502907
              ],
              [
                13.209346,
                52.504302
              ],
              [
                13.208762,
                52.505046
              ],
              [
                13.20933,
                52.505875
              ],
              [
                13.2105,
                52.507202
              ],
              [
                13.211013,
                52.508522
              ],
              [
                13.211861,
                52.509347
              ],
              [
                13.213231,
                52.509097
              ],
              [
                13.214085,
                52.509101
              ],
              [
                13.214546,
                52.509368
              ],
              [
                13.215582,
                52.50916
              ],
              [
                13.215696,
                52.509365
              ],
              [
                13.214978,
                52.509506
              ],
              [
                13.215867,
                52.510681
              ],
              [
                13.216201,
                52.511341
              ],
              [
                13.216477,
                52.511701
              ],
              [
                13.217447,
                52.512407
              ],
              [
                13.21847,
                52.513404
              ],
              [
                13.218835,
                52.513369
              ],
              [
                13.219456,
                52.513994
              ],
              [
                13.21968,
                52.514008
              ],
              [
                13.219752,
                52.513576
              ],
              [
                13.220947,
                52.513622
              ],
              [
                13.220377,
                52.514285
              ],
              [
                13.219919,
                52.516089
              ],
              [
                13.219507,
                52.521226
              ],
              [
                13.219662,
                52.521825
              ],
              [
                13.220301,
                52.523209
              ],
              [
                13.221756,
                52.525626
              ],
              [
                13.221615,
                52.525639
              ],
              [
                13.221721,
                52.525793
              ],
              [
                13.221816,
                52.525763
              ],
              [
                13.222042,
                52.526129
              ],
              [
                13.223839,
                52.52588
              ],
              [
                13.225917,
                52.525769
              ],
              [
                13.227282,
                52.525592
              ],
              [
                13.228072,
                52.525688
              ],
              [
                13.228223,
                52.525995
              ],
              [
                13.230909,
                52.525856
              ],
              [
                13.231324,
                52.52573
              ],
              [
                13.236229,
                52.526094
              ],
              [
                13.237628,
                52.526121
              ],
              [
                13.238726,
                52.526079
              ],
              [
                13.23982,
                52.525858
              ],
              [
                13.239982,
                52.526129
              ],
              [
                13.240202,
                52.525978
              ],
              [
                13.242249,
                52.525543
              ],
              [
                13.246168,
                52.524491
              ],
              [
                13.246231,
                52.524556
              ],
              [
                13.247492,
                52.524277
              ],
              [
                13.247716,
                52.524639
              ],
              [
                13.247697,
                52.524888
              ],
              [
                13.247446,
                52.52528
              ],
              [
                13.247254,
                52.525817
              ],
              [
                13.247127,
                52.527228
              ],
              [
                13.246899,
                52.527532
              ],
              [
                13.246341,
                52.527689
              ],
              [
                13.246704,
                52.528387
              ],
              [
                13.247229,
                52.528021
              ],
              [
                13.248202,
                52.527631
              ],
              [
                13.249806,
                52.527179
              ],
              [
                13.25688,
                52.527202
              ],
              [
                13.259851,
                52.527487
              ],
              [
                13.263402,
                52.528465
              ],
              [
                13.265541,
                52.52877
              ],
              [
                13.268921,
                52.528978
              ],
              [
                13.273855,
                52.528826
              ],
              [
                13.274683,
                52.528867
              ],
              [
                13.276589,
                52.529577
              ],
              [
                13.276959,
                52.529764
              ],
              [
                13.276861,
                52.52975
              ],
              [
                13.276965,
                52.529854
              ],
              [
                13.278208,
                52.530253
              ],
              [
                13.279325,
                52.530324
              ],
              [
                13.280214,
                52.530227
              ],
              [
                13.280847,
                52.53006
              ],
              [
                13.281257,
                52.530579
              ],
              [
                13.282466,
                52.533981
              ],
              [
                13.28029,
                52.534363
              ],
              [
                13.276275,
                52.535639
              ],
              [
                13.276325,
                52.535699
              ],
              [
                13.276246,
                52.535722
              ],
              [
                13.276207,
                52.536031
              ],
              [
                13.27603,
                52.536444
              ],
              [
                13.275472,
                52.537241
              ],
              [
                13.275593,
                52.537265
              ],
              [
                13.275531,
                52.537367
              ],
              [
                13.275228,
                52.537692
              ],
              [
                13.274397,
                52.538232
              ],
              [
                13.273929,
                52.538429
              ],
              [
                13.27259,
                52.5388
              ],
              [
                13.272792,
                52.539313
              ],
              [
                13.27254,
                52.539362
              ],
              [
                13.273613,
                52.542285
              ],
              [
                13.273597,
                52.542432
              ],
              [
                13.270662,
                52.547886
              ],
              [
                13.269976,
                52.548558
              ],
              [
                13.269979,
                52.548654
              ],
              [
                13.270307,
                52.548651
              ],
              [
                13.270341,
                52.54934
              ],
              [
                13.258365,
                52.549577
              ],
              [
                13.256953,
                52.549676
              ],
              [
                13.255618,
                52.549869
              ],
              [
                13.253013,
                52.550443
              ],
              [
                13.250602,
                52.55134
              ],
              [
                13.249355,
                52.551928
              ],
              [
                13.241335,
                52.555919
              ],
              [
                13.241112,
                52.555949
              ],
              [
                13.239781,
                52.556535
              ],
              [
                13.231176,
                52.560795
              ],
              [
                13.230883,
                52.561067
              ],
              [
                13.230706,
                52.561435
              ],
              [
                13.229919,
                52.562067
              ],
              [
                13.228095,
                52.563306
              ],
              [
                13.227963,
                52.563501
              ],
              [
                13.227893,
                52.56382
              ],
              [
                13.227949,
                52.564053
              ],
              [
                13.228644,
                52.565287
              ],
              [
                13.228723,
                52.565746
              ],
              [
                13.228685,
                52.566023
              ],
              [
                13.228329,
                52.566647
              ],
              [
                13.227196,
                52.567594
              ],
              [
                13.227045,
                52.56781
              ],
              [
                13.226906,
                52.56875
              ],
              [
                13.226731,
                52.569315
              ],
              [
                13.225326,
                52.571188
              ],
              [
                13.225185,
                52.571784
              ],
              [
                13.225272,
                52.572602
              ],
              [
                13.225082,
                52.573135
              ],
              [
                13.224664,
                52.573608
              ],
              [
                13.223918,
                52.574202
              ],
              [
                13.222044,
                52.574933
              ],
              [
                13.220398,
                52.575949
              ],
              [
                13.218862,
                52.577146
              ],
              [
                13.217973,
                52.578538
              ],
              [
                13.218023,
                52.579695
              ],
              [
                13.218312,
                52.580966
              ],
              [
                13.218086,
                52.581459
              ],
              [
                13.217238,
                52.582381
              ],
              [
                13.215745,
                52.583266
              ],
              [
                13.215434,
                52.583526
              ],
              [
                13.215209,
                52.583874
              ],
              [
                13.215174,
                52.584333
              ],
              [
                13.215362,
                52.584761
              ],
              [
                13.216436,
                52.585715
              ],
              [
                13.217395,
                52.587478
              ],
              [
                13.211235,
                52.588228
              ],
              [
                13.207338,
                52.588376
              ],
              [
                13.206709,
                52.5866
              ],
              [
                13.205374,
                52.586854
              ],
              [
                13.200348,
                52.588769
              ],
              [
                13.198481,
                52.589009
              ],
              [
                13.197858,
                52.589242
              ],
              [
                13.196633,
                52.58952
              ],
              [
                13.193759,
                52.589831
              ],
              [
                13.191735,
                52.590193
              ],
              [
                13.19086,
                52.590475
              ],
              [
                13.189119,
                52.5914
              ],
              [
                13.186708,
                52.59211
              ],
              [
                13.185628,
                52.592554
              ],
              [
                13.184475,
                52.593379
              ],
              [
                13.18342,
                52.593694
              ],
              [
                13.181216,
                52.594029
              ],
              [
                13.178339,
                52.594882
              ],
              [
                13.176857,
                52.594921
              ],
              [
                13.174729,
                52.595109
              ],
              [
                13.173667,
                52.59533
              ],
              [
                13.173331,
                52.595478
              ],
              [
                13.172518,
                52.596039
              ],
              [
                13.171972,
                52.596291
              ],
              [
                13.170075,
                52.596789
              ],
              [
                13.167896,
                52.597012
              ],
              [
                13.166332,
                52.597904
              ],
              [
                13.164529,
                52.598797
              ],
              [
                13.157056,
                52.597627
              ],
              [
                13.153889,
                52.595714
              ],
              [
                13.152228,
                52.594152
              ],
              [
                13.149281,
                52.591874
              ],
              [
                13.143503,
                52.589706
              ],
              [
                13.141723,
                52.589335
              ],
              [
                13.139346,
                52.589055
              ],
              [
                13.138455,
                52.588869
              ],
              [
                13.137905,
                52.588704
              ],
              [
                13.135947,
                52.587545
              ],
              [
                13.13548,
                52.587368
              ],
              [
                13.132667,
                52.586923
              ],
              [
                13.131075,
                52.586932
              ],
              [
                13.128962,
                52.587305
              ],
              [
                13.12843,
                52.586017
              ],
              [
                13.129342,
                52.58593
              ],
              [
                13.127962,
                52.583128
              ],
              [
                13.129545,
                52.583274
              ],
              [
                13.129892,
                52.583227
              ],
              [
                13.13026,
                52.583039
              ],
              [
                13.130503,
                52.582774
              ],
              [
                13.13108,
                52.58166
              ],
              [
                13.131324,
                52.580921
              ],
              [
                13.131675,
                52.580229
              ],
              [
                13.132072,
                52.579777
              ],
              [
                13.132474,
                52.579607
              ],
              [
                13.136034,
                52.580106
              ],
              [
                13.137518,
                52.58053
              ],
              [
                13.139159,
                52.580388
              ],
              [
                13.140051,
                52.580802
              ],
              [
                13.142034,
                52.581341
              ],
              [
                13.143008,
                52.581525
              ],
              [
                13.143841,
                52.58157
              ],
              [
                13.144635,
                52.582033
              ],
              [
                13.14961,
                52.58336
              ],
              [
                13.149883,
                52.582878
              ],
              [
                13.15059,
                52.582594
              ],
              [
                13.15124,
                52.582211
              ],
              [
                13.151345,
                52.58204
              ],
              [
                13.151307,
                52.581653
              ],
              [
                13.151614,
                52.581106
              ],
              [
                13.151932,
                52.580569
              ],
              [
                13.152322,
                52.580158
              ],
              [
                13.153156,
                52.578945
              ],
              [
                13.153203,
                52.578291
              ],
              [
                13.15351,
                52.577906
              ],
              [
                13.153595,
                52.57746
              ],
              [
                13.15345,
                52.57678
              ],
              [
                13.15367,
                52.57577
              ],
              [
                13.153496,
                52.57538
              ],
              [
                13.153691,
                52.574781
              ],
              [
                13.153462,
                52.574546
              ],
              [
                13.153544,
                52.573256
              ],
              [
                13.152774,
                52.572484
              ],
              [
                13.152885,
                52.572017
              ],
              [
                13.152862,
                52.571599
              ],
              [
                13.152679,
                52.570975
              ],
              [
                13.152387,
                52.570463
              ],
              [
                13.151264,
                52.569987
              ],
              [
                13.151182,
                52.569151
              ],
              [
                13.15037,
                52.567976
              ],
              [
                13.150057,
                52.567066
              ],
              [
                13.149863,
                52.56676
              ],
              [
                13.148136,
                52.56519
              ],
              [
                13.147513,
                52.564403
              ],
              [
                13.147381,
                52.562463
              ],
              [
                13.147139,
                52.561452
              ],
              [
                13.14602,
                52.560865
              ],
              [
                13.145796,
                52.560606
              ],
              [
                13.146067,
                52.560398
              ],
              [
                13.146265,
                52.559334
              ],
              [
                13.146561,
                52.559159
              ],
              [
                13.146853,
                52.558617
              ],
              [
                13.146954,
                52.557673
              ],
              [
                13.146933,
                52.557041
              ],
              [
                13.147285,
                52.555834
              ],
              [
                13.147223,
                52.554935
              ],
              [
                13.146906,
                52.554282
              ],
              [
                13.146578,
                52.5541
              ],
              [
                13.146023,
                52.553379
              ],
              [
                13.145852,
                52.552933
              ],
              [
                13.145574,
                52.55272
              ],
              [
                13.14524,
                52.552524
              ],
              [
                13.144828,
                52.552479
              ],
              [
                13.144585,
                52.552548
              ],
              [
                13.144221,
                52.552116
              ],
              [
                13.143214,
                52.55208
              ],
              [
                13.141369,
                52.552462
              ],
              [
                13.137792,
                52.552573
              ],
              [
                13.136332,
                52.552707
              ],
              [
                13.13445,
                52.553351
              ],
              [
                13.133506,
                52.554
              ],
              [
                13.132488,
                52.554925
              ],
              [
                13.131017,
                52.555806
              ],
              [
                13.130468,
                52.555975
              ],
              [
                13.129888,
                52.554833
              ],
              [
                13.12698,
                52.548225
              ],
              [
                13.125643,
                52.545499
              ],
              [
                13.125279,
                52.544442
              ],
              [
                13.124963,
                52.543792
              ],
              [
                13.125604,
                52.543541
              ],
              [
                13.124184,
                52.539051
              ],
              [
                13.124073,
                52.539051
              ],
              [
                13.124014,
                52.538954
              ],
              [
                13.123339,
                52.537078
              ],
              [
                13.123102,
                52.536633
              ],
              [
                13.122157,
                52.535394
              ],
              [
                13.121795,
                52.535054
              ],
              [
                13.121236,
                52.533574
              ],
              [
                13.121197,
                52.533286
              ],
              [
                13.120343,
                52.532221
              ],
              [
                13.11996,
                52.531534
              ],
              [
                13.119501,
                52.530335
              ],
              [
                13.119198,
                52.529126
              ],
              [
                13.118505,
                52.523184
              ],
              [
                13.118324,
                52.520747
              ],
              [
                13.11738,
                52.51706
              ],
              [
                13.11928,
                52.517003
              ],
              [
                13.122778,
                52.517394
              ],
              [
                13.126994,
                52.517547
              ],
              [
                13.13007,
                52.517991
              ],
              [
                13.132606,
                52.51819
              ],
              [
                13.133599,
                52.5184
              ],
              [
                13.135843,
                52.518706
              ],
              [
                13.137437,
                52.518847
              ],
              [
                13.141495,
                52.519615
              ],
              [
                13.142674,
                52.519765
              ],
              [
                13.143181,
                52.519696
              ],
              [
                13.143569,
                52.519464
              ],
              [
                13.144357,
                52.519186
              ],
              [
                13.144821,
                52.518621
              ],
              [
                13.145039,
                52.518054
              ],
              [
                13.145634,
                52.517465
              ],
              [
                13.146521,
                52.517388
              ],
              [
                13.147504,
                52.517193
              ],
              [
                13.15182,
                52.51555
              ],
              [
                13.154385,
                52.514331
              ],
              [
                13.157375,
                52.513175
              ],
              [
                13.158588,
                52.512938
              ],
              [
                13.160265,
                52.512348
              ],
              [
                13.163385,
                52.511083
              ],
              [
                13.168823,
                52.509227
              ],
              [
                13.167974,
                52.508857
              ],
              [
                13.166683,
                52.507875
              ],
              [
                13.163768,
                52.505906
              ],
              [
                13.158538,
                52.50256
              ],
              [
                13.151226,
                52.49731
              ],
              [
                13.14959,
                52.496315
              ],
              [
                13.128334,
                52.479821
              ],
              [
                13.126277,
                52.478657
              ],
              [
                13.120683,
                52.477711
              ],
              [
                13.120502,
                52.477747
              ],
              [
                13.117693,
                52.47732
              ],
              [
                13.117552,
                52.474578
              ],
              [
                13.11736,
                52.47401
              ],
              [
                13.117235,
                52.47328
              ],
              [
                13.116206,
                52.47168
              ],
              [
                13.113788,
                52.4698
              ],
              [
                13.113954,
                52.468619
              ],
              [
                13.111855,
                52.467447
              ],
              [
                13.110556,
                52.465657
              ],
              [
                13.111429,
                52.463728
              ],
              [
                13.111341,
                52.461863
              ],
              [
                13.110503,
                52.459997
              ],
              [
                13.112407,
                52.458995
              ],
              [
                13.112557,
                52.45852
              ],
              [
                13.112671,
                52.45769
              ],
              [
                13.112174,
                52.455529
              ],
              [
                13.112011,
                52.454377
              ],
              [
                13.111354,
                52.453164
              ],
              [
                13.10991,
                52.45155
              ],
              [
                13.109316,
                52.450709
              ]
            ]
          ]
        ]
      }
    },
    {
      "type": "Feature",
      "properties": {
        "name": "Steglitz-Zehlendorf",
        "slug": "steglitz-zehlendorf",
        "osm_relation": 55734,
        "in": {
          "en": "in Steglitz-Zehlendorf",
          "de": "in Steglitz-Zehlendorf"
        }
      },
      "geometry": {
        "type": "MultiPolygon",
        "coordinates": [
          [
            [
              [
                13.088345,
                52.419632
              ],
              [
                13.090209,
                52.413551
              ],
              [
                13.090188,
                52.412731
              ],
              [
                13.090275,
                52.412214
              ],
              [
                13.090763,
                52.41156
              ],
              [
                13.092124,
                52.411242
              ],
              [
                13.093412,
                52.410537
              ],
              [
                13.097392,
                52.409419
              ],
              [
                13.097977,
                52.40994
              ],
              [
                13.098639,
                52.410261
              ],
              [
                13.098702,
                52.41033
              ],
              [
                13.098547,
                52.410389
              ],
              [
                13.098553,
                52.410464
              ],
              [
                13.098922,
                52.410754
              ],
              [
                13.098977,
                52.410959
              ],
              [
                13.098853,
                52.411119
              ],
              [
                13.097587,
                52.411655
              ],
              [
                13.097529,
                52.411705
              ],
              [
                13.097611,
                52.411782
              ],
              [
                13.09645,
                52.413089
              ],
              [
                13.099111,
                52.413606
              ],
              [
                13.100312,
                52.413785
              ],
              [
                13.100859,
                52.413761
              ],
              [
                13.10073,
                52.41299
              ],
              [
                13.101122,
                52.411577
              ],
              [
                13.101003,
                52.410539
              ],
              [
                13.104626,
                52.409743
              ],
              [
                13.105124,
                52.409898
              ],
              [
                13.105915,
                52.409549
              ],
              [
                13.106187,
                52.409562
              ],
              [
                13.106769,
                52.409676
              ],
              [
                13.107019,
                52.409815
              ],
              [
                13.107141,
                52.409993
              ],
              [
                13.107203,
                52.411086
              ],
              [
                13.107418,
                52.412088
              ],
              [
                13.107304,
                52.412718
              ],
              [
                13.107106,
                52.413181
              ],
              [
                13.107256,
                52.413314
              ],
              [
                13.10778,
                52.413333
              ],
              [
                13.109624,
                52.412941
              ],
              [
                13.110137,
                52.411286
              ],
              [
                13.111512,
                52.411413
              ],
              [
                13.111797,
                52.41048
              ],
              [
                13.110425,
                52.410352
              ],
              [
                13.110665,
                52.409574
              ],
              [
                13.110592,
                52.409567
              ],
              [
                13.110631,
                52.409443
              ],
              [
                13.108506,
                52.409243
              ],
              [
                13.106933,
                52.409486
              ],
              [
                13.106554,
                52.408768
              ],
              [
                13.10644,
                52.408776
              ],
              [
                13.106383,
                52.40869
              ],
              [
                13.10861,
                52.408476
              ],
              [
                13.109267,
                52.408179
              ],
              [
                13.10945,
                52.408048
              ],
              [
                13.108325,
                52.407256
              ],
              [
                13.109694,
                52.406536
              ],
              [
                13.111103,
                52.405298
              ],
              [
                13.111204,
                52.40451
              ],
              [
                13.111819,
                52.403985
              ],
              [
                13.116337,
                52.402323
              ],
              [
                13.11775,
                52.402119
              ],
              [
                13.118464,
                52.401281
              ],
              [
                13.120232,
                52.399848
              ],
              [
                13.122003,
                52.398546
              ],
              [
                13.124206,
                52.397275
              ],
              [
                13.124781,
                52.396869
              ],
              [
                13.125661,
                52.396662
              ],
              [
                13.126923,
                52.396571
              ],
              [
                13.127424,
                52.39664
              ],
              [
                13.128462,
                52.396945
              ],
              [
                13.132523,
                52.398663
              ],
              [
                13.133509,
                52.399366
              ],
              [
                13.134956,
                52.398596
              ],
              [
                13.136637,
                52.398131
              ],
              [
                13.138103,
                52.397856
              ],
              [
                13.138044,
                52.397683
              ],
              [
                13.135127,
                52.397375
              ],
              [
                13.135712,
                52.396175
              ],
              [
                13.137438,
                52.396147
              ],
              [
                13.13726,
                52.396025
              ],
              [
                13.137499,
                52.396019
              ],
              [
                13.137794,
                52.396134
              ],
              [
                13.138587,
                52.3961
              ],
              [
                13.138368,
                52.395979
              ],
              [
                13.13895,
                52.395992
              ],
              [
                13.138229,
                52.395703
              ],
              [
                13.134493,
                52.393687
              ],
              [
                13.131746,
                52.391799
              ],
              [
                13.131569,
                52.391793
              ],
              [
                13.131491,
                52.391882
              ],
              [
                13.1313,
                52.391728
              ],
              [
                13.131533,
                52.391731
              ],
              [
                13.130167,
                52.390497
              ],
              [
                13.129852,
                52.390696
              ],
              [
                13.130861,
                52.391686
              ],
              [
                13.131033,
                52.391633
              ],
              [
                13.131223,
                52.391787
              ],
              [
                13.131198,
                52.391836
              ],
              [
                13.130923,
                52.391756
              ],
              [
                13.129383,
                52.391725
              ],
              [
                13.129373,
                52.391655
              ],
              [
                13.127292,
                52.391608
              ],
              [
                13.126732,
                52.389584
              ],
              [
                13.130756,
                52.387376
              ],
              [
                13.131305,
                52.387225
              ],
              [
                13.131444,
                52.387469
              ],
              [
                13.131986,
                52.387517
              ],
              [
                13.133181,
                52.387305
              ],
              [
                13.133979,
                52.388736
              ],
              [
                13.133299,
                52.388649
              ],
              [
                13.132874,
                52.388743
              ],
              [
                13.130374,
                52.390366
              ],
              [
                13.132077,
                52.391758
              ],
              [
                13.134708,
                52.393563
              ],
              [
                13.138393,
                52.395553
              ],
              [
                13.140426,
                52.396374
              ],
              [
                13.141818,
                52.3971
              ],
              [
                13.141987,
                52.396961
              ],
              [
                13.143203,
                52.397247
              ],
              [
                13.143279,
                52.396726
              ],
              [
                13.143134,
                52.396673
              ],
              [
                13.143859,
                52.396139
              ],
              [
                13.145769,
                52.395496
              ],
              [
                13.153291,
                52.39484
              ],
              [
                13.158869,
                52.393939
              ],
              [
                13.168769,
                52.394395
              ],
              [
                13.171763,
                52.395643
              ],
              [
                13.171312,
                52.397578
              ],
              [
                13.17116,
                52.397821
              ],
              [
                13.168733,
                52.397359
              ],
              [
                13.157796,
                52.396356
              ],
              [
                13.157918,
                52.396898
              ],
              [
                13.157785,
                52.397227
              ],
              [
                13.159391,
                52.399914
              ],
              [
                13.159241,
                52.402774
              ],
              [
                13.159354,
                52.402863
              ],
              [
                13.197244,
                52.415538
              ],
              [
                13.199507,
                52.415428
              ],
              [
                13.204527,
                52.415834
              ],
              [
                13.20583,
                52.416063
              ],
              [
                13.211607,
                52.417283
              ],
              [
                13.213041,
                52.417777
              ],
              [
                13.214272,
                52.418055
              ],
              [
                13.21638,
                52.418828
              ],
              [
                13.217094,
                52.419168
              ],
              [
                13.218049,
                52.419306
              ],
              [
                13.22141,
                52.42012
              ],
              [
                13.223591,
                52.420767
              ],
              [
                13.22366,
                52.420667
              ],
              [
                13.225059,
                52.421078
              ],
              [
                13.225262,
                52.420918
              ],
              [
                13.225263,
                52.420837
              ],
              [
                13.226475,
                52.420828
              ],
              [
                13.229247,
                52.420521
              ],
              [
                13.233143,
                52.420343
              ],
              [
                13.235638,
                52.420871
              ],
              [
                13.237621,
                52.420795
              ],
              [
                13.245951,
                52.421175
              ],
              [
                13.247144,
                52.418897
              ],
              [
                13.247447,
                52.417309
              ],
              [
                13.247985,
                52.415794
              ],
              [
                13.24795,
                52.415661
              ],
              [
                13.248415,
                52.414274
              ],
              [
                13.249033,
                52.41176
              ],
              [
                13.248969,
                52.40883
              ],
              [
                13.248737,
                52.408408
              ],
              [
                13.249149,
                52.4079
              ],
              [
                13.24978,
                52.404978
              ],
              [
                13.251649,
                52.405648
              ],
              [
                13.253317,
                52.406037
              ],
              [
                13.255861,
                52.406324
              ],
              [
                13.258073,
                52.406395
              ],
              [
                13.25934,
                52.406292
              ],
              [
                13.260881,
                52.405996
              ],
              [
                13.26409,
                52.404846
              ],
              [
                13.266965,
                52.404281
              ],
              [
                13.270916,
                52.404216
              ],
              [
                13.271998,
                52.404317
              ],
              [
                13.274207,
                52.40479
              ],
              [
                13.275822,
                52.405196
              ],
              [
                13.280349,
                52.407362
              ],
              [
                13.292996,
                52.414433
              ],
              [
                13.295546,
                52.415757
              ],
              [
                13.296752,
                52.416251
              ],
              [
                13.297089,
                52.415778
              ],
              [
                13.297093,
                52.41546
              ],
              [
                13.296956,
                52.415052
              ],
              [
                13.296721,
                52.414743
              ],
              [
                13.295929,
                52.414504
              ],
              [
                13.297684,
                52.412797
              ],
              [
                13.30376,
                52.407305
              ],
              [
                13.307687,
                52.403554
              ],
              [
                13.312064,
                52.399106
              ],
              [
                13.313814,
                52.400454
              ],
              [
                13.314137,
                52.400619
              ],
              [
                13.318502,
                52.402401
              ],
              [
                13.343345,
                52.411724
              ],
              [
                13.342938,
                52.411727
              ],
              [
                13.343063,
                52.412215
              ],
              [
                13.343101,
                52.413304
              ],
              [
                13.342743,
                52.414167
              ],
              [
                13.345474,
                52.415256
              ],
              [
                13.345834,
                52.415194
              ],
              [
                13.345974,
                52.415442
              ],
              [
                13.350858,
                52.416994
              ],
              [
                13.353563,
                52.418016
              ],
              [
                13.355177,
                52.418495
              ],
              [
                13.359269,
                52.419941
              ],
              [
                13.359211,
                52.420057
              ],
              [
                13.360293,
                52.420575
              ],
              [
                13.363431,
                52.421501
              ],
              [
                13.364185,
                52.422326
              ],
              [
                13.367926,
                52.427605
              ],
              [
                13.368198,
                52.427554
              ],
              [
                13.368563,
                52.427621
              ],
              [
                13.371156,
                52.4288
              ],
              [
                13.371105,
                52.428905
              ],
              [
                13.37157,
                52.429101
              ],
              [
                13.36699,
                52.436739
              ],
              [
                13.363474,
                52.442822
              ],
              [
                13.363405,
                52.442828
              ],
              [
                13.363115,
                52.443311
              ],
              [
                13.361113,
                52.446819
              ],
              [
                13.361204,
                52.446851
              ],
              [
                13.36095,
                52.447109
              ],
              [
                13.359707,
                52.449409
              ],
              [
                13.359465,
                52.449688
              ],
              [
                13.358962,
                52.450617
              ],
              [
                13.358629,
                52.451008
              ],
              [
                13.35824,
                52.451782
              ],
              [
                13.357258,
                52.453325
              ],
              [
                13.357288,
                52.453437
              ],
              [
                13.356903,
                52.454031
              ],
              [
                13.356118,
                52.455615
              ],
              [
                13.354216,
                52.455651
              ],
              [
                13.354203,
                52.45586
              ],
              [
                13.353715,
                52.45668
              ],
              [
                13.353329,
                52.457024
              ],
              [
                13.352984,
                52.457125
              ],
              [
                13.352469,
                52.457069
              ],
              [
                13.351484,
                52.45677
              ],
              [
                13.350921,
                52.45673
              ],
              [
                13.350909,
                52.456622
              ],
              [
                13.349081,
                52.456778
              ],
              [
                13.349036,
                52.458757
              ],
              [
                13.348038,
                52.458822
              ],
              [
                13.347558,
                52.458988
              ],
              [
                13.347821,
                52.459262
              ],
              [
                13.344969,
                52.461676
              ],
              [
                13.342951,
                52.463055
              ],
              [
                13.338883,
                52.465553
              ],
              [
                13.338789,
                52.466566
              ],
              [
                13.338477,
                52.466375
              ],
              [
                13.337416,
                52.466952
              ],
              [
                13.33629,
                52.467446
              ],
              [
                13.334848,
                52.466198
              ],
              [
                13.33466,
                52.466269
              ],
              [
                13.331437,
                52.465821
              ],
              [
                13.33077,
                52.46521
              ],
              [
                13.329375,
                52.465674
              ],
              [
                13.328148,
                52.464473
              ],
              [
                13.321034,
                52.46696
              ],
              [
                13.311576,
                52.467121
              ],
              [
                13.31114,
                52.467113
              ],
              [
                13.310694,
                52.466932
              ],
              [
                13.30906,
                52.467717
              ],
              [
                13.308535,
                52.467457
              ],
              [
                13.307554,
                52.467863
              ],
              [
                13.306593,
                52.467567
              ],
              [
                13.298084,
                52.468954
              ],
              [
                13.290205,
                52.47044
              ],
              [
                13.29015,
                52.470126
              ],
              [
                13.289926,
                52.469995
              ],
              [
                13.289242,
                52.470531
              ],
              [
                13.281258,
                52.468903
              ],
              [
                13.278688,
                52.46853
              ],
              [
                13.278687,
                52.46861
              ],
              [
                13.278334,
                52.468569
              ],
              [
                13.278338,
                52.468636
              ],
              [
                13.272446,
                52.46794
              ],
              [
                13.272308,
                52.467852
              ],
              [
                13.264944,
                52.467059
              ],
              [
                13.262725,
                52.467022
              ],
              [
                13.262441,
                52.467185
              ],
              [
                13.262495,
                52.467526
              ],
              [
                13.261664,
                52.467762
              ],
              [
                13.260805,
                52.467247
              ],
              [
                13.259238,
                52.466677
              ],
              [
                13.25903,
                52.466505
              ],
              [
                13.255548,
                52.466739
              ],
              [
                13.252778,
                52.466697
              ],
              [
                13.247836,
                52.467537
              ],
              [
                13.247367,
                52.467712
              ],
              [
                13.246753,
                52.467738
              ],
              [
                13.238348,
                52.469194
              ],
              [
                13.235078,
                52.46967
              ],
              [
                13.233894,
                52.470117
              ],
              [
                13.231474,
                52.470756
              ],
              [
                13.230223,
                52.470747
              ],
              [
                13.228689,
                52.470486
              ],
              [
                13.226798,
                52.47036
              ],
              [
                13.22552,
                52.470127
              ],
              [
                13.223776,
                52.469985
              ],
              [
                13.21616,
                52.470095
              ],
              [
                13.213988,
                52.469797
              ],
              [
                13.213347,
                52.469619
              ],
              [
                13.212184,
                52.469556
              ],
              [
                13.211578,
                52.469439
              ],
              [
                13.210328,
                52.469719
              ],
              [
                13.210195,
                52.469664
              ],
              [
                13.208261,
                52.46994
              ],
              [
                13.206636,
                52.470324
              ],
              [
                13.205013,
                52.470523
              ],
              [
                13.203748,
                52.470499
              ],
              [
                13.202206,
                52.470159
              ],
              [
                13.201727,
                52.469981
              ],
              [
                13.200715,
                52.46904
              ],
              [
                13.199271,
                52.468746
              ],
              [
                13.198073,
                52.469021
              ],
              [
                13.197934,
                52.469133
              ],
              [
                13.197732,
                52.469359
              ],
              [
                13.197618,
                52.469737
              ],
              [
                13.197729,
                52.470349
              ],
              [
                13.197593,
                52.470629
              ],
              [
                13.196996,
                52.471169
              ],
              [
                13.196621,
                52.471347
              ],
              [
                13.195241,
                52.471253
              ],
              [
                13.194573,
                52.470983
              ],
              [
                13.188168,
                52.471837
              ],
              [
                13.186632,
                52.466546
              ],
              [
                13.185295,
                52.462563
              ],
              [
                13.181219,
                52.459627
              ],
              [
                13.177417,
                52.455916
              ],
              [
                13.170853,
                52.456119
              ],
              [
                13.161731,
                52.452137
              ],
              [
                13.15812,
                52.449505
              ],
              [
                13.154508,
                52.446586
              ],
              [
                13.148507,
                52.443371
              ],
              [
                13.136059,
                52.44238
              ],
              [
                13.133262,
                52.442083
              ],
              [
                13.131718,
                52.441104
              ],
              [
                13.130797,
                52.441411
              ],
              [
                13.129465,
                52.441305
              ],
              [
                13.128048,
                52.440961
              ],
              [
                13.126879,
                52.441145
              ],
              [
                13.124118,
                52.440673
              ],
              [
                13.123121,
                52.439615
              ],
              [
                13.123153,
                52.438709
              ],
              [
                13.122142,
                52.437878
              ],
              [
                13.117218,
                52.436164
              ],
              [
                13.113931,
                52.432966
              ],
              [
                13.112074,
                52.43231
              ],
              [
                13.112783,
                52.429196
              ],
              [
                13.10802,
                52.426661
              ],
              [
                13.106917,
                52.425646
              ],
              [
                13.10541,
                52.425283
              ],
              [
                13.104568,
                52.423983
              ],
              [
                13.103487,
                52.424302
              ],
              [
                13.101601,
                52.424636
              ],
              [
                13.100949,
                52.425163
              ],
              [
                13.099976,
                52.425448
              ],
              [
                13.099314,
                52.425344
              ],
              [
                13.098401,
                52.424889
              ],
              [
                13.098088,
                52.424074
              ],
              [
                13.097724,
                52.423466
              ],
              [
                13.095839,
                52.421975
              ],
              [
                13.088345,
                52.419632
              ]
            ]
          ]
        ]
      }
    },
    {
      "type": "Feature",
      "properties": {
        "name": "Tempelhof-Schöneberg",
        "slug": "tempelhof-schoeneberg",
        "osm_relation": 158437,
        "in": {
          "en": "in Tempelhof-Schöneberg",
          "de": "in Tempelhof-Schöneberg"
        }
      },
      "geometry": {
        "type": "MultiPolygon",
        "coordinates": [
          [
            [
              [
                13.320001,
                52.466997
              ],
              [
                13.321034,
                52.46696
              ],
              [
                13.328148,
                52.464473
              ],
              [
                13.329375,
                52.465674
              ],
              [
                13.33077,
                52.46521
              ],
              [
                13.331437,
                52.465821
              ],
              [
                13.33466,
                52.466269
              ],
              [
                13.334848,
                52.466198
              ],
              [
                13.33629,
                52.467446
              ],
              [
                13.337416,
                52.466952
              ],
              [
                13.338477,
                52.466375
              ],
              [
                13.338789,
                52.466566
              ],
              [
                13.338883,
                52.465553
              ],
              [
                13.342951,
                52.463055
              ],
              [
                13.344969,
                52.461676
              ],
              [
                13.347821,
                52.459262
              ],
              [
                13.347558,
                52.458988
              ],
              [
                13.348038,
                52.458822
              ],
              [
                13.349036,
                52.458757
              ],
              [
                13.349081,
                52.456778
              ],
              [
                13.350909,
                52.456622
              ],
              [
                13.350921,
                52.45673
              ],
              [
                13.351484,
                52.45677
              ],
              [
                13.352469,
                52.457069
              ],
              [
                13.352984,
                52.457125
              ],
              [
                13.353329,
                52.457024
              ],
              [
                13.353715,
                52.45668
              ],
              [
                13.354203,
                52.45586
              ],
              [
                13.354216,
                52.455651
              ],
              [
                13.356118,
                52.455615
              ],
              [
                13.356903,
                52.454031
              ],
              [
                13.357288,
                52.453437
              ],
              [
                13.357258,
                52.453325
              ],
              [
                13.35824,
                52.451782
              ],
              [
                13.358629,
                52.451008
              ],
              [
                13.358962,
                52.450617
              ],
              [
                13.359465,
                52.449688
              ],
              [
                13.359707,
                52.449409
              ],
              [
                13.36095,
                52.447109
              ],
              [
                13.361204,
                52.446851
              ],
              [
                13.361113,
                52.446819
              ],
              [
                13.363115,
                52.443311
              ],
              [
                13.363405,
                52.442828
              ],
              [
                13.363474,
                52.442822
              ],
              [
                13.36699,
                52.436739
              ],
              [
                13.37157,
                52.429101
              ],
              [
                13.371105,
                52.428905
              ],
              [
                13.371156,
                52.4288
              ],
              [
                13.368563,
                52.427621
              ],
              [
                13.368198,
                52.427554
              ],
              [
                13.367926,
                52.427605
              ],
              [
                13.364185,
                52.422326
              ],
              [
                13.363431,
                52.421501
              ],
              [
                13.360293,
                52.420575
              ],
              [
                13.359211,
                52.420057
              ],
              [
                13.359269,
                52.419941
              ],
              [
                13.355177,
                52.418495
              ],
              [
                13.353563,
                52.418016
              ],
              [
                13.350858,
                52.416994
              ],
              [
                13.345974,
                52.415442
              ],
              [
                13.345834,
                52.415194
              ],
              [
                13.345474,
                52.415256
              ],
              [
                13.342743,
                52.414167
              ],
              [
                13.343101,
                52.413304
              ],
              [
                13.343063,
                52.412215
              ],
              [
                13.342938,
                52.411727
              ],
              [
                13.343345,
                52.411724
              ],
              [
                13.343055,
                52.407686
              ],
              [
                13.350831,
                52.402902
              ],
              [
                13.35253,
                52.402088
              ],
              [
                13.354422,
                52.400964
              ],
              [
                13.357367,
                52.399575
              ],
              [
                13.359366,
                52.398469
              ],
              [
                13.362436,
                52.397222
              ],
              [
                13.364222,
                52.396676
              ],
              [
                13.371948,
                52.393797
              ],
              [
                13.370352,
                52.388427
              ],
              [
                13.375141,
                52.388193
              ],
              [
                13.378425,
                52.388151
              ],
              [
                13.387298,
                52.388572
              ],
              [
                13.387986,
                52.384182
              ],
              [
                13.388221,
                52.382131
              ],
              [
                13.388083,
                52.38173
              ],
              [
                13.388239,
                52.381023
              ],
              [
                13.388087,
                52.379354
              ],
              [
                13.388428,
                52.377862
              ],
              [
                13.397113,
                52.377585
              ],
              [
                13.409894,
                52.376582
              ],
              [
                13.412831,
                52.376877
              ],
              [
                13.41264,
                52.37641
              ],
              [
                13.420813,
                52.376138
              ],
              [
                13.42191,
                52.377833
              ],
              [
                13.42746,
                52.385782
              ],
              [
                13.42742,
                52.386431
              ],
              [
                13.426985,
                52.387847
              ],
              [
                13.425393,
                52.391558
              ],
              [
                13.418423,
                52.40708
              ],
              [
                13.418295,
                52.407937
              ],
              [
                13.418501,
                52.409234
              ],
              [
                13.418749,
                52.409977
              ],
              [
                13.419584,
                52.410184
              ],
              [
                13.419767,
                52.410476
              ],
              [
                13.418274,
                52.410758
              ],
              [
                13.414976,
                52.412037
              ],
              [
                13.410611,
                52.413372
              ],
              [
                13.409421,
                52.413517
              ],
              [
                13.407693,
                52.413469
              ],
              [
                13.4025,
                52.412696
              ],
              [
                13.399493,
                52.41802
              ],
              [
                13.400123,
                52.418774
              ],
              [
                13.404828,
                52.420007
              ],
              [
                13.405468,
                52.421763
              ],
              [
                13.402608,
                52.422167
              ],
              [
                13.405151,
                52.425515
              ],
              [
                13.405774,
                52.426469
              ],
              [
                13.406346,
                52.427815
              ],
              [
                13.406877,
                52.430143
              ],
              [
                13.408604,
                52.432727
              ],
              [
                13.408868,
                52.433186
              ],
              [
                13.409159,
                52.434213
              ],
              [
                13.41038,
                52.436145
              ],
              [
                13.410446,
                52.437009
              ],
              [
                13.410586,
                52.437489
              ],
              [
                13.412998,
                52.443548
              ],
              [
                13.413986,
                52.445944
              ],
              [
                13.41477,
                52.447011
              ],
              [
                13.415105,
                52.448476
              ],
              [
                13.415732,
                52.449266
              ],
              [
                13.416077,
                52.450823
              ],
              [
                13.416835,
                52.452242
              ],
              [
                13.417691,
                52.452203
              ],
              [
                13.419627,
                52.454655
              ],
              [
                13.42113,
                52.456761
              ],
              [
                13.424428,
                52.456629
              ],
              [
                13.426046,
                52.45666
              ],
              [
                13.426587,
                52.45677
              ],
              [
                13.424841,
                52.457815
              ],
              [
                13.420613,
                52.459369
              ],
              [
                13.421449,
                52.460667
              ],
              [
                13.423234,
                52.460417
              ],
              [
                13.423025,
                52.461327
              ],
              [
                13.421983,
                52.461516
              ],
              [
                13.422147,
                52.462499
              ],
              [
                13.422106,
                52.46272
              ],
              [
                13.421903,
                52.462871
              ],
              [
                13.421712,
                52.463494
              ],
              [
                13.42155,
                52.465836
              ],
              [
                13.41688,
                52.465396
              ],
              [
                13.416041,
                52.469154
              ],
              [
                13.413491,
                52.478706
              ],
              [
                13.41095,
                52.477902
              ],
              [
                13.41088,
                52.477724
              ],
              [
                13.406633,
                52.478229
              ],
              [
                13.406812,
                52.478879
              ],
              [
                13.406246,
                52.480169
              ],
              [
                13.406079,
                52.480999
              ],
              [
                13.406346,
                52.482792
              ],
              [
                13.403442,
                52.4834
              ],
              [
                13.401226,
                52.483739
              ],
              [
                13.398717,
                52.483933
              ],
              [
                13.394613,
                52.484022
              ],
              [
                13.394234,
                52.484126
              ],
              [
                13.394261,
                52.485775
              ],
              [
                13.386281,
                52.485823
              ],
              [
                13.386268,
                52.484859
              ],
              [
                13.371607,
                52.484979
              ],
              [
                13.371719,
                52.485174
              ],
              [
                13.374019,
                52.485167
              ],
              [
                13.374175,
                52.487732
              ],
              [
                13.373482,
                52.48775
              ],
              [
                13.373518,
                52.48797
              ],
              [
                13.374889,
                52.489319
              ],
              [
                13.375413,
                52.489366
              ],
              [
                13.375465,
                52.49045
              ],
              [
                13.376562,
                52.49167
              ],
              [
                13.371065,
                52.492737
              ],
              [
                13.371082,
                52.492904
              ],
              [
                13.369253,
                52.493286
              ],
              [
                13.369173,
                52.493151
              ],
              [
                13.368229,
                52.493336
              ],
              [
                13.368581,
                52.493955
              ],
              [
                13.368415,
                52.494478
              ],
              [
                13.368636,
                52.496879
              ],
              [
                13.369296,
                52.497416
              ],
              [
                13.369558,
                52.497855
              ],
              [
                13.369729,
                52.498776
              ],
              [
                13.369514,
                52.498879
              ],
              [
                13.369343,
                52.498721
              ],
              [
                13.36884,
                52.498777
              ],
              [
                13.362537,
                52.499662
              ],
              [
                13.357637,
                52.501062
              ],
              [
                13.354328,
                52.501907
              ],
              [
                13.341429,
                52.504935
              ],
              [
                13.336906,
                52.500867
              ],
              [
                13.339185,
                52.499983
              ],
              [
                13.337979,
                52.497839
              ],
              [
                13.337304,
                52.495978
              ],
              [
                13.337385,
                52.495987
              ],
              [
                13.33737,
                52.495848
              ],
              [
                13.337273,
                52.495863
              ],
              [
                13.337333,
                52.494779
              ],
              [
                13.337447,
                52.494787
              ],
              [
                13.337447,
                52.494072
              ],
              [
                13.337349,
                52.494066
              ],
              [
                13.337125,
                52.492302
              ],
              [
                13.337217,
                52.492314
              ],
              [
                13.337066,
                52.491001
              ],
              [
                13.337553,
                52.490722
              ],
              [
                13.337315,
                52.490486
              ],
              [
                13.33695,
                52.490362
              ],
              [
                13.3369,
                52.489679
              ],
              [
                13.337057,
                52.488475
              ],
              [
                13.33714,
                52.488398
              ],
              [
                13.337215,
                52.488048
              ],
              [
                13.337147,
                52.488043
              ],
              [
                13.337057,
                52.485923
              ],
              [
                13.337136,
                52.485918
              ],
              [
                13.337181,
                52.485674
              ],
              [
                13.337085,
                52.485677
              ],
              [
                13.337124,
                52.482535
              ],
              [
                13.337205,
                52.482528
              ],
              [
                13.337049,
                52.482088
              ],
              [
                13.337052,
                52.480708
              ],
              [
                13.337169,
                52.480354
              ],
              [
                13.337164,
                52.480115
              ],
              [
                13.337059,
                52.479889
              ],
              [
                13.337063,
                52.478133
              ],
              [
                13.332985,
                52.477849
              ],
              [
                13.332868,
                52.477416
              ],
              [
                13.3204,
                52.477472
              ],
              [
                13.320134,
                52.470523
              ],
              [
                13.320526,
                52.470266
              ],
              [
                13.320522,
                52.470131
              ],
              [
                13.320112,
                52.46981
              ],
              [
                13.320001,
                52.466997
              ]
            ]
          ]
        ]
      }
    },
    {
      "type": "Feature",
      "properties": {
        "name": "Neukölln",
        "slug": "neukoelln",
        "osm_relation": 162902,
        "in": {
          "en": "in Neukölln",
          "de": "in Neukölln"
        }
      },
      "geometry": {
        "type": "MultiPolygon",
        "coordinates": [
          [
            [
              [
                13.399493,
                52.41802
              ],
              [
                13.4025,
                52.412696
              ],
              [
                13.407693,
                52.413469
              ],
              [
                13.409421,
                52.413517
              ],
              [
                13.410611,
                52.413372
              ],
              [
                13.414976,
                52.412037
              ],
              [
                13.418274,
                52.410758
              ],
              [
                13.419767,
                52.410476
              ],
              [
                13.419584,
                52.410184
              ],
              [
                13.421782,
                52.410533
              ],
              [
                13.42471,
                52.411257
              ],
              [
                13.427955,
                52.411893
              ],
              [
                13.431937,
                52.412516
              ],
              [
                13.435358,
                52.413565
              ],
              [
                13.438678,
                52.414425
              ],
              [
                13.44069,
                52.41484
              ],
              [
                13.447059,
                52.416686
              ],
              [
                13.447907,
                52.417161
              ],
              [
                13.451971,
                52.418489
              ],
              [
                13.454576,
                52.419429
              ],
              [
                13.458957,
                52.420484
              ],
              [
                13.463549,
                52.42108
              ],
              [
                13.468017,
                52.420032
              ],
              [
                13.468839,
                52.418158
              ],
              [
                13.471011,
                52.414054
              ],
              [
                13.474166,
                52.40865
              ],
              [
                13.475818,
                52.406239
              ],
              [
                13.476936,
                52.404108
              ],
              [
                13.47761,
                52.403425
              ],
              [
                13.477604,
                52.402715
              ],
              [
                13.478951,
                52.399976
              ],
              [
                13.479096,
                52.398968
              ],
              [
                13.47976,
                52.395945
              ],
              [
                13.483575,
                52.39694
              ],
              [
                13.486484,
                52.397418
              ],
              [
                13.490563,
                52.397758
              ],
              [
                13.495036,
                52.398569
              ],
              [
                13.497541,
                52.398811
              ],
              [
                13.500708,
                52.399329
              ],
              [
                13.507559,
                52.400174
              ],
              [
                13.512916,
                52.401027
              ],
              [
                13.516005,
                52.401789
              ],
              [
                13.516031,
                52.402174
              ],
              [
                13.51704,
                52.402834
              ],
              [
                13.516717,
                52.403335
              ],
              [
                13.517053,
                52.40354
              ],
              [
                13.517022,
                52.4036
              ],
              [
                13.519281,
                52.404946
              ],
              [
                13.518977,
                52.405143
              ],
              [
                13.520728,
                52.406327
              ],
              [
                13.52066,
                52.406402
              ],
              [
                13.521842,
                52.407406
              ],
              [
                13.522454,
                52.408609
              ],
              [
                13.522849,
                52.40963
              ],
              [
                13.523182,
                52.410788
              ],
              [
                13.522873,
                52.411042
              ],
              [
                13.523429,
                52.411668
              ],
              [
                13.522957,
                52.412134
              ],
              [
                13.523398,
                52.412431
              ],
              [
                13.523163,
                52.412639
              ],
              [
                13.523565,
                52.413197
              ],
              [
                13.524133,
                52.413596
              ],
              [
                13.522622,
                52.414153
              ],
              [
                13.522569,
                52.414314
              ],
              [
                13.522261,
                52.414426
              ],
              [
                13.522979,
                52.415455
              ],
              [
                13.522366,
                52.416419
              ],
              [
                13.522199,
                52.416864
              ],
              [
                13.522152,
                52.417207
              ],
              [
                13.52222,
                52.418311
              ],
              [
                13.520786,
                52.419538
              ],
              [
                13.520451,
                52.420815
              ],
              [
                13.520135,
                52.421015
              ],
              [
                13.519908,
                52.421304
              ],
              [
                13.519466,
                52.421392
              ],
              [
                13.518718,
                52.422251
              ],
              [
                13.519937,
                52.425145
              ],
              [
                13.520175,
                52.426027
              ],
              [
                13.520366,
                52.42605
              ],
              [
                13.520506,
                52.426557
              ],
              [
                13.519772,
                52.426753
              ],
              [
                13.515679,
                52.42701
              ],
              [
                13.513681,
                52.427267
              ],
              [
                13.510756,
                52.427871
              ],
              [
                13.508555,
                52.428565
              ],
              [
                13.50847,
                52.428501
              ],
              [
                13.507258,
                52.428956
              ],
              [
                13.493187,
                52.435702
              ],
              [
                13.488234,
                52.438172
              ],
              [
                13.478497,
                52.442803
              ],
              [
                13.478161,
                52.443104
              ],
              [
                13.47767,
                52.443351
              ],
              [
                13.47668,
                52.443833
              ],
              [
                13.476163,
                52.443975
              ],
              [
                13.474202,
                52.44492
              ],
              [
                13.464992,
                52.449473
              ],
              [
                13.463936,
                52.450242
              ],
              [
                13.463017,
                52.451131
              ],
              [
                13.462219,
                52.452057
              ],
              [
                13.459232,
                52.456362
              ],
              [
                13.457713,
                52.458156
              ],
              [
                13.456971,
                52.459118
              ],
              [
                13.456999,
                52.459203
              ],
              [
                13.457234,
                52.459258
              ],
              [
                13.474971,
                52.458763
              ],
              [
                13.474977,
                52.459471
              ],
              [
                13.475804,
                52.460915
              ],
              [
                13.477197,
                52.461989
              ],
              [
                13.47855,
                52.463986
              ],
              [
                13.478477,
                52.464988
              ],
              [
                13.478337,
                52.465238
              ],
              [
                13.476357,
                52.467127
              ],
              [
                13.475154,
                52.46802
              ],
              [
                13.470762,
                52.472255
              ],
              [
                13.469791,
                52.473339
              ],
              [
                13.469597,
                52.473729
              ],
              [
                13.469604,
                52.473992
              ],
              [
                13.47038,
                52.476011
              ],
              [
                13.470573,
                52.476909
              ],
              [
                13.461155,
                52.483539
              ],
              [
                13.46118,
                52.483702
              ],
              [
                13.45832,
                52.485689
              ],
              [
                13.458072,
                52.485943
              ],
              [
                13.457123,
                52.485053
              ],
              [
                13.456067,
                52.484253
              ],
              [
                13.450443,
                52.487148
              ],
              [
                13.450327,
                52.487085
              ],
              [
                13.448726,
                52.488028
              ],
              [
                13.448658,
                52.487983
              ],
              [
                13.446764,
                52.488954
              ],
              [
                13.444447,
                52.487458
              ],
              [
                13.439636,
                52.4899
              ],
              [
                13.439628,
                52.489659
              ],
              [
                13.439262,
                52.48961
              ],
              [
                13.438278,
                52.490387
              ],
              [
                13.42249,
                52.495445
              ],
              [
                13.420484,
                52.495865
              ],
              [
                13.4204,
                52.495864
              ],
              [
                13.420791,
                52.495474
              ],
              [
                13.425327,
                52.488234
              ],
              [
                13.425355,
                52.487999
              ],
              [
                13.424938,
                52.48778
              ],
              [
                13.423705,
                52.486384
              ],
              [
                13.421256,
                52.487164
              ],
              [
                13.407887,
                52.48886
              ],
              [
                13.407723,
                52.488747
              ],
              [
                13.407838,
                52.488484
              ],
              [
                13.407912,
                52.488478
              ],
              [
                13.408423,
                52.487113
              ],
              [
                13.408286,
                52.486894
              ],
              [
                13.40675,
                52.485477
              ],
              [
                13.406079,
                52.480999
              ],
              [
                13.406246,
                52.480169
              ],
              [
                13.406812,
                52.478879
              ],
              [
                13.406633,
                52.478229
              ],
              [
                13.41088,
                52.477724
              ],
              [
                13.41095,
                52.477902
              ],
              [
                13.413491,
                52.478706
              ],
              [
                13.416041,
                52.469154
              ],
              [
                13.41688,
                52.465396
              ],
              [
                13.42155,
                52.465836
              ],
              [
                13.421712,
                52.463494
              ],
              [
                13.421903,
                52.462871
              ],
              [
                13.422106,
                52.46272
              ],
              [
                13.422147,
                52.462499
              ],
              [
                13.421983,
                52.461516
              ],
              [
                13.423025,
                52.461327
              ],
              [
                13.423234,
                52.460417
              ],
              [
                13.421449,
                52.460667
              ],
              [
                13.420613,
                52.459369
              ],
              [
                13.424841,
                52.457815
              ],
              [
                13.426587,
                52.45677
              ],
              [
                13.426046,
                52.45666
              ],
              [
                13.424428,
                52.456629
              ],
              [
                13.42113,
                52.456761
              ],
              [
                13.419627,
                52.454655
              ],
              [
                13.417691,
                52.452203
              ],
              [
                13.416835,
                52.452242
              ],
              [
                13.416077,
                52.450823
              ],
              [
                13.415732,
                52.449266
              ],
              [
                13.415105,
                52.448476
              ],
              [
                13.41477,
                52.447011
              ],
              [
                13.413986,
                52.445944
              ],
              [
                13.412998,
                52.443548
              ],
              [
                13.410586,
                52.437489
              ],
              [
                13.410446,
                52.437009
              ],
              [
                13.41038,
                52.436145
              ],
              [
                13.409159,
                52.434213
              ],
              [
                13.408868,
                52.433186
              ],
              [
                13.408604,
                52.432727
              ],
              [
                13.406877,
                52.430143
              ],
              [
                13.406346,
                52.427815
              ],
              [
                13.405774,
                52.426469
              ],
              [
                13.405151,
                52.425515
              ],
              [
                13.402608,
                52.422167
              ],
              [
                13.405468,
                52.421763
              ],
              [
                13.404828,
                52.420007
              ],
              [
                13.400123,
                52.418774
              ],
              [
                13.399493,
                52.41802
              ]
            ]
          ]
        ]
      }
    },
    {
      "type": "Feature",
      "properties": {
        "name": "Treptow-Köpenick",
        "slug": "treptow-koepenick",
        "osm_relation": 55754,
        "in": {
          "en": "in Treptow-Köpenick",
          "de": "in Treptow-Köpenick"
        }
      },
      "geometry": {
        "type": "MultiPolygon",
        "coordinates": [
          [
            [
              [
                13.439636,
                52.4899
              ],
              [
                13.439884,
                52.490605
              ],
              [
                13.440686,
                52.491089
              ],
              [
                13.445549,
                52.494856
              ],
              [
                13.44745,
                52.494873
              ],
              [
                13.450055,
                52.496718
              ],
              [
                13.451008,
                52.497269
              ],
              [
                13.45293,
                52.497707
              ],
              [
                13.453108,
                52.497546
              ],
              [
                13.454064,
                52.497559
              ],
              [
                13.459596,
                52.496557
              ],
              [
                13.462196,
                52.495538
              ],
              [
                13.463072,
                52.495444
              ],
              [
                13.463355,
                52.495486
              ],
              [
                13.464161,
                52.495113
              ],
              [
                13.463174,
                52.494349
              ],
              [
                13.463195,
                52.494217
              ],
              [
                13.464279,
                52.493719
              ],
              [
                13.467057,
                52.492687
              ],
              [
                13.468489,
                52.492343
              ],
              [
                13.47102,
                52.491487
              ],
              [
                13.473789,
                52.491034
              ],
              [
                13.47542,
                52.490335
              ],
              [
                13.476147,
                52.489944
              ],
              [
                13.477689,
                52.488779
              ],
              [
                13.478042,
                52.487766
              ],
              [
                13.478628,
                52.487033
              ],
              [
                13.479238,
                52.487868
              ],
              [
                13.479425,
                52.487924
              ],
              [
                13.480538,
                52.487878
              ],
              [
                13.481678,
                52.487638
              ],
              [
                13.482049,
                52.487448
              ],
              [
                13.482954,
                52.48605
              ],
              [
                13.486031,
                52.487532
              ],
              [
                13.48689,
                52.487777
              ],
              [
                13.487683,
                52.487884
              ],
              [
                13.489276,
                52.487814
              ],
              [
                13.490266,
                52.487609
              ],
              [
                13.491414,
                52.487184
              ],
              [
                13.493002,
                52.485637
              ],
              [
                13.494195,
                52.483124
              ],
              [
                13.496705,
                52.483317
              ],
              [
                13.497883,
                52.48328
              ],
              [
                13.49959,
                52.482874
              ],
              [
                13.501966,
                52.482449
              ],
              [
                13.504337,
                52.478067
              ],
              [
                13.507788,
                52.474915
              ],
              [
                13.513461,
                52.475746
              ],
              [
                13.514989,
                52.475736
              ],
              [
                13.515864,
                52.4756
              ],
              [
                13.520568,
                52.47401
              ],
              [
                13.521773,
                52.475171
              ],
              [
                13.524237,
                52.473385
              ],
              [
                13.530662,
                52.467835
              ],
              [
                13.532387,
                52.469054
              ],
              [
                13.539869,
                52.47494
              ],
              [
                13.542069,
                52.473989
              ],
              [
                13.548477,
                52.473312
              ],
              [
                13.547992,
                52.473864
              ],
              [
                13.548995,
                52.473885
              ],
              [
                13.550883,
                52.473618
              ],
              [
                13.555072,
                52.473612
              ],
              [
                13.557861,
                52.473231
              ],
              [
                13.559192,
                52.473205
              ],
              [
                13.562874,
                52.473304
              ],
              [
                13.565226,
                52.473827
              ],
              [
                13.565449,
                52.473576
              ],
              [
                13.566985,
                52.473749
              ],
              [
                13.567543,
                52.474408
              ],
              [
                13.573671,
                52.476797
              ],
              [
                13.573688,
                52.476551
              ],
              [
                13.57392,
                52.476473
              ],
              [
                13.574006,
                52.476556
              ],
              [
                13.573963,
                52.476865
              ],
              [
                13.57466,
                52.47787
              ],
              [
                13.575156,
                52.479479
              ],
              [
                13.579715,
                52.481031
              ],
              [
                13.581863,
                52.479969
              ],
              [
                13.586341,
                52.481119
              ],
              [
                13.589902,
                52.479464
              ],
              [
                13.593933,
                52.477389
              ],
              [
                13.5952,
                52.476822
              ],
              [
                13.598332,
                52.475158
              ],
              [
                13.599627,
                52.474387
              ],
              [
                13.599681,
                52.474464
              ],
              [
                13.60307,
                52.472786
              ],
              [
                13.604907,
                52.472899
              ],
              [
                13.608386,
                52.472847
              ],
              [
                13.608164,
                52.471083
              ],
              [
                13.611318,
                52.470475
              ],
              [
                13.611498,
                52.47063
              ],
              [
                13.612176,
                52.470507
              ],
              [
                13.613495,
                52.470232
              ],
              [
                13.615069,
                52.469717
              ],
              [
                13.617122,
                52.471209
              ],
              [
                13.621171,
                52.470464
              ],
              [
                13.620936,
                52.468487
              ],
              [
                13.621864,
                52.468451
              ],
              [
                13.62201,
                52.468029
              ],
              [
                13.621954,
                52.467005
              ],
              [
                13.62174,
                52.466801
              ],
              [
                13.621381,
                52.466643
              ],
              [
                13.622759,
                52.466454
              ],
              [
                13.623374,
                52.466713
              ],
              [
                13.622977,
                52.467156
              ],
              [
                13.623052,
                52.467421
              ],
              [
                13.622682,
                52.467784
              ],
              [
                13.622938,
                52.467927
              ],
              [
                13.622606,
                52.468061
              ],
              [
                13.622868,
                52.468486
              ],
              [
                13.622898,
                52.468785
              ],
              [
                13.625208,
                52.468746
              ],
              [
                13.625125,
                52.468908
              ],
              [
                13.624707,
                52.469057
              ],
              [
                13.624801,
                52.470144
              ],
              [
                13.62534,
                52.4737
              ],
              [
                13.62818,
                52.473546
              ],
              [
                13.629438,
                52.474102
              ],
              [
                13.631037,
                52.475027
              ],
              [
                13.636152,
                52.476148
              ],
              [
                13.642565,
                52.478705
              ],
              [
                13.643216,
                52.479225
              ],
              [
                13.645791,
                52.478872
              ],
              [
                13.648307,
                52.478731
              ],
              [
                13.652332,
                52.477462
              ],
              [
                13.655459,
                52.476648
              ],
              [
                13.656832,
                52.475961
              ],
              [
                13.658367,
                52.475001
              ],
              [
                13.662647,
                52.47376
              ],
              [
                13.663801,
                52.473661
              ],
              [
                13.664335,
                52.473695
              ],
              [
                13.667239,
                52.474289
              ],
              [
                13.667359,
                52.473855
              ],
              [
                13.66756,
                52.47374
              ],
              [
                13.668952,
                52.473443
              ],
              [
                13.670098,
                52.473091
              ],
              [
                13.673364,
                52.471399
              ],
              [
                13.675246,
                52.470662
              ],
              [
                13.676412,
                52.470023
              ],
              [
                13.678645,
                52.469237
              ],
              [
                13.680167,
                52.467827
              ],
              [
                13.682777,
                52.46607
              ],
              [
                13.686564,
                52.465139
              ],
              [
                13.689833,
                52.465013
              ],
              [
                13.690974,
                52.464742
              ],
              [
                13.694114,
                52.464405
              ],
              [
                13.695434,
                52.464186
              ],
              [
                13.695355,
                52.46402
              ],
              [
                13.695616,
                52.464003
              ],
              [
                13.69708,
                52.461737
              ],
              [
                13.697531,
                52.460491
              ],
              [
                13.697695,
                52.458496
              ],
              [
                13.698487,
                52.457288
              ],
              [
                13.698676,
                52.45648
              ],
              [
                13.698528,
                52.45561
              ],
              [
                13.69835,
                52.455261
              ],
              [
                13.701489,
                52.454865
              ],
              [
                13.704613,
                52.454761
              ],
              [
                13.70524,
                52.455617
              ],
              [
                13.705586,
                52.457698
              ],
              [
                13.705478,
                52.458786
              ],
              [
                13.705255,
                52.459868
              ],
              [
                13.703354,
                52.460045
              ],
              [
                13.702969,
                52.461165
              ],
              [
                13.702559,
                52.463315
              ],
              [
                13.702096,
                52.464366
              ],
              [
                13.699076,
                52.46828
              ],
              [
                13.701259,
                52.468224
              ],
              [
                13.701913,
                52.467537
              ],
              [
                13.703519,
                52.466635
              ],
              [
                13.705713,
                52.465555
              ],
              [
                13.711522,
                52.463293
              ],
              [
                13.713349,
                52.463
              ],
              [
                13.71473,
                52.463031
              ],
              [
                13.715964,
                52.462917
              ],
              [
                13.716193,
                52.462486
              ],
              [
                13.717586,
                52.460573
              ],
              [
                13.720584,
                52.456748
              ],
              [
                13.729082,
                52.450785
              ],
              [
                13.732714,
                52.450362
              ],
              [
                13.734352,
                52.450738
              ],
              [
                13.735563,
                52.450609
              ],
              [
                13.73561,
                52.450257
              ],
              [
                13.736478,
                52.449913
              ],
              [
                13.737756,
                52.449644
              ],
              [
                13.743305,
                52.448939
              ],
              [
                13.744787,
                52.449238
              ],
              [
                13.74646,
                52.448942
              ],
              [
                13.749251,
                52.44867
              ],
              [
                13.750263,
                52.44833
              ],
              [
                13.752616,
                52.447871
              ],
              [
                13.753485,
                52.447589
              ],
              [
                13.754174,
                52.447193
              ],
              [
                13.755039,
                52.446545
              ],
              [
                13.755395,
                52.446004
              ],
              [
                13.756446,
                52.446177
              ],
              [
                13.754382,
                52.443281
              ],
              [
                13.757077,
                52.442961
              ],
              [
                13.755322,
                52.438419
              ],
              [
                13.760939,
                52.43788
              ],
              [
                13.761161,
                52.43771
              ],
              [
                13.76095,
                52.437322
              ],
              [
                13.75999,
                52.436169
              ],
              [
                13.754446,
                52.436681
              ],
              [
                13.756302,
                52.441609
              ],
              [
                13.750508,
                52.441481
              ],
              [
                13.744075,
                52.438071
              ],
              [
                13.742886,
                52.432938
              ],
              [
                13.738275,
                52.43329
              ],
              [
                13.738197,
                52.432963
              ],
              [
                13.734215,
                52.433369
              ],
              [
                13.73143,
                52.433802
              ],
              [
                13.728961,
                52.434504
              ],
              [
                13.727465,
                52.435032
              ],
              [
                13.725507,
                52.435914
              ],
              [
                13.724412,
                52.436507
              ],
              [
                13.722807,
                52.437144
              ],
              [
                13.722806,
                52.436826
              ],
              [
                13.724147,
                52.436295
              ],
              [
                13.726314,
                52.435187
              ],
              [
                13.727965,
                52.434529
              ],
              [
                13.729727,
                52.433976
              ],
              [
                13.731619,
                52.433517
              ],
              [
                13.733254,
                52.433223
              ],
              [
                13.740096,
                52.432472
              ],
              [
                13.739377,
                52.429522
              ],
              [
                13.738935,
                52.428853
              ],
              [
                13.741727,
                52.428197
              ],
              [
                13.741685,
                52.428052
              ],
              [
                13.741597,
                52.42806
              ],
              [
                13.741277,
                52.426764
              ],
              [
                13.740768,
                52.42642
              ],
              [
                13.739618,
                52.426664
              ],
              [
                13.739492,
                52.426423
              ],
              [
                13.737662,
                52.426693
              ],
              [
                13.73107,
                52.420508
              ],
              [
                13.731406,
                52.41991
              ],
              [
                13.731386,
                52.41918
              ],
              [
                13.730448,
                52.417789
              ],
              [
                13.730056,
                52.417034
              ],
              [
                13.729807,
                52.416346
              ],
              [
                13.729912,
                52.415836
              ],
              [
                13.730257,
                52.415348
              ],
              [
                13.731074,
                52.414511
              ],
              [
                13.731956,
                52.413814
              ],
              [
                13.733346,
                52.412486
              ],
              [
                13.73393,
                52.411785
              ],
              [
                13.734616,
                52.410571
              ],
              [
                13.73496,
                52.410413
              ],
              [
                13.735846,
                52.410301
              ],
              [
                13.737159,
                52.40965
              ],
              [
                13.737475,
                52.409298
              ],
              [
                13.737913,
                52.408464
              ],
              [
                13.739034,
                52.407335
              ],
              [
                13.737974,
                52.406717
              ],
              [
                13.735361,
                52.405983
              ],
              [
                13.735403,
                52.405854
              ],
              [
                13.734887,
                52.405013
              ],
              [
                13.734163,
                52.403341
              ],
              [
                13.734271,
                52.402137
              ],
              [
                13.733169,
                52.401245
              ],
              [
                13.73251,
                52.400941
              ],
              [
                13.731139,
                52.400006
              ],
              [
                13.730841,
                52.399953
              ],
              [
                13.730291,
                52.399668
              ],
              [
                13.730043,
                52.399655
              ],
              [
                13.729602,
                52.399836
              ],
              [
                13.729563,
                52.400026
              ],
              [
                13.729413,
                52.400201
              ],
              [
                13.728973,
                52.400091
              ],
              [
                13.728935,
                52.400056
              ],
              [
                13.729059,
                52.399923
              ],
              [
                13.729014,
                52.399811
              ],
              [
                13.728862,
                52.399769
              ],
              [
                13.728222,
                52.399897
              ],
              [
                13.727597,
                52.400235
              ],
              [
                13.727451,
                52.400233
              ],
              [
                13.727322,
                52.40018
              ],
              [
                13.727245,
                52.399951
              ],
              [
                13.727068,
                52.399825
              ],
              [
                13.726442,
                52.399608
              ],
              [
                13.725788,
                52.399532
              ],
              [
                13.725443,
                52.399702
              ],
              [
                13.725337,
                52.399541
              ],
              [
                13.725045,
                52.399364
              ],
              [
                13.724642,
                52.398847
              ],
              [
                13.72368,
                52.398549
              ],
              [
                13.723384,
                52.398338
              ],
              [
                13.72279,
                52.398257
              ],
              [
                13.722534,
                52.398272
              ],
              [
                13.719842,
                52.399068
              ],
              [
                13.71943,
                52.398889
              ],
              [
                13.718782,
                52.398761
              ],
              [
                13.718048,
                52.39882
              ],
              [
                13.717563,
                52.398927
              ],
              [
                13.716975,
                52.399639
              ],
              [
                13.716691,
                52.399721
              ],
              [
                13.715869,
                52.399693
              ],
              [
                13.715144,
                52.399244
              ],
              [
                13.714431,
                52.399041
              ],
              [
                13.714149,
                52.398848
              ],
              [
                13.713989,
                52.398685
              ],
              [
                13.714047,
                52.398643
              ],
              [
                13.713807,
                52.398205
              ],
              [
                13.713594,
                52.397996
              ],
              [
                13.712543,
                52.397747
              ],
              [
                13.71207,
                52.39753
              ],
              [
                13.711752,
                52.39729
              ],
              [
                13.711366,
                52.397136
              ],
              [
                13.71082,
                52.396614
              ],
              [
                13.710178,
                52.396192
              ],
              [
                13.709852,
                52.396372
              ],
              [
                13.709251,
                52.395689
              ],
              [
                13.708691,
                52.395377
              ],
              [
                13.707941,
                52.395124
              ],
              [
                13.707256,
                52.395221
              ],
              [
                13.706554,
                52.395117
              ],
              [
                13.706159,
                52.394831
              ],
              [
                13.705452,
                52.394074
              ],
              [
                13.704481,
                52.393535
              ],
              [
                13.70329,
                52.393262
              ],
              [
                13.702593,
                52.393381
              ],
              [
                13.702345,
                52.393326
              ],
              [
                13.70184,
                52.393031
              ],
              [
                13.700151,
                52.391144
              ],
              [
                13.698699,
                52.390594
              ],
              [
                13.698394,
                52.390749
              ],
              [
                13.698415,
                52.391137
              ],
              [
                13.698544,
                52.391379
              ],
              [
                13.698742,
                52.391429
              ],
              [
                13.699013,
                52.391793
              ],
              [
                13.69901,
                52.39191
              ],
              [
                13.698269,
                52.391769
              ],
              [
                13.698037,
                52.391593
              ],
              [
                13.697992,
                52.391427
              ],
              [
                13.697744,
                52.391298
              ],
              [
                13.697655,
                52.391121
              ],
              [
                13.697867,
                52.390965
              ],
              [
                13.697496,
                52.390555
              ],
              [
                13.697482,
                52.390221
              ],
              [
                13.697345,
                52.389921
              ],
              [
                13.69682,
                52.389686
              ],
              [
                13.695969,
                52.388984
              ],
              [
                13.695417,
                52.38888
              ],
              [
                13.69416,
                52.387855
              ],
              [
                13.693602,
                52.38756
              ],
              [
                13.693007,
                52.387068
              ],
              [
                13.690606,
                52.385497
              ],
              [
                13.689757,
                52.3852
              ],
              [
                13.688866,
                52.385033
              ],
              [
                13.688692,
                52.385419
              ],
              [
                13.688026,
                52.386073
              ],
              [
                13.687595,
                52.385169
              ],
              [
                13.686831,
                52.385303
              ],
              [
                13.686125,
                52.383992
              ],
              [
                13.686179,
                52.383862
              ],
              [
                13.687062,
                52.383881
              ],
              [
                13.687312,
                52.383325
              ],
              [
                13.687916,
                52.382955
              ],
              [
                13.689721,
                52.383255
              ],
              [
                13.695165,
                52.380957
              ],
              [
                13.69832,
                52.381488
              ],
              [
                13.698835,
                52.381502
              ],
              [
                13.69881,
                52.381123
              ],
              [
                13.698106,
                52.37991
              ],
              [
                13.697212,
                52.377441
              ],
              [
                13.699291,
                52.377738
              ],
              [
                13.699423,
                52.377516
              ],
              [
                13.700405,
                52.377507
              ],
              [
                13.700622,
                52.377194
              ],
              [
                13.699958,
                52.375592
              ],
              [
                13.699217,
                52.374911
              ],
              [
                13.699174,
                52.374702
              ],
              [
                13.698899,
                52.374485
              ],
              [
                13.698716,
                52.374156
              ],
              [
                13.698293,
                52.373717
              ],
              [
                13.697976,
                52.373414
              ],
              [
                13.697383,
                52.373061
              ],
              [
                13.697048,
                52.372547
              ],
              [
                13.696214,
                52.371901
              ],
              [
                13.695606,
                52.371214
              ],
              [
                13.694861,
                52.370564
              ],
              [
                13.694463,
                52.370346
              ],
              [
                13.693699,
                52.36974
              ],
              [
                13.693226,
                52.369513
              ],
              [
                13.69285,
                52.369175
              ],
              [
                13.692679,
                52.368819
              ],
              [
                13.692795,
                52.368516
              ],
              [
                13.692971,
                52.368338
              ],
              [
                13.693084,
                52.367977
              ],
              [
                13.692019,
                52.367936
              ],
              [
                13.691278,
                52.367776
              ],
              [
                13.691424,
                52.36749
              ],
              [
                13.692122,
                52.367331
              ],
              [
                13.692243,
                52.367258
              ],
              [
                13.692203,
                52.367207
              ],
              [
                13.691472,
                52.367297
              ],
              [
                13.691424,
                52.3674
              ],
              [
                13.690975,
                52.367602
              ],
              [
                13.689993,
                52.367855
              ],
              [
                13.689263,
                52.367848
              ],
              [
                13.689533,
                52.36766
              ],
              [
                13.68892,
                52.367412
              ],
              [
                13.68722,
                52.367301
              ],
              [
                13.686681,
                52.367738
              ],
              [
                13.68476,
                52.368812
              ],
              [
                13.68283,
                52.369508
              ],
              [
                13.682149,
                52.369639
              ],
              [
                13.681141,
                52.369561
              ],
              [
                13.681033,
                52.369466
              ],
              [
                13.67921,
                52.369444
              ],
              [
                13.678405,
                52.36919
              ],
              [
                13.677418,
                52.36857
              ],
              [
                13.676733,
                52.368322
              ],
              [
                13.676611,
                52.368188
              ],
              [
                13.675418,
                52.367679
              ],
              [
                13.673958,
                52.367229
              ],
              [
                13.671826,
                52.366786
              ],
              [
                13.671191,
                52.366487
              ],
              [
                13.670915,
                52.366238
              ],
              [
                13.670417,
                52.365288
              ],
              [
                13.670009,
                52.364769
              ],
              [
                13.668911,
                52.364474
              ],
              [
                13.668477,
                52.364208
              ],
              [
                13.667188,
                52.362986
              ],
              [
                13.666665,
                52.362363
              ],
              [
                13.666353,
                52.361626
              ],
              [
                13.666164,
                52.360513
              ],
              [
                13.665751,
                52.359625
              ],
              [
                13.666078,
                52.358303
              ],
              [
                13.666207,
                52.358088
              ],
              [
                13.665517,
                52.35818
              ],
              [
                13.664909,
                52.358127
              ],
              [
                13.663929,
                52.357618
              ],
              [
                13.663159,
                52.357061
              ],
              [
                13.662843,
                52.356613
              ],
              [
                13.662385,
                52.355711
              ],
              [
                13.662447,
                52.355279
              ],
              [
                13.662689,
                52.355081
              ],
              [
                13.661988,
                52.354607
              ],
              [
                13.661948,
                52.354514
              ],
              [
                13.662226,
                52.354423
              ],
              [
                13.662025,
                52.354214
              ],
              [
                13.659572,
                52.353309
              ],
              [
                13.658969,
                52.35281
              ],
              [
                13.659168,
                52.352643
              ],
              [
                13.658986,
                52.352358
              ],
              [
                13.658428,
                52.352136
              ],
              [
                13.657506,
                52.351909
              ],
              [
                13.657088,
                52.351616
              ],
              [
                13.65682,
                52.350577
              ],
              [
                13.656775,
                52.349616
              ],
              [
                13.656011,
                52.34848
              ],
              [
                13.655951,
                52.348175
              ],
              [
                13.656168,
                52.347985
              ],
              [
                13.656118,
                52.347817
              ],
              [
                13.655566,
                52.347209
              ],
              [
                13.653634,
                52.345899
              ],
              [
                13.653303,
                52.34556
              ],
              [
                13.652768,
                52.344789
              ],
              [
                13.652299,
                52.343848
              ],
              [
                13.651154,
                52.342602
              ],
              [
                13.651697,
                52.339466
              ],
              [
                13.650946,
                52.338945
              ],
              [
                13.650693,
                52.338856
              ],
              [
                13.648847,
                52.338338
              ],
              [
                13.647443,
                52.338271
              ],
              [
                13.645507,
                52.338783
              ],
              [
                13.644494,
                52.339915
              ],
              [
                13.642817,
                52.339941
              ],
              [
                13.640857,
                52.341883
              ],
              [
                13.638712,
                52.343186
              ],
              [
                13.637173,
                52.34473
              ],
              [
                13.636826,
                52.345231
              ],
              [
                13.63632,
                52.346819
              ],
              [
                13.636706,
                52.348147
              ],
              [
                13.637797,
                52.348213
              ],
              [
                13.638139,
                52.357101
              ],
              [
                13.638306,
                52.357753
              ],
              [
                13.638566,
                52.358168
              ],
              [
                13.638725,
                52.358751
              ],
              [
                13.638466,
                52.359164
              ],
              [
                13.638436,
                52.359736
              ],
              [
                13.63899,
                52.360649
              ],
              [
                13.639083,
                52.360979
              ],
              [
                13.639866,
                52.361693
              ],
              [
                13.64024,
                52.361933
              ],
              [
                13.641144,
                52.363097
              ],
              [
                13.643739,
                52.364269
              ],
              [
                13.64473,
                52.364805
              ],
              [
                13.646101,
                52.365276
              ],
              [
                13.646683,
                52.365751
              ],
              [
                13.646944,
                52.366071
              ],
              [
                13.647189,
                52.367028
              ],
              [
                13.647264,
                52.368021
              ],
              [
                13.646867,
                52.368955
              ],
              [
                13.646742,
                52.369588
              ],
              [
                13.64683,
                52.370156
              ],
              [
                13.643533,
                52.370468
              ],
              [
                13.642098,
                52.37081
              ],
              [
                13.642534,
                52.371432
              ],
              [
                13.642842,
                52.372584
              ],
              [
                13.642843,
                52.374455
              ],
              [
                13.642678,
                52.377508
              ],
              [
                13.633218,
                52.376247
              ],
              [
                13.628514,
                52.381356
              ],
              [
                13.607599,
                52.374057
              ],
              [
                13.605821,
                52.373624
              ],
              [
                13.606592,
                52.374946
              ],
              [
                13.606765,
                52.375409
              ],
              [
                13.606802,
                52.376034
              ],
              [
                13.606508,
                52.376751
              ],
              [
                13.605469,
                52.377974
              ],
              [
                13.606325,
                52.378605
              ],
              [
                13.606397,
                52.379118
              ],
              [
                13.605432,
                52.380376
              ],
              [
                13.604858,
                52.380945
              ],
              [
                13.603718,
                52.381666
              ],
              [
                13.603194,
                52.382386
              ],
              [
                13.603003,
                52.382841
              ],
              [
                13.601383,
                52.383939
              ],
              [
                13.600475,
                52.384317
              ],
              [
                13.599383,
                52.385405
              ],
              [
                13.598279,
                52.385513
              ],
              [
                13.59612,
                52.385985
              ],
              [
                13.595342,
                52.38679
              ],
              [
                13.594965,
                52.38721
              ],
              [
                13.594906,
                52.387556
              ],
              [
                13.595249,
                52.38816
              ],
              [
                13.595276,
                52.388478
              ],
              [
                13.595203,
                52.388744
              ],
              [
                13.595019,
                52.388944
              ],
              [
                13.594315,
                52.38892
              ],
              [
                13.594046,
                52.38953
              ],
              [
                13.593676,
                52.389959
              ],
              [
                13.593651,
                52.390232
              ],
              [
                13.593854,
                52.390839
              ],
              [
                13.593992,
                52.391634
              ],
              [
                13.594231,
                52.392118
              ],
              [
                13.59414,
                52.392442
              ],
              [
                13.593329,
                52.393297
              ],
              [
                13.592692,
                52.393815
              ],
              [
                13.590607,
                52.393356
              ],
              [
                13.587828,
                52.392516
              ],
              [
                13.582894,
                52.391459
              ],
              [
                13.576686,
                52.390405
              ],
              [
                13.574372,
                52.390115
              ],
              [
                13.568837,
                52.388954
              ],
              [
                13.564157,
                52.388136
              ],
              [
                13.558665,
                52.388236
              ],
              [
                13.545917,
                52.388719
              ],
              [
                13.535493,
                52.388992
              ],
              [
                13.534823,
                52.390769
              ],
              [
                13.53483,
                52.391434
              ],
              [
                13.535152,
                52.393517
              ],
              [
                13.535366,
                52.394007
              ],
              [
                13.535831,
                52.395621
              ],
              [
                13.536691,
                52.397209
              ],
              [
                13.536306,
                52.397823
              ],
              [
                13.537209,
                52.398038
              ],
              [
                13.537076,
                52.39825
              ],
              [
                13.537415,
                52.398863
              ],
              [
                13.538208,
                52.399974
              ],
              [
                13.538431,
                52.400633
              ],
              [
                13.537058,
                52.399988
              ],
              [
                13.535078,
                52.399267
              ],
              [
                13.533692,
                52.398872
              ],
              [
                13.529695,
                52.397303
              ],
              [
                13.526382,
                52.398936
              ],
              [
                13.524596,
                52.399384
              ],
              [
                13.52281,
                52.40006
              ],
              [
                13.521798,
                52.40057
              ],
              [
                13.518626,
                52.401091
              ],
              [
                13.517141,
                52.401549
              ],
              [
                13.516005,
                52.401789
              ],
              [
                13.516031,
                52.402174
              ],
              [
                13.51704,
                52.402834
              ],
              [
                13.516717,
                52.403335
              ],
              [
                13.517053,
                52.40354
              ],
              [
                13.517022,
                52.4036
              ],
              [
                13.519281,
                52.404946
              ],
              [
                13.518977,
                52.405143
              ],
              [
                13.520728,
                52.406327
              ],
              [
                13.52066,
                52.406402
              ],
              [
                13.521842,
                52.407406
              ],
              [
                13.522454,
                52.408609
              ],
              [
                13.522849,
                52.40963
              ],
              [
                13.523182,
                52.410788
              ],
              [
                13.522873,
                52.411042
              ],
              [
                13.523429,
                52.411668
              ],
              [
                13.522957,
                52.412134
              ],
              [
                13.523398,
                52.412431
              ],
              [
                13.523163,
                52.412639
              ],
              [
                13.523565,
                52.413197
              ],
              [
                13.524133,
                52.413596
              ],
              [
                13.522622,
                52.414153
              ],
              [
                13.522569,
                52.414314
              ],
              [
                13.522261,
                52.414426
              ],
              [
                13.522979,
                52.415455
              ],
              [
                13.522366,
                52.416419
              ],
              [
                13.522199,
                52.416864
              ],
              [
                13.522152,
                52.417207
              ],
              [
                13.52222,
                52.418311
              ],
              [
                13.520786,
                52.419538
              ],
              [
                13.520451,
                52.420815
              ],
              [
                13.520135,
                52.421015
              ],
              [
                13.519908,
                52.421304
              ],
              [
                13.519466,
                52.421392
              ],
              [
                13.518718,
                52.422251
              ],
              [
                13.519937,
                52.425145
              ],
              [
                13.520175,
                52.426027
              ],
              [
                13.520366,
                52.42605
              ],
              [
                13.520506,
                52.426557
              ],
              [
                13.519772,
                52.426753
              ],
              [
                13.515679,
                52.42701
              ],
              [
                13.513681,
                52.427267
              ],
              [
                13.510756,
                52.427871
              ],
              [
                13.508555,
                52.428565
              ],
              [
                13.50847,
                52.428501
              ],
              [
                13.507258,
                52.428956
              ],
              [
                13.493187,
                52.435702
              ],
              [
                13.488234,
                52.438172
              ],
              [
                13.478497,
                52.442803
              ],
              [
                13.478161,
                52.443104
              ],
              [
                13.47668,
                52.443833
              ],
              [
                13.476163,
                52.443975
              ],
              [
                13.470056,
                52.446931
              ],
              [
                13.464992,
                52.449473
              ],
              [
                13.463936,
                52.450242
              ],
              [
                13.463017,
                52.451131
              ],
              [
                13.462219,
                52.452057
              ],
              [
                13.459232,
                52.456362
              ],
              [
                13.457713,
                52.458156
              ],
              [
                13.456971,
                52.459118
              ],
              [
                13.456999,
                52.459203
              ],
              [
                13.457234,
                52.459258
              ],
              [
                13.474971,
                52.458763
              ],
              [
                13.474977,
                52.459471
              ],
              [
                13.475804,
                52.460915
              ],
              [
                13.477197,
                52.461989
              ],
              [
                13.47855,
                52.463986
              ],
              [
                13.478417,
                52.465133
              ],
              [
                13.476357,
                52.467127
              ],
              [
                13.475154,
                52.46802
              ],
              [
                13.470762,
                52.472255
              ],
              [
                13.469791,
                52.473339
              ],
              [
                13.469597,
                52.473729
              ],
              [
                13.469604,
                52.473992
              ],
              [
                13.47038,
                52.476011
              ],
              [
                13.470573,
                52.476909
              ],
              [
                13.461155,
                52.483539
              ],
              [
                13.46118,
                52.483702
              ],
              [
                13.45832,
                52.485689
              ],
              [
                13.458072,
                52.485943
              ],
              [
                13.457123,
                52.485053
              ],
              [
                13.456067,
                52.484253
              ],
              [
                13.450443,
                52.487148
              ],
              [
                13.450327,
                52.487085
              ],
              [
                13.448726,
                52.488028
              ],
              [
                13.448658,
                52.487983
              ],
              [
                13.446764,
                52.488954
              ],
              [
                13.444447,
                52.487458
              ],
              [
                13.439636,
                52.4899
              ]
            ]
          ]
        ]
      }
    },
    {
      "type": "Feature",
      "properties": {
        "name": "Marzahn-Hellersdorf",
        "slug": "marzahn-hellersdorf",
        "osm_relation": 164712,
        "in": {
          "en": "in Marzahn-Hellersdorf",
          "de": "in Marzahn-Hellersdorf"
        }
      },
      "geometry": {
        "type": "MultiPolygon",
        "coordinates": [
          [
            [
              [
                13.516884,
                52.535548
              ],
              [
                13.517268,
                52.535204
              ],
              [
                13.517157,
                52.53519
              ],
              [
                13.518127,
                52.533885
              ],
              [
                13.518486,
                52.533231
              ],
              [
                13.518691,
                52.532671
              ],
              [
                13.519083,
                52.528235
              ],
              [
                13.519155,
                52.527117
              ],
              [
                13.519118,
                52.526118
              ],
              [
                13.519293,
                52.525805
              ],
              [
                13.519414,
                52.524561
              ],
              [
                13.519437,
                52.523844
              ],
              [
                13.51916,
                52.520891
              ],
              [
                13.519119,
                52.519653
              ],
              [
                13.518956,
                52.518438
              ],
              [
                13.518741,
                52.514441
              ],
              [
                13.518599,
                52.514536
              ],
              [
                13.518553,
                52.513911
              ],
              [
                13.518755,
                52.513906
              ],
              [
                13.51876,
                52.51402
              ],
              [
                13.519306,
                52.514015
              ],
              [
                13.519303,
                52.513896
              ],
              [
                13.519998,
                52.513883
              ],
              [
                13.519991,
                52.513731
              ],
              [
                13.5204,
                52.513759
              ],
              [
                13.520407,
                52.513874
              ],
              [
                13.522022,
                52.513841
              ],
              [
                13.523587,
                52.513915
              ],
              [
                13.524738,
                52.513793
              ],
              [
                13.529245,
                52.513787
              ],
              [
                13.533985,
                52.513623
              ],
              [
                13.535137,
                52.513375
              ],
              [
                13.535723,
                52.513161
              ],
              [
                13.53652,
                52.512751
              ],
              [
                13.537323,
                52.512105
              ],
              [
                13.537574,
                52.511787
              ],
              [
                13.537822,
                52.511095
              ],
              [
                13.537847,
                52.509924
              ],
              [
                13.536211,
                52.50999
              ],
              [
                13.536307,
                52.50794
              ],
              [
                13.536117,
                52.507901
              ],
              [
                13.536305,
                52.506403
              ],
              [
                13.536018,
                52.506001
              ],
              [
                13.535196,
                52.505546
              ],
              [
                13.5395,
                52.498545
              ],
              [
                13.542136,
                52.498254
              ],
              [
                13.544087,
                52.49621
              ],
              [
                13.543808,
                52.495927
              ],
              [
                13.54392,
                52.495696
              ],
              [
                13.544453,
                52.495481
              ],
              [
                13.544834,
                52.493292
              ],
              [
                13.544768,
                52.493217
              ],
              [
                13.544853,
                52.493211
              ],
              [
                13.546254,
                52.491766
              ],
              [
                13.547747,
                52.489249
              ],
              [
                13.550137,
                52.485498
              ],
              [
                13.550207,
                52.48519
              ],
              [
                13.549891,
                52.484448
              ],
              [
                13.549103,
                52.483742
              ],
              [
                13.548285,
                52.482482
              ],
              [
                13.547916,
                52.482513
              ],
              [
                13.547883,
                52.479781
              ],
              [
                13.548455,
                52.479773
              ],
              [
                13.550857,
                52.477016
              ],
              [
                13.552046,
                52.473749
              ],
              [
                13.552597,
                52.47365
              ],
              [
                13.555072,
                52.473612
              ],
              [
                13.557861,
                52.473231
              ],
              [
                13.562874,
                52.473304
              ],
              [
                13.565226,
                52.473827
              ],
              [
                13.565449,
                52.473576
              ],
              [
                13.566985,
                52.473749
              ],
              [
                13.567543,
                52.474408
              ],
              [
                13.573671,
                52.476797
              ],
              [
                13.573688,
                52.476551
              ],
              [
                13.57392,
                52.476473
              ],
              [
                13.574006,
                52.476556
              ],
              [
                13.573963,
                52.476865
              ],
              [
                13.57466,
                52.47787
              ],
              [
                13.575156,
                52.479479
              ],
              [
                13.579715,
                52.481031
              ],
              [
                13.581863,
                52.479969
              ],
              [
                13.586341,
                52.481119
              ],
              [
                13.589902,
                52.479464
              ],
              [
                13.593933,
                52.477389
              ],
              [
                13.5952,
                52.476822
              ],
              [
                13.598332,
                52.475158
              ],
              [
                13.599627,
                52.474387
              ],
              [
                13.599681,
                52.474464
              ],
              [
                13.60307,
                52.472786
              ],
              [
                13.604907,
                52.472899
              ],
              [
                13.608386,
                52.472847
              ],
              [
                13.608164,
                52.471083
              ],
              [
                13.611318,
                52.470475
              ],
              [
                13.611498,
                52.47063
              ],
              [
                13.611367,
                52.470652
              ],
              [
                13.616485,
                52.47483
              ],
              [
                13.615452,
                52.4753
              ],
              [
                13.613552,
                52.475619
              ],
              [
                13.614891,
                52.480761
              ],
              [
                13.629715,
                52.493037
              ],
              [
                13.625844,
                52.493603
              ],
              [
                13.624006,
                52.494199
              ],
              [
                13.624446,
                52.495037
              ],
              [
                13.625752,
                52.497045
              ],
              [
                13.626773,
                52.499084
              ],
              [
                13.62815,
                52.503573
              ],
              [
                13.628755,
                52.505208
              ],
              [
                13.629196,
                52.506128
              ],
              [
                13.629515,
                52.506722
              ],
              [
                13.632111,
                52.510394
              ],
              [
                13.63316,
                52.511731
              ],
              [
                13.634179,
                52.512844
              ],
              [
                13.635783,
                52.514217
              ],
              [
                13.637091,
                52.515127
              ],
              [
                13.639666,
                52.516697
              ],
              [
                13.642458,
                52.518549
              ],
              [
                13.647065,
                52.520674
              ],
              [
                13.655335,
                52.524063
              ],
              [
                13.658503,
                52.525947
              ],
              [
                13.658035,
                52.526528
              ],
              [
                13.657786,
                52.527301
              ],
              [
                13.657555,
                52.527748
              ],
              [
                13.656912,
                52.529838
              ],
              [
                13.65099,
                52.529807
              ],
              [
                13.64853,
                52.529641
              ],
              [
                13.646253,
                52.529682
              ],
              [
                13.643683,
                52.529891
              ],
              [
                13.641682,
                52.530324
              ],
              [
                13.640636,
                52.530425
              ],
              [
                13.631558,
                52.530573
              ],
              [
                13.626737,
                52.530128
              ],
              [
                13.626004,
                52.530403
              ],
              [
                13.625687,
                52.530184
              ],
              [
                13.62481,
                52.533584
              ],
              [
                13.625744,
                52.534039
              ],
              [
                13.624825,
                52.5381
              ],
              [
                13.625124,
                52.537928
              ],
              [
                13.625737,
                52.537777
              ],
              [
                13.627539,
                52.537485
              ],
              [
                13.62822,
                52.537568
              ],
              [
                13.628859,
                52.537977
              ],
              [
                13.630578,
                52.537622
              ],
              [
                13.630888,
                52.53779
              ],
              [
                13.631613,
                52.538002
              ],
              [
                13.632791,
                52.537793
              ],
              [
                13.633087,
                52.537802
              ],
              [
                13.633122,
                52.537867
              ],
              [
                13.633947,
                52.537652
              ],
              [
                13.634165,
                52.538027
              ],
              [
                13.634554,
                52.537928
              ],
              [
                13.634746,
                52.538257
              ],
              [
                13.634905,
                52.538224
              ],
              [
                13.637651,
                52.540921
              ],
              [
                13.637376,
                52.542255
              ],
              [
                13.635452,
                52.542305
              ],
              [
                13.634401,
                52.542826
              ],
              [
                13.618716,
                52.544215
              ],
              [
                13.587428,
                52.549449
              ],
              [
                13.586382,
                52.549785
              ],
              [
                13.586573,
                52.550458
              ],
              [
                13.586931,
                52.551177
              ],
              [
                13.586951,
                52.551734
              ],
              [
                13.587545,
                52.552565
              ],
              [
                13.587774,
                52.553331
              ],
              [
                13.587708,
                52.553879
              ],
              [
                13.587751,
                52.554592
              ],
              [
                13.587601,
                52.555627
              ],
              [
                13.587355,
                52.556209
              ],
              [
                13.586894,
                52.556714
              ],
              [
                13.58648,
                52.557693
              ],
              [
                13.584886,
                52.559084
              ],
              [
                13.584434,
                52.559852
              ],
              [
                13.584435,
                52.560504
              ],
              [
                13.584327,
                52.56126
              ],
              [
                13.583833,
                52.562606
              ],
              [
                13.583811,
                52.563019
              ],
              [
                13.583935,
                52.563761
              ],
              [
                13.583385,
                52.564684
              ],
              [
                13.583167,
                52.565213
              ],
              [
                13.583232,
                52.565588
              ],
              [
                13.583118,
                52.566051
              ],
              [
                13.583429,
                52.566792
              ],
              [
                13.583349,
                52.567748
              ],
              [
                13.582911,
                52.568535
              ],
              [
                13.582826,
                52.568845
              ],
              [
                13.582558,
                52.569206
              ],
              [
                13.58209,
                52.570175
              ],
              [
                13.581599,
                52.570892
              ],
              [
                13.581542,
                52.571107
              ],
              [
                13.577886,
                52.571128
              ],
              [
                13.576969,
                52.572902
              ],
              [
                13.574972,
                52.573835
              ],
              [
                13.571411,
                52.573237
              ],
              [
                13.569081,
                52.573367
              ],
              [
                13.569157,
                52.573084
              ],
              [
                13.568571,
                52.573104
              ],
              [
                13.568497,
                52.573397
              ],
              [
                13.568269,
                52.573789
              ],
              [
                13.567704,
                52.574509
              ],
              [
                13.567083,
                52.57386
              ],
              [
                13.566744,
                52.573612
              ],
              [
                13.566598,
                52.573337
              ],
              [
                13.566124,
                52.573007
              ],
              [
                13.566536,
                52.573164
              ],
              [
                13.566445,
                52.572916
              ],
              [
                13.564414,
                52.572196
              ],
              [
                13.56061,
                52.571245
              ],
              [
                13.545633,
                52.567773
              ],
              [
                13.544583,
                52.566909
              ],
              [
                13.543917,
                52.566618
              ],
              [
                13.542396,
                52.56616
              ],
              [
                13.541193,
                52.566015
              ],
              [
                13.533951,
                52.560387
              ],
              [
                13.529188,
                52.55742
              ],
              [
                13.525493,
                52.555431
              ],
              [
                13.525539,
                52.55538
              ],
              [
                13.525356,
                52.555318
              ],
              [
                13.5259,
                52.554554
              ],
              [
                13.525988,
                52.55453
              ],
              [
                13.525922,
                52.554514
              ],
              [
                13.526305,
                52.553989
              ],
              [
                13.527238,
                52.552273
              ],
              [
                13.527955,
                52.550219
              ],
              [
                13.527892,
                52.550163
              ],
              [
                13.528268,
                52.549391
              ],
              [
                13.528215,
                52.549384
              ],
              [
                13.530007,
                52.544471
              ],
              [
                13.53045,
                52.543548
              ],
              [
                13.530574,
                52.543526
              ],
              [
                13.530598,
                52.542915
              ],
              [
                13.530992,
                52.541736
              ],
              [
                13.531358,
                52.540985
              ],
              [
                13.531898,
                52.539528
              ],
              [
                13.532265,
                52.539315
              ],
              [
                13.531577,
                52.539174
              ],
              [
                13.531688,
                52.538973
              ],
              [
                13.531291,
                52.538893
              ],
              [
                13.531496,
                52.538857
              ],
              [
                13.531593,
                52.5386
              ],
              [
                13.530765,
                52.538407
              ],
              [
                13.530595,
                52.538457
              ],
              [
                13.527844,
                52.537803
              ],
              [
                13.523066,
                52.536274
              ],
              [
                13.521545,
                52.536009
              ],
              [
                13.519208,
                52.535835
              ],
              [
                13.519251,
                52.535708
              ],
              [
                13.516884,
                52.535548
              ]
            ]
          ]
        ]
      }
    },
    {
      "type": "Feature",
      "properties": {
        "name": "Lichtenberg",
        "slug": "lichtenberg",
        "osm_relation": 404554,
        "in": {
          "en": "in Lichtenberg",
          "de": "in Lichtenberg"
        }
      },
      "geometry": {
        "type": "MultiPolygon",
        "coordinates": [
          [
            [
              [
                13.456197,
                52.528265
              ],
              [
                13.458179,
                52.526399
              ],
              [
                13.459118,
                52.525768
              ],
              [
                13.459668,
                52.52551
              ],
              [
                13.462756,
                52.524504
              ],
              [
                13.465476,
                52.52415
              ],
              [
                13.467095,
                52.523818
              ],
              [
                13.468585,
                52.523299
              ],
              [
                13.469608,
                52.522809
              ],
              [
                13.470992,
                52.521819
              ],
              [
                13.472107,
                52.520694
              ],
              [
                13.47239,
                52.520571
              ],
              [
                13.473515,
                52.519126
              ],
              [
                13.474075,
                52.519038
              ],
              [
                13.476055,
                52.516124
              ],
              [
                13.476568,
                52.515154
              ],
              [
                13.477729,
                52.51472
              ],
              [
                13.477492,
                52.514388
              ],
              [
                13.475888,
                52.514863
              ],
              [
                13.475451,
                52.513823
              ],
              [
                13.475436,
                52.51343
              ],
              [
                13.475531,
                52.513069
              ],
              [
                13.475631,
                52.513059
              ],
              [
                13.475839,
                52.512122
              ],
              [
                13.475927,
                52.512113
              ],
              [
                13.475888,
                52.512053
              ],
              [
                13.476266,
                52.510439
              ],
              [
                13.475827,
                52.510256
              ],
              [
                13.475419,
                52.509633
              ],
              [
                13.473902,
                52.508101
              ],
              [
                13.474028,
                52.508068
              ],
              [
                13.473935,
                52.50797
              ],
              [
                13.473805,
                52.508007
              ],
              [
                13.473821,
                52.507931
              ],
              [
                13.473067,
                52.507126
              ],
              [
                13.473406,
                52.506919
              ],
              [
                13.472832,
                52.50671
              ],
              [
                13.472715,
                52.50636
              ],
              [
                13.471748,
                52.505735
              ],
              [
                13.471164,
                52.505138
              ],
              [
                13.471294,
                52.505002
              ],
              [
                13.470206,
                52.503744
              ],
              [
                13.469756,
                52.50232
              ],
              [
                13.469674,
                52.502284
              ],
              [
                13.469521,
                52.501943
              ],
              [
                13.468876,
                52.50016
              ],
              [
                13.46877,
                52.500157
              ],
              [
                13.468573,
                52.499657
              ],
              [
                13.473076,
                52.499003
              ],
              [
                13.478627,
                52.495271
              ],
              [
                13.478772,
                52.495288
              ],
              [
                13.483731,
                52.491859
              ],
              [
                13.484132,
                52.491692
              ],
              [
                13.484987,
                52.491634
              ],
              [
                13.485694,
                52.491296
              ],
              [
                13.48611,
                52.490744
              ],
              [
                13.488527,
                52.48985
              ],
              [
                13.488787,
                52.48927
              ],
              [
                13.491443,
                52.488283
              ],
              [
                13.49101,
                52.487359
              ],
              [
                13.491414,
                52.487184
              ],
              [
                13.493002,
                52.485637
              ],
              [
                13.494195,
                52.483124
              ],
              [
                13.496705,
                52.483317
              ],
              [
                13.497883,
                52.48328
              ],
              [
                13.49959,
                52.482874
              ],
              [
                13.501966,
                52.482449
              ],
              [
                13.504337,
                52.478067
              ],
              [
                13.507788,
                52.474915
              ],
              [
                13.513461,
                52.475746
              ],
              [
                13.514989,
                52.475736
              ],
              [
                13.515864,
                52.4756
              ],
              [
                13.520568,
                52.47401
              ],
              [
                13.521773,
                52.475171
              ],
              [
                13.524237,
                52.473385
              ],
              [
                13.530662,
                52.467835
              ],
              [
                13.532387,
                52.469054
              ],
              [
                13.539869,
                52.47494
              ],
              [
                13.542069,
                52.473989
              ],
              [
                13.548477,
                52.473312
              ],
              [
                13.547992,
                52.473864
              ],
              [
                13.548995,
                52.473885
              ],
              [
                13.550883,
                52.473618
              ],
              [
                13.552597,
                52.47365
              ],
              [
                13.552046,
                52.473749
              ],
              [
                13.550857,
                52.477016
              ],
              [
                13.548455,
                52.479773
              ],
              [
                13.547883,
                52.479781
              ],
              [
                13.547916,
                52.482513
              ],
              [
                13.548285,
                52.482482
              ],
              [
                13.549103,
                52.483742
              ],
              [
                13.549891,
                52.484448
              ],
              [
                13.550207,
                52.48519
              ],
              [
                13.550137,
                52.485498
              ],
              [
                13.547747,
                52.489249
              ],
              [
                13.546254,
                52.491766
              ],
              [
                13.544853,
                52.493211
              ],
              [
                13.544768,
                52.493217
              ],
              [
                13.544834,
                52.493292
              ],
              [
                13.544453,
                52.495481
              ],
              [
                13.54392,
                52.495696
              ],
              [
                13.543808,
                52.495927
              ],
              [
                13.544087,
                52.49621
              ],
              [
                13.542136,
                52.498254
              ],
              [
                13.5395,
                52.498545
              ],
              [
                13.535196,
                52.505546
              ],
              [
                13.536018,
                52.506001
              ],
              [
                13.536305,
                52.506403
              ],
              [
                13.536117,
                52.507901
              ],
              [
                13.536307,
                52.50794
              ],
              [
                13.536211,
                52.50999
              ],
              [
                13.537847,
                52.509924
              ],
              [
                13.537822,
                52.511095
              ],
              [
                13.537574,
                52.511787
              ],
              [
                13.537323,
                52.512105
              ],
              [
                13.53652,
                52.512751
              ],
              [
                13.535723,
                52.513161
              ],
              [
                13.535137,
                52.513375
              ],
              [
                13.533985,
                52.513623
              ],
              [
                13.529245,
                52.513787
              ],
              [
                13.524738,
                52.513793
              ],
              [
                13.523587,
                52.513915
              ],
              [
                13.522022,
                52.513841
              ],
              [
                13.520407,
                52.513874
              ],
              [
                13.5204,
                52.513759
              ],
              [
                13.519991,
                52.513731
              ],
              [
                13.519998,
                52.513883
              ],
              [
                13.519303,
                52.513896
              ],
              [
                13.519306,
                52.514015
              ],
              [
                13.51876,
                52.51402
              ],
              [
                13.518755,
                52.513906
              ],
              [
                13.518553,
                52.513911
              ],
              [
                13.518599,
                52.514536
              ],
              [
                13.518741,
                52.514441
              ],
              [
                13.518956,
                52.518438
              ],
              [
                13.519119,
                52.519653
              ],
              [
                13.51916,
                52.520891
              ],
              [
                13.519437,
                52.523844
              ],
              [
                13.519414,
                52.524561
              ],
              [
                13.519293,
                52.525805
              ],
              [
                13.519118,
                52.526118
              ],
              [
                13.519155,
                52.527117
              ],
              [
                13.519083,
                52.528235
              ],
              [
                13.518691,
                52.532671
              ],
              [
                13.518486,
                52.533231
              ],
              [
                13.518127,
                52.533885
              ],
              [
                13.517157,
                52.53519
              ],
              [
                13.517268,
                52.535204
              ],
              [
                13.516884,
                52.535548
              ],
              [
                13.519251,
                52.535708
              ],
              [
                13.519208,
                52.535835
              ],
              [
                13.521545,
                52.536009
              ],
              [
                13.523066,
                52.536274
              ],
              [
                13.527844,
                52.537803
              ],
              [
                13.530595,
                52.538457
              ],
              [
                13.530765,
                52.538407
              ],
              [
                13.531593,
                52.5386
              ],
              [
                13.531496,
                52.538857
              ],
              [
                13.531291,
                52.538893
              ],
              [
                13.531688,
                52.538973
              ],
              [
                13.531577,
                52.539174
              ],
              [
                13.532265,
                52.539315
              ],
              [
                13.531898,
                52.539528
              ],
              [
                13.531358,
                52.540985
              ],
              [
                13.530992,
                52.541736
              ],
              [
                13.530598,
                52.542915
              ],
              [
                13.530574,
                52.543526
              ],
              [
                13.53045,
                52.543548
              ],
              [
                13.530007,
                52.544471
              ],
              [
                13.528215,
                52.549384
              ],
              [
                13.528268,
                52.549391
              ],
              [
                13.527892,
                52.550163
              ],
              [
                13.527955,
                52.550219
              ],
              [
                13.527238,
                52.552273
              ],
              [
                13.526305,
                52.553989
              ],
              [
                13.525922,
                52.554514
              ],
              [
                13.525988,
                52.55453
              ],
              [
                13.5259,
                52.554554
              ],
              [
                13.525356,
                52.555318
              ],
              [
                13.525539,
                52.55538
              ],
              [
                13.525493,
                52.555431
              ],
              [
                13.529188,
                52.55742
              ],
              [
                13.533951,
                52.560387
              ],
              [
                13.541193,
                52.566015
              ],
              [
                13.542396,
                52.56616
              ],
              [
                13.543917,
                52.566618
              ],
              [
                13.544583,
                52.566909
              ],
              [
                13.545633,
                52.567773
              ],
              [
                13.56061,
                52.571245
              ],
              [
                13.564414,
                52.572196
              ],
              [
                13.566445,
                52.572916
              ],
              [
                13.566536,
                52.573164
              ],
              [
                13.566124,
                52.573007
              ],
              [
                13.566598,
                52.573337
              ],
              [
                13.566744,
                52.573612
              ],
              [
                13.567083,
                52.57386
              ],
              [
                13.567704,
                52.574509
              ],
              [
                13.566897,
                52.575475
              ],
              [
                13.566502,
                52.576176
              ],
              [
                13.565212,
                52.577353
              ],
              [
                13.564524,
                52.578199
              ],
              [
                13.563356,
                52.579085
              ],
              [
                13.561861,
                52.580389
              ],
              [
                13.559492,
                52.581902
              ],
              [
                13.556881,
                52.58338
              ],
              [
                13.554181,
                52.584761
              ],
              [
                13.549912,
                52.586566
              ],
              [
                13.546987,
                52.587643
              ],
              [
                13.547125,
                52.587854
              ],
              [
                13.54149,
                52.589188
              ],
              [
                13.527694,
                52.592237
              ],
              [
                13.527182,
                52.592233
              ],
              [
                13.522882,
                52.592749
              ],
              [
                13.508118,
                52.592139
              ],
              [
                13.505176,
                52.596463
              ],
              [
                13.488961,
                52.59005
              ],
              [
                13.488405,
                52.589784
              ],
              [
                13.486945,
                52.588839
              ],
              [
                13.486004,
                52.588014
              ],
              [
                13.485308,
                52.587131
              ],
              [
                13.484646,
                52.585618
              ],
              [
                13.48433,
                52.585638
              ],
              [
                13.483566,
                52.584077
              ],
              [
                13.481975,
                52.584002
              ],
              [
                13.481613,
                52.583315
              ],
              [
                13.480477,
                52.583533
              ],
              [
                13.479822,
                52.581587
              ],
              [
                13.47972,
                52.581066
              ],
              [
                13.479771,
                52.580556
              ],
              [
                13.47969,
                52.580093
              ],
              [
                13.479735,
                52.579604
              ],
              [
                13.479943,
                52.579201
              ],
              [
                13.480204,
                52.577914
              ],
              [
                13.480271,
                52.577836
              ],
              [
                13.480402,
                52.577855
              ],
              [
                13.480516,
                52.577703
              ],
              [
                13.47999,
                52.577695
              ],
              [
                13.479914,
                52.575415
              ],
              [
                13.479818,
                52.575426
              ],
              [
                13.479745,
                52.57515
              ],
              [
                13.480081,
                52.575138
              ],
              [
                13.480077,
                52.575022
              ],
              [
                13.479791,
                52.574513
              ],
              [
                13.479625,
                52.573778
              ],
              [
                13.47962,
                52.573528
              ],
              [
                13.479888,
                52.573511
              ],
              [
                13.479856,
                52.573325
              ],
              [
                13.479575,
                52.573341
              ],
              [
                13.479459,
                52.572694
              ],
              [
                13.481333,
                52.572603
              ],
              [
                13.482026,
                52.572493
              ],
              [
                13.482795,
                52.572632
              ],
              [
                13.482799,
                52.572155
              ],
              [
                13.482601,
                52.571635
              ],
              [
                13.487588,
                52.569219
              ],
              [
                13.48359,
                52.566119
              ],
              [
                13.484154,
                52.566027
              ],
              [
                13.483781,
                52.564426
              ],
              [
                13.486069,
                52.564153
              ],
              [
                13.485596,
                52.562418
              ],
              [
                13.485321,
                52.562274
              ],
              [
                13.485188,
                52.561799
              ],
              [
                13.485398,
                52.561551
              ],
              [
                13.487289,
                52.561288
              ],
              [
                13.489973,
                52.560482
              ],
              [
                13.490854,
                52.560083
              ],
              [
                13.491668,
                52.559448
              ],
              [
                13.494907,
                52.556082
              ],
              [
                13.495278,
                52.555556
              ],
              [
                13.495532,
                52.555003
              ],
              [
                13.495659,
                52.554407
              ],
              [
                13.495674,
                52.553865
              ],
              [
                13.495443,
                52.553
              ],
              [
                13.49443,
                52.550785
              ],
              [
                13.49035,
                52.551695
              ],
              [
                13.486117,
                52.552398
              ],
              [
                13.485805,
                52.552177
              ],
              [
                13.485677,
                52.552196
              ],
              [
                13.482222,
                52.549647
              ],
              [
                13.481687,
                52.549487
              ],
              [
                13.480372,
                52.549452
              ],
              [
                13.48037,
                52.549551
              ],
              [
                13.480254,
                52.549603
              ],
              [
                13.480082,
                52.54947
              ],
              [
                13.479747,
                52.549621
              ],
              [
                13.479342,
                52.549303
              ],
              [
                13.479765,
                52.549101
              ],
              [
                13.48011,
                52.548496
              ],
              [
                13.48046,
                52.548121
              ],
              [
                13.479645,
                52.547547
              ],
              [
                13.469929,
                52.547742
              ],
              [
                13.469542,
                52.547776
              ],
              [
                13.468526,
                52.548231
              ],
              [
                13.467363,
                52.548321
              ],
              [
                13.467018,
                52.548071
              ],
              [
                13.469841,
                52.540458
              ],
              [
                13.46731,
                52.538495
              ],
              [
                13.46752,
                52.538405
              ],
              [
                13.46753,
                52.538461
              ],
              [
                13.467648,
                52.53845
              ],
              [
                13.466384,
                52.536657
              ],
              [
                13.467785,
                52.536142
              ],
              [
                13.468743,
                52.534712
              ],
              [
                13.467308,
                52.53403
              ],
              [
                13.466959,
                52.534055
              ],
              [
                13.464525,
                52.533202
              ],
              [
                13.464445,
                52.532989
              ],
              [
                13.463389,
                52.532634
              ],
              [
                13.461006,
                52.529678
              ],
              [
                13.460674,
                52.529358
              ],
              [
                13.456332,
                52.528395
              ],
              [
                13.456197,
                52.528265
              ]
            ]
          ]
        ]
      }
    },
    {
      "type": "Feature",
      "properties": {
        "name": "Reinickendorf",
        "slug": "reinickendorf",
        "osm_relation": 16334,
        "in": {
          "en": "in Reinickendorf",
          "de": "in Reinickendorf"
        }
      },
      "geometry": {
        "type": "MultiPolygon",
        "coordinates": [
          [
            [
              [
                13.208202,
                52.598992
              ],
              [
                13.211304,
                52.596818
              ],
              [
                13.215317,
                52.594958
              ],
              [
                13.218118,
                52.59319
              ],
              [
                13.218856,
                52.592368
              ],
              [
                13.219249,
                52.591399
              ],
              [
                13.218871,
                52.590471
              ],
              [
                13.217395,
                52.587478
              ],
              [
                13.216436,
                52.585715
              ],
              [
                13.215362,
                52.584761
              ],
              [
                13.215174,
                52.584333
              ],
              [
                13.215209,
                52.583874
              ],
              [
                13.215434,
                52.583526
              ],
              [
                13.215745,
                52.583266
              ],
              [
                13.217238,
                52.582381
              ],
              [
                13.218086,
                52.581459
              ],
              [
                13.218312,
                52.580966
              ],
              [
                13.218023,
                52.579695
              ],
              [
                13.217973,
                52.578538
              ],
              [
                13.218862,
                52.577146
              ],
              [
                13.220398,
                52.575949
              ],
              [
                13.222044,
                52.574933
              ],
              [
                13.223918,
                52.574202
              ],
              [
                13.224664,
                52.573608
              ],
              [
                13.225082,
                52.573135
              ],
              [
                13.225272,
                52.572602
              ],
              [
                13.225185,
                52.571784
              ],
              [
                13.225326,
                52.571188
              ],
              [
                13.226731,
                52.569315
              ],
              [
                13.226906,
                52.56875
              ],
              [
                13.227045,
                52.56781
              ],
              [
                13.227196,
                52.567594
              ],
              [
                13.228329,
                52.566647
              ],
              [
                13.228685,
                52.566023
              ],
              [
                13.228723,
                52.565746
              ],
              [
                13.228644,
                52.565287
              ],
              [
                13.227949,
                52.564053
              ],
              [
                13.227893,
                52.56382
              ],
              [
                13.227963,
                52.563501
              ],
              [
                13.228095,
                52.563306
              ],
              [
                13.229919,
                52.562067
              ],
              [
                13.230706,
                52.561435
              ],
              [
                13.230883,
                52.561067
              ],
              [
                13.231176,
                52.560795
              ],
              [
                13.239781,
                52.556535
              ],
              [
                13.241112,
                52.555949
              ],
              [
                13.241335,
                52.555919
              ],
              [
                13.250602,
                52.55134
              ],
              [
                13.253013,
                52.550443
              ],
              [
                13.255618,
                52.549869
              ],
              [
                13.256953,
                52.549676
              ],
              [
                13.258365,
                52.549577
              ],
              [
                13.262774,
                52.54946
              ],
              [
                13.270341,
                52.54934
              ],
              [
                13.270606,
                52.549344
              ],
              [
                13.270593,
                52.549434
              ],
              [
                13.271997,
                52.549383
              ],
              [
                13.272106,
                52.549305
              ],
              [
                13.301538,
                52.548807
              ],
              [
                13.302884,
                52.550449
              ],
              [
                13.304287,
                52.551997
              ],
              [
                13.309722,
                52.557726
              ],
              [
                13.312147,
                52.55839
              ],
              [
                13.317564,
                52.559693
              ],
              [
                13.318787,
                52.559922
              ],
              [
                13.323915,
                52.56057
              ],
              [
                13.325105,
                52.560841
              ],
              [
                13.325845,
                52.56118
              ],
              [
                13.326349,
                52.561583
              ],
              [
                13.326801,
                52.562382
              ],
              [
                13.330928,
                52.562151
              ],
              [
                13.331798,
                52.561658
              ],
              [
                13.337114,
                52.564445
              ],
              [
                13.348711,
                52.562071
              ],
              [
                13.348744,
                52.561993
              ],
              [
                13.349123,
                52.561929
              ],
              [
                13.356879,
                52.562021
              ],
              [
                13.359719,
                52.561857
              ],
              [
                13.359815,
                52.561798
              ],
              [
                13.360116,
                52.560471
              ],
              [
                13.364539,
                52.561179
              ],
              [
                13.365105,
                52.558116
              ],
              [
                13.366659,
                52.558221
              ],
              [
                13.371158,
                52.560604
              ],
              [
                13.376998,
                52.560678
              ],
              [
                13.378379,
                52.566043
              ],
              [
                13.381482,
                52.566448
              ],
              [
                13.383911,
                52.567431
              ],
              [
                13.384445,
                52.567543
              ],
              [
                13.385346,
                52.567537
              ],
              [
                13.387801,
                52.567246
              ],
              [
                13.38845,
                52.567749
              ],
              [
                13.389282,
                52.568242
              ],
              [
                13.387775,
                52.569147
              ],
              [
                13.388264,
                52.569479
              ],
              [
                13.383082,
                52.572333
              ],
              [
                13.382542,
                52.572075
              ],
              [
                13.382239,
                52.572021
              ],
              [
                13.379685,
                52.572524
              ],
              [
                13.379615,
                52.572736
              ],
              [
                13.379355,
                52.572824
              ],
              [
                13.379271,
                52.573095
              ],
              [
                13.379036,
                52.573066
              ],
              [
                13.378917,
                52.573455
              ],
              [
                13.378589,
                52.573414
              ],
              [
                13.378483,
                52.573716
              ],
              [
                13.378157,
                52.573614
              ],
              [
                13.376445,
                52.574745
              ],
              [
                13.376517,
                52.574806
              ],
              [
                13.375146,
                52.575632
              ],
              [
                13.37118,
                52.57729
              ],
              [
                13.365716,
                52.580348
              ],
              [
                13.364012,
                52.581468
              ],
              [
                13.363868,
                52.581252
              ],
              [
                13.363451,
                52.581433
              ],
              [
                13.359216,
                52.583775
              ],
              [
                13.359251,
                52.583857
              ],
              [
                13.358814,
                52.584172
              ],
              [
                13.357819,
                52.584386
              ],
              [
                13.352105,
                52.587534
              ],
              [
                13.352234,
                52.587588
              ],
              [
                13.351869,
                52.587799
              ],
              [
                13.347557,
                52.590083
              ],
              [
                13.350197,
                52.590605
              ],
              [
                13.351757,
                52.590794
              ],
              [
                13.354149,
                52.590909
              ],
              [
                13.355693,
                52.590887
              ],
              [
                13.359129,
                52.591093
              ],
              [
                13.360648,
                52.591268
              ],
              [
                13.370572,
                52.599479
              ],
              [
                13.374266,
                52.604767
              ],
              [
                13.376212,
                52.607739
              ],
              [
                13.376354,
                52.609322
              ],
              [
                13.376284,
                52.611129
              ],
              [
                13.375717,
                52.613239
              ],
              [
                13.375228,
                52.614226
              ],
              [
                13.371554,
                52.619695
              ],
              [
                13.369519,
                52.622257
              ],
              [
                13.367932,
                52.624041
              ],
              [
                13.367111,
                52.6254
              ],
              [
                13.366856,
                52.625273
              ],
              [
                13.366378,
                52.625345
              ],
              [
                13.366213,
                52.625484
              ],
              [
                13.366023,
                52.625385
              ],
              [
                13.365905,
                52.625478
              ],
              [
                13.365821,
                52.625286
              ],
              [
                13.365493,
                52.625451
              ],
              [
                13.365266,
                52.625456
              ],
              [
                13.365068,
                52.625257
              ],
              [
                13.364597,
                52.625208
              ],
              [
                13.364807,
                52.624848
              ],
              [
                13.364217,
                52.62486
              ],
              [
                13.364073,
                52.624659
              ],
              [
                13.363961,
                52.624722
              ],
              [
                13.364036,
                52.62492
              ],
              [
                13.363739,
                52.624925
              ],
              [
                13.363779,
                52.625074
              ],
              [
                13.363684,
                52.625089
              ],
              [
                13.3634,
                52.624917
              ],
              [
                13.362518,
                52.624776
              ],
              [
                13.362501,
                52.624601
              ],
              [
                13.362182,
                52.62459
              ],
              [
                13.361894,
                52.624277
              ],
              [
                13.361397,
                52.624335
              ],
              [
                13.360978,
                52.624263
              ],
              [
                13.360862,
                52.624023
              ],
              [
                13.360468,
                52.624042
              ],
              [
                13.360549,
                52.623833
              ],
              [
                13.360075,
                52.623862
              ],
              [
                13.35997,
                52.624027
              ],
              [
                13.359684,
                52.624053
              ],
              [
                13.359556,
                52.623814
              ],
              [
                13.3592,
                52.623566
              ],
              [
                13.359169,
                52.623285
              ],
              [
                13.358806,
                52.62343
              ],
              [
                13.358485,
                52.623383
              ],
              [
                13.358396,
                52.623324
              ],
              [
                13.35839,
                52.623127
              ],
              [
                13.358148,
                52.62331
              ],
              [
                13.358007,
                52.623314
              ],
              [
                13.35779,
                52.623192
              ],
              [
                13.357743,
                52.623031
              ],
              [
                13.357648,
                52.622981
              ],
              [
                13.357121,
                52.623199
              ],
              [
                13.356677,
                52.623114
              ],
              [
                13.356298,
                52.623299
              ],
              [
                13.355876,
                52.623203
              ],
              [
                13.355621,
                52.623394
              ],
              [
                13.35515,
                52.623567
              ],
              [
                13.354684,
                52.623624
              ],
              [
                13.354464,
                52.623559
              ],
              [
                13.354442,
                52.623421
              ],
              [
                13.354353,
                52.623373
              ],
              [
                13.353797,
                52.623489
              ],
              [
                13.353312,
                52.623301
              ],
              [
                13.353053,
                52.623402
              ],
              [
                13.352461,
                52.623059
              ],
              [
                13.352586,
                52.622854
              ],
              [
                13.352312,
                52.62282
              ],
              [
                13.352204,
                52.623034
              ],
              [
                13.352081,
                52.623053
              ],
              [
                13.351656,
                52.622979
              ],
              [
                13.351627,
                52.622808
              ],
              [
                13.351484,
                52.622731
              ],
              [
                13.351365,
                52.622763
              ],
              [
                13.351073,
                52.623863
              ],
              [
                13.346699,
                52.62361
              ],
              [
                13.343974,
                52.623741
              ],
              [
                13.34357,
                52.623418
              ],
              [
                13.343343,
                52.623468
              ],
              [
                13.343112,
                52.623356
              ],
              [
                13.342859,
                52.623476
              ],
              [
                13.3422,
                52.623206
              ],
              [
                13.342005,
                52.623301
              ],
              [
                13.341789,
                52.623249
              ],
              [
                13.341529,
                52.623334
              ],
              [
                13.340509,
                52.623139
              ],
              [
                13.340201,
                52.623283
              ],
              [
                13.339642,
                52.623312
              ],
              [
                13.339284,
                52.623171
              ],
              [
                13.338724,
                52.623347
              ],
              [
                13.338525,
                52.623249
              ],
              [
                13.33839,
                52.622931
              ],
              [
                13.337834,
                52.622977
              ],
              [
                13.336681,
                52.622651
              ],
              [
                13.332863,
                52.624196
              ],
              [
                13.332551,
                52.62403
              ],
              [
                13.33024,
                52.624953
              ],
              [
                13.328691,
                52.625442
              ],
              [
                13.325555,
                52.625938
              ],
              [
                13.323837,
                52.626384
              ],
              [
                13.319595,
                52.62666
              ],
              [
                13.318884,
                52.626783
              ],
              [
                13.317344,
                52.627201
              ],
              [
                13.314987,
                52.627635
              ],
              [
                13.312986,
                52.628186
              ],
              [
                13.308501,
                52.627952
              ],
              [
                13.30261,
                52.627191
              ],
              [
                13.302545,
                52.627553
              ],
              [
                13.303045,
                52.62777
              ],
              [
                13.30483,
                52.628175
              ],
              [
                13.306413,
                52.628728
              ],
              [
                13.308876,
                52.629151
              ],
              [
                13.309697,
                52.629473
              ],
              [
                13.309999,
                52.629674
              ],
              [
                13.310276,
                52.630008
              ],
              [
                13.309685,
                52.630096
              ],
              [
                13.309776,
                52.630606
              ],
              [
                13.310187,
                52.630619
              ],
              [
                13.309822,
                52.631576
              ],
              [
                13.309719,
                52.63216
              ],
              [
                13.309338,
                52.632801
              ],
              [
                13.308574,
                52.633584
              ],
              [
                13.306198,
                52.636471
              ],
              [
                13.305785,
                52.637355
              ],
              [
                13.307061,
                52.637549
              ],
              [
                13.307068,
                52.637777
              ],
              [
                13.306811,
                52.638688
              ],
              [
                13.306273,
                52.639607
              ],
              [
                13.307305,
                52.639689
              ],
              [
                13.307272,
                52.640107
              ],
              [
                13.307944,
                52.640097
              ],
              [
                13.308233,
                52.640239
              ],
              [
                13.308157,
                52.640772
              ],
              [
                13.308943,
                52.641457
              ],
              [
                13.30887,
                52.641937
              ],
              [
                13.309181,
                52.641986
              ],
              [
                13.309032,
                52.642674
              ],
              [
                13.309406,
                52.642726
              ],
              [
                13.309198,
                52.643947
              ],
              [
                13.308431,
                52.643815
              ],
              [
                13.300432,
                52.653505
              ],
              [
                13.3101,
                52.657395
              ],
              [
                13.309997,
                52.657484
              ],
              [
                13.309673,
                52.657367
              ],
              [
                13.309238,
                52.657718
              ],
              [
                13.308642,
                52.658002
              ],
              [
                13.308837,
                52.658218
              ],
              [
                13.307671,
                52.65893
              ],
              [
                13.307118,
                52.65962
              ],
              [
                13.302533,
                52.659206
              ],
              [
                13.300579,
                52.659294
              ],
              [
                13.294484,
                52.659346
              ],
              [
                13.289083,
                52.659965
              ],
              [
                13.288369,
                52.659974
              ],
              [
                13.287726,
                52.659842
              ],
              [
                13.287667,
                52.659953
              ],
              [
                13.287165,
                52.659942
              ],
              [
                13.285437,
                52.660335
              ],
              [
                13.283881,
                52.660488
              ],
              [
                13.282768,
                52.660741
              ],
              [
                13.281905,
                52.652753
              ],
              [
                13.285132,
                52.652626
              ],
              [
                13.285034,
                52.651098
              ],
              [
                13.284603,
                52.648345
              ],
              [
                13.284501,
                52.648289
              ],
              [
                13.284238,
                52.648451
              ],
              [
                13.284564,
                52.647953
              ],
              [
                13.284469,
                52.646593
              ],
              [
                13.283888,
                52.642052
              ],
              [
                13.283832,
                52.641119
              ],
              [
                13.280791,
                52.640853
              ],
              [
                13.276461,
                52.640208
              ],
              [
                13.274246,
                52.640273
              ],
              [
                13.271974,
                52.639868
              ],
              [
                13.269597,
                52.639714
              ],
              [
                13.26215,
                52.640687
              ],
              [
                13.262352,
                52.63995
              ],
              [
                13.262227,
                52.639936
              ],
              [
                13.262408,
                52.639062
              ],
              [
                13.262655,
                52.638651
              ],
              [
                13.263776,
                52.637395
              ],
              [
                13.264683,
                52.635978
              ],
              [
                13.265201,
                52.634536
              ],
              [
                13.264234,
                52.626865
              ],
              [
                13.263435,
                52.62718
              ],
              [
                13.260305,
                52.627745
              ],
              [
                13.25701,
                52.627667
              ],
              [
                13.256619,
                52.627573
              ],
              [
                13.252493,
                52.627314
              ],
              [
                13.249137,
                52.627478
              ],
              [
                13.247996,
                52.627297
              ],
              [
                13.246067,
                52.627286
              ],
              [
                13.244996,
                52.627573
              ],
              [
                13.243301,
                52.628191
              ],
              [
                13.24243,
                52.628297
              ],
              [
                13.242088,
                52.628292
              ],
              [
                13.240301,
                52.627886
              ],
              [
                13.239693,
                52.627829
              ],
              [
                13.235783,
                52.627801
              ],
              [
                13.232723,
                52.627513
              ],
              [
                13.230385,
                52.62739
              ],
              [
                13.228098,
                52.627545
              ],
              [
                13.225923,
                52.627858
              ],
              [
                13.225877,
                52.628266
              ],
              [
                13.225639,
                52.628241
              ],
              [
                13.225122,
                52.628412
              ],
              [
                13.225287,
                52.628205
              ],
              [
                13.224243,
                52.628416
              ],
              [
                13.223003,
                52.6282
              ],
              [
                13.220541,
                52.628318
              ],
              [
                13.220542,
                52.62811
              ],
              [
                13.220689,
                52.627807
              ],
              [
                13.220297,
                52.626924
              ],
              [
                13.220254,
                52.626114
              ],
              [
                13.220068,
                52.625277
              ],
              [
                13.219757,
                52.624439
              ],
              [
                13.218172,
                52.622343
              ],
              [
                13.216761,
                52.620164
              ],
              [
                13.214818,
                52.619262
              ],
              [
                13.20959,
                52.612257
              ],
              [
                13.206881,
                52.609137
              ],
              [
                13.206508,
                52.60881
              ],
              [
                13.206036,
                52.608551
              ],
              [
                13.205023,
                52.608139
              ],
              [
                13.202336,
                52.607402
              ],
              [
                13.201955,
                52.607155
              ],
              [
                13.201737,
                52.606883
              ],
              [
                13.201621,
                52.60655
              ],
              [
                13.201703,
                52.605476
              ],
              [
                13.201915,
                52.604927
              ],
              [
                13.202325,
                52.604246
              ],
              [
                13.205799,
                52.601427
              ],
              [
                13.20724,
                52.599869
              ],
              [
                13.208202,
                52.598992
              ]
            ]
          ]
        ]
      }
    }
  ]
}
