category,name,google_maps_url,google_rating,google_rating_count,address,phone,website,opening_hours,observed_at,notes
VET_CLINIC,Bronx Veterinary Center,"https://www.google.com/maps/place/Bronx+Veterinary+Center/@40.8599761,-73.8927934,17z/data=!3m1!4b1!4m6!3m5!1s0x89c2f47f6e4a7649:0x8ead6df5762b3b45!8m2!3d40.8599761!4d-73.8927934!16s%2Fg%2F1tg9p1my?authuser=0&hl=en&entry=ttu&g_ep=EgoyMDI2MTAwNC4wIKXMDSoASAFQAw%3D%3D",4.3,2268,"2460 Webster Ave, Bronx, NY 10458",+1 718-933-1002,http://www.bronxvetcenter.com/,mo 09:00-18:00; tu 09:00-18:00; we 09:00-18:00; th 09:00-18:00; fr 09:00-17:00; sa 09:00-15:30; su closed,2026-10-07,
VET_CLINIC,The Schwarzman Animal Medical Center,"https://www.google.com/maps/place/The+Schwarzman+Animal+Medical+Center/@40.7601906,-73.9578128,17z/data=!3m1!4b1!4m6!3m5!1s0x89c258dd6b24f1e5:0x8f07ecc47dea09a6!8m2!3d40.7601906!4d-73.9578128!16s%2Fg%2F1tfs1z_f?authuser=0&hl=en&entry=ttu&g_ep=EgoyMDI2MTAwNC4wIKXMDSoASAFQAw%3D%3D",3.9,1947,"510 E 62nd St, New York, NY 10065",+1 212-838-8100,https://www.amcny.org/,mo 24h; tu 24h; we 24h; th 24h; fr 24h; sa 24h; su 24h,2026-10-07,
VET_CLINIC,Animal Hospital of Morris Park,"https://www.google.com/maps/place/Animal+Hospital+of+Morris+Park/@40.8503353,-73.8517271,17z/data=!3m1!4b1!4m6!3m5!1s0x89c2f4a8cee1b4b9:0x6835dd4e43d52041!8m2!3d40.8503353!4d-73.8517271!16s%2Fg%2F11cjkgtczj?authuser=0&hl=en&entry=ttu&g_ep=EgoyMDI2MTAwNC4wIKXMDSoASAFQAw%3D%3D",4.0,1509,"1135 Morris Park Ave, Bronx, NY 10461",+1 718-822-3309,http://www.bronxanimalhospital.com/,mo 10:00-23:00; tu 10:00-23:00; we 10:00-23:00; th 10:00-23:00; fr 10:00-23:00; sa 10:00-22:00; su 10:00-19:00,2026-10-07,
VET_CLINIC,Inwood Animal Clinic,"https://www.google.com/maps/place/Inwood+Animal+Clinic/@40.866331,-73.924479,17z/data=!3m1!4b1!4m6!3m5!1s0x89c2f3f822042baf:0x6726e4dcffe1165b!8m2!3d40.866331!4d-73.924479!16s%2Fg%2F1tjy2fbw?authuser=0&hl=en&entry=ttu&g_ep=EgoyMDI2MTAwNC4wIKXMDSoASAFQAw%3D%3D",4.4,1310,"4846 Broadway, New York, NY 10034",+1 917-746-3445,https://www.inwoodanimalclinic.com/?utm_source=GMBlisting&utm_medium=organic&utm_campaign=gmb,mo 09:00-18:00; tu 09:00-20:00; we 08:00-18:00; th 08:00-18:00; fr 09:00-19:00; sa 09:00-15:00; su 10:00-18:00,2026-10-07,
VET_CLINIC,Bronx Veterinary Center of Eastchester Road,"https://www.google.com/maps/place/Bronx+Veterinary+Center+of+Eastchester+Road/@40.8453627,-73.8447221,17z/data=!3m1!4b1!4m6!3m5!1s0x89c2f4b2df4d35cb:0x8e714aebd28c6f3c!8m2!3d40.8453627!4d-73.8447221!16s%2Fg%2F11g9gpnmbn?authuser=0&hl=en&entry=ttu&g_ep=EgoyMDI2MTAwNC4wIKXMDSoASAFQAw%3D%3D",4.4,1271,"1640 Eastchester Rd, Bronx, NY 10461",+1 718-215-7387,http://www.bronxvetcenter.com/,mo 09:00-18:00; tu 09:00-18:00; we 09:00-18:00; th 10:00-19:00; fr 09:00-17:00; sa 09:00-15:30; su closed,2026-10-07,
VET_CLINIC,Bond Vet - Cobble Hill,"https://www.google.com/maps/place/Bond+Vet+-+Cobble+Hill/@40.6866178,-73.9936084,17z/data=!3m1!4b1!4m6!3m5!1s0x89c25b125942f881:0xda650c9e3fa266bb!8m2!3d40.6866178!4d-73.9936084!16s%2Fg%2F11h6bpwgwp?authuser=0&hl=en&entry=ttu&g_ep=EgoyMDI2MTAwNC4wIKXMDSoASAFQAw%3D%3D",4.6,1181,"217 Court St, Brooklyn, NY 11201",+1 718-673-6763,https://bondvet.com/c/cobble-hill-animal-hospital?utm_source=google&utm_medium=organic&utm_campaign=gbp-listing&utm_content=cobble-hill,mo 10:00-20:00; tu 10:00-20:00; we 10:00-20:00; th 10:00-20:00; fr 10:00-20:00; sa 10:00-20:00; su 10:00-20:00,2026-10-07,
VET_CLINIC,VEG ER for Pets,"https://www.google.com/maps/place/VEG+ER+for+Pets/@40.7212668,-73.9606228,17z/data=!3m1!4b1!4m6!3m5!1s0x89c25967ec747b2b:0x7e48f549ea58a9e6!8m2!3d40.7212668!4d-73.9606228!16s%2Fg%2F11n__vm1_1?authuser=0&hl=en&entry=ttu&g_ep=EgoyMDI2MTAwNC4wIKXMDSoASAFQAw%3D%3D",4.7,1145,"87 Kent Ave, Brooklyn, NY 11249",+1 917-423-6444,https://www.veg.com/locations/new-york/williamsburg?utm_source=organic_google&utm_medium=gbp_link&utm_campaign=locations_page&utm_content=williamsburg,mo 24h; tu 24h; we 24h; th 24h; fr 24h; sa 24h; su 24h,2026-10-07,
VET_CLINIC,ASPCA Animal Hospital - By Appointment Only,"https://www.google.com/maps/place/ASPCA+Animal+Hospital+-+By+Appointment+Only/@40.780057,-73.945684,17z/data=!3m1!4b1!4m6!3m5!1s0x89c258afc5492a5b:0x4bb7ebc84bbf8cba!8m2!3d40.780057!4d-73.945684!16s%2Fg%2F11bymvl1d_?authuser=0&hl=en&entry=ttu&g_ep=EgoyMDI2MTAwNC4wIKXMDSoASAFQAw%3D%3D",4.4,1140,"424 E 92nd St, New York, NY 10128",+1 844-692-7722,http://www.aspca.org/nyc/aspca-animal-hospital,mo 08:00-16:30; tu 08:00-16:30; we 08:00-16:30; th 08:00-16:30; fr 08:00-16:30; sa closed; su closed,2026-10-07,
VET_CLINIC,VEG ER for Pets,"https://www.google.com/maps/place/VEG+ER+for+Pets/@40.7636471,-73.9624316,17z/data=!3m1!4b1!4m6!3m5!1s0x89c259fb1fe02ac1:0x8d986d3012209b56!8m2!3d40.7636471!4d-73.9624316!16s%2Fg%2F11gzmvrk5d?authuser=0&hl=en&entry=ttu&g_ep=EgoyMDI2MTAwNC4wIKXMDSoASAFQAw%3D%3D",4.7,1050,"1215 2nd Ave, New York, NY 10065",+1 212-223-3500,https://www.veg.com/locations/new-york/upper-east-side?utm_source=organic_google&utm_medium=gbp_link&utm_campaign=locations_page&utm_content=upper_east_side,mo 24h; tu 24h; we 24h; th 24h; fr 24h; sa 24h; su 24h,2026-10-07,
VET_CLINIC,VEG ER for Pets,"https://www.google.com/maps/place/VEG+ER+for+Pets/@40.6301665,-73.9191578,17z/data=!3m1!4b1!4m6!3m5!1s0x89c25d676de1a5cd:0xfe67212601784efe!8m2!3d40.6301665!4d-73.9191578!16s%2Fg%2F11tt0nwp05?authuser=0&hl=en&entry=ttu&g_ep=EgoyMDI2MTAwNC4wIKXMDSoASAFQAw%3D%3D",4.7,1038,"1950 Ralph Ave, Brooklyn, NY 11234",+1 718-677-6700,https://www.veg.com/locations/new-york/ralph-ave-brooklyn?utm_source=organic_google&utm_medium=gbp_link&utm_campaign=locations_page&utm_content=ralph_ave_brooklyn,mo 24h; tu 24h; we 24h; th 24h; fr 24h; sa 24h; su 24h,2026-10-07,
VET_CLINIC,VERG Brooklyn,"https://www.google.com/maps/place/VERG+Brooklyn/@40.6784792,-73.9827207,17z/data=!3m1!4b1!4m6!3m5!1s0x89c25a51b374b1bb:0x618e4a7b186fa859!8m2!3d40.6784792!4d-73.9827207!16s%2Fg%2F1tj7fzqf?authuser=0&hl=en&entry=ttu&g_ep=EgoyMDI2MTAwNC4wIKXMDSoASAFQAw%3D%3D",3.4,1021,"196 4th Ave, Brooklyn, NY 11217",+1 718-522-9400,https://verg-brooklyn.com/,mo 24h; tu 24h; we 24h; th 24h; fr 24h; sa 24h; su 24h,2026-10-07,
VET_CLINIC,BluePearl Pet Hospital,"https://www.google.com/maps/place/BluePearl+Pet+Hospital/@40.7667959,-73.9876774,17z/data=!3m1!4b1!4m6!3m5!1s0x89c25859952a54eb:0xdc7a43a1c7359e7d!8m2!3d40.7667959!4d-73.9876774!16s%2Fg%2F1tg2lk_b?authuser=0&hl=en&entry=ttu&g_ep=EgoyMDI2MTAwNC4wIKXMDSoASAFQAw%3D%3D",4.0,988,"410 W 55th St, New York, NY 10019",+1 212-767-0099,https://bluepearlvet.com/hospital/midtown-nyc/?utm_source=maps&utm_medium=google&utm_campaign=gbp,mo 24h; tu 24h; we 24h; th 24h; fr 24h; sa 24h; su 24h,2026-10-07,
VET_CLINIC,Howard Beach Animal Clinic PC,"https://www.google.com/maps/place/Howard+Beach+Animal+Clinic+PC/@40.6520609,-73.8378081,17z/data=!3m1!4b1!4m6!3m5!1s0x89c2678111493c9f:0xa677b6803e236f93!8m2!3d40.6520609!4d-73.8378081!16s%2Fg%2F1tff3z5f?authuser=0&hl=en&entry=ttu&g_ep=EgoyMDI2MTAwNC4wIKXMDSoASAFQAw%3D%3D",4.4,976,"163-11 Cross Bay Blvd, Howard Beach, NY 11414",+1 718-848-6803,http://www.howardbeachvet.com/,mo 09:00-18:00; tu 09:00-18:00; we 09:00-18:00; th 09:00-18:00; fr 09:00-18:00; sa 09:00-15:30; su 09:00-15:30,2026-10-07,
VET_CLINIC,Richmond Valley Veterinary Practice,"https://www.google.com/maps/place/Richmond+Valley+Veterinary+Practice/@40.5224832,-74.2397117,17z/data=!3m1!4b1!4m6!3m5!1s0x89c3b55d4022a1fd:0x5f5fea2b2e0af287!8m2!3d40.5224832!4d-74.2397117!16s%2Fg%2F1thlp020?authuser=0&hl=en&entry=ttu&g_ep=EgoyMDI2MTAwNC4wIKXMDSoASAFQAw%3D%3D",4.8,973,"4915 Arthur Kill Rd, Staten Island, NY 10309",+1 718-948-3331,http://www.richmondvalleyvet.com/?utm_source=gmb&utm_medium=organic,mo 09:00-19:30; tu 09:00-19:30; we 09:00-19:30; th 09:00-19:30; fr 09:00-19:30; sa 09:00-15:00; su 09:00-13:00,2026-10-07,
VET_CLINIC,BluePearl Pet Hospital,"https://www.google.com/maps/place/BluePearl+Pet+Hospital/@40.6804106,-73.9842436,17z/data=!3m1!4b1!4m6!3m5!1s0x89c25badbbf32d57:0x1d38d1bb4b35e0c8!8m2!3d40.6804106!4d-73.9842436!16s%2Fg%2F1tcxqldk?authuser=0&hl=en&entry=ttu&g_ep=EgoyMDI2MTAwNC4wIKXMDSoASAFQAw%3D%3D",3.9,956,"190 3rd Ave, Brooklyn, NY 11217",+1 718-596-0099,https://bluepearlvet.com/hospital/brooklyn-ny/?utm_source=google&utm_medium=organic&utm_campaign=gbp,mo 24h; tu 24h; we 24h; th 24h; fr 24h; sa 24h; su 24h,2026-10-07,
VET_CLINIC,Juniper Valley Animal Hospital,"https://www.google.com/maps/place/Juniper+Valley+Animal+Hospital/@40.715775,-73.886469,17z/data=!3m1!4b1!4m6!3m5!1s0x89c25e6231dcb093:0xa029dac4f3332490!8m2!3d40.715775!4d-73.886469!16s%2Fg%2F1tkp5xbk?authuser=0&hl=en&entry=ttu&g_ep=EgoyMDI2MTAwNC4wIKXMDSoASAFQAw%3D%3D",4.8,937,"64-14 69th Pl, Middle Village, NY 11379",+1 718-418-7330,http://junipervalley.com/,mo 09:00-20:00; tu 09:00-20:00; we 09:00-20:00; th 09:00-20:00; fr 09:00-20:00; sa 09:00-15:00; su 10:00-15:00,2026-10-07,
VET_CLINIC,Rockaway Beach Veterinary Services,"https://www.google.com/maps/place/Rockaway+Beach+Veterinary+Services/@40.5865509,-73.8157156,17z/data=!3m1!4b1!4m6!3m5!1s0x89c2684721e54485:0xee4a07bb23abbc0!8m2!3d40.5865509!4d-73.8157156!16s%2Fg%2F11clvrrkds?authuser=0&hl=en&entry=ttu&g_ep=EgoyMDI2MTAwNC4wIKXMDSoASAFQAw%3D%3D",4.8,932,"92-02 Rockaway Beach Blvd, Rockaway Beach, NY 11693",+1 718-408-7287,http://rockawaybeachvet.com/,mo 09:00-18:00; tu 09:00-18:00; we 09:00-18:00; th 09:00-18:00; fr 09:00-17:00; sa 09:00-14:00; su closed,2026-10-07,
VET_CLINIC,Center For Avian & Exotic Medicine,"https://www.google.com/maps/place/Center+For+Avian+%26+Exotic+Medicine/@40.7875804,-73.9717091,17z/data=!3m1!4b1!4m6!3m5!1s0x89c25884acec5b99:0xef42ec845891ef39!8m2!3d40.7875804!4d-73.9717091!16s%2Fg%2F1vxdz57k?authuser=0&hl=en&entry=ttu&g_ep=EgoyMDI2MTAwNC4wIKXMDSoASAFQAw%3D%3D",4.4,910,"562 Columbus Ave, New York, NY 10024",+1 212-501-8750,https://www.thrivepetcare.com/locations/new-york/new-york/center-for-avian-and-exotic-medicine/?utm_source=gmb&utm_medium=web,mo 09:00-19:00; tu 09:00-19:00; we 09:00-19:00; th 09:00-19:00; fr 09:00-19:00; sa 09:00-19:00; su 09:00-19:00,2026-10-07,
VET_CLINIC,Bond Vet - Upper East Side at 62nd Street,"https://www.google.com/maps/place/Bond+Vet+-+Upper+East+Side+at+62nd+Street/@40.7631878,-73.965067,17z/data=!3m1!4b1!4m6!3m5!1s0x89c259d5ca87c569:0x8efefa0d12d9936e!8m2!3d40.7631878!4d-73.965067!16s%2Fg%2F11fpg__tm6?authuser=0&hl=en&entry=ttu&g_ep=EgoyMDI2MTAwNC4wIKXMDSoASAFQAw%3D%3D",4.6,895,"1049 3rd Ave, Manhattan, NY 10065",+1 212-945-8115,https://bondvet.com/c/upper-east-side-animal-hospital?utm_source=google&utm_medium=organic&utm_campaign=gbp-listing&utm_content=upper-east-side-at-62nd-street,mo 10:00-20:00; tu 10:00-20:00; we 10:00-20:00; th 10:00-20:00; fr 10:00-20:00; sa 10:00-20:00; su 10:00-20:00,2026-10-07,
VET_CLINIC,Riverdale Veterinary Group PC,"https://www.google.com/maps/place/Riverdale+Veterinary+Group+PC/@40.886811,-73.90726,17z/data=!3m1!4b1!4m6!3m5!1s0x89c2f3951c9470e9:0xb4fa61db3237e71e!8m2!3d40.886811!4d-73.90726!16s%2Fg%2F1v4k7fs1?authuser=0&hl=en&entry=ttu&g_ep=EgoyMDI2MTAwNC4wIKXMDSoASAFQAw%3D%3D",4.4,883,"Riverdale Veterinary Group, 3607 Riverdale Ave, Bronx, NY 10463",+1 718-796-8387,http://riverdalevetgroup.com/,mo 10:00-17:00; tu 10:00-20:00; we 10:00-20:00; th 10:00-20:00; fr 10:00-20:00; sa 10:00-15:00; su 10:00-16:00,2026-10-07,
VET_CLINIC,BluePearl Pet Hospital,"https://www.google.com/maps/place/BluePearl+Pet+Hospital/@40.7203945,-73.842923,17z/data=!3m1!4b1!4m6!3m5!1s0x89c25e274c9497db:0xa41137d8675b0e80!8m2!3d40.7203945!4d-73.842923!16s%2Fg%2F1tf6sqjb?authuser=0&hl=en&entry=ttu&g_ep=EgoyMDI2MTAwNC4wIKXMDSoASAFQAw%3D%3D",3.1,831,"107-28 71st Rd, Forest Hills, NY 11375",+1 718-263-0099,https://bluepearlvet.com/hospital/queens-ny/?utm_source=google&utm_medium=organic&utm_campaign=gbp,mo 24h; tu 24h; we 24h; th 24h; fr 24h; sa 24h; su 24h,2026-10-07,
VET_CLINIC,Westside Veterinary Center,"https://www.google.com/maps/place/Westside+Veterinary+Center/@40.7859906,-73.9774203,17z/data=!3m1!4b1!4m6!3m5!1s0x89c25886793f4f5f:0xaf60debcf4034e7b!8m2!3d40.7859906!4d-73.9774203!16s%2Fg%2F1tlkd8hg?authuser=0&hl=en&entry=ttu&g_ep=EgoyMDI2MTAwNC4wIKXMDSoASAFQAw%3D%3D",4.7,809,"220 W 83rd St, New York, NY 10024",+1 212-580-1800,https://www.westsidevetcenter.com/,mo 08:00-21:00; tu 08:00-21:00; we 08:00-21:00; th 08:00-21:00; fr 08:00-20:00; sa 09:00-17:00; su 09:00-17:00,2026-10-07,
VET_CLINIC,Animal Kind Veterinary Hospital,"https://www.google.com/maps/place/Animal+Kind+Veterinary+Hospital/@40.66576,-73.9822864,17z/data=!3m1!4b1!4m6!3m5!1s0x89c25b1d4dfbe83b:0x5239770d0b9278f3!8m2!3d40.66576!4d-73.9822864!16s%2Fg%2F1tpn3h3g?authuser=0&hl=en&entry=ttu&g_ep=EgoyMDI2MTAwNC4wIKXMDSoASAFQAw%3D%3D",4.6,808,"365 7th Ave, Brooklyn, NY 11215",+1 718-832-3899,https://www.animalkind.com/?utm_source=gmb&utm_medium=organic&y_source=1_MTE2Njg5NTAtNzE1LWxvY2F0aW9uLndlYnNpdGU%3D,mo 08:00-19:00; tu 08:00-19:00; we 08:00-19:00; th 08:00-19:00; fr 08:00-19:00; sa 09:00-17:00; su closed,2026-10-07,
VET_CLINIC,ASPCA Community Veterinary Clinic (Appointment Only),"https://www.google.com/maps/place/ASPCA+Community+Veterinary+Clinic+(Appointment+Only)/@40.8232954,-73.9103088,17z/data=!3m1!4b1!4m6!3m5!1s0x89c2f5fd9ab985dd:0x8f471872ed88f212!8m2!3d40.8232954!4d-73.9103088!16s%2Fg%2F11j820nj_p?authuser=0&hl=en&entry=ttu&g_ep=EgoyMDI2MTAwNC4wIKXMDSoASAFQAw%3D%3D",4.2,765,"501 E 161st St, Bronx, NY 10451",+1 844-692-7722,https://www.aspca.org/bronx,mo 09:00-17:00; tu 09:00-17:00; we 09:00-17:00; th 09:00-17:00; fr 09:00-17:00; sa closed; su closed,2026-10-07,
VET_CLINIC,Forest Animal Hospital,"https://www.google.com/maps/place/Forest+Animal+Hospital/@40.6269596,-74.1245007,17z/data=!3m1!4b1!4m6!3m5!1s0x89c24dd8023fe13d:0xedf4ef5d823fb1ae!8m2!3d40.6269596!4d-74.1245007!16s%2Fg%2F1tctsl46?authuser=0&hl=en&entry=ttu&g_ep=EgoyMDI2MTAwNC4wIKXMDSoASAFQAw%3D%3D",4.6,747,"1050 Forest Ave, Staten Island, NY 10310",+1 718-442-4377,,"mo 11:00-14:30,17:30-19:00; tu 11:00-14:30; we closed; th 11:00-14:30,17:30-19:00; fr 11:00-14:30; sa 11:00-14:30; su closed",2026-10-07,
VET_CLINIC,Value Veterinary Clinic,"https://www.google.com/maps/place/Value+Veterinary+Clinic/@40.8310506,-73.854326,17z/data=!3m1!4b1!4m6!3m5!1s0x89c2f4c6056b8f85:0xbd648cc0a0d5e1cb!8m2!3d40.8310506!4d-73.854326!16s%2Fg%2F11clsfyyfg?authuser=0&hl=en&entry=ttu&g_ep=EgoyMDI2MTAwNC4wIKXMDSoASAFQAw%3D%3D",4.4,745,"2074 Cross Bronx Expy, Bronx, NY 10472",+1 718-822-7387,http://valuevethospital.com/,mo 09:00-17:00; tu 09:00-17:00; we 09:00-17:00; th 09:00-17:00; fr 09:00-17:00; sa 09:00-17:00; su closed,2026-10-07,
VET_CLINIC,Bond Vet - Upper West Side at 77th Street,"https://www.google.com/maps/place/Bond+Vet+-+Upper+West+Side+at+77th+Street/@40.7817808,-73.9796505,17z/data=!3m1!4b1!4m6!3m5!1s0x89c2596e9a7b1c7f:0x9e7cdecb9bba475d!8m2!3d40.7817808!4d-73.9796505!16s%2Fg%2F11j2g582v3?authuser=0&hl=en&entry=ttu&g_ep=EgoyMDI2MTAwNC4wIKXMDSoASAFQAw%3D%3D",4.7,728,"352 Amsterdam Ave, New York, NY 10024",+1 212-729-9661,https://bondvet.com/c/upper-west-side-animal-hospital?utm_source=google&utm_medium=organic&utm_campaign=gbp-listing&utm_content=upper-west-side-at-77th-street,mo 10:00-20:00; tu 10:00-20:00; we 10:00-20:00; th 10:00-20:00; fr 10:00-20:00; sa 08:00-18:00; su 08:00-18:00,2026-10-07,
VET_CLINIC,Oliver's Dog & Cat Clinic,"https://www.google.com/maps/place/Oliver's+Dog+%26+Cat+Clinic/@40.7950115,-73.935806,17z/data=!3m1!4b1!4m6!3m5!1s0x89c2f5fd80c6031b:0xd61db4343af8866b!8m2!3d40.7950115!4d-73.935806!16s%2Fg%2F1v7pzdr4?authuser=0&hl=en&entry=ttu&g_ep=EgoyMDI2MTAwNC4wIKXMDSoASAFQAw%3D%3D",4.5,713,"2232 1st Ave, New York, NY 10029",+1 212-348-7070,http://www.oliversdogandcatclinic.com/,mo 09:00-17:00; tu 09:00-18:00; we 09:00-18:00; th 09:00-18:00; fr 09:00-18:00; sa 09:00-15:00; su closed,2026-10-07,
VET_CLINIC,Low Cost Vet Mobile,https://www.google.com/maps/place/Low+Cost+Vet+Mobile/data=!4m7!3m6!1s0x89c2605ae9dc971d:0xd4379fb37dfa7c40!8m2!3d40.7389768!4d-73.8085558!16s%2Fg%2F11h3vbxy78!19sChIJHZfc6VpgwokRQHz6fbOfN9Q?authuser=0&hl=en&g_ep=EgoyMDI2MTAwNC4wIJJjKgBIAVAD&rclk=1,3.1,711,"159-19 Horace Harding Expy, Fresh Meadows, NY 11365",+1 718-544-7387,http://www.lowcostvet.org/,,2026-10-07,hours: none (not published on Maps)
VET_CLINIC,Pleasant Plains Animal Hospital South,"https://www.google.com/maps/place/Pleasant+Plains+Animal+Hospital+South/@40.5314362,-74.1934898,17z/data=!3m1!4b1!4m6!3m5!1s0x89c24ab2b66706b3:0xe55a04ac70e6ff1b!8m2!3d40.5314362!4d-74.1934898!16s%2Fg%2F1trqj3lz?authuser=0&hl=en&entry=ttu&g_ep=EgoyMDI2MTAwNC4wIKXMDSoASAFQAw%3D%3D",4.5,676,"5525 Amboy Rd 3900 #3900, Staten Island, NY 10312",+1 718-227-8387,https://www.sivet.com/locations/ppah-south,mo 08:00-18:00; tu 08:00-18:00; we 08:00-18:00; th 08:00-18:00; fr 08:00-18:00; sa 08:00-18:00; su 08:00-18:00,2026-10-07,
VET_CLINIC,Northside Veterinary Clinic,"https://www.google.com/maps/place/Northside+Veterinary+Clinic/@40.7156217,-73.9621143,17z/data=!3m1!4b1!4m6!3m5!1s0x89c25960fc938aa7:0x9ec6840847f4072e!8m2!3d40.7156217!4d-73.9621143!16s%2Fg%2F1hdz__8nm?authuser=0&hl=en&entry=ttu&g_ep=EgoyMDI2MTAwNC4wIKXMDSoASAFQAw%3D%3D",4.6,669,"233 Berry St, Brooklyn, NY 11249",+1 718-387-0541,https://www.northsideveterinaryclinic.com/,mo 09:00-18:00; tu 09:00-18:00; we 09:00-18:00; th 09:00-18:00; fr 09:00-18:00; sa 09:00-16:00; su closed,2026-10-07,
VET_CLINIC,Heart of Harlem Veterinary Clinic,"https://www.google.com/maps/place/Heart+of+Harlem+Veterinary+Clinic/@40.810326,-73.9470262,17z/data=!3m1!4b1!4m6!3m5!1s0x89c2f672bcc4b5bb:0xde5d27c3eb464e5c!8m2!3d40.810326!4d-73.9470262!16s%2Fg%2F11b7642446?authuser=0&hl=en&entry=ttu&g_ep=EgoyMDI2MTAwNC4wIKXMDSoASAFQAw%3D%3D",4.3,657,"Door #1, 2143 Adam Clayton Powell Jr Blvd 2nd Floor, New York, NY 10027",+1 212-280-3700,https://heartofharlemveterinaryclinic.com/,mo 09:00-17:00; tu 09:00-17:00; we 09:00-17:00; th 09:00-17:00; fr 09:00-17:00; sa 09:00-17:00; su closed,2026-10-07,
VET_CLINIC,Pure Paws Veterinary Care of Clinton Hill,"https://www.google.com/maps/place/Pure+Paws+Veterinary+Care+of+Clinton+Hill/@40.6825623,-73.9630449,17z/data=!3m1!4b1!4m6!3m5!1s0x89c25ba3256833b3:0xea99f672b3123728!8m2!3d40.6825623!4d-73.9630449!16s%2Fg%2F1tg51bl5?authuser=0&hl=en&entry=ttu&g_ep=EgoyMDI2MTAwNC4wIKXMDSoASAFQAw%3D%3D",4.5,652,"944 Fulton St, Brooklyn, NY 11238",+1 718-783-5500,https://www.purepawsvet.com/clinton-hill-ny/,mo 09:00-19:00; tu 09:00-19:00; we 09:00-19:00; th 09:00-19:00; fr 09:00-17:00; sa 10:00-16:00; su closed,2026-10-07,
VET_CLINIC,Bensonhurst Veterinary Care,https://www.google.com/maps/place/Bensonhurst+Veterinary+Care/data=!4m7!3m6!1s0x89c2451a4d581ee1:0xeb264fcb55fde690!8m2!3d40.6110482!4d-73.9917733!16s%2Fg%2F11rvvzbcn!19sChIJ4R5YTRpFwokRkOb9VctPJus?authuser=0&hl=en&g_ep=EgoyMDI2MTAwNC4wIJJjKgBIAVAD&rclk=1,4.3,647,"7424 20th Ave, Brooklyn, NY 11204",+1 929-284-7886,http://www.bensonhurstveterinarycare.com/?utm_source=GMBlisting&utm_medium=organic&utm_campaign=gmb,mo 09:00-17:00; tu 09:00-18:00; we 09:00-17:00; th 09:00-18:00; fr 09:00-18:00; sa closed; su closed,2026-10-07,
VET_CLINIC,Kew Gardens Animal Hospital,"https://www.google.com/maps/place/Kew+Gardens+Animal+Hospital/@40.7070714,-73.834243,17z/data=!3m1!4b1!4m6!3m5!1s0x89c2618addb08137:0xd05fe59b07ba8187!8m2!3d40.7070714!4d-73.834243!16s%2Fg%2F11ghf_s8xq?authuser=0&hl=en&entry=ttu&g_ep=EgoyMDI2MTAwNC4wIKXMDSoASAFQAw%3D%3D",4.5,645,"118-27 Metropolitan Ave, Kew Gardens, NY 11415",+1 718-847-7387,https://www.kewgardensanimalhospital.com/,mo 08:00-22:00; tu 08:00-22:00; we 08:00-22:00; th 08:00-22:00; fr 08:00-22:00; sa 08:00-17:00; su 10:00-18:00,2026-10-07,
VET_CLINIC,IAC Urgent Vets - Queens Animal Emergency Hospital,"https://www.google.com/maps/place/IAC+Urgent+Vets+-+Queens+Animal+Emergency+Hospital/@48.1624064,17.1638784,12z/data=!3m1!4b1!4m6!3m5!1s0x89c25fa3418cacbb:0x67ab18fa6582c576!8m2!3d40.7576412!4d-73.8738365!16s%2Fg%2F1tffq81r?authuser=0&hl=en&entry=ttu&g_ep=EgoyMDI2MTAwNC4wIKXMDSoASAFQAw%3D%3D",4.2,645,"32-33 Junction Blvd, East Elmhurst, NY 11369",+1 718-866-4580,http://www.urgent-vets.com/?utm_campaign=gmb,mo 24h; tu 24h; we 24h; th 24h; fr 24h; sa 24h; su 24h,2026-10-07,
VET_CLINIC,North Shore Animal Hospital,"https://www.google.com/maps/place/North+Shore+Animal+Hospital/@40.7628651,-73.7684737,17z/data=!3m1!4b1!4m6!3m5!1s0x89c261e0b1d9d1d3:0xbd8bf757f8934abc!8m2!3d40.7628651!4d-73.7684737!16s%2Fg%2F1tj6vrg4?authuser=0&hl=en&entry=ttu&g_ep=EgoyMDI2MTAwNC4wIKXMDSoASAFQAw%3D%3D",4.4,633,"42-02 215th St, Bayside, NY 11361",+1 718-208-4303,https://veterinarianbaysideny.com/?utm_source=gmb&utm_medium=Yext&cp=7182084303&y_source=1_MTYxMTMwMTktNzE1LWxvY2F0aW9uLndlYnNpdGU%3D,mo 08:00-19:00; tu 08:00-19:00; we 08:00-19:00; th 08:00-19:00; fr 08:00-18:00; sa 08:00-17:00; su 09:00-17:00,2026-10-07,
VET_CLINIC,Lefferts Animal Hospital,"https://www.google.com/maps/place/Lefferts+Animal+Hospital/@40.7003555,-73.8309142,17z/data=!3m1!4b1!4m6!3m5!1s0x89c260ae3ca9f813:0x4f032e306f4771b7!8m2!3d40.7003555!4d-73.8309142!16s%2Fg%2F1tf1prr0?authuser=0&hl=en&entry=ttu&g_ep=EgoyMDI2MTAwNC4wIKXMDSoASAFQAw%3D%3D",4.1,632,"86-37 Lefferts Blvd, Richmond Hill, NY 11418",+1 917-993-5349,https://leffertsvet.com/,"mo 09:00-13:00,14:00-20:00; tu 09:00-13:00,14:00-20:00; we 09:00-13:00,14:00-20:00; th 09:00-13:00,14:00-20:00; fr 09:00-13:00,14:00-20:00; sa 09:00-12:00,13:00-15:00; su 09:00-12:00,13:00-15:00",2026-10-07,
VET_CLINIC,The Pet Doctor of Flushing,"https://www.google.com/maps/place/The+Pet+Doctor+of+Flushing/@40.7732313,-73.7963887,17z/data=!3m1!4b1!4m6!3m5!1s0x89c28a87366ccda9:0xd5d49f81c24f6ad9!8m2!3d40.7732313!4d-73.7963887!16s%2Fg%2F1tj1t01r?authuser=0&hl=en&entry=ttu&g_ep=EgoyMDI2MTAwNC4wIKXMDSoASAFQAw%3D%3D",4.4,614,"25-62 Francis Lewis Blvd, Flushing, NY 11358",+1 347-851-1950,https://petdoctorny.com/?utm_source=GMBlisting&utm_medium=organic&utm_campaign=gmb,mo 09:00-19:00; tu 09:00-19:00; we 09:00-19:00; th 09:00-19:00; fr 09:00-19:00; sa 09:00-16:00; su closed,2026-10-07,
VET_CLINIC,Veterinary Care Group - Middle Village,"https://www.google.com/maps/place/Veterinary+Care+Group+-+Middle+Village/@40.7135527,-73.900709,17z/data=!3m1!4b1!4m6!3m5!1s0x89c25e85552a2d89:0xf4ede41782b735e1!8m2!3d40.7135527!4d-73.900709!16s%2Fg%2F1tfj42c1?authuser=0&hl=en&entry=ttu&g_ep=EgoyMDI2MTAwNC4wIKXMDSoASAFQAw%3D%3D",4.7,611,"62-09 Fresh Pond Rd, Middle Village, NY 11379",+1 718-386-0655,https://www.veterinarycaregroup.com/locations/middle-village?utm_source=gmb&utm_medium=organic&y_source=1_MjQ0NDU4MjgtNzE1LWxvY2F0aW9uLndlYnNpdGU%3D,mo 09:30-20:00; tu 09:30-20:00; we 09:30-20:00; th 09:30-20:00; fr 09:30-20:00; sa 09:00-16:00; su closed,2026-10-07,
VET_CLINIC,Queens Animal Hospital,"https://www.google.com/maps/place/Queens+Animal+Hospital/@40.7449535,-73.9069378,17z/data=!3m1!4b1!4m6!3m5!1s0x89c25f1e228eab0d:0xee33a45138481e08!8m2!3d40.7449535!4d-73.9069378!16s%2Fg%2F1tj4zmpg?authuser=0&hl=en&entry=ttu&g_ep=EgoyMDI2MTAwNC4wIKXMDSoASAFQAw%3D%3D",3.7,591,"40-28 58th St, Woodside, NY 11377",+1 718-672-9722,https://queensanimalhospital.com/,mo 09:00-18:00; tu 09:00-17:00; we 09:00-17:00; th 09:00-17:00; fr 09:00-18:00; sa 09:00-16:00; su 09:00-16:00,2026-10-07,
VET_CLINIC,Brooklyn Veterinary Group,"https://www.google.com/maps/place/Brooklyn+Veterinary+Group/@40.6143951,-74.0005377,17z/data=!3m1!4b1!4m6!3m5!1s0x89c24516aa1637db:0xac0283fca0292aa0!8m2!3d40.6143951!4d-74.0005377!16s%2Fg%2F1v5fstkn?authuser=0&hl=en&entry=ttu&g_ep=EgoyMDI2MTAwNC4wIKXMDSoASAFQAw%3D%3D",4.6,587,"7624 New Utrecht Ave, Brooklyn, NY 11214",+1 718-331-7775,,mo 09:00-18:00; tu 09:00-18:00; we 09:00-18:00; th 09:00-17:00; fr 09:00-17:00; sa 09:00-16:00; su 09:00-16:00,2026-10-07,
VET_CLINIC,Williamsburg Veterinary Clinic,"https://www.google.com/maps/place/Williamsburg+Veterinary+Clinic/@40.7165693,-73.9626383,17z/data=!3m1!4b1!4m6!3m5!1s0x89c25966c5e13d1d:0x3c13438f54a3bd9b!8m2!3d40.7165693!4d-73.9626383!16s%2Fg%2F11hcdvlt5w?authuser=0&hl=en&entry=ttu&g_ep=EgoyMDI2MTAwNC4wIKXMDSoASAFQAw%3D%3D",4.6,583,"117 Metropolitan Ave, Brooklyn, NY 11249",+1 718-302-1485,http://www.williamsburgvets.com/,mo 09:00-20:00; tu 09:00-20:00; we 09:00-20:00; th 09:00-20:00; fr 09:00-18:00; sa 09:00-17:00; su closed,2026-10-07,
VET_CLINIC,VEG ER for Pets,"https://www.google.com/maps/place/VEG+ER+for+Pets/@40.743762,-73.992454,17z/data=!3m1!4b1!4m6!3m5!1s0x89c259fccc19706d:0x3f8f2cf1c928b4ea!8m2!3d40.743762!4d-73.992454!16s%2Fg%2F11pwh_zd1y?authuser=0&hl=en&entry=ttu&g_ep=EgoyMDI2MTAwNC4wIKXMDSoASAFQAw%3D%3D",4.7,580,"735 6th Ave Apt A, New York, NY 10010",+1 646-582-8882,https://www.veg.com/locations/new-york/chelsea?utm_source=organic_google&utm_medium=gbp_link&utm_campaign=locations_page&utm_content=chelsea,mo 24h; tu 24h; we 24h; th 24h; fr 24h; sa 24h; su 24h,2026-10-07,
VET_CLINIC,Middletown Animal Clinic,"https://www.google.com/maps/place/Middletown+Animal+Clinic/@40.8435904,-73.8306363,17z/data=!3m1!4b1!4m6!3m5!1s0x89c28b5070f5e31f:0xae76baa800e20437!8m2!3d40.8435904!4d-73.8306363!16s%2Fg%2F1td1wcjf?authuser=0&hl=en&entry=ttu&g_ep=EgoyMDI2MTAwNC4wIKXMDSoASAFQAw%3D%3D",4.5,579,"2968 Middletown Rd, Bronx, NY 10461",+1 929-809-1789,https://middletownanimalclinic.com/?utm_source=gbp&utm_medium=organic,mo 10:00-19:00; tu 10:00-19:00; we 10:00-19:00; th 10:00-19:00; fr 10:00-18:00; sa 09:00-14:00; su closed,2026-10-07,
VET_CLINIC,Sheepshead Bay Veterinary Group,"https://www.google.com/maps/place/Sheepshead+Bay+Veterinary+Group/@40.5999725,-73.9434676,17z/data=!3m1!4b1!4m6!3m5!1s0x89c24484c6d8d0d1:0x41853a4e89c06db2!8m2!3d40.5999725!4d-73.9434676!16s%2Fg%2F1tj74hyj?authuser=0&hl=en&entry=ttu&g_ep=EgoyMDI2MTAwNC4wIKXMDSoASAFQAw%3D%3D",4.1,573,"2806 Avenue U, Brooklyn, NY 11229",+1 718-368-1863,https://sbvet.net/,mo 10:00-20:00; tu 10:00-20:00; we 10:00-20:00; th 10:00-20:00; fr 10:00-20:00; sa 09:00-16:00; su 10:00-15:00,2026-10-07,
VET_CLINIC,Astoria Veterinary Group,"https://www.google.com/maps/place/Astoria+Veterinary+Group/@40.7696907,-73.9103314,17z/data=!3m1!4b1!4m6!3m5!1s0x89c25f697648722d:0x991f47666ed67bc0!8m2!3d40.7696907!4d-73.9103314!16s%2Fg%2F1td_62xd?authuser=0&hl=en&entry=ttu&g_ep=EgoyMDI2MTAwNC4wIKXMDSoASAFQAw%3D%3D",4.3,571,"23-70 Steinway St, Astoria, NY 11105",+1 718-777-0100,https://thrivepetcare.com/locations/new-york/astoria/astoria-veterinary-group/?utm_source=gmb&utm_medium=web,mo 09:00-19:00; tu 09:00-19:00; we 09:00-19:00; th 09:00-19:00; fr 09:00-19:00; sa 09:00-17:00; su 09:00-17:00,2026-10-07,
VET_CLINIC,Vinegar Hill Veterinary Group- Dumbo,"https://www.google.com/maps/place/Vinegar+Hill+Veterinary+Group-+Dumbo/@40.7026801,-73.991367,17z/data=!3m1!4b1!4m6!3m5!1s0x89c25a3125b9c3b5:0x80a2c2836c51715c!8m2!3d40.7026801!4d-73.991367!16s%2Fg%2F1wnbyy72?authuser=0&hl=en&entry=ttu&g_ep=EgoyMDI2MTAwNC4wIKXMDSoASAFQAw%3D%3D",4.6,569,"57 Front St, Brooklyn, NY 11201",+1 718-797-6875,http://www.vhvetgroup.com/,mo 08:00-20:00; tu 08:00-20:00; we 08:00-20:00; th 08:00-20:00; fr 08:00-20:00; sa 10:00-17:00; su 10:00-17:00,2026-10-07,
VET_CLINIC,Williamsburg Animal Clinic,"https://www.google.com/maps/place/Williamsburg+Animal+Clinic/@40.7116449,-73.9427263,17z/data=!3m1!4b1!4m6!3m5!1s0x89c259566e438df9:0xc796f79f3a6eb00f!8m2!3d40.7116449!4d-73.9427263!16s%2Fg%2F1tf08l0b?authuser=0&hl=en&entry=ttu&g_ep=EgoyMDI2MTAwNC4wIKXMDSoASAFQAw%3D%3D",4.4,567,"760 Grand St, Brooklyn, NY 11211",+1 929-803-8662,https://williamsburgvetny.com/?utm_source=gbp&utm_medium=organic,mo 10:00-19:00; tu 10:00-18:00; we 10:00-19:00; th 10:00-18:00; fr 10:00-19:00; sa 10:00-15:00; su closed,2026-10-07,
VET_CLINIC,Maspeth Animal Hospital,"https://www.google.com/maps/place/Maspeth+Animal+Hospital/@40.7277639,-73.891785,17z/data=!3m1!4b1!4m6!3m5!1s0x89c25ef67da25b03:0x9979dae06b03ec02!8m2!3d40.7277639!4d-73.891785!16s%2Fg%2F12hn_zq54?authuser=0&hl=en&entry=ttu&g_ep=EgoyMDI2MTAwNC4wIKXMDSoASAFQAw%3D%3D",4.7,561,"71-08 Grand Ave, Maspeth, NY 11378",+1 718-899-9200,http://www.maspethanimalhospital.net/,mo 11:30-19:00; tu 11:30-19:00; we 11:30-19:00; th 11:30-19:00; fr 11:30-19:00; sa 11:30-19:00; su 12:00-18:00,2026-10-07,
VET_CLINIC,ASPCA Community Veterinary Clinic - By Appointment Only,"https://www.google.com/maps/place/ASPCA+Community+Veterinary+Clinic+-+By+Appointment+Only/@40.6629614,-73.8900064,17z/data=!3m1!4b1!4m6!3m5!1s0x89c25d077db53853:0x3dc866739fa22e87!8m2!3d40.6629614!4d-73.8900064!16s%2Fg%2F11mk8tr58x?authuser=0&hl=en&entry=ttu&g_ep=EgoyMDI2MTAwNC4wIKXMDSoASAFQAw%3D%3D",4.2,557,"464 New Lots Ave, Brooklyn, NY 11207",+1 844-692-7722,http://aspca.org/brooklyn,mo 09:00-17:00; tu 09:00-17:00; we 09:00-17:00; th 09:00-17:00; fr 09:00-17:00; sa closed; su closed,2026-10-07,
VET_CLINIC,Banfield Pet Hospital,"https://www.google.com/maps/place/Banfield+Pet+Hospital/@40.6890473,-73.9911852,17z/data=!3m1!4b1!4m6!3m5!1s0x89c25a4e5080eadf:0x1982384636cfc677!8m2!3d40.6890473!4d-73.9911852!16s%2Fg%2F1tdhmr8j?authuser=0&hl=en&entry=ttu&g_ep=EgoyMDI2MTAwNC4wIKXMDSoASAFQAw%3D%3D",3.7,556,"238 Atlantic Ave, Brooklyn, NY 11201",+1 718-522-0415,https://www.banfield.com/locations/veterinarians/ny/brooklyn/mrs?utm_source=yext&utm_medium=yext&utm_campaign=yext&cid=yext_local,mo 08:00-18:00; tu 08:00-18:00; we 08:00-18:00; th 08:00-18:00; fr 08:00-18:00; sa 08:00-18:00; su closed,2026-10-07,
VET_CLINIC,Petcare Animal Clinic,"https://www.google.com/maps/place/Petcare+Animal+Clinic/@40.7571491,-73.809918,17z/data=!3m1!4b1!4m6!3m5!1s0x89c2603bc86a1d81:0x7f1286242b32285c!8m2!3d40.7571491!4d-73.809918!16s%2Fg%2F1td54bvt?authuser=0&hl=en&entry=ttu&g_ep=EgoyMDI2MTAwNC4wIKXMDSoASAFQAw%3D%3D",4.2,555,"43-73 156th St, Flushing, NY 11355",+1 718-762-4747,,mo 08:00-18:00; tu 08:00-18:00; we 08:00-18:00; th 08:00-18:00; fr 08:00-18:00; sa 08:00-14:00; su closed,2026-10-07,
VET_CLINIC,Bond Vet - Astoria,"https://www.google.com/maps/place/Bond+Vet+-+Astoria/@40.7654058,-73.9177497,17z/data=!3m1!4b1!4m6!3m5!1s0x89c25fdfbe3f1d45:0x21b8652d0e42ac5!8m2!3d40.7654058!4d-73.9177497!16s%2Fg%2F11pdlhp4r4?authuser=0&hl=en&entry=ttu&g_ep=EgoyMDI2MTAwNC4wIKXMDSoASAFQAw%3D%3D",4.3,541,"35-07 30th Ave., Astoria, NY 11103",+1 212-466-6376,https://bondvet.com/c/astoria-animal-hospital?utm_source=google&utm_medium=organic&utm_campaign=gbp-listing&utm_content=astoria,mo 10:00-20:00; tu 10:00-20:00; we 10:00-20:00; th 10:00-20:00; fr 10:00-20:00; sa 08:00-18:00; su 08:00-18:00,2026-10-07,
VET_CLINIC,Pure Paws Veterinary Care of Hell's Kitchen,"https://www.google.com/maps/place/Pure+Paws+Veterinary+Care+of+Hell's+Kitchen/@40.7596826,-73.996128,17z/data=!3m1!4b1!4m6!3m5!1s0x89c2584d990665fb:0x1919d296ea4fd96a!8m2!3d40.7596826!4d-73.996128!16s%2Fg%2F11cncbmjpc?authuser=0&hl=en&entry=ttu&g_ep=EgoyMDI2MTAwNC4wIKXMDSoASAFQAw%3D%3D",4.5,536,"506 W 42nd St, New York, NY 10036",+1 917-534-7838,https://www.purepawsvet.com/hells-kitchen-ny/,mo 07:00-20:00; tu 07:00-20:00; we 07:00-20:00; th 07:00-20:00; fr 07:00-19:00; sa 09:00-15:00; su 09:00-15:00,2026-10-07,
VET_CLINIC,One Love Animal Hospital Bay Ridge,"https://www.google.com/maps/place/One+Love+Animal+Hospital+Bay+Ridge/@40.6260616,-74.0298151,17z/data=!3m1!4b1!4m6!3m5!1s0x89c2455f7c0744b7:0x788d3e507b32dae7!8m2!3d40.6260616!4d-74.0298151!16s%2Fg%2F1jkxnrfm6?authuser=0&hl=en&entry=ttu&g_ep=EgoyMDI2MTAwNC4wIKXMDSoASAFQAw%3D%3D",4.5,507,"8209 3rd Ave, Brooklyn, NY 11209",+1 347-549-4050,http://onelovevet.com/index.php,mo 09:00-19:00; tu 09:00-19:00; we 09:00-19:00; th 09:00-19:00; fr 09:00-19:00; sa 10:00-18:00; su 10:00-18:00,2026-10-07,
VET_CLINIC,West Chelsea Veterinary,"https://www.google.com/maps/place/West+Chelsea+Veterinary/@40.7466494,-73.9962887,17z/data=!3m1!4b1!4m6!3m5!1s0x89c259baa22946d9:0x4a178077aae54065!8m2!3d40.7466494!4d-73.9962887!16s%2Fg%2F1hc604j67?authuser=0&hl=en&entry=ttu&g_ep=EgoyMDI2MTAwNC4wIKXMDSoASAFQAw%3D%3D",4.8,504,"248 W 26th St, New York, NY 10001",+1 212-645-2767,https://westchelseavet.com/,mo 08:00-19:00; tu 08:00-19:00; we 08:00-19:00; th 08:00-19:00; fr 08:00-19:00; sa 08:00-16:00; su closed,2026-10-07,
VET_CLINIC,Fresh Meadows Animal Clinic,"https://www.google.com/maps/place/Fresh+Meadows+Animal+Clinic/@40.7302293,-73.7782718,17z/data=!3m1!4b1!4m6!3m5!1s0x89c261a6a4cea191:0xa4527be68b725ef6!8m2!3d40.7302293!4d-73.7782718!16s%2Fg%2F1vcjn557?authuser=0&hl=en&entry=ttu&g_ep=EgoyMDI2MTAwNC4wIKXMDSoASAFQAw%3D%3D",4.5,503,"192-09 Union Tpke, Fresh Meadows, NY 11366",+1 718-776-1165,http://queensveterinarian.com/,mo 09:00-17:00; tu 09:00-17:00; we 09:00-17:00; th 09:00-17:00; fr 09:00-15:00; sa closed; su closed,2026-10-07,
VET_CLINIC,All Ears Veterinary,https://www.google.com/maps/place/All+Ears+Veterinary/data=!4m7!3m6!1s0x89c25bf264f09811:0x442165328dffecca!8m2!3d40.6871859!4d-73.9807301!16s%2Fg%2F11p0731z31!19sChIJEZjwZPJbwokRyuz_jTJlIUQ?authuser=0&hl=en&g_ep=EgoyMDI2MTAwNC4wIJJjKgBIAVAD&rclk=1,4.7,470,"345 Schermerhorn St, Brooklyn, NY 11217",+1 646-434-2610,https://allearsvet.com/,mo 09:00-19:00; tu 09:00-19:00; we 09:00-19:00; th 09:00-19:00; fr 09:00-19:00; sa 09:00-18:00; su 09:00-18:00,2026-10-07,
VET_CLINIC,East Village Animal Clinic,"https://www.google.com/maps/place/East+Village+Animal+Clinic/@40.7298275,-73.9854029,17z/data=!3m1!4b1!4m6!3m5!1s0x89c2599d684cba85:0x62585812f409b268!8m2!3d40.7298275!4d-73.9854029!16s%2Fg%2F1tfs1_2f?authuser=0&hl=en&entry=ttu&g_ep=EgoyMDI2MTAwNC4wIKXMDSoASAFQAw%3D%3D",4.6,468,"318 E 11th St, New York, NY 10003",+1 646-978-9864,https://www.eastvillageanimalclinic.com/?utm_source=gbp&utm_medium=organic,mo 09:00-18:00; tu 09:00-18:00; we 09:00-18:00; th 09:00-18:00; fr 09:00-18:00; sa closed; su closed,2026-10-07,
VET_CLINIC,City Veterinary Care,"https://www.google.com/maps/place/City+Veterinary+Care/@40.778829,-73.982919,17z/data=!3m1!4b1!4m6!3m5!1s0x89c2588a09a87d5d:0xe2dfa535218735d6!8m2!3d40.778829!4d-73.982919!16s%2Fg%2F1thnppfq?authuser=0&hl=en&entry=ttu&g_ep=EgoyMDI2MTAwNC4wIKXMDSoASAFQAw%3D%3D",4.6,463,"220 W 72nd St, New York, NY 10023",+1 332-334-8313,http://www.cityvetcare.com/?utm_source=GMBlisting&utm_medium=organic&utm_campaign=gmb,mo 08:30-18:00; tu 08:30-18:00; we 08:30-18:00; th 08:30-18:00; fr 08:30-18:00; sa 09:00-17:00; su 09:00-17:00,2026-10-07,
VET_CLINIC,Animal Hospital of Brooklyn,"https://www.google.com/maps/place/Animal+Hospital+of+Brooklyn/@40.6146634,-73.9285601,17z/data=!3m1!4b1!4m6!3m5!1s0x89c2435b931b0e1f:0x41dc13796e83124c!8m2!3d40.6146634!4d-73.9285601!16s%2Fg%2F1tg363p4?authuser=0&hl=en&entry=ttu&g_ep=EgoyMDI2MTAwNC4wIKXMDSoASAFQAw%3D%3D",4.4,461,"2270 Flatbush Ave, Brooklyn, NY 11234",+1 718-258-0500,https://animalhospitalbrooklyn.com/,mo 10:00-17:00; tu 10:00-17:00; we 10:00-17:00; th 10:00-17:00; fr 10:00-17:00; sa 10:00-15:00; su 11:00-16:00,2026-10-07,
VET_CLINIC,Oceanside Animal Clinic,"https://www.google.com/maps/place/Oceanside+Animal+Clinic/@40.6059361,-73.9653993,17z/data=!3m1!4b1!4m6!3m5!1s0x89c244f48efc1867:0x31a6605164c022bd!8m2!3d40.6059361!4d-73.9653993!16s%2Fg%2F1hc57ftmq?authuser=0&hl=en&entry=ttu&g_ep=EgoyMDI2MTAwNC4wIKXMDSoASAFQAw%3D%3D",4.1,454,"704 Kings Hwy, Brooklyn, NY 11223",+1 718-975-6901,https://oceansideanimalclinic.com/,mo 09:30-19:00; tu 09:30-19:00; we 09:30-19:00; th 09:30-19:00; fr 09:30-19:00; sa 09:00-15:00; su closed,2026-10-07,
VET_CLINIC,Forest Hills Cat Hospital,"https://www.google.com/maps/place/Forest+Hills+Cat+Hospital/@40.7247422,-73.8793457,17z/data=!3m1!4b1!4m6!3m5!1s0x89c25e6d45e703c7:0x9e9e71fef90f6462!8m2!3d40.7247422!4d-73.8793457!16s%2Fg%2F1tjdmnw1?authuser=0&hl=en&entry=ttu&g_ep=EgoyMDI2MTAwNC4wIKXMDSoASAFQAw%3D%3D",4.5,452,"79-18 Eliot Ave, Middle Village, NY 11379",+1 718-416-2282,http://www.foresthillscathospital.com/,mo 10:00-19:00; tu 09:00-18:00; we 10:00-19:00; th 09:00-17:00; fr 09:00-18:00; sa 09:00-15:00; su closed,2026-10-07,
VET_CLINIC,Liberty Animal Clinic,"https://www.google.com/maps/place/Liberty+Animal+Clinic/@40.6799313,-73.8462034,17z/data=!3m1!4b1!4m6!3m5!1s0x89c25df44048b619:0x997ecc3a3acebfc3!8m2!3d40.6799313!4d-73.8462034!16s%2Fg%2F1tjds7nf?authuser=0&hl=en&entry=ttu&g_ep=EgoyMDI2MTAwNC4wIKXMDSoASAFQAw%3D%3D",4.3,450,"92-12 Liberty Ave, Ozone Park, NY 11417",+1 718-738-6666,http://gatewayvetshop.com/,mo 09:00-18:00; tu 09:00-18:00; we 09:00-18:00; th 09:00-18:00; fr 09:00-17:00; sa 09:00-17:00; su closed,2026-10-07,
VET_CLINIC,Worth Street Veterinary Center,"https://www.google.com/maps/place/Worth+Street+Veterinary+Center/@40.7168642,-74.0055569,17z/data=!3m1!4b1!4m6!3m5!1s0x89c25a20308c70b9:0x2a5f52dc1d4672d9!8m2!3d40.7168642!4d-74.0055569!16s%2Fg%2F1tmgdbrg?authuser=0&hl=en&entry=ttu&g_ep=EgoyMDI2MTAwNC4wIKXMDSoASAFQAw%3D%3D",4.8,449,"77 Worth St, New York, NY 10013",+1 212-257-6900,https://worthstreetvet.com/,mo 08:00-19:00; tu 08:00-19:00; we 08:00-19:00; th 08:00-19:00; fr 08:00-19:00; sa closed; su closed,2026-10-07,
VET_CLINIC,Glendale Veterinary Clinic,"https://www.google.com/maps/place/Glendale+Veterinary+Clinic/@40.7014053,-73.8848902,17z/data=!3m1!4b1!4m6!3m5!1s0x89c25e7f62c3f841:0x3fb45f981358ae38!8m2!3d40.7014053!4d-73.8848902!16s%2Fg%2F1yf_9rnn3?authuser=0&hl=en&entry=ttu&g_ep=EgoyMDI2MTAwNC4wIKXMDSoASAFQAw%3D%3D",4.7,445,"67-40 Myrtle Ave, Glendale, NY 11385",+1 347-599-1335,http://www.glendalevetclinic.com/,mo 10:00-18:00; tu 11:00-19:00; we 11:00-17:00; th 10:00-18:00; fr 10:00-18:00; sa 10:00-14:00; su closed,2026-10-07,
VET_CLINIC,St Mina Animal Clinic,"https://www.google.com/maps/place/St+Mina+Animal+Clinic/@40.6917839,-73.8649876,17z/data=!3m1!4b1!4m6!3m5!1s0x89c25de77e27107d:0x9952e48de33835e8!8m2!3d40.6917839!4d-73.8649876!16s%2Fg%2F1tdwr015?authuser=0&hl=en&entry=ttu&g_ep=EgoyMDI2MTAwNC4wIKXMDSoASAFQAw%3D%3D",4.3,445,"76-23 Jamaica Ave, Woodhaven, NY 11421",+1 718-296-0500,http://stminaveterinaryclinic.com/,mo 10:00-21:00; tu 10:00-19:00; we 10:00-19:00; th 10:00-21:00; fr 10:00-19:00; sa 10:00-16:00; su 10:00-15:00,2026-10-07,
VET_CLINIC,Rivergate Veterinary Clinic,"https://www.google.com/maps/place/Rivergate+Veterinary+Clinic/@40.7457166,-73.9716251,17z/data=!3m1!4b1!4m6!3m5!1s0x89c25905250a6057:0xace0502d923274d9!8m2!3d40.7457166!4d-73.9716251!16s%2Fg%2F1tg3b_zk?authuser=0&hl=en&entry=ttu&g_ep=EgoyMDI2MTAwNC4wIKXMDSoASAFQAw%3D%3D",4.7,444,"648 1st Ave, New York, NY 10016",+1 212-213-9885,https://rivergateveterinaryclinic.com/,mo 08:00-18:00; tu 08:00-20:00; we 08:00-18:00; th 08:00-20:00; fr 08:00-18:00; sa 09:00-17:00; su closed,2026-10-07,
VET_CLINIC,Queens Low Cost Veterinary Center,"https://www.google.com/maps/place/Queens+Low+Cost+Veterinary+Center/@40.7647726,-73.9140895,17z/data=!3m1!4b1!4m6!3m5!1s0x89c25f77b136f8c5:0xbc71b35967ebd04c!8m2!3d40.7647726!4d-73.9140895!16s%2Fg%2F11rc8y6zvh?authuser=0&hl=en&entry=ttu&g_ep=EgoyMDI2MTAwNC4wIKXMDSoASAFQAw%3D%3D",4.0,442,"28-27 Steinway St, Astoria, NY 11103",+1 718-685-2332,http://queensvet.online/,mo 11:00-18:00; tu 11:00-18:00; we 11:00-18:00; th 11:00-18:00; fr 11:00-18:00; sa 11:00-14:00; su closed,2026-10-07,
VET_CLINIC,Animal Clinic of Bay Ridge,"https://www.google.com/maps/place/Animal+Clinic+of+Bay+Ridge/@40.6192041,-74.022097,17z/data=!3m1!4b1!4m6!3m5!1s0x89c24566fb346ff7:0x44a887d5254071c0!8m2!3d40.6192041!4d-74.022097!16s%2Fg%2F1vg6vn4p?authuser=0&hl=en&entry=ttu&g_ep=EgoyMDI2MTAwNC4wIKXMDSoASAFQAw%3D%3D",4.4,441,"689 86th St, Brooklyn, NY 11228",+1 718-833-0700,https://www.animalclinicofbayridgebrooklyn.net/,mo 10:00-18:00; tu 10:00-18:00; we 09:00-11:00; th 10:00-18:00; fr 09:00-11:00; sa 10:00-13:00; su closed,2026-10-07,
VET_CLINIC,Faithful Friends Animal Hospital,"https://www.google.com/maps/place/Faithful+Friends+Animal+Hospital/@40.592078,-73.9737271,17z/data=!3m1!4b1!4m6!3m5!1s0x89c2445719c533f9:0xdb3a6035efd5939!8m2!3d40.592078!4d-73.9737271!16s%2Fg%2F12jsk2lp6?authuser=0&hl=en&entry=ttu&g_ep=EgoyMDI2MTAwNC4wIKXMDSoASAFQAw%3D%3D",4.2,437,"2455 McDonald Ave, Brooklyn, NY 11223",+1 718-339-7387,http://www.faithfulfriendsny.com/,mo 09:00-19:00; tu 09:00-19:00; we 09:00-19:00; th 09:00-19:00; fr 09:00-19:00; sa closed; su closed,2026-10-07,
VET_CLINIC,Greenwood Veterinary Care,https://www.google.com/maps/place/Greenwood+Veterinary+Care/data=!4m7!3m6!1s0x89c25ba2f65a99eb:0x2db458961fdfb6ee!8m2!3d40.660809!4d-73.9942743!16s%2Fg%2F11f6248r9q!19sChIJ65la9qJbwokR7rbfH5ZYtC0?authuser=0&hl=en&g_ep=EgoyMDI2MTAwNC4wIJJjKgBIAVAD&rclk=1,4.7,430,"708 5th Ave, Brooklyn, NY 11215",+1 347-269-1967,https://greenwoodveterinarycare.com/?utm_source=GMBlisting&utm_medium=organic&utm_campaign=gmb,mo 09:00-18:00; tu 09:00-18:00; we 09:00-18:00; th 09:00-18:00; fr 09:00-18:00; sa 09:00-16:00; su 09:00-14:00,2026-10-07,
VET_CLINIC,Alison Animal Hospital,"https://www.google.com/maps/place/Alison+Animal+Hospital/@40.6600145,-73.9809096,17z/data=!3m1!4b1!4m6!3m5!1s0x89c25b1e6f0335ab:0xe26d6cabe144a931!8m2!3d40.6600145!4d-73.9809096!16s%2Fg%2F1q66z2rbg?authuser=0&hl=en&entry=ttu&g_ep=EgoyMDI2MTAwNC4wIKXMDSoASAFQAw%3D%3D",4.7,429,"224 Prospect Park W, Brooklyn, NY 11215",+1 718-473-0081,https://www.alisonanimal.com/,mo 09:00-17:00; tu 10:00-18:00; we 09:00-17:00; th 09:00-17:00; fr 09:00-17:00; sa 10:00-18:00; su closed,2026-10-07,
VET_CLINIC,4 Legged Friends Veterinary Clinic PC,"https://www.google.com/maps/place/4+Legged+Friends+Veterinary+Clinic+PC/@40.6018232,-74.0018953,17z/data=!3m1!4b1!4m6!3m5!1s0x89c2450a35ec6f75:0xd92fb64de09a1b49!8m2!3d40.6018232!4d-74.0018953!16s%2Fg%2F1hc28jpyv?authuser=0&hl=en&entry=ttu&g_ep=EgoyMDI2MTAwNC4wIKXMDSoASAFQAw%3D%3D",4.7,429,"1951 Bath Ave, Brooklyn, NY 11214",+1 718-256-1900,https://www.4leggedfriendsvetclinic.com/,mo 10:00-17:00; tu 10:00-18:00; we 09:00-17:00; th 09:00-17:00; fr 09:00-16:00; sa 09:00-15:00; su closed,2026-10-07,
VET_CLINIC,Marine Park Veterinary Group,"https://www.google.com/maps/place/Marine+Park+Veterinary+Group/@40.6096562,-73.9317359,17z/data=!3m1!4b1!4m6!3m5!1s0x89c2435e2228aa6d:0xad2eeadd0770954a!8m2!3d40.6096562!4d-73.9317359!16s%2Fg%2F1v42gq8w?authuser=0&hl=en&entry=ttu&g_ep=EgoyMDI2MTAwNC4wIKXMDSoASAFQAw%3D%3D",4.6,425,"3515 Ave. S, Brooklyn, NY 11234",+1 718-382-9177,https://marineparkvetgroup.com/,mo 09:00-18:00; tu 09:00-18:00; we 09:00-18:00; th 09:00-18:00; fr 09:00-18:00; sa 09:00-15:00; su closed,2026-10-07,
VET_CLINIC,Bushwick Veterinary Center,"https://www.google.com/maps/place/Bushwick+Veterinary+Center/@40.7051441,-73.9285398,17z/data=!3m1!4b1!4m6!3m5!1s0x89c25d08a156104d:0x6d9d352997e483a6!8m2!3d40.7051441!4d-73.9285398!16s%2Fg%2F11f6dkxsgp?authuser=0&hl=en&entry=ttu&g_ep=EgoyMDI2MTAwNC4wIKXMDSoASAFQAw%3D%3D",4.2,417,"4 Porter Ave, Brooklyn, NY 11237",+1 347-725-3900,http://www.bushwickveterinarycenter.com/,mo 10:00-19:00; tu 10:00-19:00; we 10:00-19:00; th 10:00-19:00; fr 10:00-19:00; sa closed; su closed,2026-10-07,
VET_CLINIC,Bellerose Animal Hospital,"https://www.google.com/maps/place/Bellerose+Animal+Hospital/@40.7242941,-73.7256154,17z/data=!3m1!4b1!4m6!3m5!1s0x89c26236150d1925:0xae0b2c5f61f5177!8m2!3d40.7242941!4d-73.7256154!16s%2Fg%2F1tf24_tc?authuser=0&hl=en&entry=ttu&g_ep=EgoyMDI2MTAwNC4wIKXMDSoASAFQAw%3D%3D",4.2,412,"242-01 Jamaica Ave, Bellerose, NY 11426",+1 718-347-1057,http://bellerosevet.com/,mo 09:00-22:00; tu 09:00-17:00; we 09:00-22:00; th 09:00-17:00; fr 09:00-22:00; sa 09:00-16:00; su 09:00-17:00,2026-10-07,
VET_CLINIC,"Forest Hills Veterinary Care, A PetOne Veterinary Hospital","https://www.google.com/maps/place/Forest+Hills+Veterinary+Care,+A+PetOne+Veterinary+Hospital/@40.7245263,-73.8491947,17z/data=!3m1!4b1!4m6!3m5!1s0x89c25e25b7f54bfd:0x9ca671238a3373e3!8m2!3d40.7245263!4d-73.8491947!16s%2Fg%2F1ptw13bqs?authuser=0&hl=en&entry=ttu&g_ep=EgoyMDI2MTAwNC4wIKXMDSoASAFQAw%3D%3D",4.4,408,"103-27 Queens Blvd, Forest Hills, NY 11375",+1 718-830-3260,https://www.veterinarycaregroup.com/locations/forest-hills?utm_source=gmb&utm_medium=organic&y_source=1_MjQ0NDU0OTYtNzE1LWxvY2F0aW9uLndlYnNpdGU=,mo 09:00-18:00; tu 09:00-18:00; we 09:00-18:00; th 09:00-18:00; fr 09:00-18:00; sa closed; su closed,2026-10-07,
VET_CLINIC,Greater Staten Island Veterinary Services,"https://www.google.com/maps/place/Greater+Staten+Island+Veterinary+Services/@40.6073743,-74.163521,17z/data=!3m1!4b1!4m6!3m5!1s0x89c24c5c7470c515:0xf743d7d26e5a4a3c!8m2!3d40.6073743!4d-74.163521!16s%2Fg%2F11cmn99m8j?authuser=0&hl=en&entry=ttu&g_ep=EgoyMDI2MTAwNC4wIKXMDSoASAFQAw%3D%3D",3.8,399,"3135 Victory Blvd, Staten Island, NY 10314",+1 917-830-1380,https://www.gsvs.org/staten-island-ny/emergency-vet/?utm_source=google-business-profile&utm_medium=organic,mo 24h; tu 24h; we 24h; th 24h; fr 24h; sa 24h; su 24h,2026-10-07,
VET_CLINIC,West Village Veterinary Hospital,"https://www.google.com/maps/place/West+Village+Veterinary+Hospital/@40.7396051,-74.0029644,17z/data=!3m1!4b1!4m6!3m5!1s0x89c259be48627e77:0xfabea602edb0f224!8m2!3d40.7396051!4d-74.0029644!16s%2Fg%2F1vs1st0z?authuser=0&hl=en&entry=ttu&g_ep=EgoyMDI2MTAwNC4wIKXMDSoASAFQAw%3D%3D",4.8,398,"75 8th Ave, New York, NY 10014",+1 212-633-7400,https://www.westvillagevets.com/?utm_source=gmb&utm_medium=organic&y_source=1_MTE2Njg3NjgtNzE1LWxvY2F0aW9uLndlYnNpdGU%3D,mo 07:30-20:00; tu 07:30-20:00; we 07:30-20:00; th 07:30-20:00; fr 07:30-20:00; sa 09:00-16:00; su 09:00-16:00,2026-10-07,
VET_CLINIC,Riverside Veterinary Care on Columbus,"https://www.google.com/maps/place/Riverside+Veterinary+Care+on+Columbus/@40.7831243,-73.9750254,17z/data=!3m1!4b1!4m6!3m5!1s0x89c25888900cd969:0x7b6e4d8bb1a34d80!8m2!3d40.7831243!4d-73.9750254!16s%2Fg%2F1tlmp74q?authuser=0&hl=en&entry=ttu&g_ep=EgoyMDI2MTAwNC4wIKXMDSoASAFQAw%3D%3D",4.8,396,"428 Columbus Ave, New York, NY 10024",+1 212-787-1993,https://www.riversideveterinarycare.com/?utm_source=gmb&utm_medium=organic&y_source=1_MTE2Njg4MjUtNzE1LWxvY2F0aW9uLndlYnNpdGU%3D,mo 08:00-19:00; tu 08:00-19:00; we 08:00-19:00; th 08:00-19:00; fr 08:00-19:00; sa 10:00-17:00; su closed,2026-10-07,
VET_CLINIC,Franklin Ave Animal Hospital,"https://www.google.com/maps/place/Franklin+Ave+Animal+Hospital/@40.6770607,-73.9558865,17z/data=!3m1!4b1!4m6!3m5!1s0x89c25bd4051a5ec5:0x2190a9ca9086e7cb!8m2!3d40.6770607!4d-73.9558865!16s%2Fg%2F11gmfymjnf?authuser=0&hl=en&entry=ttu&g_ep=EgoyMDI2MTAwNC4wIKXMDSoASAFQAw%3D%3D",4.5,395,"614 Franklin Ave, Brooklyn, NY 11238",+1 718-975-7080,https://phanimalhospital.com/,mo 09:00-19:00; tu 09:00-19:00; we 09:00-19:00; th 09:00-19:00; fr 09:00-19:00; sa 10:00-17:00; su closed,2026-10-07,
VET_CLINIC,Animal Clinic of Queens,"https://www.google.com/maps/place/Animal+Clinic+of+Queens/@40.7092621,-73.8989187,17z/data=!3m1!4b1!4m6!3m5!1s0x89c25e8497402a49:0x6abf3eb2cff1ba2d!8m2!3d40.7092621!4d-73.8989187!16s%2Fg%2F1td6hdct?authuser=0&hl=en&entry=ttu&g_ep=EgoyMDI2MTAwNC4wIKXMDSoASAFQAw%3D%3D",4.0,392,"65-12 Fresh Pond Rd, Ridgewood, NY 11385",+1 718-417-6200,,mo 10:00-19:30; tu 10:00-19:30; we 10:00-19:30; th 10:00-19:30; fr 10:00-19:30; sa 09:00-15:00; su 09:00-15:00,2026-10-07,
VET_CLINIC,Bedford Stuyvesant Veterinary Clinic,"https://www.google.com/maps/place/Bedford+Stuyvesant+Veterinary+Clinic/@40.6803042,-73.9450227,17z/data=!3m1!4b1!4m6!3m5!1s0x89c25b8f02a0e4cf:0xda9d73723dcc273f!8m2!3d40.6803042!4d-73.9450227!16s%2Fg%2F1t_tl6f7?authuser=0&hl=en&entry=ttu&g_ep=EgoyMDI2MTAwNC4wIKXMDSoASAFQAw%3D%3D",4.1,389,"1403 Fulton St, Brooklyn, NY 11216",+1 718-622-5751,https://www.bedstuyveterinary.com/,mo closed; tu 09:00-18:00; we closed; th 09:00-18:00; fr 09:00-18:00; sa 09:00-14:00; su closed,2026-10-07,
VET_CLINIC,Carnegie Hill Veterinarians,"https://www.google.com/maps/place/Carnegie+Hill+Veterinarians/@40.7848285,-73.9492489,17z/data=!3m1!4b1!4m6!3m5!1s0x89c258a4b14eeaa1:0x52748ce3ecdae8a0!8m2!3d40.7848285!4d-73.9492489!16s%2Fg%2F1tl7pmqm?authuser=0&hl=en&entry=ttu&g_ep=EgoyMDI2MTAwNC4wIKXMDSoASAFQAw%3D%3D",4.4,386,"1707 3rd Ave, New York, NY 10128",+1 646-328-9523,https://carnegiehillveterinarians.com/?utm_source=gbp&utm_medium=organic,mo 09:00-18:00; tu 09:00-19:00; we 09:00-18:00; th 09:00-17:00; fr 09:00-19:00; sa closed; su closed,2026-10-07,
VET_CLINIC,Park Slope Veterinary Center,https://www.google.com/maps/place/Park+Slope+Veterinary+Center/data=!4m7!3m6!1s0x89c25ae5f0c35e97:0x48c538bf24141545!8m2!3d40.6635215!4d-73.9943202!16s%2Fg%2F1thzptns!19sChIJl17D8OVawokRRRUUJL84xUg?authuser=0&hl=en&g_ep=EgoyMDI2MTAwNC4wIJJjKgBIAVAD&rclk=1,4.6,384,"Park Slope Veterinary Center, 639 4th Ave, Brooklyn, NY 11232",+1 718-369-7387,https://parkslopevetcenter.com/,mo 09:00-18:30; tu 09:00-18:30; we 09:00-18:30; th 09:00-18:30; fr 09:00-17:00; sa closed; su closed,2026-10-07,
VET_CLINIC,BluePearl Pet Hospital,"https://www.google.com/maps/place/BluePearl+Pet+Hospital/@40.736982,-73.993478,17z/data=!3m1!4b1!4m6!3m5!1s0x89c259a2a04ab8fd:0x55e3e2baba218d0!8m2!3d40.736982!4d-73.993478!16s%2Fg%2F11bccgnyk9?authuser=0&hl=en&entry=ttu&g_ep=EgoyMDI2MTAwNC4wIKXMDSoASAFQAw%3D%3D",3.9,381,"1 W 15th St, New York, NY 10011",+1 212-924-3311,https://bluepearlvet.com/hospital/downtown-nyc/?utm_source=google&utm_medium=organic&utm_campaign=gbp,mo 24h; tu 24h; we 24h; th 24h; fr 24h; sa 24h; su 24h,2026-10-07,
VET_CLINIC,Broadway Animal Hospital of Riverdale,"https://www.google.com/maps/place/Broadway+Animal+Hospital+of+Riverdale/@40.8806413,-73.9027519,17z/data=!3m1!4b1!4m6!3m5!1s0x89c2f397b582b003:0x8228a24b9abfbb3e!8m2!3d40.8806413!4d-73.9027519!16s%2Fg%2F1tgpnz79?authuser=0&hl=en&entry=ttu&g_ep=EgoyMDI2MTAwNC4wIKXMDSoASAFQAw%3D%3D",4.5,377,"5664 Broadway, Bronx, NY 10463",+1 929-833-8843,http://www.broadwayanimalhospitalofriverdale.com/?utm_source=gbp&utm_medium=organic,mo 09:00-18:00; tu 09:00-18:00; we 09:00-16:00; th 09:00-18:00; fr 09:00-17:00; sa closed; su closed,2026-10-07,
VET_CLINIC,Heights Animal Hospital,"https://www.google.com/maps/place/Heights+Animal+Hospital/@40.750553,-73.8948347,17z/data=!3m1!4b1!4m6!3m5!1s0x89c25f05d7df3bf3:0x9c0a011f721da465!8m2!3d40.750553!4d-73.8948347!16s%2Fg%2F1tgddb8c?authuser=0&hl=en&entry=ttu&g_ep=EgoyMDI2MTAwNC4wIKXMDSoASAFQAw%3D%3D",4.5,366,"71-02 35th Ave, Jackson Heights, NY 11372",+1 718-639-5210,https://heightsanimalhospital.com/,"mo 09:00-13:00,14:00-17:30; tu 09:00-13:00,14:00-17:30; we 09:00-13:00,14:00-17:30; th closed; fr 09:00-13:00,14:00-17:30; sa 08:30-12:00,13:00-14:30; su closed",2026-10-07,
VET_CLINIC,Small Door Veterinary - West Village,"https://www.google.com/maps/place/Small+Door+Veterinary+-+West+Village/@40.7370511,-74.000519,17z/data=!3m1!4b1!4m6!3m5!1s0x89c259f2f9fb7c9b:0x4de1aee62ef2d13a!8m2!3d40.7370511!4d-74.000519!16s%2Fg%2F11j05ffckc?authuser=0&hl=en&entry=ttu&g_ep=EgoyMDI2MTAwNC4wIKXMDSoASAFQAw%3D%3D",4.7,363,"15 7th Ave, New York, NY 10011",+1 212-300-9893,https://www.smalldoorvet.com/locations/new-york-city/west-village/?utm_source=gmb&utm_medium=organic&utm_campaign=west-village&utm_content=location-page,mo 08:00-18:00; tu 08:00-18:00; we 08:00-18:00; th 08:00-18:00; fr 08:00-18:00; sa 09:00-17:00; su closed,2026-10-07,
VET_CLINIC,PAWSitive Veterinary of New York,"https://www.google.com/maps/place/PAWSitive+Veterinary+of+New+York/@40.647222,-73.969101,17z/data=!3m1!4b1!4m6!3m5!1s0x89c25b3b1b6b756b:0xe0520dc76774f8b6!8m2!3d40.647222!4d-73.969101!16s%2Fg%2F1tmg7gpb?authuser=0&hl=en&entry=ttu&g_ep=EgoyMDI2MTAwNC4wIKXMDSoASAFQAw%3D%3D",4.3,362,"1103 Church Ave, Brooklyn, NY 11218",+1 929-239-3461,https://pawsitiveveterinary.com/?utm_source=GMBlisting&utm_medium=organic&utm_campaign=gmb,mo 09:00-18:00; tu 09:00-18:00; we 09:00-18:00; th 09:00-18:00; fr 09:00-18:00; sa 09:00-15:00; su closed,2026-10-07,
VET_CLINIC,CompleteCare Veterinary Center,"https://www.google.com/maps/place/CompleteCare+Veterinary+Center/@40.6157711,-74.1027287,17z/data=!3m1!4b1!4m6!3m5!1s0x89c24e60505cd4e9:0x8de58509f64d1f4a!8m2!3d40.6157711!4d-74.1027287!16s%2Fg%2F1tl1pbxs?authuser=0&hl=en&entry=ttu&g_ep=EgoyMDI2MTAwNC4wIKXMDSoASAFQAw%3D%3D",4.5,359,"1293 Clove Rd, Staten Island, NY 10301",+1 718-720-4211,https://completecarevets.com/,mo 08:00-18:00; tu 08:00-18:00; we 08:00-18:00; th 08:00-20:00; fr 08:00-20:00; sa 08:00-14:00; su closed,2026-10-07,
VET_CLINIC,Ivy Pets - Midwood,"https://www.google.com/maps/place/Ivy+Pets+-+Midwood/@40.618277,-73.955276,17z/data=!3m1!4b1!4m6!3m5!1s0x89c245b80257e8d7:0x739f343146baa6bf!8m2!3d40.618277!4d-73.955276!16s%2Fg%2F11kqtvxyz6?authuser=0&hl=en&entry=ttu&g_ep=EgoyMDI2MTAwNC4wIKXMDSoASAFQAw%3D%3D",4.5,356,"1930 Avenue M, Brooklyn, NY 11230",+1 718-820-0002,https://www.ivypetsco.com/,mo 09:00-19:00; tu 09:00-19:00; we 09:00-19:00; th 09:00-19:00; fr 09:00-17:30; sa closed; su 09:00-18:30,2026-10-07,
VET_CLINIC,Vetco Total Care,"https://www.google.com/maps/place/Vetco+Total+Care/@40.5281756,-74.2284869,17z/data=!3m1!4b1!4m6!3m5!1s0x89c3b5c6093463bd:0x4b38c9a78f513e4c!8m2!3d40.5281756!4d-74.2284869!16s%2Fg%2F11sgr21r7c?authuser=0&hl=en&entry=ttu&g_ep=EgoyMDI2MTAwNC4wIKXMDSoASAFQAw%3D%3D",4.6,352,"165 Bricktown Way Ste 1C, Staten Island, NY 10309",+1 718-569-3036,https://stores.petco.com/ny/staten-island/vet-hospital-statenisland-ny-3794.html?utm_source=google&utm_campaign=locallist_3794_vtc,mo closed; tu closed; we 12:00-17:00; th 12:00-17:00; fr closed; sa closed; su closed,2026-10-07,
VET_CLINIC,Bay Street Animal Hospital,"https://www.google.com/maps/place/Bay+Street+Animal+Hospital/@40.618523,-74.068903,17z/data=!3m1!4b1!4m6!3m5!1s0x89c24fae3b21bd23:0xb249cd3306d61c0a!8m2!3d40.618523!4d-74.068903!16s%2Fg%2F1wk4dzfp?authuser=0&hl=en&entry=ttu&g_ep=EgoyMDI2MTAwNC4wIKXMDSoASAFQAw%3D%3D",3.8,352,"999 Bay St, Staten Island, NY 10305",+1 718-420-9100,http://baystanimalhospital.com/,mo 08:00-22:00; tu 08:00-22:00; we 08:00-22:00; th 08:00-22:00; fr 08:00-22:00; sa 08:00-22:00; su 08:00-18:00,2026-10-07,
VET_CLINIC,Tri-Boro Animal Hospital,"https://www.google.com/maps/place/Tri-Boro+Animal+Hospital/@40.8699945,-73.8562641,17z/data=!3m1!4b1!4m6!3m5!1s0x89c2f345d46ee5df:0x8cb04520f8b01f08!8m2!3d40.8699945!4d-73.8562641!16s%2Fg%2F1tsjfkz4?authuser=0&hl=en&entry=ttu&g_ep=EgoyMDI2MTAwNC4wIKXMDSoASAFQAw%3D%3D",4.2,350,"3004 Lurting Ave, Bronx, NY 10469",+1 718-292-1770,http://www.animalhospitalbx.com/about-us/,mo 08:30-18:00; tu 08:30-18:00; we closed; th 08:30-18:00; fr 08:30-18:00; sa 08:30-14:00; su closed,2026-10-07,
VET_CLINIC,Veterinary Care Group - Whitestone,"https://www.google.com/maps/place/Veterinary+Care+Group+-+Whitestone/@40.788432,-73.81464,17z/data=!3m1!4b1!4m6!3m5!1s0x89c28a94fa93427f:0x222b806bdbb4c0b5!8m2!3d40.788432!4d-73.81464!16s%2Fg%2F1tg7synn?authuser=0&hl=en&entry=ttu&g_ep=EgoyMDI2MTAwNC4wIKXMDSoASAFQAw%3D%3D",4.8,349,"149-38 14th Ave, Whitestone, NY 11357",+1 718-767-3396,https://www.veterinarycaregroupwhitestone.com/?utm_source=gmb&utm_medium=organic&y_source=1_MjQ0NDU4NjMtNzE1LWxvY2F0aW9uLndlYnNpdGU%3D,mo 09:00-17:00; tu 09:00-17:00; we 08:30-18:00; th 08:30-18:00; fr 08:30-18:00; sa 09:00-14:00; su closed,2026-10-07,
VET_CLINIC,Brilliant Veterinary Care,"https://www.google.com/maps/place/Brilliant+Veterinary+Care/@40.790939,-73.9724211,17z/data=!3m1!4b1!4m6!3m5!1s0x89c259242c37996f:0xf2fa56676dfc7221!8m2!3d40.790939!4d-73.9724211!16s%2Fg%2F11n_mbcd84?authuser=0&hl=en&entry=ttu&g_ep=EgoyMDI2MTAwNC4wIKXMDSoASAFQAw%3D%3D",4.8,345,"641 Amsterdam Ave, New York, NY 10025",+1 212-365-5160,https://brilliantvets.com/,mo 08:00-18:00; tu 08:00-18:00; we 08:00-18:00; th 08:00-18:00; fr 08:00-17:30; sa closed; su 08:00-17:00,2026-10-07,
VET_CLINIC,Gotham Veterinary Center,"https://www.google.com/maps/place/Gotham+Veterinary+Center/@40.7920575,-73.9685028,17z/data=!3m1!4b1!4m6!3m5!1s0x89c2589d768a9af5:0x53ca33d57b66d069!8m2!3d40.7920575!4d-73.9685028!16s%2Fg%2F1tdvl2dd?authuser=0&hl=en&entry=ttu&g_ep=EgoyMDI2MTAwNC4wIKXMDSoASAFQAw%3D%3D",4.6,342,"700 Columbus Ave, New York, NY 10025",+1 212-222-1900,https://gothamvetcenter.com/,mo 08:30-18:00; tu 08:30-18:00; we 08:30-18:00; th 08:30-18:00; fr 08:30-18:00; sa 09:00-16:00; su closed,2026-10-07,
GROOMING,Rapawzel Dog Grooming & Day Care,"https://www.google.com/maps/place/Rapawzel+Dog+Grooming+%26+Day+Care/@40.7733456,-73.7953372,17z/data=!3m1!4b1!4m6!3m5!1s0x89c28b54de70b4ff:0x7c05acaacdedfa08!8m2!3d40.7733456!4d-73.7953372!16s%2Fg%2F11s0zffvh6?authuser=0&hl=en&entry=ttu&g_ep=EgoyMDI2MTAwNC4wIKXMDSoASAFQAw%3D%3D",4.9,900,"25-89 Francis Lewis Blvd, Flushing, NY 11358",+1 718-271-1229,https://rapawzeldoggroomer.com/dog-grooming-and-daycare-in-bayside/,mo 08:00-18:00; tu 08:00-18:00; we 08:00-18:00; th 08:00-18:00; fr 08:00-18:00; sa 08:00-18:00; su 08:30-18:00,2026-10-07,
GROOMING,Pupstudio - Upper East Side,"https://www.google.com/maps/place/Pupstudio+-+Upper+East+Side/@40.7629291,-73.9651713,17z/data=!3m1!4b1!4m6!3m5!1s0x89c25922b9f0d889:0x8b1feed76a834090!8m2!3d40.7629291!4d-73.9651713!16s%2Fg%2F11rklgzpg0?authuser=0&hl=en&entry=ttu&g_ep=EgoyMDI2MTAwNC4wIKXMDSoASAFQAw%3D%3D",4.8,883,"1035 3rd Ave, New York, NY 10065",+1 646-300-2858,http://pupstudionyc.com/,mo 09:00-19:00; tu 09:00-19:00; we 09:00-19:00; th 09:00-19:00; fr 09:00-19:00; sa 09:00-19:00; su 09:00-19:00,2026-10-07,
GROOMING,Dalila’s Pet Grooming,"https://www.google.com/maps/place/Dalila%E2%80%99s+Pet+Grooming/@40.7504371,-73.8763388,17z/data=!3m1!4b1!4m6!3m5!1s0x89c25fbaba5c227b:0x7486a02ec70b38d9!8m2!3d40.7504371!4d-73.8763388!16s%2Fg%2F12llb0k4j?authuser=0&hl=en&entry=ttu&g_ep=EgoyMDI2MTAwNC4wIKXMDSoASAFQAw%3D%3D",4.8,843,"90-12 37th Ave, Jackson Heights, NY 11372",+1 718-644-7072,https://doggroomersinqueens.com/,mo 09:00-17:00; tu closed; we 09:00-17:00; th 09:00-17:00; fr 09:00-17:00; sa 09:00-17:00; su 09:00-17:00,2026-10-07,
GROOMING,Rapawzel Dog Grooming & Day Care,"https://www.google.com/maps/place/Rapawzel+Dog+Grooming+%26+Day+Care/@40.7629546,-73.9266812,17z/data=!3m1!4b1!4m6!3m5!1s0x89c25f2e373a0b8b:0xdd97921904dbd3b4!8m2!3d40.7629546!4d-73.9266812!16s%2Fg%2F119tcd6fx?authuser=0&hl=en&entry=ttu&g_ep=EgoyMDI2MTAwNC4wIKXMDSoASAFQAw%3D%3D",4.6,729,"31-87 29th St, Astoria, NY 11106",+1 718-406-9899,https://rapawzeldoggroomer.com/,mo 08:00-18:00; tu 08:00-18:00; we 08:00-18:00; th 08:00-18:00; fr 08:00-18:00; sa 08:30-18:00; su 09:00-18:00,2026-10-07,
GROOMING,Jackelyn Home Grooming LLC,"https://www.google.com/maps/place/Jackelyn+Home+Grooming+LLC/@40.8590738,-73.8684552,17z/data=!3m1!4b1!4m6!3m5!1s0x89c2f5d8f96f3a65:0x926415728461267a!8m2!3d40.8590738!4d-73.8684552!16s%2Fg%2F11fcpq9z5_?authuser=0&hl=en&entry=ttu&g_ep=EgoyMDI2MTAwNC4wIKXMDSoASAFQAw%3D%3D",4.9,681,"Bronx, NY 10467",+1 914-346-1947,https://www.instagram.com/jackelynhomegroomingllc/,mo closed; tu closed; we 09:00-14:00; th 09:00-14:00; fr 09:00-14:00; sa 09:00-15:00; su 09:00-12:00,2026-10-07,
GROOMING,Petness Wanderer Pet Salon- Washington Heights,"https://www.google.com/maps/place/Petness+Wanderer+Pet+Salon-+Washington+Heights/@40.8461421,-73.9338352,17z/data=!3m1!4b1!4m6!3m5!1s0x89c2f7750efa4b39:0xed00c4e4bbf83b4a!8m2!3d40.8461421!4d-73.9338352!16s%2Fg%2F11kpnb8865?authuser=0&hl=en&entry=ttu&g_ep=EgoyMDI2MTAwNC4wIKXMDSoASAFQAw%3D%3D",4.8,656,"247 Audubon Ave, New York, NY 10033",+1 347-928-5877,https://wandererhub.net/,mo 08:00-17:00; tu 08:00-17:00; we 08:00-17:00; th 08:00-17:00; fr 08:00-17:00; sa 08:00-17:00; su 08:00-17:00,2026-10-07,
GROOMING,Brooklyn Pet Spa,https://www.google.com/maps/place/Brooklyn+Pet+Spa/data=!4m7!3m6!1s0x89c25b3382b62b9d:0xa822cedc8e09c79d!8m2!3d40.6778007!4d-73.9727531!16s%2Fg%2F11fpg781wf!19sChIJnSu2gjNbwokRnccJjtzOIqg?authuser=0&hl=en&g_ep=EgoyMDI2MTAwNC4wIJJjKgBIAVAD&rclk=1,4.6,570,"317 Flatbush Ave, Brooklyn, NY 11217",+1 718-768-0293,https://brooklynpetspa.com/,,2026-10-07,hours: none (not published on Maps)
GROOMING,The Bark Shoppe,"https://www.google.com/maps/place/The+Bark+Shoppe/@40.8024374,-73.9523336,17z/data=!3m1!4b1!4m6!3m5!1s0x89c2f610dfbeaca5:0x9134291553b3e479!8m2!3d40.8024374!4d-73.9523336!16s%2Fg%2F1s04cdg8_?authuser=0&hl=en&entry=ttu&g_ep=EgoyMDI2MTAwNC4wIKXMDSoASAFQAw%3D%3D",4.5,497,"100 St Nicholas Ave, New York, NY 10026",+1 646-590-1902,http://www.thebarkshoppe.com/,mo 08:00-18:00; tu 08:00-18:00; we 08:00-18:00; th 08:00-18:00; fr 08:00-18:00; sa 08:00-18:00; su 08:00-18:00,2026-10-07,
GROOMING,Zen Animals: Clean + Holistic Pet Spa,"https://www.google.com/maps/place/Zen+Animals:+Clean+%2B+Holistic+Pet+Spa/@40.6848093,-73.9292895,17z/data=!3m1!4b1!4m6!3m5!1s0x89c25c7391749245:0x5ae4274dcc602a9b!8m2!3d40.6848093!4d-73.9292895!16s%2Fg%2F11c5wxtmqh?authuser=0&hl=en&entry=ttu&g_ep=EgoyMDI2MTAwNC4wIKXMDSoASAFQAw%3D%3D",4.3,416,"233 Malcolm X Blvd, Brooklyn, NY 11233",+1 718-975-0950,http://www.zenanimals.love/,mo 07:30-18:30; tu 07:30-18:30; we 07:30-18:30; th 07:30-18:30; fr 07:30-18:30; sa 09:00-17:00; su 09:00-17:00,2026-10-07,
GROOMING,Unleashed Spa Pet Grooming,"https://www.google.com/maps/place/Unleashed+Spa+Pet+Grooming/@40.728965,-73.978595,17z/data=!3m1!4b1!4m6!3m5!1s0x89c25976bd75b5e5:0x6df79ab4113c23c3!8m2!3d40.728965!4d-73.978595!16s%2Fg%2F1tf2yqd2?authuser=0&hl=en&entry=ttu&g_ep=EgoyMDI2MTAwNC4wIKXMDSoASAFQAw%3D%3D",4.8,399,"218 Avenue B, New York, NY 10009",+1 212-533-9300,http://www.unleashedspa.com/,mo 09:00-17:00; tu 09:00-17:00; we 09:00-17:00; th 09:00-17:00; fr 09:00-17:00; sa 09:00-17:00; su 09:00-17:00,2026-10-07,
GROOMING,Whitestone Doghouse,"https://www.google.com/maps/place/Whitestone+Doghouse/@40.7893894,-73.8138407,17z/data=!3m1!4b1!4m6!3m5!1s0x89c28bba09f0062b:0xa8006a0d7165a252!8m2!3d40.7893894!4d-73.8138407!16s%2Fg%2F1xb2fhq3?authuser=0&hl=en&entry=ttu&g_ep=EgoyMDI2MTAwNC4wIKXMDSoASAFQAw%3D%3D",4.8,363,"12-49 150th St, Whitestone, NY 11357",+1 718-767-7445,http://www.whitestonedoghouse.com/,mo 07:00-17:30; tu 07:00-17:30; we 07:00-17:30; th 07:00-17:30; fr 07:00-17:30; sa 07:00-17:30; su 07:00-17:30,2026-10-07,
GROOMING,Amy's Pet Palace - Dog And Cat Grooming,"https://www.google.com/maps/place/Amy's+Pet+Palace+-+Dog+And+Cat+Grooming/@40.540069,-74.1768107,17z/data=!3m1!4b1!4m6!3m5!1s0x89c24afeaa5f1a3f:0xfd4798e160883648!8m2!3d40.540069!4d-74.1768107!16s%2Fg%2F1pp2vf9zh?authuser=0&hl=en&entry=ttu&g_ep=EgoyMDI2MTAwNC4wIKXMDSoASAFQAw%3D%3D",4.7,355,"885 Annadale Rd, Staten Island, NY 10312",+1 718-356-5500,http://www.amyspetpalace.com/,mo closed; tu 08:30-15:00; we 08:30-15:00; th 08:30-15:00; fr 08:30-15:00; sa 08:30-15:00; su 08:30-15:00,2026-10-07,
GROOMING,Lucy's Lucky Dogs,"https://www.google.com/maps/place/Lucy's+Lucky+Dogs/@40.7086199,-73.9431294,17z/data=!3m1!4b1!4m6!3m5!1s0x89c259514d402d5d:0x55e29701b181df9f!8m2!3d40.7086199!4d-73.9431294!16s%2Fg%2F1tfstsyh?authuser=0&hl=en&entry=ttu&g_ep=EgoyMDI2MTAwNC4wIKXMDSoASAFQAw%3D%3D",4.4,346,"198 Graham Ave, Brooklyn, NY 11206",+1 718-302-5039,,mo 07:30-15:00; tu 07:30-15:00; we closed; th 07:30-15:00; fr 07:30-15:00; sa 07:30-15:00; su 07:30-15:00,2026-10-07,
GROOMING,Le Pitou Pets Boutique,"https://www.google.com/maps/place/Le+Pitou+Pets+Boutique/@40.7171543,-73.8355064,17z/data=!3m1!4b1!4m6!3m5!1s0x89c25e20ca9ce8c9:0xdc396bdba686aac0!8m2!3d40.7171543!4d-73.8355064!16s%2Fg%2F1262h7wps?authuser=0&hl=en&entry=ttu&g_ep=EgoyMDI2MTAwNC4wIKXMDSoASAFQAw%3D%3D",4.3,333,"113-24 Queens Blvd, Forest Hills, NY 11375",+1 718-896-3333,http://www.lepitoupets.com/,mo 10:00-19:00; tu 10:00-19:00; we 10:00-19:00; th 10:00-20:00; fr 10:00-20:00; sa 10:00-18:00; su 10:00-18:00,2026-10-07,
GROOMING,HomeDoggy Pet Salon & Boarding – Store 1,"https://www.google.com/maps/place/HomeDoggy+Pet+Salon+%26+Boarding+%E2%80%93+Store+1/@40.6732902,-73.976079,17z/data=!3m1!4b1!4m6!3m5!1s0x89c25be190e90e1d:0x96f8dafd927cf387!8m2!3d40.6732902!4d-73.976079!16s%2Fg%2F11fvg5jgw2?authuser=0&hl=en&entry=ttu&g_ep=EgoyMDI2MTAwNC4wIKXMDSoASAFQAw%3D%3D",4.6,326,"123A 7th Ave, Brooklyn, NY 11215",+1 718-576-3918,http://www.homedoggy.com/,mo 07:30-20:00; tu 07:30-20:00; we 07:30-20:00; th 07:30-20:00; fr 07:30-20:00; sa 08:00-19:00; su 08:00-19:00,2026-10-07,
GROOMING,Adonis Pet grooming,"https://www.google.com/maps/place/Adonis+Pet+grooming/@40.750506,-73.8760597,17z/data=!3m1!4b1!4m6!3m5!1s0x89c24f7174b8c947:0x44840fdd6ccb6ff!8m2!3d40.750506!4d-73.8760597!16s%2Fg%2F11h75sv1z5?authuser=0&hl=en&entry=ttu&g_ep=EgoyMDI2MTAwNC4wIKXMDSoASAFQAw%3D%3D",4.9,317,"90-12 37th Ave #1, Jackson Heights, NY 11372",+1 347-832-0563,http://vdpetspa.com/,mo 09:00-17:00; tu closed; we 09:00-17:00; th 09:00-17:00; fr 09:00-17:00; sa 09:00-17:00; su 09:00-17:00,2026-10-07,
GROOMING,PetnessWanderer,"https://www.google.com/maps/place/PetnessWanderer/@40.8461918,-73.9340416,17z/data=!3m1!4b1!4m6!3m5!1s0x89c259cfb4966b5b:0xb4ee8896b6f662e7!8m2!3d40.8461918!4d-73.9340416!16s%2Fg%2F11fj86mj1y?authuser=0&hl=en&entry=ttu&g_ep=EgoyMDI2MTAwNC4wIKXMDSoASAFQAw%3D%3D",4.4,298,"247 Audubon Ave, New York, NY 10033",+1 917-261-4565,https://petnesswanderer.shop/,mo 09:00-17:00; tu 09:00-17:00; we 09:00-17:00; th 09:00-17:00; fr 09:00-17:00; sa 09:00-17:00; su 09:00-17:00,2026-10-07,
GROOMING,Rapawzel Dog Grooming & Day Care,"https://www.google.com/maps/place/Rapawzel+Dog+Grooming+%26+Day+Care/@40.7759177,-73.9553273,17z/data=!3m1!4b1!4m6!3m5!1s0x89c258bc2095c797:0xbb913b9d9f5862f0!8m2!3d40.7759177!4d-73.9553273!16s%2Fg%2F1tggbwxd?authuser=0&hl=en&entry=ttu&g_ep=EgoyMDI2MTAwNC4wIKXMDSoASAFQAw%3D%3D",4.6,294,"208 E 82nd St Apt 2, New York, NY 10028",+1 212-396-2585,https://rapawzeldoggroomer.com/dog-grooming-and-daycare-in-manhattan/,mo 08:00-18:00; tu 08:00-18:00; we 08:00-18:00; th 08:00-18:00; fr 08:00-18:00; sa 08:30-18:00; su 08:30-18:00,2026-10-07,
GROOMING,Snip Dogg Doggy Spa,"https://www.google.com/maps/place/Snip+Dogg+Doggy+Spa/@40.7002894,-73.8301781,17z/data=!3m1!4b1!4m6!3m5!1s0x89c2614b647ec0f1:0x7de9b4109f0ed47b!8m2!3d40.7002894!4d-73.8301781!16s%2Fg%2F11g4h663ds?authuser=0&hl=en&entry=ttu&g_ep=EgoyMDI2MTAwNC4wIKXMDSoASAFQAw%3D%3D",4.7,288,"119-19 Jamaica Ave, Richmond Hill, NY 11418",+1 929-386-0006,http://www.snipdoggny.com/,mo 10:00-16:30; tu 10:00-16:30; we 10:00-16:30; th 10:00-17:00; fr 10:00-17:30; sa 10:00-17:30; su 10:00-12:00,2026-10-07,
GROOMING,Pet Story NY,"https://www.google.com/maps/place/Pet+Story+NY/@40.7762667,-73.9890543,17z/data=!3m1!4b1!4m6!3m5!1s0x89c259deb6564b8d:0xf934b7352a391253!8m2!3d40.7762667!4d-73.9890543!16s%2Fg%2F11ltcy3bn7?authuser=0&hl=en&entry=ttu&g_ep=EgoyMDI2MTAwNC4wIKXMDSoASAFQAw%3D%3D",4.9,287,"120 Riverside Blvd, New York, NY 10069",+1 917-965-2001,http://www.petstoryny.com/,mo 09:30-19:00; tu 09:30-19:00; we 09:30-19:00; th 09:30-19:00; fr 09:30-19:00; sa 09:30-19:00; su 09:30-19:00,2026-10-07,
GROOMING,Eze Paws,"https://www.google.com/maps/place/Eze+Paws/@40.7795366,-73.7940536,17z/data=!3m1!4b1!4m6!3m5!1s0x89c28bd9fd43e3a7:0xdba28b83e3c07f27!8m2!3d40.7795366!4d-73.7940536!16s%2Fg%2F11vl2nrcpd?authuser=0&hl=en&entry=ttu&g_ep=EgoyMDI2MTAwNC4wIKXMDSoASAFQAw%3D%3D",4.9,281,"20-04 Utopia Pkwy, Whitestone, NY 11357",+1 347-502-7606,https://www.ezepaws.com/,mo 10:00-17:30; tu 10:00-17:30; we closed; th 10:00-17:30; fr 10:00-17:30; sa 10:00-17:00; su 10:00-16:00,2026-10-07,
GROOMING,Coney Island Pet Grooming,"https://www.google.com/maps/place/Coney+Island+Pet+Grooming/@40.5773787,-73.9976936,17z/data=!3m1!4b1!4m6!3m5!1s0x89c245c7a74a196b:0xa59c33001833f8ea!8m2!3d40.5773787!4d-73.9976936!16s%2Fg%2F11b6gkgtwc?authuser=0&hl=en&entry=ttu&g_ep=EgoyMDI2MTAwNC4wIKXMDSoASAFQAw%3D%3D",4.7,260,"3038 Neptune Ave, Brooklyn, NY 11224",+1 718-513-0057,,mo 09:00-18:00; tu closed; we 09:00-18:00; th 09:00-18:00; fr 09:00-18:00; sa 09:00-16:00; su closed,2026-10-07,
GROOMING,Puppy Resources,"https://www.google.com/maps/place/Puppy+Resources/@40.8215128,-73.890028,17z/data=!3m1!4b1!4m6!3m5!1s0x89c2f4554b3ec2df:0xca266ce161ce873!8m2!3d40.8215128!4d-73.890028!16s%2Fg%2F1tjfhsl9?authuser=0&hl=en&entry=ttu&g_ep=EgoyMDI2MTAwNC4wIKXMDSoASAFQAw%3D%3D",4.4,256,"914 Hoe Ave, Bronx, NY 10459",+1 718-378-7877,https://puppyresources.top/,mo 09:00-18:30; tu 09:00-18:30; we 09:00-18:30; th 09:00-18:30; fr 09:00-18:30; sa 09:00-18:30; su 09:00-17:05,2026-10-07,
GROOMING,New York Dog Spa - 25th St.,"https://www.google.com/maps/place/New+York+Dog+Spa+-+25th+St./@40.7434905,-73.990648,17z/data=!3m1!4b1!4m6!3m5!1s0x89c259a449681c27:0x3d1565fb73b04c5a!8m2!3d40.7434905!4d-73.990648!16s%2Fg%2F1tg51bgy?authuser=0&hl=en&entry=ttu&g_ep=EgoyMDI2MTAwNC4wIKXMDSoASAFQAw%3D%3D",4.5,243,"32 W 25th St, New York, NY 10010",+1 213-584-5162,https://dogspa.com/?utm_source=gmb&utm_medium=Yext&cp=2135845162&y_source=1_MTAwNDcxMDk5MC03MTUtbG9jYXRpb24ud2Vic2l0ZQ%3D%3D,mo 07:00-20:00; tu 07:00-20:00; we 07:00-20:00; th 07:00-20:00; fr 07:00-20:00; sa 09:00-17:00; su 09:00-17:00,2026-10-07,
GROOMING,Dog Days and Cat Nights,"https://www.google.com/maps/place/Dog+Days+and+Cat+Nights/@40.7070178,-73.8344006,17z/data=!3m1!4b1!4m6!3m5!1s0x89c260a44b0006f3:0x369d0f74f2b8f7bf!8m2!3d40.7070178!4d-73.8344006!16s%2Fg%2F1v2f1fmt?authuser=0&hl=en&entry=ttu&g_ep=EgoyMDI2MTAwNC4wIKXMDSoASAFQAw%3D%3D",4.6,242,"118-25 Metropolitan Ave, Kew Gardens, NY 11415",+1 718-441-2469,,mo closed; tu 10:00-18:00; we 10:00-18:00; th 10:00-18:00; fr 10:00-18:00; sa 10:00-18:00; su 12:00-17:00,2026-10-07,
GROOMING,MAC Dog Grooming,"https://www.google.com/maps/place/MAC+Dog+Grooming/@40.6799037,-73.844118,17z/data=!3m1!4b1!4m6!3m5!1s0x89c25df5b7073e89:0x60c50cf39a9380ea!8m2!3d40.6799037!4d-73.844118!16s%2Fg%2F1v1tn_pp?authuser=0&hl=en&entry=ttu&g_ep=EgoyMDI2MTAwNC4wIKXMDSoASAFQAw%3D%3D",4.5,242,"105-15 Cross Bay Blvd, Ozone Park, NY 11417",+1 718-843-3879,https://macdoggrooming.top/,mo closed; tu 09:00-17:00; we 09:00-17:00; th 09:00-17:00; fr 09:00-17:00; sa 08:00-17:00; su 08:00-17:00,2026-10-07,
GROOMING,Tiny Tails Grooming,"https://www.google.com/maps/place/Tiny+Tails+Grooming/@40.6113509,-73.9914625,17z/data=!3m1!4b1!4m6!3m5!1s0x89c2451bb130b377:0x7c6e3b07fad2393b!8m2!3d40.6113509!4d-73.9914625!16s%2Fg%2F12hrz1w9k?authuser=0&hl=en&entry=ttu&g_ep=EgoyMDI2MTAwNC4wIKXMDSoASAFQAw%3D%3D",4.7,232,"7408 20th Ave, Brooklyn, NY 11204",+1 718-234-1034,http://www.tinytailsgrooming.com/,mo closed; tu 10:00-17:00; we 10:00-17:00; th 10:00-17:00; fr 10:00-17:00; sa 09:00-16:00; su closed,2026-10-07,
GROOMING,Bushwick Bark on Knickerbocker,"https://www.google.com/maps/place/Bushwick+Bark+on+Knickerbocker/@40.7040128,-73.9272314,17z/data=!3m1!4b1!4m6!3m5!1s0x89c25c030a62d2fd:0xd50b30f053734ee7!8m2!3d40.7040128!4d-73.9272314!16s%2Fg%2F1pp2tgz3_?authuser=0&hl=en&entry=ttu&g_ep=EgoyMDI2MTAwNC4wIKXMDSoASAFQAw%3D%3D",4.5,224,"175 Knickerbocker Ave, Brooklyn, NY 11237",+1 718-928-7772,http://www.bushwickbark.com/,mo 10:00-20:00; tu 10:00-20:00; we 10:00-20:00; th 10:00-20:00; fr 10:00-20:00; sa 10:00-19:00; su 10:00-20:00,2026-10-07,
GROOMING,Noommy Inc Petshop & Grooming,"https://www.google.com/maps/place/Noommy+Inc+Petshop+%26+Grooming/@40.8094675,-73.9231115,17z/data=!3m1!4b1!4m6!3m5!1s0x89c2f566b3bf07d9:0x3bf75c6efc676090!8m2!3d40.8094675!4d-73.9231115!16s%2Fg%2F11jj4cnbkt?authuser=0&hl=en&entry=ttu&g_ep=EgoyMDI2MTAwNC4wIKXMDSoASAFQAw%3D%3D",4.3,224,"387 E 138th St, Bronx, NY 10454",+1 347-597-5453,https://shopnoommyinc.square.site/,mo 09:00-19:00; tu 09:00-19:00; we 09:00-19:00; th 09:00-19:00; fr 09:00-19:00; sa 09:00-19:00; su 10:00-17:00,2026-10-07,
GROOMING,FURRY BABIES PET GROOMING,"https://www.google.com/maps/place/FURRY+BABIES+PET+GROOMING/@40.7539818,-73.8183997,17z/data=!3m1!4b1!4m6!3m5!1s0x89c26110b73d4811:0xf271c1fe85f1e310!8m2!3d40.7539818!4d-73.8183997!16s%2Fg%2F11t2dsfw6w?authuser=0&hl=en&entry=ttu&g_ep=EgoyMDI2MTAwNC4wIKXMDSoASAFQAw%3D%3D",4.8,212,"143-01 45th Ave, Flushing, NY 11355",+1 929-329-8669,https://www.furrybabiesnyc.com/,mo 10:00-19:00; tu 10:00-19:00; we 10:00-19:00; th 10:00-19:00; fr 10:00-19:00; sa 10:00-19:00; su 10:00-19:00,2026-10-07,
GROOMING,Woof Gang Bakery & Grooming Park Slope,"https://www.google.com/maps/place/Woof+Gang+Bakery+%26+Grooming+Park+Slope/@40.6701624,-73.9786908,17z/data=!3m1!4b1!4m6!3m5!1s0x89c25bf64f901595:0x808330feab4062f0!8m2!3d40.6701624!4d-73.9786908!16s%2Fg%2F11wjq3jgfh?authuser=0&hl=en&entry=ttu&g_ep=EgoyMDI2MTAwNC4wIKXMDSoASAFQAw%3D%3D",4.8,206,"217 7th Ave, Brooklyn, NY 11215",+1 646-930-8609,http://woofgangbakery.com/parkslopeny,mo 10:00-19:00; tu 10:00-19:00; we 10:00-19:00; th 10:00-19:00; fr 10:00-19:00; sa 10:00-19:00; su 10:00-17:00,2026-10-07,
GROOMING,Marie's Pet Grooming,"https://www.google.com/maps/place/Marie's+Pet+Grooming/@40.7268442,-73.7876017,17z/data=!3m1!4b1!4m6!3m5!1s0x89c2618a90b1bd81:0x540398f19ed9bc96!8m2!3d40.7268442!4d-73.7876017!16s%2Fg%2F1tpc8x18?authuser=0&hl=en&entry=ttu&g_ep=EgoyMDI2MTAwNC4wIKXMDSoASAFQAw%3D%3D",4.5,205,"180-08 Union Tpke, Fresh Meadows, NY 11366",+1 718-380-7387,http://mariespetgrooming.com/,mo closed; tu 09:00-17:00; we 09:00-17:00; th 09:00-17:00; fr 09:00-17:00; sa 09:00-17:00; su closed,2026-10-07,
GROOMING,Bloomingtails Grooming,"https://www.google.com/maps/place/Bloomingtails+Grooming/@40.5904387,-74.1923776,17z/data=!3m1!4b1!4m6!3m5!1s0x89c24de4ccded3a5:0x8eaf6c0e923660f8!8m2!3d40.5904387!4d-74.1923776!16s%2Fg%2F11f5m79v2j?authuser=0&hl=en&entry=ttu&g_ep=EgoyMDI2MTAwNC4wIKXMDSoASAFQAw%3D%3D",4.8,204,"4180 Victory Blvd, Staten Island, NY 10314",+1 718-313-1890,https://bloomingtailssi.com/,mo closed; tu 10:00-17:00; we 10:00-17:00; th 10:00-17:00; fr 10:00-17:00; sa 09:00-14:00; su 10:00-15:00,2026-10-07,
GROOMING,Christina's Pet Styles,"https://www.google.com/maps/place/Christina's+Pet+Styles/@40.5733403,-74.1180559,17z/data=!3m1!4b1!4m6!3m5!1s0x89c2495386ffe6d5:0xeb18cccb61cf3171!8m2!3d40.5733403!4d-74.1180559!16s%2Fg%2F1td5mm5g?authuser=0&hl=en&entry=ttu&g_ep=EgoyMDI2MTAwNC4wIKXMDSoASAFQAw%3D%3D",4.8,203,"83 New Dorp Plaza, Staten Island, NY 10306",+1 718-980-7387,,mo closed; tu 09:00-17:00; we 09:00-17:00; th 09:00-17:00; fr 09:00-17:00; sa 09:00-18:00; su closed,2026-10-07,
GROOMING,Astoria Holistic Pets Spa,"https://www.google.com/maps/place/Astoria+Holistic+Pets+Spa/@40.7761998,-73.914896,17z/data=!3m1!4b1!4m6!3m5!1s0x89c25f5345686841:0xa0bb29953b0861b7!8m2!3d40.7761998!4d-73.914896!16s%2Fg%2F11g1v1dljr?authuser=0&hl=en&entry=ttu&g_ep=EgoyMDI2MTAwNC4wIKXMDSoASAFQAw%3D%3D",4.8,198,"22-75 27th St, Astoria, NY 11105",+1 347-586-8820,https://squareup.com/appointments/book/5a0fee53-d0c3-4094-8f37-9b963e39a513/QT85H4NAB8WRH/services,mo 10:00-19:00; tu 10:00-18:00; we 10:00-18:00; th 10:00-18:00; fr 10:00-18:00; sa 10:00-18:00; su 10:00-18:00,2026-10-07,
GROOMING,Pawz-R-Us,"https://www.google.com/maps/place/Pawz-R-Us/@40.5878547,-73.9530882,17z/data=!3m1!4b1!4m6!3m5!1s0x89c245762b2c7e21:0x9df40b2e56868d0d!8m2!3d40.5878547!4d-73.9530882!16s%2Fg%2F11k9z64fw1?authuser=0&hl=en&entry=ttu&g_ep=EgoyMDI2MTAwNC4wIKXMDSoASAFQAw%3D%3D",4.6,194,"2613 East 16th Street, Brooklyn, NY 11235",+1 347-548-9020,https://www.groomingpawz.com/,mo 09:00-19:00; tu 09:00-19:00; we 09:00-19:00; th 09:00-19:00; fr 09:00-19:00; sa 09:00-19:00; su 09:00-19:00,2026-10-07,
GROOMING,Golden Paws Spa & Grooming,"https://www.google.com/maps/place/Golden+Paws+Spa+%26+Grooming/@40.9008061,-73.8618635,17z/data=!3m1!4b1!4m6!3m5!1s0x89c2f2dc28b18ad7:0xc6078b32aec0f66!8m2!3d40.9008061!4d-73.8618635!16s%2Fg%2F11f4qmflnm?authuser=0&hl=en&entry=ttu&g_ep=EgoyMDI2MTAwNC4wIKXMDSoASAFQAw%3D%3D",4.6,187,"4367 Webster Ave, Bronx, NY 10470",+1 718-994-6800,https://goldenpaws2018.com/,mo closed; tu closed; we 11:00-18:00; th 11:00-18:00; fr 11:00-18:00; sa 10:00-18:00; su closed,2026-10-07,
GROOMING,Mr. Paw Pet Grooming,"https://www.google.com/maps/place/Mr.+Paw+Pet+Grooming/@40.7422805,-73.8785281,17z/data=!3m1!4b1!4m6!3m5!1s0x89c25fad737c6109:0x66a2278e37600c31!8m2!3d40.7422805!4d-73.8785281!16s%2Fg%2F11ddxkv84c?authuser=0&hl=en&entry=ttu&g_ep=EgoyMDI2MTAwNC4wIKXMDSoASAFQAw%3D%3D",4.6,183,"86-31 Whitney Ave, Elmhurst, NY 11373",+1 347-612-4019,https://booking.moego.pet/ol/landing?name=MrPawPetGroomingcorp,mo 09:00-17:00; tu 09:00-17:00; we 09:00-17:00; th 09:00-17:00; fr 09:00-17:00; sa 09:00-17:00; su closed,2026-10-07,
PET_SHOP,Petco,https://www.google.com/maps/place/Petco/data=!4m7!3m6!1s0x89c259a212f7bdad:0xaf44b237dcb0c4c5!8m2!3d40.7363801!4d-73.9888543!16s%2Fg%2F1tdng52x!19sChIJrb33EqJZwokRxcSw3DeyRK8?authuser=0&hl=en&g_ep=EgoyMDI2MTAwNC4wIJJjKgBIAVAD&rclk=1,4.4,4028,"44 Union Sq E, New York, NY 10003",+1 212-895-9851,https://stores.petco.com/ny/new-york/pet-supplies-newyork-ny-3741.html?utm_source=google&utm_campaign=locallist_3741_pcc,,2026-10-07,hours: none (not published on Maps)
PET_SHOP,Petco,https://www.google.com/maps/place/Petco/data=!4m7!3m6!1s0x89c25e1140dce92d:0x10861a52ce775558!8m2!3d40.7117994!4d-73.8578959!16s%2Fg%2F11b5pjnvrp!19sChIJLencQBFewokRWFV3zlIahhA?authuser=0&hl=en&g_ep=EgoyMDI2MTAwNC4wIJJjKgBIAVAD&rclk=1,4.2,2800,"91-11 Metropolitan Ave, Rego Park, NY 11374",+1 718-830-6261,https://stores.petco.com/ny/rego-park/pet-supplies-regopark-ny-3739.html?utm_source=google&utm_campaign=locallist_3739_pcc,,2026-10-07,hours: none (not published on Maps)
PET_SHOP,Petco,https://www.google.com/maps/place/Petco/data=!4m7!3m6!1s0x89c244622b6fe1f9:0x2a38c326feb75296!8m2!3d40.5899932!4d-73.9534595!16s%2Fg%2F1wyc57bm!19sChIJ-eFvK2JEwokRllK3_ibDOCo?authuser=0&hl=en&g_ep=EgoyMDI2MTAwNC4wIJJjKgBIAVAD&rclk=1,4.3,2564,"1610 Ave Y, Brooklyn, NY 11235",+1 718-743-2147,https://stores.petco.com/ny/brooklyn/pet-supplies-brooklyn-ny-1862.html?utm_source=google&utm_campaign=locallist_1862_pcc,,2026-10-07,hours: none (not published on Maps)
PET_SHOP,PetSmart,https://www.google.com/maps/place/PetSmart/data=!4m7!3m6!1s0x89c25a4e57435fc1:0xb672b013ca5041e5!8m2!3d40.6891888!4d-73.9914447!16s%2Fg%2F1th24qrj!19sChIJwV9DV05awokR5UFQyhOwcrY?authuser=0&hl=en&g_ep=EgoyMDI2MTAwNC4wIJJjKgBIAVAD&rclk=1,4.3,1765,"238 Atlantic Ave, Brooklyn, NY 11201",+1 718-852-2519,https://www.petsmart.com/stores/us/ny/brooklyn-store2249.html?utm_source=google&utm_medium=organic&utm_campaign=google-my-business,,2026-10-07,hours: none (not published on Maps)
PET_SHOP,PetSmart,https://www.google.com/maps/place/PetSmart/data=!4m7!3m6!1s0x89c24dcc212f076d:0x10bdc0d4b8c5ffc3!8m2!3d40.6261169!4d-74.1381644!16s%2Fg%2F1tdfjlll!19sChIJbQcvIcxNwokRw__FuNTAvRA?authuser=0&hl=en&g_ep=EgoyMDI2MTAwNC4wIJJjKgBIAVAD&rclk=1,4.4,1710,"1525 Forest Ave, Staten Island, NY 10302",+1 929-308-2634,https://www.petsmart.com/stores/us/ny/staten-island-store3133.html?utm_source=google&utm_medium=organic&utm_campaign=google-my-business,,2026-10-07,hours: none (not published on Maps)
PET_SHOP,PetSmart,https://www.google.com/maps/place/PetSmart/data=!4m7!3m6!1s0x89c25cbff3d3a005:0x61220cfc76855d4f!8m2!3d40.6446467!4d-73.9138912!16s%2Fg%2F1v2f1fl1!19sChIJBaDT879cwokRT12FdvwMImE?authuser=0&hl=en&g_ep=EgoyMDI2MTAwNC4wIJJjKgBIAVAD&rclk=1,4.3,1596,"8725 Avenue D, Brooklyn, NY 11236",+1 718-241-1379,https://www.petsmart.com/stores/us/ny/brooklyn-store2248.html?utm_source=google&utm_medium=organic&utm_campaign=google-my-business,,2026-10-07,hours: none (not published on Maps)
PET_SHOP,Pet Resources,"https://www.google.com/maps/place/Pet+Resources/@40.8189071,-73.9027663,17z/data=!3m1!4b1!4m6!3m5!1s0x89c2f5b2408742f1:0x7a683e9e27de39c5!8m2!3d40.8189071!4d-73.9027663!16s%2Fg%2F1tj5rny_?authuser=0&hl=en&entry=ttu&g_ep=EgoyMDI2MTAwNC4wIKXMDSoASAFQAw%3D%3D",4.4,1000,"814 Westchester Ave, Bronx, NY 10455",+1 718-842-4141,http://www.petsuppliesbronx.com/,mo 10:00-18:30; tu 10:00-18:30; we 10:00-18:30; th 11:00-18:30; fr 10:00-18:30; sa 10:00-18:30; su 10:00-18:30,2026-10-07,
PET_SHOP,Wagwear,"https://www.google.com/maps/place/Wagwear/@40.7330124,-73.9928696,17z/data=!3m1!4b1!4m6!3m5!1s0x89c25999bdeae005:0x7294bd29e24fea4d!8m2!3d40.7330124!4d-73.9928696!16s%2Fg%2F1tj979_7?authuser=0&hl=en&entry=ttu&g_ep=EgoyMDI2MTAwNC4wIKXMDSoASAFQAw%3D%3D",4.7,917,"48 E 11th St, New York, NY 10003",+1 888-924-9327,https://wagwear.com/,"mo 11:00-13:00,14:00-19:00; tu 11:00-13:00,14:00-19:00; we 11:00-13:00,14:00-19:00; th 11:00-13:00,14:00-19:00; fr 11:00-13:00,14:00-19:00; sa 11:00-19:00; su 12:00-13:00,14:00-18:00",2026-10-07,
PET_SHOP,Unleashed by Petco,https://www.google.com/maps/place/Unleashed+by+Petco/data=!4m7!3m6!1s0x89c25b07632a0999:0x15cfd9aa9e4eaa9b!8m2!3d40.6747442!4d-73.974961!16s%2Fg%2F1t_wq894!19sChIJmQkqYwdbwokRm6pOnqrZzxU?authuser=0&hl=en&g_ep=EgoyMDI2MTAwNC4wIJJjKgBIAVAD&rclk=1,4.5,839,"81 7th Ave, Brooklyn, NY 11217",+1 718-230-5059,https://stores.petco.com/ny/brooklyn/pet-supplies-brooklyn-ny-5717.html?utm_source=google&utm_campaign=locallist_5717_pcc,,2026-10-07,hours: none (not published on Maps)
PET_SHOP,Cross Bronx Pet Shop,"https://www.google.com/maps/place/Cross+Bronx+Pet+Shop/@40.8310634,-73.8545513,17z/data=!3m1!4b1!4m6!3m5!1s0x89c2f4c6128ef0e3:0x583ec98e46ec809!8m2!3d40.8310634!4d-73.8545513!16s%2Fg%2F1tf2504n?authuser=0&hl=en&entry=ttu&g_ep=EgoyMDI2MTAwNC4wIKXMDSoASAFQAw%3D%3D",4.4,793,"2064 Cross Bronx Service Rd N, Bronx, NY 10472",+1 718-597-5652,https://www.facebook.com/Cross-Bronx-Pet-Shop-293020390812774/,mo 08:00-18:30; tu 08:00-18:30; we 08:00-18:30; th 08:00-18:30; fr 08:00-18:30; sa 08:00-18:30; su 08:00-15:00,2026-10-07,
PET_SHOP,Brooklyn Zoo & Aquarium Pet Store,"https://www.google.com/maps/place/Brooklyn+Zoo+%26+Aquarium+Pet+Store/@40.6200642,-73.9170464,17z/data=!3m1!4b1!4m6!3m5!1s0x89c24349230c90bf:0x780712681676fbee!8m2!3d40.6200642!4d-73.9170464!16s%2Fg%2F1tdxg5z6?authuser=0&hl=en&entry=ttu&g_ep=EgoyMDI2MTAwNC4wIKXMDSoASAFQAw%3D%3D",4.4,642,"2377 Ralph Ave, Brooklyn, NY 11234",+1 718-251-7389,http://brooklynzoo.shop/,mo 10:00-18:00; tu 10:00-18:00; we 10:00-18:00; th 10:00-18:00; fr 10:00-18:00; sa 10:00-18:00; su 10:00-18:00,2026-10-07,
PET_SHOP,R & K Pet Shop,"https://www.google.com/maps/place/R+%26+K+Pet+Shop/@40.8422222,-73.885,17z/data=!3m1!4b1!4m6!3m5!1s0x89c2f48ba0967ca5:0x15153d4650650cd6!8m2!3d40.8422222!4d-73.885!16s%2Fg%2F11bzvwms7m?authuser=0&hl=en&entry=ttu&g_ep=EgoyMDI2MTAwNC4wIKXMDSoASAFQAw%3D%3D",4.2,521,"888 E Tremont Ave, Bronx, NY 10460",+1 917-801-4990,,mo 09:00-19:00; tu 09:00-19:00; we 09:00-19:00; th 09:00-19:00; fr 09:00-19:00; sa 09:00-19:00; su closed,2026-10-07,
PET_SHOP,Pet Delight,"https://www.google.com/maps/place/Pet+Delight/@40.661784,-74.000535,17z/data=!3m1!4b1!4m6!3m5!1s0x89c25ae97d350adb:0x148c025765109936!8m2!3d40.661784!4d-74.000535!16s%2Fg%2F1tdmld9l?authuser=0&hl=en&entry=ttu&g_ep=EgoyMDI2MTAwNC4wIKXMDSoASAFQAw%3D%3D",4.7,514,"756 3rd Ave, Brooklyn, NY 11232",+1 718-788-7970,https://google.com/url?q=https://business.google.com/website_shared/launch_bw.html?f=https://amzn.to/44T2Tuw,mo 09:00-19:30; tu 09:00-19:30; we 09:00-19:30; th 09:00-20:00; fr 09:00-20:00; sa 08:30-19:00; su 10:00-18:00,2026-10-07,
PET_SHOP,Zoo-Rama Pet Shop,"https://www.google.com/maps/place/Zoo-Rama+Pet+Shop/@40.8429344,-73.8479905,17z/data=!3m1!4b1!4m6!3m5!1s0x89c2f4b18dec16ed:0xa49543f71756329a!8m2!3d40.8429344!4d-73.8479905!16s%2Fg%2F1vm_ytt4?authuser=0&hl=en&entry=ttu&g_ep=EgoyMDI2MTAwNC4wIKXMDSoASAFQAw%3D%3D",4.4,497,"2566 E Tremont Ave, Bronx, NY 10461",+1 718-430-0909,http://www.zooramapets.com/,mo 12:00-19:00; tu 12:00-19:00; we 12:00-19:00; th 12:00-19:00; fr 12:00-19:00; sa 12:00-19:00; su 12:00-18:00,2026-10-07,
PET_SHOP,Paradise Aquarium,"https://www.google.com/maps/place/Paradise+Aquarium/@40.7085487,-73.8983513,17z/data=!3m1!4b1!4m6!3m5!1s0x89c25e84825308db:0xdf80b803017dd630!8m2!3d40.7085487!4d-73.8983513!16s%2Fg%2F1thtf1cb?authuser=0&hl=en&entry=ttu&g_ep=EgoyMDI2MTAwNC4wIKXMDSoASAFQAw%3D%3D",4.1,452,"66-16 Fresh Pond Rd, Ridgewood, NY 11385",+1 718-366-6921,,mo 10:00-19:00; tu 10:00-19:00; we 10:00-19:00; th 10:00-19:00; fr 10:00-19:00; sa 10:00-19:00; su 10:00-18:00,2026-10-07,
PET_SHOP,Gabby Pets,"https://www.google.com/maps/place/Gabby+Pets/@40.8579657,-73.8991752,17z/data=!3m1!4b1!4m6!3m5!1s0x89c2f479bfec8a7f:0x6272b77ce8e113f3!8m2!3d40.8579657!4d-73.8991752!16s%2Fg%2F11bvv562n2?authuser=0&hl=en&entry=ttu&g_ep=EgoyMDI2MTAwNC4wIKXMDSoASAFQAw%3D%3D",3.5,427,"2324 Grand Concourse, Bronx, NY 10458",+1 718-220-8948,https://www.gabbypet.com/,mo 10:00-18:30; tu 10:00-18:30; we 10:00-18:30; th 10:00-18:30; fr 10:00-18:30; sa 10:00-18:30; su 10:00-18:00,2026-10-07,
PET_SHOP,The Pet Store,"https://www.google.com/maps/place/The+Pet+Store/@40.7925961,-73.9443119,17z/data=!3m1!4b1!4m6!3m5!1s0x89c2f603a3bbed6d:0x86f04ad8b9ddadb9!8m2!3d40.7925961!4d-73.9443119!16s%2Fg%2F1tflsz10?authuser=0&hl=en&entry=ttu&g_ep=EgoyMDI2MTAwNC4wIKXMDSoASAFQAw%3D%3D",4.4,359,"1954 3rd Ave, New York, NY 10029",+1 646-998-4707,,mo 10:00-19:00; tu 10:00-19:00; we 10:00-19:00; th 10:00-19:00; fr 10:00-19:00; sa 10:00-19:00; su 11:00-17:00,2026-10-07,
PET_SHOP,Pet City,"https://www.google.com/maps/place/Pet+City/@40.852879,-73.9055112,17z/data=!3m1!4b1!4m6!3m5!1s0x89c2f471e6f29ce3:0x756a2d192ada1639!8m2!3d40.852879!4d-73.9055112!16s%2Fg%2F1vfn7l9n?authuser=0&hl=en&entry=ttu&g_ep=EgoyMDI2MTAwNC4wIKXMDSoASAFQAw%3D%3D",4.3,357,"108 E Burnside Ave, Bronx, NY 10453",+1 718-731-5787,,mo 10:00-18:30; tu 10:00-18:30; we 10:00-18:30; th 10:00-18:30; fr 10:00-18:30; sa 10:00-18:30; su closed,2026-10-07,
PET_SHOP,Tropical Pets,"https://www.google.com/maps/place/Tropical+Pets/@40.8735211,-73.8792881,17z/data=!3m1!4b1!4m6!3m5!1s0x89c2f371ed510805:0x8d3790673d535c82!8m2!3d40.8735211!4d-73.8792881!16s%2Fg%2F1tdwlfpz?authuser=0&hl=en&entry=ttu&g_ep=EgoyMDI2MTAwNC4wIKXMDSoASAFQAw%3D%3D",3.7,340,"280 E 204th St, Bronx, NY 10467",+1 718-798-2283,,mo 10:00-19:00; tu 10:00-19:00; we 10:00-19:00; th 10:00-19:00; fr 10:00-19:00; sa 10:00-19:00; su 12:00-18:00,2026-10-07,
PET_SHOP,Crosby Pet Center Inc,"https://www.google.com/maps/place/Crosby+Pet+Center+Inc/@40.8447982,-73.8305296,17z/data=!3m1!4b1!4m6!3m5!1s0x89c28b508469c1ad:0x625854ccec0ddf91!8m2!3d40.8447982!4d-73.8305296!16s%2Fg%2F1tj58pr5?authuser=0&hl=en&entry=ttu&g_ep=EgoyMDI2MTAwNC4wIKXMDSoASAFQAw%3D%3D",4.4,336,"1626 Crosby Ave, Bronx, NY 10461",+1 718-822-6900,http://www.crosbypet.com/,mo 09:30-19:00; tu 09:30-19:00; we 09:30-19:00; th 09:30-19:00; fr 09:30-19:00; sa 09:30-18:00; su 10:00-17:00,2026-10-07,
DOG_TRAINING,Top Dog Training,"https://www.google.com/maps/place/Top+Dog+Training/@40.7438902,-73.8591502,17z/data=!3m1!4b1!4m6!3m5!1s0x89c28b3c1c6b2e83:0xe2fd23789fc04557!8m2!3d40.7438902!4d-73.8591502!16s%2Fg%2F11q8wytpps?authuser=0&hl=en&entry=ttu&g_ep=EgoyMDI2MTAwNC4wIKXMDSoASAFQAw%3D%3D",5.0,329,"103-20 Corona Ave., Flushing, NY 11368",+1 646-991-0333,https://topdogtrainingny.com/,mo 07:00-21:00; tu 07:00-21:00; we 07:00-21:00; th 07:00-21:00; fr 07:00-21:00; sa 07:00-21:00; su 07:00-21:00,2026-10-07,
DOG_TRAINING,Dogboy NYC,"https://www.google.com/maps/place/Dogboy+NYC/@40.6929074,-73.9998709,17z/data=!3m1!4b1!4m6!3m5!1s0x89c25a46a69ad867:0xd57d90daf29a6310!8m2!3d40.6929074!4d-73.9998709!16s%2Fg%2F11f63xfgpk?authuser=0&hl=en&entry=ttu&g_ep=EgoyMDI2MTAwNC4wIKXMDSoASAFQAw%3D%3D",5.0,225,"362 Furman St, Brooklyn, NY 11201",,http://www.dogboynyc.com/,mo 09:00-18:00; tu 09:00-18:00; we 09:00-18:00; th 09:00-18:00; fr 09:00-18:00; sa 09:00-18:00; su 09:00-18:00,2026-10-07,
DOG_TRAINING,Pawmos Dog Training,"https://www.google.com/maps/place/Pawmos+Dog+Training/@40.6788644,-73.9786714,17z/data=!3m1!4b1!4m6!3m5!1s0x89c25babbf19365d:0x6cdf2b3591a9b558!8m2!3d40.6788644!4d-73.9786714!16s%2Fg%2F11d_78przx?authuser=0&hl=en&entry=ttu&g_ep=EgoyMDI2MTAwNC4wIKXMDSoASAFQAw%3D%3D",5.0,182,"121 5th Ave Ste 117, Brooklyn, NY 11217",+1 917-557-9402,http://www.pawmos.com/,mo 10:00-21:00; tu 10:00-21:00; we 10:00-21:00; th 10:00-21:00; fr 10:00-21:00; sa 09:00-21:00; su 09:00-21:00,2026-10-07,
DOG_TRAINING,MindfulPups,"https://www.google.com/maps/place/MindfulPups/@40.6839288,-74.0020769,17z/data=!3m1!4b1!4m6!3m5!1s0x89c25bb433ad5d0d:0x4e0f562f57bc0892!8m2!3d40.6839288!4d-74.0020769!16s%2Fg%2F11rch3c29l?authuser=0&hl=en&entry=ttu&g_ep=EgoyMDI2MTAwNC4wIKXMDSoASAFQAw%3D%3D",5.0,174,"136 Union St, Brooklyn, NY 11231",+1 917-650-3783,http://www.mindful-pups.com/,mo 08:30-18:30; tu 08:30-18:30; we 08:30-18:30; th 08:30-18:30; fr 08:30-18:30; sa 09:00-17:00; su closed,2026-10-07,
DOG_TRAINING,Spot-On K9 Training,"https://www.google.com/maps/place/Spot-On+K9+Training/@40.7590415,-73.9925663,17z/data=!3m1!4b1!4m6!3m5!1s0x89c258525f7aaaab:0x6b6a38f3ce72a0f6!8m2!3d40.7590415!4d-73.9925663!16s%2Fg%2F11h06mvt8v?authuser=0&hl=en&entry=ttu&g_ep=EgoyMDI2MTAwNC4wIKXMDSoASAFQAw%3D%3D",5.0,165,"400 W 43rd St #33R, New York, NY 10036",+1 917-848-3108,http://spot-onk9training.com/,mo 09:00-20:00; tu 09:00-21:00; we 09:00-20:00; th 09:00-20:00; fr 09:00-20:00; sa 09:00-20:00; su 09:00-20:00,2026-10-07,
DOG_TRAINING,Hustle Pups NYC,"https://www.google.com/maps/place/Hustle+Pups+NYC/@40.7237393,-73.9360692,17z/data=!3m1!4b1!4m6!3m5!1s0x89c2595fc3c45bf1:0x45c3f4a66e4988f7!8m2!3d40.7237393!4d-73.9360692!16s%2Fg%2F11c2mcq9vv?authuser=0&hl=en&entry=ttu&g_ep=EgoyMDI2MTAwNC4wIKXMDSoASAFQAw%3D%3D",4.9,141,"511 Porter Ave, Brooklyn, NY 11222",+1 929-284-1918,http://hustlepupsnyc.com/,"mo 08:00-12:00,16:00-20:00; tu 08:00-12:00,16:00-20:00; we 08:00-12:00,16:00-20:00; th 08:00-12:00,16:00-20:00; fr 08:00-12:00,16:00-20:00; sa 08:00-12:00,16:00-20:00; su 08:00-12:00,16:00-20:00",2026-10-07,
DOG_TRAINING,The Dog Institute of Williamsburg,"https://www.google.com/maps/place/The+Dog+Institute+of+Williamsburg/@40.7148757,-73.9564551,17z/data=!3m1!4b1!4m6!3m5!1s0x89c2595ef9024063:0xefe8a3253879c722!8m2!3d40.7148757!4d-73.9564551!16s%2Fg%2F11bz_4kdp7?authuser=0&hl=en&entry=ttu&g_ep=EgoyMDI2MTAwNC4wIKXMDSoASAFQAw%3D%3D",4.9,124,"125 Roebling St, Brooklyn, NY 11211",+1 347-276-0882,http://thedoginstitute.com/,mo closed; tu 09:00-13:30; we closed; th 09:00-13:30; fr closed; sa closed; su closed,2026-10-07,
DOG_TRAINING,KIBA K9s | World-Class Dog Training,"https://www.google.com/maps/place/KIBA+K9s+%7C+World-Class+Dog+Training/@40.6859281,-73.9294302,17z/data=!3m1!4b1!4m6!3m5!1s0x89c25c73919f0001:0x167fccb970664ad6!8m2!3d40.6859281!4d-73.9294302!16s%2Fg%2F11kc8mdrgk?authuser=0&hl=en&entry=ttu&g_ep=EgoyMDI2MTAwNC4wIKXMDSoASAFQAw%3D%3D",5.0,118,"209 Malcolm X Blvd, Brooklyn, NY 11221",+1 347-460-8442,http://www.kibak9s.com/,mo 08:00-18:00; tu 08:00-18:00; we 08:00-18:00; th 08:00-18:00; fr 08:00-18:00; sa 08:00-18:00; su closed,2026-10-07,
DOG_TRAINING,The Dog Behaviorist NYC,"https://www.google.com/maps/place/The+Dog+Behaviorist+NYC/@40.6933128,-73.9821362,17z/data=!3m1!4b1!4m6!3m5!1s0x89c245b50622dd91:0xc4d5eb508af090b2!8m2!3d40.6933128!4d-73.9821362!16s%2Fg%2F11g1klj15l?authuser=0&hl=en&entry=ttu&g_ep=EgoyMDI2MTAwNC4wIKXMDSoASAFQAw%3D%3D",4.9,108,"86 Fleet Pl #18F, Brooklyn, NY 11201",+1 309-620-4579,https://www.dominikfeichtner.com/,mo 10:00-19:00; tu 10:00-19:00; we 10:00-19:00; th closed; fr 10:00-19:00; sa 10:00-19:00; su 10:00-19:00,2026-10-07,
DOG_TRAINING,Amanda Gagnon Dog Training,https://www.google.com/maps/place/Amanda+Gagnon+Dog+Training/data=!4m7!3m6!1s0x89c258886d703167:0x7f5b534e826adbb0!8m2!3d40.7854691!4d-73.9724748!16s%2Fg%2F11dx8q9tbr!19sChIJZzFwbYhYwokRsNtqgk5TW38?authuser=0&hl=en&g_ep=EgoyMDI2MTAwNC4wIJJjKgBIAVAD&rclk=1,4.7,106,"76 W 85th St Unit A, New York, NY 10024",+1 540-327-3288,http://amandagagnondogtraining.com/,mo closed; tu 10:00-18:00; we 10:00-18:00; th closed; fr closed; sa 10:00-18:00; su 10:00-18:00,2026-10-07,
DOG_TRAINING,Dream Come True K9,"https://www.google.com/maps/place/Dream+Come+True+K9/@40.7209885,-73.9830312,17z/data=!3m1!4b1!4m6!3m5!1s0x89c25bd5743b8e03:0x5ba053c6513f6ff6!8m2!3d40.7209885!4d-73.9830312!16s%2Fg%2F1hhx0_fg4?authuser=0&hl=en&entry=ttu&g_ep=EgoyMDI2MTAwNC4wIKXMDSoASAFQAw%3D%3D",4.8,91,"174 Attorney St, New York, NY 10002",+1 212-677-1800,http://www.dctk9.com/,mo 08:00-20:00; tu 08:00-20:00; we 08:00-20:00; th 08:00-20:00; fr 08:00-20:00; sa 08:00-20:00; su 08:00-20:00,2026-10-07,
DOG_TRAINING,Yuruani Olguin Dog Training,https://www.google.com/maps/place/Yuruani+Olguin+Dog+Training/data=!4m7!3m6!1s0x89c259a57263c2eb:0xe165875e5fc2d453!8m2!3d40.7433442!4d-73.9929538!16s%2Fg%2F1yh5sj2v3!19sChIJ68JjcqVZwokRU9TCX16HZeE?authuser=0&hl=en&g_ep=EgoyMDI2MTAwNC4wIJJjKgBIAVAD&rclk=1,4.9,84,"101 W 23rd St, New York, NY 10011",+1 646-347-7544,https://www.dogtraining.nyc/,,2026-10-07,hours: none (not published on Maps)
DOG_TRAINING,My Two Dogs Dog Grooming & Dog Training,"https://www.google.com/maps/place/My+Two+Dogs+Dog+Grooming+%26+Dog+Training/@40.7056365,-73.9434447,17z/data=!3m1!4b1!4m6!3m5!1s0x89c2595011f3b3ad:0x2791d74e1672680!8m2!3d40.7056365!4d-73.9434447!16s%2Fg%2F1tk640q_?authuser=0&hl=en&entry=ttu&g_ep=EgoyMDI2MTAwNC4wIKXMDSoASAFQAw%3D%3D",4.8,83,"134 Boerum St, Brooklyn, NY 11206",+1 718-963-0400,https://www.mytwodogsinc.com/,mo closed; tu 09:00-18:00; we 09:00-18:00; th 09:00-18:00; fr 09:00-18:00; sa 09:00-18:00; su closed,2026-10-07,
DOG_TRAINING,Anthony Jerone's School Of Dog Training & Career Inc.,https://www.google.com/maps/place/Anthony+Jerone%27s+School+Of+Dog+Training+%26+Career+Inc./data=!4m7!3m6!1s0x89c28a8ddd31a03f:0xf033213b463b1a59!8m2!3d40.78465!4d-73.8049789!16s%2Fg%2F1tpbcxl9!19sChIJP6Ax3Y2KwokRWRo7RjshM_A?authuser=0&hl=en&g_ep=EgoyMDI2MTAwNC4wIJJjKgBIAVAD&rclk=1,4.7,83,"16-05 Francis Lewis Blvd, Whitestone, NY 11357",+1 646-775-5352,http://www.dogschoolny.com/,,2026-10-07,hours: none (not published on Maps)
DOG_TRAINING,Tara's School for Dogs,"https://www.google.com/maps/place/Tara's+School+for+Dogs/@40.7758875,-73.9534214,17z/data=!3m1!4b1!4m6!3m5!1s0x89c2594b2b856d77:0x9d9b845ad26183e9!8m2!3d40.7758875!4d-73.9534214!16s%2Fg%2F11h_wm_wl0?authuser=0&hl=en&entry=ttu&g_ep=EgoyMDI2MTAwNC4wIKXMDSoASAFQAw%3D%3D",4.9,73,"Serving Manhattan Locations, New York, NY 10028",+1 646-408-5322,https://www.tarasschoolfordogs.com/,mo 09:00-19:00; tu 08:30-19:00; we 08:30-19:00; th 08:30-19:00; fr 08:30-19:00; sa 09:00-16:00; su 10:00-17:00,2026-10-07,
DOG_TRAINING,PumpkinPups Dog Training Inc.,"https://www.google.com/maps/place/PumpkinPups+Dog+Training+Inc./@40.6467779,-73.975874,17z/data=!3m1!4b1!4m6!3m5!1s0x89c25b25c1191ecf:0x7ceeabdb09aa2659!8m2!3d40.6467779!4d-73.975874!16s%2Fg%2F1vqmk8sh?authuser=0&hl=en&entry=ttu&g_ep=EgoyMDI2MTAwNC4wIKXMDSoASAFQAw%3D%3D",5.0,69,"239 E 5th St, Brooklyn, NY 11218",+1 646-727-0992,http://www.pumpkinpups.com/,mo 10:00-17:00; tu 10:00-17:00; we 10:00-17:00; th 10:00-17:00; fr 10:00-17:00; sa 10:00-16:00; su closed,2026-10-07,
DOG_TRAINING,School For The Dogs,"https://www.google.com/maps/place/School+For+The+Dogs/@40.7267405,-73.9853729,17z/data=!3m1!4b1!4m6!3m5!1s0x89c259824e44e39d:0xce7e3e556e763391!8m2!3d40.7267405!4d-73.9853729!16s%2Fg%2F11b5ynxyx_?authuser=0&hl=en&entry=ttu&g_ep=EgoyMDI2MTAwNC4wIKXMDSoASAFQAw%3D%3D",4.5,68,"92 E 7th St, New York, NY 10009",+1 212-353-3647,http://schoolforthedogs.com/,mo closed; tu 12:00-18:00; we 12:00-18:00; th 12:00-18:00; fr 12:00-18:00; sa 10:30-17:30; su 13:00-18:00,2026-10-07,
DOG_TRAINING,Shelby Semel Dog Training,"https://www.google.com/maps/place/Shelby+Semel+Dog+Training/@40.7606964,-73.9615473,17z/data=!3m1!4b1!4m6!3m5!1s0x89c258e4f057086b:0x36113ec172ef9d94!8m2!3d40.7606964!4d-73.9615473!16s%2Fg%2F1261yqbss?authuser=0&hl=en&entry=ttu&g_ep=EgoyMDI2MTAwNC4wIKXMDSoASAFQAw%3D%3D",4.8,67,"1105 1st Ave, New York, NY 10022",+1 516-637-3750,http://www.shelbydogtraining.com/,mo 12:00-20:00; tu 12:00-20:00; we 12:00-20:00; th 12:00-20:00; fr 12:00-20:00; sa 11:00-17:00; su 11:00-17:00,2026-10-07,
DOG_TRAINING,Staten Island Companion Dog,"https://www.google.com/maps/place/Staten+Island+Companion+Dog/@40.5168586,-74.2425883,17z/data=!3m1!4b1!4m6!3m5!1s0x89c24c8d930a36c5:0x875320bf1391f741!8m2!3d40.5168586!4d-74.2425883!16s%2Fg%2F1v75stst?authuser=0&hl=en&entry=ttu&g_ep=EgoyMDI2MTAwNC4wIKXMDSoASAFQAw%3D%3D",4.6,67,"75 Ellis St, Staten Island, NY 10307",+1 718-948-2147,http://www.sicdtc.org/,mo 24h; tu 24h; we 24h; th 24h; fr 24h; sa 24h; su 24h,2026-10-07,
PET_HOTEL,NY Puppy Club 191st,"https://www.google.com/maps/place/NY+Puppy+Club+191st/@40.7580077,-73.7896336,17z/data=!3m1!4b1!4m6!3m5!1s0x89c261d21a106a3f:0xfe9cc5c980bfc6bd!8m2!3d40.7580077!4d-73.7896336!16s%2Fg%2F11f4qltp9c?authuser=0&hl=en&entry=ttu&g_ep=EgoyMDI2MTAwNC4wIKXMDSoASAFQAw%3D%3D",4.7,1021,"191-15 Northern Blvd, Flushing, NY 11358",+1 718-886-1051,http://www.nypuppyclub.com/,mo 09:30-20:00; tu 09:30-20:00; we 09:30-20:00; th 09:30-20:00; fr 09:30-20:00; sa 09:30-20:00; su 09:30-20:00,2026-10-07,
PET_HOTEL,DIGS Canine Hotel Spa & Daycare,"https://www.google.com/maps/place/DIGS+Canine+Hotel+Spa+%26+Daycare/@40.7029276,-73.9841896,17z/data=!3m1!4b1!4m6!3m5!1s0x89c25b51a2139dd5:0x8da25960a70299f7!8m2!3d40.7029276!4d-73.9841896!16s%2Fg%2F11fvlhcnq3?authuser=0&hl=en&entry=ttu&g_ep=EgoyMDI2MTAwNC4wIKXMDSoASAFQAw%3D%3D",4.8,405,"238 Water St, Brooklyn, NY 11201",+1 631-832-3281,http://www.digshotel.com/,mo 07:00-21:00; tu 07:00-21:00; we 07:00-21:00; th 07:00-21:00; fr 07:00-21:00; sa 09:00-20:00; su 09:00-18:00,2026-10-07,
PET_HOTEL,PetSmart Doggie Day Camp,"https://www.google.com/maps/place/PetSmart+Doggie+Day+Camp/@40.5658634,-74.1101485,17z/data=!3m1!4b1!4m6!3m5!1s0x89c249fa24b9cfe5:0x5112c2a88d46948b!8m2!3d40.5658634!4d-74.1101485!16s%2Fg%2F11sfb66yxw?authuser=0&hl=en&entry=ttu&g_ep=EgoyMDI2MTAwNC4wIKXMDSoASAFQAw%3D%3D",4.3,280,"2656 Hylan Blvd Ste 240, Staten Island, NY 10306",+1 929-464-2563,https://stores.petsmart.com/ny/staten-island/staten-island-the-boulevard/petshotel-doggie-day-camp?utm_source=google&utm_medium=organic&utm_campaign=google-my-business,mo 07:00-21:00; tu 07:00-21:00; we 07:00-21:00; th 07:00-21:00; fr 07:00-21:00; sa 07:00-21:00; su 08:00-18:00,2026-10-07,
PET_HOTEL,"Throw Me A Bone Inc. / Dog Daycare, Grooming and Boarding","https://www.google.com/maps/place/Throw+Me+A+Bone+Inc.+%2F+Dog+Daycare,+Grooming+and+Boarding/@40.7665831,-73.9921065,17z/data=!3m1!4b1!4m6!3m5!1s0x89c259da3fa49ba1:0xbfdcf521dada50cf!8m2!3d40.7665831!4d-73.9921065!16s%2Fg%2F11gyc7mm13?authuser=0&hl=en&entry=ttu&g_ep=EgoyMDI2MTAwNC4wIKXMDSoASAFQAw%3D%3D",4.9,249,"525 W 52nd St, New York, NY 10019",+1 212-287-9769,http://www.throwmeabone.dog/,mo 07:30-19:30; tu 07:30-19:30; we 07:30-19:30; th 07:30-19:30; fr 07:30-19:30; sa 09:00-18:00; su 09:00-18:00,2026-10-07,
PET_HOTEL,Vlada's Pet Grooming & Boarding,"https://www.google.com/maps/place/Vlada's+Pet+Grooming+%26+Boarding/@40.598656,-73.95993,17z/data=!3m1!4b1!4m6!3m5!1s0x89c244f355f8b18f:0x55a6d2d6bd139b6f!8m2!3d40.598656!4d-73.95993!16s%2Fg%2F1tdmlczd?authuser=0&hl=en&entry=ttu&g_ep=EgoyMDI2MTAwNC4wIKXMDSoASAFQAw%3D%3D",3.8,166,"1207 Avenue U, Brooklyn, NY 11229",+1 718-998-9500,,mo 10:00-17:00; tu 10:00-17:00; we 10:00-17:00; th 10:00-17:00; fr 10:00-17:00; sa 10:00-17:00; su 10:00-17:00,2026-10-07,
PET_HOTEL,"Throw Me A Bone Inc. / Dog Daycare, Grooming and Boarding","https://www.google.com/maps/place/Throw+Me+A+Bone+Inc.+%2F+Dog+Daycare,+Grooming+and+Boarding/@40.761357,-73.9988643,17z/data=!3m1!4b1!4m6!3m5!1s0x89c25a47f949245b:0x80f448c7713220a6!8m2!3d40.761357!4d-73.9988643!16s%2Fg%2F1hc2ppjz1?authuser=0&hl=en&entry=ttu&g_ep=EgoyMDI2MTAwNC4wIKXMDSoASAFQAw%3D%3D",5.0,162,"605 W 42nd St, New York, NY 10036",+1 212-287-9769,http://www.throwmeabone.dog/,mo 07:30-19:30; tu 07:30-19:30; we 07:30-19:30; th 07:30-19:30; fr 07:30-19:30; sa closed; su closed,2026-10-07,
PET_HOTEL,Happy Paws Pet Resort,"https://www.google.com/maps/place/Happy+Paws+Pet+Resort/@40.7253367,-73.9953689,17z/data=!3m1!4b1!4m6!3m5!1s0x89c2598f85f1c4e5:0x85cf395d995e9e0!8m2!3d40.7253367!4d-73.9953689!16s%2Fg%2F1td54bn6?authuser=0&hl=en&entry=ttu&g_ep=EgoyMDI2MTAwNC4wIKXMDSoASAFQAw%3D%3D",4.2,147,"316 Lafayette St, New York, NY 10012",+1 212-431-6898,http://www.happypawsinc.com/,mo 08:00-19:00; tu 08:00-19:00; we 08:00-19:00; th 08:00-19:00; fr 08:00-19:00; sa 09:00-18:00; su 09:00-18:00,2026-10-07,
PET_HOTEL,Devils Den Kennels,https://www.google.com/maps/place/Devils+Den+Kennels/data=!4m7!3m6!1s0x89c3b516101eed01:0x577044b75e45c31c!8m2!3d40.539412!4d-74.242493!16s%2Fg%2F1pv0v8n86!19sChIJAe0eEBa1w4kRHMNFXrdEcFc?authuser=0&hl=en&g_ep=EgoyMDI2MTAwNC4wIJJjKgBIAVAD&rclk=1,4.5,142,"721 Sharrotts Rd #1141, Staten Island, NY 10309",+1 718-840-8844,http://www.devilsdenkennels.com/,,2026-10-07,hours: none (not published on Maps)
PET_HOTEL,"Island Pet Resort Pet Boarding, Grooming, and Day Care","https://www.google.com/maps/place/Island+Pet+Resort+Pet+Boarding,+Grooming,+and+Day+Care/@40.6344916,-74.1164258,17z/data=!3m1!4b1!4m6!3m5!1s0x89c24f63f0b5c225:0x446dee54e7414652!8m2!3d40.6344916!4d-74.1164258!16s%2Fg%2F11gh63nb8l?authuser=0&hl=en&entry=ttu&g_ep=EgoyMDI2MTAwNC4wIKXMDSoASAFQAw%3D%3D",4.5,135,"1020 Castleton Ave #1807, Staten Island, NY 10310",+1 718-442-9100,http://www.ipetresort.com/,mo 07:00-19:00; tu 07:00-19:00; we 07:00-19:00; th 07:00-19:00; fr 07:00-19:00; sa 07:00-19:00; su 07:00-19:00,2026-10-07,
PET_SITTING,Jordan's Pet Care - Brooklyn Dog Walking and Pet Sitting,"https://www.google.com/maps/place/Jordan's+Pet+Care+-+Brooklyn+Dog+Walking+and+Pet+Sitting/@40.669068,-73.992402,17z/data=!3m1!4b1!4m6!3m5!1s0x89c25babacd368a5:0x7825ea90c6dcbb8f!8m2!3d40.669068!4d-73.992402!16s%2Fg%2F1th0nttk?authuser=0&hl=en&entry=ttu&g_ep=EgoyMDI2MTAwNC4wIKXMDSoASAFQAw%3D%3D",5.0,222,"157 13th St, Brooklyn, NY 11215",+1 718-709-9684,https://www.jordanspetcare.com/dog-walking-brooklyn,mo 10:00-18:00; tu 10:00-18:00; we 10:00-18:00; th 10:00-18:00; fr 10:00-18:00; sa 10:00-18:00; su 10:00-18:00,2026-10-07,
PET_SITTING,The Dog Dude LLC,"https://www.google.com/maps/place/The+Dog+Dude+LLC/@40.6956242,-73.9309733,17z/data=!3m1!4b1!4m6!3m5!1s0x89c25d99ba23489d:0xc025dde1a084b633!8m2!3d40.6956242!4d-73.9309733!16s%2Fg%2F11qqlbqb5_?authuser=0&hl=en&entry=ttu&g_ep=EgoyMDI2MTAwNC4wIKXMDSoASAFQAw%3D%3D",5.0,130,"500 Hart St, Brooklyn, NY 11221",+1 732-620-3852,http://thedogdudenyc.com/,mo 10:00-16:00; tu 10:00-16:00; we 10:00-16:00; th 10:00-16:00; fr 10:00-16:00; sa 10:00-16:00; su 10:00-16:00,2026-10-07,
PET_SITTING,ProspectBArk!,"https://www.google.com/maps/place/ProspectBArk!/@40.6647887,-73.9901874,17z/data=!3m1!4b1!4m6!3m5!1s0x89c25b706c6d80e7:0x23a8eb8b42c56875!8m2!3d40.6647887!4d-73.9901874!16s%2Fg%2F1tdhfy1n?authuser=0&hl=en&entry=ttu&g_ep=EgoyMDI2MTAwNC4wIKXMDSoASAFQAw%3D%3D",4.8,129,"578 5th Ave, Brooklyn, NY 11215",+1 646-377-1575,https://prospectbark.com/,mo 07:00-19:00; tu 07:00-19:00; we 07:00-19:00; th 07:00-19:00; fr 07:00-19:00; sa 10:00-18:00; su 10:00-18:00,2026-10-07,
PET_SITTING,Wigglee Waggle Inc.| Brooklyn Dog Walkers | Brooklyn Pet Sitters | Cat Sitters | Certified Dog Trainers,"https://www.google.com/maps/place/Wigglee+Waggle+Inc.%7C+Brooklyn+Dog+Walkers+%7C+Brooklyn+Pet+Sitters+%7C+Cat+Sitters+%7C+Certified+Dog+Trainers/@40.6741425,-73.9867678,17z/data=!3m1!4b1!4m6!3m5!1s0x89c2f5f29f7be403:0x9bcb5e1457a0800b!8m2!3d40.6741425!4d-73.9867678!16s%2Fg%2F11h3tjhj7y?authuser=0&hl=en&entry=ttu&g_ep=EgoyMDI2MTAwNC4wIKXMDSoASAFQAw%3D%3D",5.0,115,"348 4th Ave #1045, Brooklyn, NY 11217",+1 917-592-0260,http://www.wiggleewaggle.com/?utm_source=google&utm_medium=wix_google_business_profile&utm_campaign=15932236217069591763,mo 09:00-17:00; tu 09:00-17:00; we 09:00-17:00; th 09:00-17:00; fr 09:00-17:00; sa 09:00-14:00; su closed,2026-10-07,
PET_SITTING,Lucky Dog,"https://www.google.com/maps/place/Lucky+Dog/@40.63419,-73.971709,17z/data=!3m1!4b1!4m6!3m5!1s0x89c25ddc2f0ffd2d:0xcabd3e68f57cb5c9!8m2!3d40.63419!4d-73.971709!16s%2Fg%2F11mq7y571q?authuser=0&hl=en&entry=ttu&g_ep=EgoyMDI2MTAwNC4wIKXMDSoASAFQAw%3D%3D",4.9,115,"581 Ocean Pkwy, Brooklyn, NY 11218",+1 347-351-9958,https://www.luckydognewyork.com/,mo 07:00-22:00; tu 07:00-22:00; we 07:00-22:00; th 07:00-22:00; fr 07:00-22:00; sa 07:00-22:00; su 07:00-22:00,2026-10-07,
PET_SITTING,Buster and Whiskers - Dog Walker Astoria,"https://www.google.com/maps/place/Buster+and+Whiskers+-+Dog+Walker+Astoria/@40.764829,-73.920085,17z/data=!3m1!4b1!4m6!3m5!1s0x89c25f3894b991c9:0xa0195697561ba5f2!8m2!3d40.764829!4d-73.920085!16s%2Fg%2F11hbql0923?authuser=0&hl=en&entry=ttu&g_ep=EgoyMDI2MTAwNC4wIKXMDSoASAFQAw%3D%3D",5.0,113,"30-44 34th St, Astoria, NY 11103",+1 917-648-3306,https://busterandwhiskers.com/,mo 09:00-17:00; tu 09:00-17:00; we 09:00-17:00; th 09:00-17:00; fr 09:00-17:00; sa closed; su closed,2026-10-07,
PET_SITTING,Bark&Bone,"https://www.google.com/maps/place/Bark%26Bone/@40.7644103,-73.9208477,17z/data=!3m1!4b1!4m6!3m5!1s0x89c25f5e3596431b:0x98a36b6c713809eb!8m2!3d40.7644103!4d-73.9208477!16s%2Fg%2F11bbrnl7kx?authuser=0&hl=en&entry=ttu&g_ep=EgoyMDI2MTAwNC4wIKXMDSoASAFQAw%3D%3D",5.0,111,"30-65 33rd St, Astoria, NY 11105",+1 718-673-7694,http://www.barknbone.com/,mo 10:00-19:00; tu 10:00-19:00; we 10:00-19:00; th 10:00-19:00; fr 10:00-19:00; sa 10:00-16:00; su closed,2026-10-07,
PET_SITTING,Cattitude Street Strutters Pet Care,https://www.google.com/maps/place/Cattitude+Street+Strutters+Pet+Care/data=!4m7!3m6!1s0x89c25b4d9ba27731:0xcc82be005b4a38d6!8m2!3d40.6874501!4d-73.9866975!16s%2Fg%2F11f1266l1c!19sChIJMXeim01bwokR1jhKWwC-gsw?authuser=0&hl=en&g_ep=EgoyMDI2MTAwNC4wIJJjKgBIAVAD&rclk=1,4.9,107,"356 Atlantic Ave Ground Floor Room B, Brooklyn, NY 11217",+1 718-749-9417,https://cattitudestreetstrutters.com/,,2026-10-07,hours: none (not published on Maps)
PET_SITTING,"In Home Pet Services, Inc.","https://www.google.com/maps/place/In+Home+Pet+Services,+Inc./@40.7285616,-73.7207573,17z/data=!3m1!4b1!4m6!3m5!1s0x89c26246379eb191:0xbc3233cf5f32ae0d!8m2!3d40.7285616!4d-73.7207573!16s%2Fg%2F1tjprf1t?authuser=0&hl=en&entry=ttu&g_ep=EgoyMDI2MTAwNC4wIKXMDSoASAFQAw%3D%3D",4.9,97,"88-25 247th St, Bellerose, NY 11426",+1 718-347-7387,http://www.inhomepetservices.com/nequeens,mo 07:00-20:00; tu 07:00-20:00; we 07:00-20:00; th 07:00-20:00; fr 07:00-20:00; sa 07:00-20:00; su 07:00-20:00,2026-10-07,
PET_SITTING,NYC Doggystyle,"https://www.google.com/maps/place/NYC+Doggystyle/@40.7301321,-73.9570883,17z/data=!3m1!4b1!4m6!3m5!1s0x89c259902b554427:0xe2233a877d576642!8m2!3d40.7301321!4d-73.9570883!16s%2Fg%2F11h_7l6s_1?authuser=0&hl=en&entry=ttu&g_ep=EgoyMDI2MTAwNC4wIKXMDSoASAFQAw%3D%3D",5.0,96,"81 Greenpoint Ave, Brooklyn, NY 11222",+1 347-824-5885,http://www.nycdoggystyle.com/,mo 09:00-19:30; tu 09:00-19:30; we 09:00-19:30; th 09:00-19:30; fr 09:00-19:30; sa closed; su closed,2026-10-07,
GROOMING,Bark Slope,"https://www.google.com/maps/place/Bark+Slope/@40.6695164,-73.9857638,17z/data=!3m1!4b1!4m6!3m5!1s0x89c25ba9c9554d21:0xcf266bb5748695c!8m2!3d40.6695164!4d-73.9857638!16s%2Fg%2F1tg4m90b?authuser=0&hl=en&entry=ttu&g_ep=EgoyMDI2MTAwNC4wIKXMDSoASAFQAw%3D%3D",4.6,179,"427 5th Ave, Brooklyn, NY 11215",+1 718-246-4600,http://www.barkslopesalon.com/,mo 09:00-19:00; tu 09:00-19:00; we 09:00-19:00; th 09:00-19:00; fr 09:00-19:00; sa 09:00-19:00; su 09:00-19:00,2026-10-07,
GROOMING,Pet Pawlour,"https://www.google.com/maps/place/Pet+Pawlour/@40.6127149,-74.126083,17z/data=!3m1!4b1!4m6!3m5!1s0x89c24c2a266a32ff:0xe9c8932d7c0da289!8m2!3d40.6127149!4d-74.126083!16s%2Fg%2F11b7hldsb_?authuser=0&hl=en&entry=ttu&g_ep=EgoyMDI2MTAwNC4wIKXMDSoASAFQAw%3D%3D",4.9,178,"1866 Victory Blvd, Staten Island, NY 10314",+1 718-720-7729,,mo closed; tu 09:30-16:30; we 09:30-16:30; th 09:30-16:30; fr 09:30-16:30; sa 10:30-16:30; su closed,2026-10-07,
PET_HOTEL,Dog Planet Grooming & Daycare Astoria/NY,"https://www.google.com/maps/place/Dog+Planet+Grooming+%26+Daycare+Astoria%2FNY/@40.7678605,-73.9237383,17z/data=!3m1!4b1!4m6!3m5!1s0x89c25fe3dddc0601:0x6c4f84baa5b019d2!8m2!3d40.7678605!4d-73.9237383!16s%2Fg%2F11fk22d4jt?authuser=0&hl=en&entry=ttu&g_ep=EgoyMDI2MTAwNC4wIKXMDSoASAFQAw%3D%3D",4.1,128,"27-18 30th Ave., Astoria, NY 11102",+1 718-777-5500,http://www.dogplanetny.com/,mo 07:00-19:00; tu 07:00-19:00; we 07:00-19:00; th 07:00-19:00; fr 07:00-19:00; sa 09:00-19:00; su 10:00-18:00,2026-10-07,
DOG_TRAINING,Paws for Thought Dog Training,https://www.google.com/maps/place/Paws+for+Thought+Dog+Training/data=!4m7!3m6!1s0xaab82c5939833dbd:0x75d2e825ca946da6!8m2!3d40.7611083!4d-73.9680976!16s%2Fg%2F11rpc0hclc!19sChIJvT2DOVksuKoRpm2UyiXo0nU?authuser=0&hl=en&g_ep=EgoyMDI2MTAwNC4wIJJjKgBIAVAD&rclk=1,5.0,63,"150 E 58th St #17, New York, NY 10155",+1 914-863-1656,http://www.pawsforthoughttraining.com/,mo 11:00-19:00; tu 11:00-19:00; we 11:00-19:00; th 11:00-19:00; fr 11:00-17:00; sa closed; su closed,2026-10-07,
