category,name,google_maps_url,google_rating,google_rating_count,address,phone,website,opening_hours,observed_at,notes
VET_CLINIC,Town and Country Animal Hospital,https://www.google.com/maps/place/Town+and+Country+Animal+Hospital/data=!4m7!3m6!1s0x88d9c182e8692c35:0x42ac23587e112e8!8m2!3d25.6415058!4d-80.4123031!16s%2Fg%2F1tdj4__v!19sChIJNSxp6ILB2YgR6BLhhzXCKgQ?authuser=0&hl=en&g_ep=EgoyMDI2MTAwNy4wIJJjKgBIAVAD&rclk=1,4.8,2316,"13475 SW 136th St, Miami, FL 33186",+1 305-238-2222,http://www.tcahvets.com/,mo 07:00-23:00; tu 07:00-23:00; we 07:00-23:00; th 07:00-23:00; fr 07:00-23:00; sa 07:00-23:00; su 09:00-23:00,2026-10-09,
VET_CLINIC,Doral Centre Animal Hospital,https://www.google.com/maps/place/Doral+Centre+Animal+Hospital/data=!4m7!3m6!1s0x88d9bbe5f1a83c69:0xff585fdf89f17388!8m2!3d25.8004525!4d-80.3364364!16s%2Fg%2F1tgd7b89!19sChIJaTyo8eW72YgRiHPxid9fWP8?authuser=0&hl=en&g_ep=EgoyMDI2MTAwNy4wIJJjKgBIAVAD&rclk=1,4.0,1358,"2801 NW 87th Ave, Doral, FL 33172",+1 305-598-1234,https://doralvet.com/?utm_source=google&utm_medium=organic&utm_campaign=google_business_profile,mo 24h; tu 24h; we 24h; th 24h; fr 24h; sa 24h; su 24h,2026-10-09,
VET_CLINIC,Pet Lovers Animal Clinic @SW 8th St,https://www.google.com/maps/place/Pet+Lovers+Animal+Clinic+@SW+8th+St/data=!4m7!3m6!1s0x88d9bf19974e1115:0x6ca8d212a3c79e97!8m2!3d25.760071!4d-80.389387!16s%2Fg%2F1td4w1yx!19sChIJFRFOlxm_2YgRl57HoxLSqGw?authuser=0&hl=en&g_ep=EgoyMDI2MTAwNy4wIJJjKgBIAVAD&rclk=1,4.4,1335,"11930 SW 8th St, Miami, FL 33184",+1 305-554-6999,http://www.petloversus.com/,mo 09:00-17:30; tu 09:00-17:30; we 09:00-17:30; th 09:00-17:30; fr 09:00-17:30; sa 08:30-15:30; su closed,2026-10-09,
VET_CLINIC,Miami Animal Clinic,https://www.google.com/maps/place/Miami+Animal+Clinic/data=!4m7!3m6!1s0x88d9b8536d16c45f:0xc3db360e47f68b4e!8m2!3d25.7631378!4d-80.3148799!16s%2Fg%2F11c601_0ft!19sChIJX8QWbVO42YgRTov2Rw4228M?authuser=0&hl=en&g_ep=EgoyMDI2MTAwNy4wIJJjKgBIAVAD&rclk=1,4.8,1162,"7345 SW 8th St, Miami, FL 33144",+1 786-542-6070,https://www.miamianimalclinic.net/,mo 09:00-21:00; tu 09:00-21:00; we 09:00-21:00; th 09:00-21:00; fr 09:00-21:00; sa closed; su closed,2026-10-09,
VET_CLINIC,Miami Veterinary Specialists,https://www.google.com/maps/place/Miami+Veterinary+Specialists/data=!4m7!3m6!1s0x88d9c76e0f1c4c97:0x94cd0e17a3c356ab!8m2!3d25.7026274!4d-80.3333915!16s%2Fg%2F1tgfqybx!19sChIJl0wcD27H2YgRq1bDoxcOzZQ?authuser=0&hl=en&g_ep=EgoyMDI2MTAwNy4wIJJjKgBIAVAD&rclk=1,3.5,1006,"8601 Sunset Dr, Miami, FL 33143",+1 305-665-2820,http://mvshospital.com/,,2026-10-09,hours: none (not published on Maps)
VET_CLINIC,Palmetto Animal Clinic,https://www.google.com/maps/place/Palmetto+Animal+Clinic/data=!4m7!3m6!1s0x88d9bb2041e6659f:0xf5e54ac840913ecc!8m2!3d25.8850291!4d-80.3223987!16s%2Fg%2F1tdqpg46!19sChIJn2XmQSC72YgRzD6RQMhK5fU?authuser=0&hl=en&g_ep=EgoyMDI2MTAwNy4wIJJjKgBIAVAD&rclk=1,4.6,962,"1919 W 68th St, Hialeah, FL 33014",+1 305-824-9990,http://palmettoanimalclinic.net/,mo 08:30-19:00; tu 08:30-19:00; we 08:30-19:00; th 08:30-19:00; fr 08:30-19:00; sa closed; su closed,2026-10-09,
VET_CLINIC,Kendall Animal Medical Center,https://www.google.com/maps/place/Kendall+Animal+Medical+Center/data=!4m7!3m6!1s0x88d9c0e4b5ca4b2f:0x371bc65601de1844!8m2!3d25.684314!4d-80.398989!16s%2Fg%2F11c520xn3_!19sChIJL0vKteTA2YgRRBjeAVbGGzc?authuser=0&hl=en&g_ep=EgoyMDI2MTAwNy4wIJJjKgBIAVAD&rclk=1,4.6,930,"12586 SW 88th St, Miami, FL 33186",+1 786-616-8830,http://www.kendallanimal.com/,mo 08:00-21:00; tu 08:00-21:00; we 08:00-21:00; th 08:00-21:00; fr 08:00-21:00; sa 08:00-21:00; su 08:00-21:00,2026-10-09,
VET_CLINIC,VEG ER for Pets,https://www.google.com/maps/place/VEG+ER+for+Pets/data=!4m7!3m6!1s0x88d9b7d526402d0f:0x517b05bc40534320!8m2!3d25.8032261!4d-80.1890503!16s%2Fg%2F11schyvz88!19sChIJDy1AJtW32YgRIENTQLwFe1E?authuser=0&hl=en&g_ep=EgoyMDI2MTAwNy4wIJJjKgBIAVAD&rclk=1,4.6,866,"2707 Biscayne Blvd, Miami, FL 33137",+1 786-539-0339,https://www.veg.com/locations/florida/miami?utm_source=organic_google&utm_medium=gbp_link&utm_campaign=locations_page&utm_content=miami,mo 24h; tu 24h; we 24h; th 24h; fr 24h; sa 24h; su 24h,2026-10-09,
VET_CLINIC,Kendall Drive Animal Hospital,https://www.google.com/maps/place/Kendall+Drive+Animal+Hospital/data=!4m7!3m6!1s0x88d9c05192b2583d:0x15950e765bad6511!8m2!3d25.6843308!4d-80.4205273!16s%2Fg%2F1tgpc225!19sChIJPViyklHA2YgREWWtW3YOlRU?authuser=0&hl=en&g_ep=EgoyMDI2MTAwNy4wIJJjKgBIAVAD&rclk=1,4.8,841,"13882 SW 88th St, Miami, FL 33186",+1 305-388-8881,https://www.kendalldriveah.com/,mo 09:00-18:00; tu 09:00-18:00; we 09:00-18:00; th 09:00-18:00; fr 09:00-18:00; sa 09:00-14:00; su closed,2026-10-09,
VET_CLINIC,AWS Animal Hospital - Animal Welfare Society of South Florida,https://www.google.com/maps/place/AWS+Animal+Hospital+-+Animal+Welfare+Society+of+South+Florida/data=!4m7!3m6!1s0x88d9b7b15794e3b3:0xddabc25efdbe70e!8m2!3d25.7431475!4d-80.2377389!16s%2Fg%2F1tdgw5z5!19sChIJs-OUV7G32YgRDufb7yW82g0?authuser=0&hl=en&g_ep=EgoyMDI2MTAwNy4wIJJjKgBIAVAD&rclk=1,3.9,822,"2601 SW 27th Ave, Miami, FL 33133",+1 305-858-3501,https://stmaps.top/business/aws-animal-hospital---animal-welfare-society-of-so-42ddkb,mo 08:30-18:00; tu 08:30-18:00; we 08:30-18:00; th 08:30-18:00; fr 08:30-18:00; sa 08:30-15:00; su closed,2026-10-09,
VET_CLINIC,Gilley Animal Clinic,https://www.google.com/maps/place/Gilley+Animal+Clinic/data=!4m7!3m6!1s0x88d9dd3e352bc49b:0xc5b469999656e925!8m2!3d25.5159729!4d-80.4308314!16s%2Fg%2F1td9rb2y!19sChIJm8QrNT7d2YgRJelWlplptMU?authuser=0&hl=en&g_ep=EgoyMDI2MTAwNy4wIJJjKgBIAVAD&rclk=1,4.3,768,"27008 S Dixie Hwy, Homestead, FL 33032",+1 305-247-1777,https://gilleyanimal.top/,mo 08:00-18:00; tu 08:00-18:00; we 08:00-18:00; th 08:00-18:00; fr 08:00-18:00; sa 08:00-14:00; su closed,2026-10-09,
VET_CLINIC,Pinecrest Veterinary Hospital,https://www.google.com/maps/place/Pinecrest+Veterinary+Hospital/data=!4m7!3m6!1s0x88d9c6f0d73aded7:0xb302a63637b4f5a7!8m2!3d25.6578535!4d-80.3267116!16s%2Fg%2F1tl9ncml!19sChIJ19461_DG2YgRp_W0NzamArM?authuser=0&hl=en&g_ep=EgoyMDI2MTAwNy4wIJJjKgBIAVAD&rclk=1,4.8,757,"12125 S Dixie Hwy, Pinecrest, FL 33156",+1 305-278-1300,https://www.pinecrestvets.com/?utm_source=gmb&utm_medium=organic&y_source=1_MTQ1NDM0NTYtNzE1LWxvY2F0aW9uLndlYnNpdGU%3D,mo 08:00-18:00; tu 08:00-18:00; we 08:00-18:00; th 08:00-18:00; fr 08:00-18:00; sa 08:00-12:00; su closed,2026-10-09,
VET_CLINIC,Miami Pet Clinic,https://www.google.com/maps/place/Miami+Pet+Clinic/data=!4m7!3m6!1s0x88d9b71cbb0a99cd:0x9394f2e569dd3fc4!8m2!3d25.772601!4d-80.2368801!16s%2Fg%2F1v6l88xq!19sChIJzZkKuxy32YgRxD_daeXylJM?authuser=0&hl=en&g_ep=EgoyMDI2MTAwNy4wIJJjKgBIAVAD&rclk=1,4.4,745,"2485 W Flagler St #3, Miami, FL 33135",+1 305-541-2208,http://miamipetclinic.com/,mo 09:00-18:00; tu 09:00-18:00; we 09:00-18:00; th 09:00-18:00; fr 09:00-18:00; sa closed; su closed,2026-10-09,
VET_CLINIC,Eco Deco Pet Hospital,https://www.google.com/maps/place/Eco+Deco+Pet+Hospital/data=!4m7!3m6!1s0x88d9b4887793ce51:0x84a663f724a29d42!8m2!3d25.7885122!4d-80.1406656!16s%2Fg%2F124t0q2l5!19sChIJUc6Td4i02YgRQp2iJPdjpoQ?authuser=0&hl=en&g_ep=EgoyMDI2MTAwNy4wIJJjKgBIAVAD&rclk=1,4.7,733,"1539 Alton Rd, Miami Beach, FL 33139",+1 305-763-8009,http://www.ecodecopet.com/,mo 08:00-19:00; tu 08:00-19:00; we 08:00-19:00; th 08:00-19:00; fr 08:00-19:00; sa 09:00-19:00; su closed,2026-10-09,
VET_CLINIC,Homestead Animal Hospital,https://www.google.com/maps/place/Homestead+Animal+Hospital/data=!4m7!3m6!1s0x88d9e77acd686617:0xbe3ffeb242db0958!8m2!3d25.482203!4d-80.464038!16s%2Fg%2F1tvtc49c!19sChIJF2ZozXrn2YgRWAnbQrL-P74?authuser=0&hl=en&g_ep=EgoyMDI2MTAwNy4wIJJjKgBIAVAD&rclk=1,4.6,725,"1250 N Flagler Ave, Homestead, FL 33030",+1 305-247-3845,https://myhomesteadvet.com/,mo 08:00-18:00; tu 08:00-18:00; we 08:00-18:00; th 08:00-18:00; fr 08:00-18:00; sa 08:00-17:00; su closed,2026-10-09,
VET_CLINIC,Kendall Pointe Animal Hospital (Emergency 24/7),https://www.google.com/maps/place/Kendall+Pointe+Animal+Hospital+%28Emergency+24%2F7%29/data=!4m7!3m6!1s0x88d9eb6609b2207d:0xa3e9156335cdd4f4!8m2!3d25.6815724!4d-80.4562497!16s%2Fg%2F11rnb1f7hd!19sChIJfSCyCWbr2YgR9NTNNWMV6aM?authuser=0&hl=en&g_ep=EgoyMDI2MTAwNy4wIJJjKgBIAVAD&rclk=1,4.2,680,"9075 SW 162nd Ave Ste 114, Miami, FL 33196",+1 305-990-0900,,mo 24h; tu 24h; we 24h; th 24h; fr 24h; sa 24h; su 24h,2026-10-09,
VET_CLINIC,West Kendall Animal Hospital,https://www.google.com/maps/place/West+Kendall+Animal+Hospital/data=!4m7!3m6!1s0x88d9c04a2883473b:0x822277c995c11e87!8m2!3d25.6837512!4d-80.4307534!16s%2Fg%2F1ts_7dt7!19sChIJO0eDKErA2YgRhx7Blcl3IoI?authuser=0&hl=en&g_ep=EgoyMDI2MTAwNy4wIJJjKgBIAVAD&rclk=1,4.7,672,"14732 N Kendall Dr, Miami, FL 33196",+1 305-385-0404,https://westkendallanimalhospital.com/?utm_source=gmb&utm_medium=organic,mo 08:00-18:00; tu 08:00-18:00; we 08:00-18:00; th 08:00-18:00; fr 08:00-18:00; sa 08:00-13:00; su closed,2026-10-09,
VET_CLINIC,ASPCA Community Veterinary Clinic: Affordable Miami Spay & Neuter,https://www.google.com/maps/place/ASPCA+Community+Veterinary+Clinic:+Affordable+Miami+Spay+%26+Neuter/data=!4m7!3m6!1s0x88d9b1742c1eb9c3:0x594d537f05d7c211!8m2!3d25.8316845!4d-80.2192381!16s%2Fg%2F11fp8ztv64!19sChIJw7keLHSx2YgREcLXBX9TTVk?authuser=0&hl=en&g_ep=EgoyMDI2MTAwNy4wIJJjKgBIAVAD&rclk=1,4.7,666,"1320 NW 62nd St, Miami, FL 33147",+1 844-692-7722,https://www.aspca.org/miami,mo 09:00-17:00; tu 09:00-17:00; we 09:00-17:00; th 09:00-17:00; fr 09:00-17:00; sa closed; su closed,2026-10-09,
VET_CLINIC,Thrive Pet Healthcare Specialists Miami,https://www.google.com/maps/place/Thrive+Pet+Healthcare+Specialists+Miami/data=!4m7!3m6!1s0x88d9c7eb11c5021f:0xdd4c1f9ad6555351!8m2!3d25.6978667!4d-80.29705!16s%2Fg%2F1thpxmyc!19sChIJHwLFEevH2YgRUVNV1pofTN0?authuser=0&hl=en&g_ep=EgoyMDI2MTAwNy4wIJJjKgBIAVAD&rclk=1,4.0,642,"6394 S Dixie Hwy, Miami, FL 33143",+1 305-666-4142,https://www.thrivepetcare.com/locations/florida/miami/miami-specialty-emergency/?utm_source=gmb&utm_medium=web,mo 24h; tu 24h; we 24h; th 24h; fr 24h; sa 24h; su 24h,2026-10-09,
VET_CLINIC,Pet Lovers Animal Clinic @NW 7th St,https://www.google.com/maps/place/Pet+Lovers+Animal+Clinic+@NW+7th+St/data=!4m7!3m6!1s0x88d9b73082e4086f:0xfaf810b389884711!8m2!3d25.778581!4d-80.2626477!16s%2Fg%2F11h4l0ht74!19sChIJbwjkgjC32YgREUeIibMQ-Po?authuser=0&hl=en&g_ep=EgoyMDI2MTAwNy4wIJJjKgBIAVAD&rclk=1,4.5,630,"4140 NW 7th St, Miami, FL 33126",+1 305-529-4942,http://www.petloversus.com/,mo 09:00-19:30; tu 09:00-19:30; we 09:00-19:30; th 09:00-19:30; fr 09:00-19:30; sa 08:00-18:30; su closed,2026-10-09,
VET_CLINIC,VCA Knowles Central Animal Hospital,https://www.google.com/maps/place/VCA+Knowles+Central+Animal+Hospital/data=!4m7!3m6!1s0x88d9b71892f21c21:0xaf3597fa2494f501!8m2!3d25.78231!4d-80.23969!16s%2Fg%2F1tfhh688!19sChIJIRzykhi32YgRAfWUJPqXNa8?authuser=0&hl=en&g_ep=EgoyMDI2MTAwNy4wIJJjKgBIAVAD&rclk=1,3.5,597,"1000 NW 27th Ave, Miami, FL 33125",+1 305-649-1234,https://vcahospitals.com/knowles-central?utm_source=maps&utm_medium=organic&utm_campaign=AU_4070,mo 07:00-20:00; tu 07:00-20:00; we 07:00-20:00; th 07:00-20:00; fr 07:00-20:00; sa 07:00-20:00; su 07:00-20:00,2026-10-09,
VET_CLINIC,Calusa Crossing Animal Hospital,https://www.google.com/maps/place/Calusa+Crossing+Animal+Hospital/data=!4m7!3m6!1s0x88d9c1a400682e41:0xf4ac0caba5a039f4!8m2!3d25.6482578!4d-80.4116232!16s%2Fg%2F1tffq49b!19sChIJQS5oAKTB2YgR9DmgpasMrPQ?authuser=0&hl=en&g_ep=EgoyMDI2MTAwNy4wIJJjKgBIAVAD&rclk=1,4.8,592,"12801 SW 134th Ct, Miami, FL 33186",+1 305-234-1044,http://calusacrossinganimalhospital.com/,mo 08:00-18:00; tu 08:00-18:00; we 08:00-18:00; th 08:00-18:00; fr 08:00-18:00; sa 08:00-18:00; su closed,2026-10-09,
VET_CLINIC,Avocado Animal Hospital,https://www.google.com/maps/place/Avocado+Animal+Hospital/data=!4m7!3m6!1s0x88d9e712a9623461:0xbb9f75d5a0396df4!8m2!3d25.4739799!4d-80.4777422!16s%2Fg%2F1tfzhkyl!19sChIJYTRiqRLn2YgR9G05oNV1n7s?authuser=0&hl=en&g_ep=EgoyMDI2MTAwNy4wIJJjKgBIAVAD&rclk=1,4.5,581,"426 N Krome Ave, Homestead, FL 33030",+1 305-248-4400,http://www.avocadoanimalhosp.com/,mo 09:00-18:00; tu 09:00-18:00; we 09:00-18:00; th 09:00-18:00; fr 09:00-18:00; sa closed; su closed,2026-10-09,
VET_CLINIC,Aardvark Animal Clinic,https://www.google.com/maps/place/Aardvark+Animal+Clinic/data=!4m7!3m6!1s0x88d9babb8f4e1dd5:0x33bc8be6931f55bd!8m2!3d25.8864001!4d-80.2908968!16s%2Fg%2F1hc5f7nfm!19sChIJ1R1Oj7u62YgRvVUfk-aLvDM?authuser=0&hl=en&g_ep=EgoyMDI2MTAwNy4wIJJjKgBIAVAD&rclk=1,4.7,577,"7005 W 4th Ave, Hialeah, FL 33014",+1 305-557-0531,http://www.aardvarkanimalclinic.vet/,mo 08:30-17:00; tu 08:30-17:00; we 08:30-14:00; th 08:30-17:00; fr 08:30-17:00; sa 08:30-13:30; su closed,2026-10-09,
VET_CLINIC,Panda Animal Clinic,https://www.google.com/maps/place/Panda+Animal+Clinic/data=!4m7!3m6!1s0x88d9b0a05967c27b:0xa0de05becbac72ae!8m2!3d25.8303536!4d-80.2748482!16s%2Fg%2F1w456dpr!19sChIJe8JnWaCw2YgRrnKsy74F3qA?authuser=0&hl=en&g_ep=EgoyMDI2MTAwNy4wIJJjKgBIAVAD&rclk=1,4.1,577,"329 E 9th St #101, Hialeah, FL 33010",+1 305-887-1018,https://pandaanimalclinic.us/,mo 08:00-18:00; tu 08:00-18:00; we closed; th 08:00-18:00; fr 08:00-18:00; sa 08:00-15:00; su closed,2026-10-09,
VET_CLINIC,Amor Animal Hospital,https://www.google.com/maps/place/Amor+Animal+Hospital/data=!4m7!3m6!1s0x88d9ad007030b6fd:0x678b184e059e5fbe!8m2!3d25.9640678!4d-80.1456615!16s%2Fg%2F11y435fzz2!19sChIJ_bYwcACt2YgRvl-eBU4Yi2c?authuser=0&hl=en&g_ep=EgoyMDI2MTAwNy4wIJJjKgBIAVAD&rclk=1,4.8,576,"20305 Biscayne Blvd, Aventura, FL 33180",+1 305-974-5510,https://www.amorhospital.com/,mo 07:30-18:00; tu 07:30-18:00; we 07:30-18:00; th 07:30-18:00; fr 07:30-18:00; sa 08:00-16:00; su closed,2026-10-09,
VET_CLINIC,Bravo Animal Clinic,https://www.google.com/maps/place/Bravo+Animal+Clinic/data=!4m7!3m6!1s0x88d9c38903d3fddf:0x13c0af196e4c8eb9!8m2!3d25.5960441!4d-80.3688798!16s%2Fg%2F1tgx7dpy!19sChIJ3_3TA4nD2YgRuY5MbhmvwBM?authuser=0&hl=en&g_ep=EgoyMDI2MTAwNy4wIJJjKgBIAVAD&rclk=1,4.5,564,"10901 SW 186th St, Cutler Bay, FL 33157",+1 305-234-9422,https://www.facebook.com/BravoAnimalClinic/,mo 08:00-18:00; tu 08:00-18:00; we 08:00-17:00; th 08:00-18:00; fr 08:00-18:00; sa 08:30-17:00; su closed,2026-10-09,
VET_CLINIC,Paws and Claws Medical Center,https://www.google.com/maps/place/Paws+and+Claws+Medical+Center/data=!4m7!3m6!1s0x88d9bf85d8ce06f5:0x8a9656c1cc664a15!8m2!3d25.7313567!4d-80.4163404!16s%2Fg%2F1hc0rd3km!19sChIJ9QbO2IW_2YgRFUpmzMFWloo?authuser=0&hl=en&g_ep=EgoyMDI2MTAwNy4wIJJjKgBIAVAD&rclk=1,4.6,561,"3858 SW 137th Ave, Miami, FL 33175",+1 786-361-9344,https://pawsnclawsmiami.com/?utm_source=google&utm_medium=google_business_profile&utm_campaign=website_click,mo 08:00-18:00; tu 08:00-18:00; we 08:00-18:00; th 08:00-18:00; fr 08:00-18:00; sa 08:00-14:00; su closed,2026-10-09,
VET_CLINIC,VCA Aventura Animal Hospital & Pet Resort,https://www.google.com/maps/place/VCA+Aventura+Animal+Hospital+%26+Pet+Resort/data=!4m7!3m6!1s0x88d9ac576588978b:0x89e9043b9e2bdd77!8m2!3d25.9524568!4d-80.1450759!16s%2Fg%2F1tlqqsrn!19sChIJi5eIZVes2YgRd90rnjsE6Yk?authuser=0&hl=en&g_ep=EgoyMDI2MTAwNy4wIJJjKgBIAVAD&rclk=1,4.1,556,"19101 Biscayne Blvd, Aventura, FL 33180",+1 305-933-3647,https://vcahospitals.com/aventura?utm_source=maps&utm_medium=organic&utm_campaign=AU_1051,mo 07:30-19:00; tu 07:30-19:00; we 07:30-19:00; th 07:30-19:00; fr 07:30-19:00; sa 08:00-17:00; su closed,2026-10-09,
VET_CLINIC,Arch Creek Animal Clinic,https://www.google.com/maps/place/Arch+Creek+Animal+Clinic/data=!4m7!3m6!1s0x88d9ad96e4a6f2ff:0x32683d092ede0aaf!8m2!3d25.9172834!4d-80.1611957!16s%2Fg%2F1vzn6c4v!19sChIJ__Km5Jat2YgRrwreLgk9aDI?authuser=0&hl=en&g_ep=EgoyMDI2MTAwNy4wIJJjKgBIAVAD&rclk=1,4.4,507,"15372 W Dixie Hwy, North Miami Beach, FL 33162",+1 786-823-0009,http://archcreekanimalclinic.com/,mo 07:00-17:00; tu 07:00-18:00; we 07:00-17:00; th 07:00-18:00; fr 07:00-17:00; sa 07:00-17:00; su closed,2026-10-09,
VET_CLINIC,Mueller Animal Hospital,https://www.google.com/maps/place/Mueller+Animal+Hospital/data=!4m7!3m6!1s0x88d9b07c95225547:0x616b92448f88669c!8m2!3d25.8670524!4d-80.2684518!16s%2Fg%2F1tp0fgms!19sChIJR1UilXyw2YgRnGaIj0SSa2E?authuser=0&hl=en&g_ep=EgoyMDI2MTAwNy4wIJJjKgBIAVAD&rclk=1,4.3,492,"710 E 49th St ste 102, Hialeah, FL 33013",+1 305-688-0561,http://www.muelleranimalcare.com/,"mo 09:00-14:00,15:00-19:00; tu 09:00-14:00,15:00-19:00; we 09:00-14:00,15:00-19:00; th 09:00-14:00,15:00-19:00; fr 09:00-14:00,15:00-19:00; sa 09:00-14:00; su closed",2026-10-09,
VET_CLINIC,"Dollys Animal Clinic Miami, FL","https://www.google.com/maps/place/Dollys+Animal+Clinic+Miami,+FL/data=!4m7!3m6!1s0x88d9bf90dfaa3671:0x480d1ad0ffa4b0f9!8m2!3d25.7423316!4d-80.4235256!16s%2Fg%2F11byck_rzp!19sChIJcTaq35C_2YgR-bCk_9AaDUg?authuser=0&hl=en&g_ep=EgoyMDI2MTAwNy4wIJJjKgBIAVAD&rclk=1",4.9,481,"2713 SW 142nd Ave, Miami, FL 33175",+1 305-967-8031,https://www.dollysanimalclinic.com/?cp=7863961209,mo 09:00-18:00; tu 09:00-18:00; we 09:00-18:00; th 09:00-18:00; fr 09:00-18:00; sa 09:00-16:00; su closed,2026-10-09,
VET_CLINIC,Southeast Veterinary Neurology,https://www.google.com/maps/place/Southeast+Veterinary+Neurology/data=!4m7!3m6!1s0x88d9c0dd190d36d7:0x2ddc45a7d5003201!8m2!3d25.7325622!4d-80.3460192!16s%2Fg%2F1thbxgm4!19sChIJ1zYNGd3A2YgRATIA1adF3C0?authuser=0&hl=en&g_ep=EgoyMDI2MTAwNy4wIJJjKgBIAVAD&rclk=1,4.5,479,"9300 SW 40th St, Miami, FL 33165",+1 305-274-2777,https://sevneurology.com/miami-veterinary-neurologist/?utm_source=google&utm_medium=organic&utm_campaign=gmb-miami&utm_term=website,mo 08:00-18:00; tu 08:00-18:00; we 08:00-18:00; th 08:00-18:00; fr 08:00-18:00; sa 08:00-18:00; su 08:00-18:00,2026-10-09,
VET_CLINIC,VCA Knowles Snapper Creek Animal Hospital,https://www.google.com/maps/place/VCA+Knowles+Snapper+Creek+Animal+Hospital/data=!4m7!3m6!1s0x88d9c746275b46f9:0x55a91db8f137cc7f!8m2!3d25.7018209!4d-80.3543645!16s%2Fg%2F1v_z53n9!19sChIJ-UZbJ0bH2YgRf8w38bgdqVU?authuser=0&hl=en&g_ep=EgoyMDI2MTAwNy4wIJJjKgBIAVAD&rclk=1,4.1,476,"9933 Sunset Dr, Miami, FL 33173",+1 305-279-2323,https://vcahospitals.com/knowles-snapper-creek?utm_source=maps&utm_medium=organic&utm_campaign=AU_4071,mo 24h; tu 24h; we 24h; th 24h; fr 24h; sa 24h; su 24h,2026-10-09,
VET_CLINIC,Hialeah Animal Clinic,https://www.google.com/maps/place/Hialeah+Animal+Clinic/data=!4m7!3m6!1s0x88d9ba857cd88af1:0xeef5b54ec1ad19b8!8m2!3d25.8665594!4d-80.2876509!16s%2Fg%2F1td3md76!19sChIJ8YrYfIW62YgRuBmtwU619e4?authuser=0&hl=en&g_ep=EgoyMDI2MTAwNy4wIJJjKgBIAVAD&rclk=1,4.4,467,"240 W 49th St, Hialeah, FL 33012",+1 305-825-4646,http://hialeahveterinaryclinic.com/,mo 08:00-17:00; tu 08:00-17:00; we 08:00-17:00; th 08:00-17:00; fr 08:00-17:00; sa 08:00-15:00; su closed,2026-10-09,
VET_CLINIC,Benitez Animal Hospital,https://www.google.com/maps/place/Benitez+Animal+Hospital/data=!4m7!3m6!1s0x88d9ba7a2756c3a1:0x19931c7804d1aac3!8m2!3d25.8468835!4d-80.282611!16s%2Fg%2F1wt3p6p_!19sChIJocNWJ3q62YgRw6rRBHgckxk?authuser=0&hl=en&g_ep=EgoyMDI2MTAwNy4wIJJjKgBIAVAD&rclk=1,4.5,463,"2740 Palm Ave, Hialeah, FL 33010",+1 305-887-5615,https://benitezanimal.com/,mo 08:30-17:30; tu 08:30-17:30; we 08:30-17:30; th 08:30-17:30; fr 08:30-17:30; sa 09:00-13:00; su closed,2026-10-09,
VET_CLINIC,Miami Veterinary Specialists: Emergency Room,https://www.google.com/maps/place/Miami+Veterinary+Specialists:+Emergency+Room/data=!4m7!3m6!1s0x88d9c76e0e4b022b:0xd7584647e105fac3!8m2!3d25.7025384!4d-80.3333713!16s%2Fg%2F11g6wdlm0t!19sChIJKwJLDm7H2YgRw_oF4UdGWNc?authuser=0&hl=en&g_ep=EgoyMDI2MTAwNy4wIJJjKgBIAVAD&rclk=1,4.3,462,"8601 Sunset Dr, Miami, FL 33143",+1 305-665-2820,http://mvshospital.com/,mo 24h; tu 24h; we 24h; th 24h; fr 24h; sa 24h; su 24h,2026-10-09,
VET_CLINIC,Royal Vet - Animal Hospital in Pinecrest,https://www.google.com/maps/place/Royal+Vet+-+Animal+Hospital+in+Pinecrest/data=!4m7!3m6!1s0x88d9c77c8897f37b:0x2a1fd248e78a0004!8m2!3d25.6560314!4d-80.3279056!16s%2Fg%2F11vql_ls57!19sChIJe_OXiHzH2YgRBACK50jSHyo?authuser=0&hl=en&g_ep=EgoyMDI2MTAwNy4wIJJjKgBIAVAD&rclk=1,5.0,453,"12303 S Dixie Hwy, Pinecrest, FL 33156",+1 305-590-5008,https://royalvet.com/locations/miami/pinecrest/,mo 08:00-20:00; tu 08:00-20:00; we 08:00-20:00; th 08:00-20:00; fr 08:00-20:00; sa 08:00-17:00; su 08:00-17:00,2026-10-09,
VET_CLINIC,Animal Clinic of Miami Dade,https://www.google.com/maps/place/Animal+Clinic+of+Miami+Dade/data=!4m7!3m6!1s0x88d9b84665fa79bf:0xff3a545c2d7e4752!8m2!3d25.750568!4d-80.3038125!16s%2Fg%2F11b5vzdssz!19sChIJv3n6ZUa42YgRUkd-LVxUOv8?authuser=0&hl=en&g_ep=EgoyMDI2MTAwNy4wIJJjKgBIAVAD&rclk=1,4.5,453,"2134 Ludlam Rd, Miami, FL 33155",+1 305-262-8888,https://animalclinicofmiadade.com/,mo 09:00-18:00; tu 09:00-18:00; we 09:00-18:00; th 09:00-18:00; fr 09:00-18:00; sa 09:00-14:00; su closed,2026-10-09,
VET_CLINIC,Pets & Vets Animal Clinic,https://www.google.com/maps/place/Pets+%26+Vets+Animal+Clinic/data=!4m7!3m6!1s0x88d9b2e6694cd1db:0x3ad5be35fb797bf!8m2!3d25.854816!4d-80.131267!16s%2Fg%2F1tr7k5nk!19sChIJ29FMaeay2YgRv5e3X-NbrQM?authuser=0&hl=en&g_ep=EgoyMDI2MTAwNy4wIJJjKgBIAVAD&rclk=1,4.5,446,"1181 71st St, Miami Beach, FL 33141",+1 305-861-1113,https://petsandvetsac.com/,mo 09:00-18:00; tu 09:00-18:00; we 09:00-18:00; th 09:00-18:00; fr 09:00-18:00; sa 09:00-15:00; su closed,2026-10-09,
VET_CLINIC,West Miami Animal Hospital,https://www.google.com/maps/place/West+Miami+Animal+Hospital/data=!4m7!3m6!1s0x88d9b85951ec0cfb:0x1203c31b14f122!8m2!3d25.74855!4d-80.3163889!16s%2Fg%2F1tdzryrc!19sChIJ-wzsUVm42YgRIvEUG8MDEgA?authuser=0&hl=en&g_ep=EgoyMDI2MTAwNy4wIJJjKgBIAVAD&rclk=1,4.3,441,"7443 Coral Wy, Miami, FL 33155",+1 305-266-1825,https://www.westmiamianimalhospital.com/,mo 08:00-18:00; tu 08:00-18:00; we 08:00-19:00; th 08:00-19:00; fr 08:00-19:00; sa 08:00-19:00; su closed,2026-10-09,
VET_CLINIC,South Kendall Animal Hospital,https://www.google.com/maps/place/South+Kendall+Animal+Hospital/data=!4m7!3m6!1s0x88d9c419268858af:0xed195da2aa58d8a3!8m2!3d25.6381476!4d-80.3362384!16s%2Fg%2F1tpf7yfr!19sChIJr1iIJhnE2YgRo9hYqqJdGe0?authuser=0&hl=en&g_ep=EgoyMDI2MTAwNy4wIJJjKgBIAVAD&rclk=1,4.7,440,"14201 S Dixie Hwy, Palmetto Bay, FL 33176",+1 305-238-2030,http://www.southkendall.com/,mo 08:00-18:00; tu 08:00-18:00; we 08:00-18:00; th 08:00-18:00; fr 08:00-18:00; sa 08:00-16:00; su closed,2026-10-09,
VET_CLINIC,Gomara Animal Clinic,https://www.google.com/maps/place/Gomara+Animal+Clinic/data=!4m7!3m6!1s0x88d9b8bb55cad30f:0xb53d90f8a46581ff!8m2!3d25.7324847!4d-80.3493144!16s%2Fg%2F1tdfp1rk!19sChIJD9PKVbu42YgR_4FlpPiQPbU?authuser=0&hl=en&g_ep=EgoyMDI2MTAwNy4wIJJjKgBIAVAD&rclk=1,4.5,434,"9528 SW 40th St, Miami, FL 33165",+1 305-552-0860,https://gomara-animal-clinic.edan.io/,"mo 08:00-17:00; tu 08:00-17:00; we 08:00-17:00; th 08:00-17:00; fr 08:00-17:00; sa 08:00-12:00,14:00-17:00; su closed",2026-10-09,
VET_CLINIC,Dadeland Animal Hospital,https://www.google.com/maps/place/Dadeland+Animal+Hospital/data=!4m7!3m6!1s0x88d9c6ed249793ff:0x82d9906743be332e!8m2!3d25.6823525!4d-80.3159687!16s%2Fg%2F1thl_7jz!19sChIJ_5OXJO3G2YgRLjO-Q2eQ2YI?authuser=0&hl=en&g_ep=EgoyMDI2MTAwNy4wIJJjKgBIAVAD&rclk=1,4.8,427,"9495 Old Dixie Hwy, Miami, FL 33156",+1 305-671-3647,https://www.dadelandanimalhospital.com/,mo 07:30-18:00; tu 07:30-18:00; we 07:30-18:00; th 07:30-18:00; fr 07:30-18:00; sa 07:30-13:00; su closed,2026-10-09,
VET_CLINIC,Banfield Pet Hospital,https://www.google.com/maps/place/Banfield+Pet+Hospital/data=!4m7!3m6!1s0x88d9b15305fdacbb:0xc20e7dce71d38b6d!8m2!3d25.8063064!4d-80.1948759!16s%2Fg%2F1v5_b71c!19sChIJu6z9BVOx2YgRbYvTcc59DsI?authuser=0&hl=en&g_ep=EgoyMDI2MTAwNy4wIJJjKgBIAVAD&rclk=1,3.2,421,"3101 N Miami Ave Ste 110, Miami, FL 33127",+1 305-573-4895,https://www.banfield.com/locations/veterinarians/fl/miami/mim?utm_source=yext&utm_medium=yext&utm_campaign=yext&cid=yext_local,mo 08:00-18:00; tu 08:00-18:00; we 08:00-18:00; th 08:00-18:00; fr 08:00-18:00; sa 08:00-17:00; su 10:00-17:00,2026-10-09,
VET_CLINIC,My Pet Hospital - Emergency Vet Pinecrest,https://www.google.com/maps/place/My+Pet+Hospital+-+Emergency+Vet+Pinecrest/data=!4m7!3m6!1s0x88d9c7719291a54f:0x147649ccb3eb3ca8!8m2!3d25.6560943!4d-80.3274732!16s%2Fg%2F11r2mq33sd!19sChIJT6WRknHH2YgRqDzrs8xJdhQ?authuser=0&hl=en&g_ep=EgoyMDI2MTAwNy4wIJJjKgBIAVAD&rclk=1,4.5,413,"8279 SW 124th St, Miami, FL 33156",+1 786-981-6585,https://pinecrestemergencyvet.com/,mo 16:00-23:00; tu 16:00-23:00; we closed; th 16:00-23:00; fr 16:00-23:00; sa 10:00-23:00; su 10:00-23:00,2026-10-09,
VET_CLINIC,Miami Springs Animal Hospital,https://www.google.com/maps/place/Miami+Springs+Animal+Hospital/data=!4m7!3m6!1s0x88d9ba05fe549369:0xb208bee4e24f4f33!8m2!3d25.8215361!4d-80.2824694!16s%2Fg%2F1tf6m_sp!19sChIJaZNU_gW62YgRM09P4uS-CLI?authuser=0&hl=en&g_ep=EgoyMDI2MTAwNy4wIJJjKgBIAVAD&rclk=1,4.2,397,"9 Westward Dr, Miami Springs, FL 33166",+1 305-885-2000,http://www.miamispringsanimalhospital.com/,mo 08:00-18:30; tu 08:00-18:30; we 08:00-18:30; th 08:00-18:30; fr 08:00-18:30; sa 08:00-16:00; su closed,2026-10-09,
VET_CLINIC,Brickell Bay Animal Hospital,https://www.google.com/maps/place/Brickell+Bay+Animal+Hospital/data=!4m7!3m6!1s0x88d9b6824930b1f5:0xfb444334d7d94ac5!8m2!3d25.7651709!4d-80.1898836!16s%2Fg%2F11xkm3t4g!19sChIJ9bEwSYK22YgRxUrZ1zRDRPs?authuser=0&hl=en&g_ep=EgoyMDI2MTAwNy4wIJJjKgBIAVAD&rclk=1,4.5,394,"940 Brickell Bay Dr, Miami, FL 33131",+1 786-231-1111,http://www.bbah.com/,mo 08:00-18:30; tu 08:00-18:30; we 08:00-18:30; th 08:00-18:30; fr 08:00-18:30; sa 09:00-15:00; su closed,2026-10-09,
VET_CLINIC,Westwood Veterinary Clinic,https://www.google.com/maps/place/Westwood+Veterinary+Clinic/data=!4m7!3m6!1s0x88d9bf51f6c96fbd:0x1d18b55d0a163bdc!8m2!3d25.7330209!4d-80.3720714!16s%2Fg%2F1wk6_kwr!19sChIJvW_J9lG_2YgR3DsWCl21GB0?authuser=0&hl=en&g_ep=EgoyMDI2MTAwNy4wIJJjKgBIAVAD&rclk=1,4.5,389,"3960 SW 109th Ave, Miami, FL 33165",+1 305-553-0033,http://www.westwoodvetclinic.com/,mo 09:00-18:00; tu 09:00-18:00; we 09:00-18:00; th 09:00-18:00; fr 09:00-18:00; sa 09:00-16:00; su closed,2026-10-09,
VET_CLINIC,Sky Lake Animal Hospital,https://www.google.com/maps/place/Sky+Lake+Animal+Hospital/data=!4m7!3m6!1s0x88d9ac56abf8e3e9:0xb37e5b5b6c3e67c7!8m2!3d25.9478409!4d-80.1480016!16s%2Fg%2F1tfjgb7_!19sChIJ6eP4q1as2YgRx2c-bFtbfrM?authuser=0&hl=en&g_ep=EgoyMDI2MTAwNy4wIJJjKgBIAVAD&rclk=1,4.4,388,"2645 NE Miami Gardens Dr, Miami, FL 33180",+1 305-931-2113,https://skylakeanimalhospital.com/book-an-appointment/,mo 07:30-18:00; tu 07:30-18:00; we 07:30-18:00; th 07:30-18:00; fr 07:30-18:00; sa 09:00-14:00; su closed,2026-10-09,
VET_CLINIC,Biscayne Animal Hospital,https://www.google.com/maps/place/Biscayne+Animal+Hospital/data=!4m7!3m6!1s0x88d9b20ca930ec8d:0xbe68c859a87d85e2!8m2!3d25.8895061!4d-80.1654664!16s%2Fg%2F1wd3wvr7!19sChIJjewwqQyy2YgR4oV9qFnIaL4?authuser=0&hl=en&g_ep=EgoyMDI2MTAwNy4wIJJjKgBIAVAD&rclk=1,4.5,380,"1665 NE 123rd St, North Miami, FL 33181",+1 305-891-4323,https://biscayneanimalhospital.com/,mo 08:00-18:30; tu 08:00-18:30; we 08:00-18:30; th 08:00-18:30; fr 08:00-18:30; sa 08:00-14:00; su closed,2026-10-09,
VET_CLINIC,Animal Care & Surgical Hospital,https://www.google.com/maps/place/Animal+Care+%26+Surgical+Hospital/data=!4m7!3m6!1s0x88d9b8fcc08868af:0xdbd5dc5fe0a288f4!8m2!3d25.7614473!4d-80.3311564!16s%2Fg%2F12mkt2rrg!19sChIJr2iIwPy42YgR9Iii4F_c1ds?authuser=0&hl=en&g_ep=EgoyMDI2MTAwNy4wIJJjKgBIAVAD&rclk=1,4.8,379,"8376 SW 8th St, Miami, FL 33144",+1 305-264-8644,https://animal-care-and-surgical-hospital-laws.croisa.com/,mo 09:00-17:00; tu 09:00-17:00; we 09:00-17:00; th 09:00-17:00; fr 09:00-17:00; sa 09:00-14:00; su closed,2026-10-09,
VET_CLINIC,Coral Way Animal Clinic,https://www.google.com/maps/place/Coral+Way+Animal+Clinic/data=!4m7!3m6!1s0x14129c7a0c7c301d:0x77d9f6d981b14733!8m2!3d25.7548729!4d-80.2382087!16s%2Fg%2F11b75gp4p2!19sChIJHTB8DHqcEhQRM0exgdn22Xc?authuser=0&hl=en&g_ep=EgoyMDI2MTAwNy4wIJJjKgBIAVAD&rclk=1,4.5,379,"1801 SW 27th Ave, Miami, FL 33145",+1 305-381-0561,https://www.coralwayanimalclinic.us/,mo 09:00-19:00; tu 09:00-19:00; we 09:00-19:00; th 09:00-19:00; fr 09:00-19:00; sa 09:00-16:00; su closed,2026-10-09,
VET_CLINIC,Royal Vet - Animal Hospital on Miami Beach,https://www.google.com/maps/place/Royal+Vet+-+Animal+Hospital+on+Miami+Beach/data=!4m7!3m6!1s0x88d9b366bf2e9a4d:0x18b5dc5f5aa1e8fe!8m2!3d25.8141023!4d-80.1287484!16s%2Fg%2F11y87hc9c7!19sChIJTZouv2az2YgR_uihWl_ctRg?authuser=0&hl=en&g_ep=EgoyMDI2MTAwNy4wIJJjKgBIAVAD&rclk=1,4.9,378,"453 Arthur Godfrey Rd, Miami Beach, FL 33140",+1 305-590-5010,https://royalvet.com/locations/miami/miami-beach/,mo 08:00-20:00; tu 08:00-20:00; we 08:00-20:00; th 08:00-20:00; fr 08:00-20:00; sa 08:00-17:00; su 08:00-17:00,2026-10-09,
VET_CLINIC,Cutler Bay Animal Clinic,https://www.google.com/maps/place/Cutler+Bay+Animal+Clinic/data=!4m7!3m6!1s0x88d9c47a34381015:0x14d855451b3d636b!8m2!3d25.5900155!4d-80.3595469!16s%2Fg%2F1tgpc22p!19sChIJFRA4NHrE2YgRa2M9G0VV2BQ?authuser=0&hl=en&g_ep=EgoyMDI2MTAwNy4wIJJjKgBIAVAD&rclk=1,3.8,378,"18966 S Dixie Hwy, Cutler Bay, FL 33157",+1 305-251-4244,https://cutlerbayanimalclinic.com/,mo 09:00-18:00; tu 09:00-18:00; we 09:00-18:00; th 09:00-18:00; fr 09:00-18:00; sa 09:00-16:00; su closed,2026-10-09,
VET_CLINIC,Aussie Animal Hospital,https://www.google.com/maps/place/Aussie+Animal+Hospital/data=!4m7!3m6!1s0x88d9c47040fa66db:0xa0921bbdba5b24f2!8m2!3d25.5946664!4d-80.3553052!16s%2Fg%2F1tx1t_7g!19sChIJ22b6QHDE2YgR8iRbur0bkqA?authuser=0&hl=en&g_ep=EgoyMDI2MTAwNy4wIJJjKgBIAVAD&rclk=1,4.6,375,"18675 S Dixie Hwy, Cutler Bay, FL 33157",+1 305-235-7339,http://theaussieanimalhospital.com/,mo 08:00-18:00; tu 08:00-18:00; we 08:00-18:00; th 08:00-18:00; fr 08:00-18:00; sa 08:00-12:00; su closed,2026-10-09,
VET_CLINIC,VEG ER for Pets,https://www.google.com/maps/place/VEG+ER+for+Pets/data=!4m7!3m6!1s0x88d9c7fe02760f83:0xa7d0ca86c63b7980!8m2!3d25.6596136!4d-80.3258671!16s%2Fg%2F11wp4rj0vp!19sChIJgw92Av7H2YgRgHk7xobK0Kc?authuser=0&hl=en&g_ep=EgoyMDI2MTAwNy4wIJJjKgBIAVAD&rclk=1,4.7,370,"11921 S Dixie Hwy, Pinecrest, FL 33156",+1 305-615-1665,https://www.veterinaryemergencygroup.com/locations/pinecrest-fl,mo 24h; tu 24h; we 24h; th 24h; fr 24h; sa 24h; su 24h,2026-10-09,
VET_CLINIC,The Pet Emergency Room,https://www.google.com/maps/place/The+Pet+Emergency+Room/data=!4m7!3m6!1s0x88d9c7eb11c5021f:0xb81f400e802cc281!8m2!3d25.6977763!4d-80.2969453!16s%2Fg%2F1td3md8z!19sChIJHwLFEevH2YgRgcIsgA5AH7g?authuser=0&hl=en&g_ep=EgoyMDI2MTAwNy4wIJJjKgBIAVAD&rclk=1,3.5,359,"6394 S Dixie Hwy, South Miami, FL 33143",+1 305-666-4142,http://www.svrcflorida.com/,mo closed; tu 24h; we 24h; th 24h; fr 24h; sa 24h; su 24h,2026-10-09,
VET_CLINIC,Pou Veterinary Group,https://www.google.com/maps/place/Pou+Veterinary+Group/data=!4m7!3m6!1s0x88d9c0dc97fb8239:0xae9ef57f82b9097b!8m2!3d25.6873905!4d-80.3804802!16s%2Fg%2F1tf3pq5g!19sChIJOYL7l9zA2YgRewm5gn_1nq4?authuser=0&hl=en&g_ep=EgoyMDI2MTAwNy4wIJJjKgBIAVAD&rclk=1,4.5,355,"11549 N Kendall Dr, Miami, FL 33176",+1 305-598-1425,https://pouvetgroup.com/,mo 08:00-18:00; tu 08:00-18:00; we 08:00-18:00; th 08:00-18:00; fr 08:00-18:00; sa 08:00-14:00; su closed,2026-10-09,
VET_CLINIC,MIAMI WELFARE ANIMAL CLINIC,https://www.google.com/maps/place/MIAMI+WELFARE+ANIMAL+CLINIC/data=!4m7!3m6!1s0x88d9b8891cd3254f:0x82e174539abc6088!8m2!3d25.7339091!4d-80.3247952!16s%2Fg%2F11hbn9hclr!19sChIJTyXTHIm42YgRiGC8mlN04YI?authuser=0&hl=en&g_ep=EgoyMDI2MTAwNy4wIJJjKgBIAVAD&rclk=1,4.5,349,"7931 Bird Rd Unit 28-30, Miami, FL 33155",+1 786-616-8989,https://miamiwelfareanimalclinic.com/,mo 09:00-18:00; tu 09:00-18:00; we 09:00-18:00; th 09:00-18:00; fr 09:00-18:00; sa 09:00-18:00; su closed,2026-10-09,
VET_CLINIC,Coconut Grove Animal Clinic,https://www.google.com/maps/place/Coconut+Grove+Animal+Clinic/data=!4m7!3m6!1s0x88d9b7c50f6c307d:0x61fd3976513b00d4!8m2!3d25.7278011!4d-80.245287!16s%2Fg%2F1trrd_qc!19sChIJfTBsD8W32YgR1AA7UXY5_WE?authuser=0&hl=en&g_ep=EgoyMDI2MTAwNy4wIJJjKgBIAVAD&rclk=1,4.6,344,"3200 Grand Ave, Miami, FL 33133",+1 305-448-2123,http://www.coconutgroveanimalclinic.com/,"mo 09:00-12:00,14:00-16:30; tu 09:00-12:00,14:00-16:30; we 09:00-12:00,14:00-16:30; th 09:00-12:00,14:00-16:30; fr 09:00-12:00,14:00-16:30; sa 09:00-12:00,14:00-16:30; su closed",2026-10-09,
VET_CLINIC,VCA South Dade Animal Hospital,https://www.google.com/maps/place/VCA+South+Dade+Animal+Hospital/data=!4m7!3m6!1s0x88d9c7eb74bfe8d9:0x17eea0750acb9117!8m2!3d25.6876121!4d-80.3116247!16s%2Fg%2F1tdc60ht!19sChIJ2ei_dOvH2YgRF5HLCnWg7hc?authuser=0&hl=en&g_ep=EgoyMDI2MTAwNy4wIJJjKgBIAVAD&rclk=1,4.5,336,"7230 N Kendall Dr, Kendall, FL 33156",+1 305-661-2573,https://vcahospitals.com/south-dade?utm_source=maps&utm_medium=organic&utm_campaign=AU_1058,mo 08:00-19:00; tu 08:00-19:00; we 08:00-19:00; th 08:00-19:00; fr 08:00-19:00; sa 08:00-17:00; su closed,2026-10-09,
VET_CLINIC,Banfield Pet Hospital,https://www.google.com/maps/place/Banfield+Pet+Hospital/data=!4m7!3m6!1s0x88d9b7a4a6c51f11:0xb67510a01535c944!8m2!3d25.7497874!4d-80.2453558!16s%2Fg%2F1tplljrc!19sChIJER_FpqS32YgRRMk1FaAQdbY?authuser=0&hl=en&g_ep=EgoyMDI2MTAwNy4wIJJjKgBIAVAD&rclk=1,3.7,332,"3176 SW 22nd St, Miami, FL 33145",+1 786-796-2241,https://www.banfield.com/locations/veterinarians/fl/coral-gables/crg?utm_source=yext&utm_medium=yext&utm_campaign=yext&cid=yext_local,mo 08:00-18:00; tu 08:00-18:00; we 08:00-18:00; th 08:00-18:00; fr 08:00-18:00; sa 08:00-17:00; su 10:00-17:00,2026-10-09,
VET_CLINIC,Banfield Pet Hospital,https://www.google.com/maps/place/Banfield+Pet+Hospital/data=!4m7!3m6!1s0x88d9ac620a4a2681:0x20a19155236bba6c!8m2!3d25.9708157!4d-80.1410239!16s%2Fg%2F1w9y1x75!19sChIJgSZKCmKs2YgRbLprI1WRoSA?authuser=0&hl=en&g_ep=EgoyMDI2MTAwNy4wIJJjKgBIAVAD&rclk=1,3.5,331,"21095 Biscayne Blvd, Miami, FL 33180",+1 305-931-6613,https://www.banfield.com/locations/veterinarians/fl/aventura/ave?utm_source=yext&utm_medium=yext&utm_campaign=yext&cid=yext_local,mo 08:00-18:00; tu 08:00-18:00; we 08:00-18:00; th 08:00-18:00; fr 08:00-18:00; sa 08:00-17:00; su 10:00-17:00,2026-10-09,
VET_CLINIC,Miami Shores Animal Clinic,https://www.google.com/maps/place/Miami+Shores+Animal+Clinic/data=!4m7!3m6!1s0x88d9b1967949775d:0xa169b50b9b5a72eb!8m2!3d25.8690369!4d-80.2075565!16s%2Fg%2F1tgfxf76!19sChIJXXdJeZax2YgR63Jamwu1aaE?authuser=0&hl=en&g_ep=EgoyMDI2MTAwNy4wIJJjKgBIAVAD&rclk=1,4.3,329,"570 NW 103rd St, Miami, FL 33150",+1 305-757-3030,https://www.miamishoresanimalclinic.com/,mo 07:00-19:00; tu 07:00-19:00; we 07:00-19:00; th 07:00-19:00; fr 07:00-19:00; sa 07:00-19:00; su closed,2026-10-09,
VET_CLINIC,Eureka Animal Clinic,https://www.google.com/maps/place/Eureka+Animal+Clinic/data=!4m7!3m6!1s0x88d9c38e4005c1cb:0x2dddf5da1d764bd5!8m2!3d25.5971291!4d-80.3758255!16s%2Fg%2F1tfbz85y!19sChIJy8EFQI7D2YgR1Ut2Hdr13S0?authuser=0&hl=en&g_ep=EgoyMDI2MTAwNy4wIJJjKgBIAVAD&rclk=1,4.7,326,"11326 SW 184th St, Miami, FL 33157",+1 786-933-8697,https://eurekaanimalclinic.com/,mo 09:00-22:00; tu 09:00-22:00; we 09:00-22:00; th 09:00-22:00; fr 09:00-22:00; sa 09:00-22:00; su closed,2026-10-09,
VET_CLINIC,Parajon Animal Clinic,https://www.google.com/maps/place/Parajon+Animal+Clinic/data=!4m7!3m6!1s0x88d9b7069319e167:0x878ba5e9f587ef07!8m2!3d25.7653445!4d-80.2399747!16s%2Fg%2F1tdm93qp!19sChIJZ-EZkwa32YgRB--H9emli4c?authuser=0&hl=en&g_ep=EgoyMDI2MTAwNy4wIJJjKgBIAVAD&rclk=1,4.0,325,"2751 SW 8th St, Miami, FL 33135",+1 305-856-2885,https://rymaps.xyz/business/parajon-animal-clinic-523uik,mo 09:00-17:00; tu 09:00-17:00; we 09:00-17:00; th 09:00-17:00; fr 09:00-17:00; sa 09:00-14:00; su closed,2026-10-09,
VET_CLINIC,Miller Pets Animal Hospital,https://www.google.com/maps/place/Miller+Pets+Animal+Hospital/data=!4m7!3m6!1s0x88d9c1954bf23997:0x4379470fbefc8376!8m2!3d25.7146818!4d-80.3665077!16s%2Fg%2F1tf7yjg8!19sChIJlznyS5XB2YgRdoP8vg9HeUM?authuser=0&hl=en&g_ep=EgoyMDI2MTAwNy4wIJJjKgBIAVAD&rclk=1,4.6,324,"5629 SW 107th Ave, Miami, FL 33173",+1 305-274-9800,https://millerpetsanimalhospital.com/,mo 09:00-17:00; tu 09:00-17:00; we 09:00-17:00; th 09:00-17:00; fr 09:00-17:00; sa 09:00-15:00; su closed,2026-10-09,
VET_CLINIC,Miami Vet Group,https://www.google.com/maps/place/Miami+Vet+Group/data=!4m7!3m6!1s0x88d9c75f7e1f41c9:0xb85c5e56cba2e4a0!8m2!3d25.6534176!4d-80.3289033!16s%2Fg%2F11vm22ns9b!19sChIJyUEffl_H2YgRoOSiy1ZeXLg?authuser=0&hl=en&g_ep=EgoyMDI2MTAwNy4wIJJjKgBIAVAD&rclk=1,5.0,323,"12521 S Dixie Hwy, Pinecrest, FL 33156",+1 786-713-0863,http://www.miamivetgroup.com/,mo 08:30-18:00; tu 08:30-18:00; we 08:30-18:00; th 08:30-18:00; fr 08:30-18:00; sa 08:30-14:00; su closed,2026-10-09,
VET_CLINIC,Paradise Animal Clinic,https://www.google.com/maps/place/Paradise+Animal+Clinic/data=!4m7!3m6!1s0x88d9bb4f47e2e9b3:0x30aeac0ede275b94!8m2!3d25.8977254!4d-80.3497907!16s%2Fg%2F1tjs5rck!19sChIJs-niR0-72YgRlFsn3g6srjA?authuser=0&hl=en&g_ep=EgoyMDI2MTAwNy4wIJJjKgBIAVAD&rclk=1,4.4,319,"3300 W 84th St #19, Hialeah, FL 33018",+1 305-817-8488,https://paradiseanimalclinic.net/,mo 09:00-16:00; tu 09:00-16:00; we 09:00-16:00; th closed; fr 09:00-13:00; sa 09:00-13:00; su closed,2026-10-09,
VET_CLINIC,Banfield Pet Hospital,https://www.google.com/maps/place/Banfield+Pet+Hospital/data=!4m7!3m6!1s0x88d9bb109c92e141:0xa0edc5a83ea957f3!8m2!3d25.8764795!4d-80.3330755!16s%2Fg%2F11g8xjy0cr!19sChIJQeGSnBC72YgR81epPqjF7aA?authuser=0&hl=en&g_ep=EgoyMDI2MTAwNy4wIJJjKgBIAVAD&rclk=1,4.3,318,"2480 W 60th St, Hialeah, FL 33016",+1 305-820-1237,https://www.banfield.com/locations/veterinarians/fl/hialeah/hlf?utm_source=yext&utm_medium=yext&utm_campaign=yext&cid=yext_local,mo 08:00-18:00; tu 08:00-18:00; we 08:00-18:00; th 08:00-18:00; fr 08:00-18:00; sa 08:00-17:00; su closed,2026-10-09,
VET_CLINIC,Furever Friends Animal Hospital,https://www.google.com/maps/place/Furever+Friends+Animal+Hospital/data=!4m7!3m6!1s0x88d9bbedc77893f3:0x93fccdd74d960218!8m2!3d25.8861179!4d-80.307252!16s%2Fg%2F11hzd10vk4!19sChIJ85N4x-272YgRGAKWTdfN_JM?authuser=0&hl=en&g_ep=EgoyMDI2MTAwNy4wIJJjKgBIAVAD&rclk=1,4.4,316,"6985 W 12th Ave, Hialeah, FL 33014",+1 786-437-4700,https://fureverfriendsvet.com/,mo 09:00-18:00; tu 09:00-20:00; we 09:00-18:00; th 09:00-20:00; fr 09:00-20:00; sa 09:00-14:00; su closed,2026-10-09,
VET_CLINIC,Bayshore Veterinary Clinic,https://www.google.com/maps/place/Bayshore+Veterinary+Clinic/data=!4m7!3m6!1s0x88d9ad8e3c3017cf:0xcf4d9ee73c11bb5a!8m2!3d25.9058473!4d-80.15773!16s%2Fg%2F1td6t0jt!19sChIJzxcwPI6t2YgRWrsRPOeeTc8?authuser=0&hl=en&g_ep=EgoyMDI2MTAwNy4wIJJjKgBIAVAD&rclk=1,4.4,315,"2043 NE 140th St, North Miami Beach, FL 33181",+1 305-940-2287,http://bayshorevetclinic.com/,mo 08:00-17:30; tu 08:00-17:30; we 08:00-17:30; th 08:00-17:30; fr 08:00-17:30; sa 08:30-14:00; su closed,2026-10-09,
VET_CLINIC,Wags Animal Hospital,https://www.google.com/maps/place/Wags+Animal+Hospital/data=!4m7!3m6!1s0x88d9b53df78a0523:0xb9168a7647ffac3a!8m2!3d25.768071!4d-80.1858544!16s%2Fg%2F11gjhkwszl!19sChIJIwWK9z212YgROqz_R3aKFrk?authuser=0&hl=en&g_ep=EgoyMDI2MTAwNy4wIJJjKgBIAVAD&rclk=1,4.7,314,"691 Brickell Key Dr, Miami, FL 33131",+1 305-603-9697,http://www.wagsbrickellkey.com/?utm_campaign=gmb,mo 09:00-18:00; tu 09:00-18:00; we 09:00-18:00; th closed; fr 09:00-18:00; sa 09:00-18:00; su closed,2026-10-09,
VET_CLINIC,GOPET Hospital,https://www.google.com/maps/place/GOPET+Hospital/data=!4m7!3m6!1s0x88d9ad921d5bebf3:0x888dba509d345dba!8m2!3d25.8956823!4d-80.1629749!16s%2Fg%2F11t893297k!19sChIJ8-tbHZKt2YgRul00nVC6jYg?authuser=0&hl=en&g_ep=EgoyMDI2MTAwNy4wIJJjKgBIAVAD&rclk=1,4.4,313,"12870 Biscayne Blvd, North Miami, FL 33181",+1 305-891-5116,http://www.gopethospital.com/,mo 08:00-17:00; tu 08:00-17:00; we 08:00-17:00; th 08:00-17:00; fr 08:00-17:00; sa 08:00-14:00; su closed,2026-10-09,
VET_CLINIC,Miami Lakes Veterinary Clinic,https://www.google.com/maps/place/Miami+Lakes+Veterinary+Clinic/data=!4m7!3m6!1s0x88d9a4d6df1cdb45:0x58f1d7fac3568157!8m2!3d25.9152082!4d-80.3267543!16s%2Fg%2F1vgx1kcf!19sChIJRdsc39ak2YgRV4FWw_rX8Vg?authuser=0&hl=en&g_ep=EgoyMDI2MTAwNy4wIJJjKgBIAVAD&rclk=1,4.7,312,"15504 NW 77th Ct, Miami Lakes, FL 33016",+1 305-362-5777,https://www.miamilakesvet.com/,mo 07:00-19:00; tu 07:00-17:00; we 07:00-19:00; th 07:00-17:00; fr 07:00-17:00; sa 07:00-12:00; su closed,2026-10-09,
VET_CLINIC,Silver Bluff Animal Clinic,https://www.google.com/maps/place/Silver+Bluff+Animal+Clinic/data=!4m7!3m6!1s0x88d9b7b17e5ee665:0x9b673d33de6a0157!8m2!3d25.7451908!4d-80.2378596!16s%2Fg%2F1tlqqsv9!19sChIJZeZefrG32YgRVwFq3jM9Z5s?authuser=0&hl=en&g_ep=EgoyMDI2MTAwNy4wIJJjKgBIAVAD&rclk=1,4.5,309,"2515 SW 27th Ave, Miami, FL 33133",+1 305-859-7979,http://www.silverbluffanimalclinic.com/,mo 07:30-17:30; tu 07:30-17:30; we 07:30-17:30; th 07:30-17:30; fr 07:30-17:30; sa 07:30-13:00; su closed,2026-10-09,
VET_CLINIC,Dixie Animal Hospital,https://www.google.com/maps/place/Dixie+Animal+Hospital/data=!4m7!3m6!1s0x88d9c6995f859cc3:0xe2a74b5f38d28c0b!8m2!3d25.6333616!4d-80.3380654!16s%2Fg%2F1tg2f8yp!19sChIJw5yFX5nG2YgRC4zSOF9Lp-I?authuser=0&hl=en&g_ep=EgoyMDI2MTAwNy4wIJJjKgBIAVAD&rclk=1,4.7,306,"14701 S Dixie Hwy, Palmetto Bay, FL 33176",+1 305-238-5161,https://www.dixieanimalhospital.com/,mo 08:00-17:00; tu 08:00-17:00; we 08:00-17:00; th 08:00-17:00; fr 08:00-17:00; sa 08:00-14:00; su closed,2026-10-09,
VET_CLINIC,Pet House Animal Clinic,https://www.google.com/maps/place/Pet+House+Animal+Clinic/data=!4m7!3m6!1s0x88d9b2ddf827e1a5:0xcbb09e8ead934edd!8m2!3d25.8525804!4d-80.1207969!16s%2Fg%2F1vb9dw4b!19sChIJpeEn-N2y2YgR3U6TrY6esMs?authuser=0&hl=en&g_ep=EgoyMDI2MTAwNy4wIJJjKgBIAVAD&rclk=1,4.7,305,"6800 Collins Ave, Miami Beach, FL 33141",+1 305-868-1718,https://www.instagram.com/pethouseclinic/,mo 09:00-18:00; tu 09:00-18:00; we 09:00-18:00; th 09:00-18:00; fr 09:00-16:00; sa 09:00-13:00; su closed,2026-10-09,
VET_CLINIC,Westchester Animal Hospital,https://www.google.com/maps/place/Westchester+Animal+Hospital/data=!4m7!3m6!1s0x88d9b8ece80f3ecd:0x25f0ced9f47699a7!8m2!3d25.744774!4d-80.336019!16s%2Fg%2F1tkf1skx!19sChIJzT4P6Oy42YgRp5l29NnO8CU?authuser=0&hl=en&g_ep=EgoyMDI2MTAwNy4wIJJjKgBIAVAD&rclk=1,4.8,301,"2730 SW 87th Ave, Miami, FL 33165",+1 305-221-1224,https://wahmiami.com/,mo 09:00-18:00; tu 09:00-18:00; we 09:00-18:00; th 09:00-18:00; fr 09:00-18:00; sa 09:00-14:00; su closed,2026-10-09,
VET_CLINIC,Doral Welfare Animal Hospital,https://www.google.com/maps/place/Doral+Welfare+Animal+Hospital/data=!4m7!3m6!1s0x88d9b97ea26da069:0x1f35d04e2f0bcfb9!8m2!3d25.8086972!4d-80.3261025!16s%2Fg%2F11c2m96lpf!19sChIJaaBton652YgRuc8LL07QNR8?authuser=0&hl=en&g_ep=EgoyMDI2MTAwNy4wIJJjKgBIAVAD&rclk=1,4.7,300,"7930 NW 36th St Ste 25, Doral, FL 33166",+1 786-717-6969,https://doral-welfare-animal-hospital.croisa.com/,mo 09:00-18:00; tu 09:00-18:00; we 09:00-18:00; th 09:00-18:00; fr 09:00-18:00; sa 09:00-14:00; su closed,2026-10-09,
VET_CLINIC,Adams Veterinary Clinic,https://www.google.com/maps/place/Adams+Veterinary+Clinic/data=!4m7!3m6!1s0x88d9b3d48c587d9b:0xa23dfe50bfee99d4!8m2!3d25.8476008!4d-80.1830833!16s%2Fg%2F1vg_82qs!19sChIJm31YjNSz2YgR1Jnuv1D-PaI?authuser=0&hl=en&g_ep=EgoyMDI2MTAwNy4wIJJjKgBIAVAD&rclk=1,4.5,297,"672 NE 79th St, Miami, FL 33138",+1 954-210-9285,https://adamsvetmiami.com/?utm_source=GMBlisting&utm_medium=organic&utm_campaign=gmb,"mo 08:00-12:00,14:00-17:00; tu 08:00-12:00,14:00-17:00; we 08:00-12:00,14:00-17:00; th 08:00-12:00,14:00-17:00; fr 08:00-12:00,14:00-17:00; sa 08:00-12:00; su closed",2026-10-09,
VET_CLINIC,Isa Animal Clinic,https://www.google.com/maps/place/Isa+Animal+Clinic/data=!4m7!3m6!1s0x88d9bf833a342ea1:0x24cbc6a28f2abfda!8m2!3d25.7422426!4d-80.4170428!16s%2Fg%2F11gwmlh316!19sChIJoS40OoO_2YgR2r8qj6LGyyQ?authuser=0&hl=en&g_ep=EgoyMDI2MTAwNy4wIJJjKgBIAVAD&rclk=1,4.9,295,"2724 SW 137th Ave, Miami, FL 33175",+1 305-646-1590,https://www.animalclinictamiami.com/,mo 09:00-21:00; tu 09:00-21:00; we 09:00-21:00; th 09:00-21:00; fr 09:00-21:00; sa 09:00-12:00; su closed,2026-10-09,
VET_CLINIC,Vetco Total Care,https://www.google.com/maps/place/Vetco+Total+Care/data=!4m7!3m6!1s0x88d9c5843eed5663:0x2ad176e4132fef9e!8m2!3d25.5966991!4d-80.3534661!16s%2Fg%2F11mqls8bd8!19sChIJY1btPoTF2YgRnu8vE-R20So?authuser=0&hl=en&g_ep=EgoyMDI2MTAwNy4wIJJjKgBIAVAD&rclk=1,4.8,293,"18579 S Dixie Hwy, Miami, FL 33157",+1 305-539-9620,https://stores.petco.com/fl/miami/vet-hospital-miami-fl-2712.html?utm_source=google&utm_campaign=locallist_2712_vtc,mo 08:00-18:00; tu 08:00-18:00; we 08:00-18:00; th 08:00-18:00; fr 08:00-18:00; sa 08:00-18:00; su closed,2026-10-09,
VET_CLINIC,Hammocks Veterinary Hospital,https://www.google.com/maps/place/Hammocks+Veterinary+Hospital/data=!4m7!3m6!1s0x88d9c1ce66aed5f9:0x7fd9822ddc96db22!8m2!3d25.6724971!4d-80.4434956!16s%2Fg%2F1tm13dnz!19sChIJ-dWuZs7B2YgRItuW3C2C2X8?authuser=0&hl=en&g_ep=EgoyMDI2MTAwNy4wIJJjKgBIAVAD&rclk=1,4.8,291,"10201 Hammocks Blvd #103, Miami, FL 33196",+1 786-708-0509,http://hammocksvet.com/,mo 08:00-17:00; tu 08:00-17:00; we closed; th 08:00-17:00; fr 08:00-17:00; sa 08:00-14:00; su closed,2026-10-09,
VET_CLINIC,Animal Medical Center & Spa,https://www.google.com/maps/place/Animal+Medical+Center+%26+Spa/data=!4m7!3m6!1s0x88d9c01b62b55653:0xdfda96ed245302c5!8m2!3d25.715058!4d-80.4478956!16s%2Fg%2F1tfcjkr1!19sChIJU1a1YhvA2YgRxQJTJO2W2t8?authuser=0&hl=en&g_ep=EgoyMDI2MTAwNy4wIJJjKgBIAVAD&rclk=1,4.4,291,"15703 SW 56th St, Miami, FL 33185",+1 305-222-7387,https://animalmedicalcentermiami.com/?utm_medium=referral&utm_source=gmb&utm_campaign=lnk-gmb,mo 08:00-17:00; tu 08:00-17:00; we 09:00-14:00; th 08:00-17:00; fr 08:00-17:00; sa 09:00-14:00; su closed,2026-10-09,
VET_CLINIC,E & L Animal Clinic,https://www.google.com/maps/place/E+%26+L+Animal+Clinic/data=!4m7!3m6!1s0x88d9bb390a803c79:0x2d919861c339036e!8m2!3d25.8928542!4d-80.3396018!16s%2Fg%2F1tjxgg7r!19sChIJeTyACjm72YgRbgM5w2GYkS0?authuser=0&hl=en&g_ep=EgoyMDI2MTAwNy4wIJJjKgBIAVAD&rclk=1,4.7,283,"7751 W 28th Ave #8, Hialeah, FL 33016",+1 305-698-5555,http://eandlac.com/,mo 08:00-17:00; tu 08:00-17:00; we 08:00-17:00; th 08:00-17:00; fr 08:00-17:00; sa 08:00-14:00; su closed,2026-10-09,
VET_CLINIC,Vetco Total Care,https://www.google.com/maps/place/Vetco+Total+Care/data=!4m7!3m6!1s0x88d9dd93cc48d5c3:0x9926a16e35ff1a77!8m2!3d25.4804438!4d-80.4410837!16s%2Fg%2F11p0bw2cdl!19sChIJw9VIzJPd2YgRdxr_NW6hJpk?authuser=0&hl=en&g_ep=EgoyMDI2MTAwNy4wIJJjKgBIAVAD&rclk=1,4.7,280,"2565 NE 10th Ct, Homestead, FL 33033",+1 305-359-6957,https://stores.petco.com/fl/homestead/vet-hospital-homestead-fl-1516.html?utm_source=google&utm_campaign=locallist_1516_vtc,mo 08:00-18:00; tu 08:00-18:00; we 08:00-18:00; th 08:00-18:00; fr 08:00-18:00; sa 08:00-18:00; su closed,2026-10-09,
VET_CLINIC,Vet To Pet After Hours Animal Clinic,https://www.google.com/maps/place/Vet+To+Pet+After+Hours+Animal+Clinic/data=!4m7!3m6!1s0x88d9bb1ce738d683:0x914ac65d24a74968!8m2!3d25.8726412!4d-80.3245747!16s%2Fg%2F11c3296318!19sChIJg9Y45xy72YgRaEmnJF3GSpE?authuser=0&hl=en&g_ep=EgoyMDI2MTAwNy4wIJJjKgBIAVAD&rclk=1,4.2,279,"2050 W 56th St #10, Hialeah, FL 33016",+1 786-409-2046,http://www.vettopetshialeah.com/,"mo 18:00-23:00; tu 18:00-23:00; we 18:00-23:00; th 18:00-23:00; fr 18:00-23:00; sa 09:00-15:00,18:00-23:00; su 12:00-17:00",2026-10-09,
VET_CLINIC,Pet Care Now,https://www.google.com/maps/place/Pet+Care+Now/data=!4m7!3m6!1s0x88d9c68d3dff03b1:0x5bd70b517b4ae7f6!8m2!3d25.652383!4d-80.3286486!16s%2Fg%2F1ptx33xjb!19sChIJsQP_PY3G2YgR9udKe1EL11s?authuser=0&hl=en&g_ep=EgoyMDI2MTAwNy4wIJJjKgBIAVAD&rclk=1,4.4,273,"12683 S Dixie Hwy, Miami, FL 33156",+1 305-251-2096,https://petcarenowmiami.com/,mo 15:00-22:00; tu 10:00-22:00; we 12:00-22:00; th 12:00-22:00; fr 10:00-22:00; sa 14:00-22:00; su 10:00-22:00,2026-10-09,
VET_CLINIC,Carballo Animal Clinic,https://www.google.com/maps/place/Carballo+Animal+Clinic/data=!4m7!3m6!1s0x88d9b8e347c8573f:0xd37ef6ac3a558e9b!8m2!3d25.7609462!4d-80.3332508!16s%2Fg%2F1td018qt!19sChIJP1fIR-O42YgRm45VOqz2ftM?authuser=0&hl=en&g_ep=EgoyMDI2MTAwNy4wIJJjKgBIAVAD&rclk=1,4.8,272,"8468 SW 8th St, Miami, FL 33144",+1 305-552-9121,https://carballoac.com/,mo 09:00-19:00; tu 09:00-17:00; we 09:00-19:00; th 09:00-17:00; fr 09:00-16:00; sa 09:00-15:00; su closed,2026-10-09,
VET_CLINIC,Redland Animal Hospital,https://www.google.com/maps/place/Redland+Animal+Hospital/data=!4m7!3m6!1s0x88d9e7dde387ed1d:0xea29855dfd9d34a2!8m2!3d25.5351084!4d-80.4787998!16s%2Fg%2F1tj53dhm!19sChIJHe2H493n2YgRojSd_V2FKeo?authuser=0&hl=en&g_ep=EgoyMDI2MTAwNy4wIJJjKgBIAVAD&rclk=1,4.6,270,"24840 SW 177th Ave, Homestead, FL 33031",+1 305-245-5553,http://redlandanimalhospital.com/,mo 08:00-18:00; tu 08:00-18:00; we 08:00-18:00; th 08:00-18:00; fr 08:00-18:00; sa closed; su closed,2026-10-09,
VET_CLINIC,Quail Roost Animal Hospital,https://www.google.com/maps/place/Quail+Roost+Animal+Hospital/data=!4m7!3m6!1s0x88d9c4765818c031:0xc19193d8c49dbaa9!8m2!3d25.5964769!4d-80.3632669!16s%2Fg%2F1tvr_j7w!19sChIJMcAYWHbE2YgRqbqdxNiTkcE?authuser=0&hl=en&g_ep=EgoyMDI2MTAwNy4wIJJjKgBIAVAD&rclk=1,4.8,268,"10575 SW 186th St, Cutler Bay, FL 33157",+1 305-235-4991,,mo 08:00-18:00; tu 08:00-18:00; we 08:00-18:00; th 08:00-18:00; fr 08:00-18:00; sa 08:00-12:00; su closed,2026-10-09,
VET_CLINIC,Country Walk Animal Hospital,https://www.google.com/maps/place/Country+Walk+Animal+Hospital/data=!4m7!3m6!1s0x88d9c220cd34b151:0x7e87570fba1c184c!8m2!3d25.6267234!4d-80.4163759!16s%2Fg%2F1td2hqd4!19sChIJUbE0zSDC2YgRTBgcug9Xh34?authuser=0&hl=en&g_ep=EgoyMDI2MTAwNy4wIJJjKgBIAVAD&rclk=1,4.8,257,"13773 SW 152nd St, Miami, FL 33177",+1 305-238-4386,http://countrywalkvet.com/,mo 07:30-18:00; tu 07:30-18:00; we 07:30-18:00; th 07:30-18:00; fr 07:30-18:00; sa 08:00-12:00; su closed,2026-10-09,
VET_CLINIC,Animal Eye Guys - Miami Gardens,https://www.google.com/maps/place/Animal+Eye+Guys+-+Miami+Gardens/data=!4m7!3m6!1s0x88d9ae93973c6c0d:0xf15b084a6bf9d597!8m2!3d25.9615605!4d-80.2062404!16s%2Fg%2F11hcz1w6kq!19sChIJDWw8l5Ou2YgRl9X5a0oIW_E?authuser=0&hl=en&g_ep=EgoyMDI2MTAwNy4wIJJjKgBIAVAD&rclk=1,4.6,249,"20290 NW 2nd Ave, Miami Gardens, FL 33169",+1 954-826-8871,https://animaleyeguys.com/,mo 08:00-18:00; tu 08:00-18:00; we 08:00-18:00; th 08:00-18:00; fr 08:00-18:00; sa 08:00-18:00; su closed,2026-10-09,
VET_CLINIC,Viamonte Veterinary Clinic,https://www.google.com/maps/place/Viamonte+Veterinary+Clinic/data=!4m7!3m6!1s0x88d9b70b7d52110d:0x4038b3de980e0e9f!8m2!3d25.754276!4d-80.2382257!16s%2Fg%2F11fkrkwlbg!19sChIJDRFSfQu32YgRnw4OmN6zOEA?authuser=0&hl=en&g_ep=EgoyMDI2MTAwNy4wIJJjKgBIAVAD&rclk=1,4.4,248,"1835 SW 27th Ave, Miami, FL 33145",+1 305-857-0096,https://viamontevetclinic.com/,mo 08:00-17:00; tu 08:00-18:00; we 08:00-18:00; th 08:00-18:00; fr 08:00-18:00; sa 08:00-17:00; su closed,2026-10-09,
VET_CLINIC,Biscayne Vet Center,https://www.google.com/maps/place/Biscayne+Vet+Center/data=!4m7!3m6!1s0x88d9b3dfaa3857a9:0xe09e732dd6869464!8m2!3d25.8296806!4d-80.1850672!16s%2Fg%2F1th0z4mh!19sChIJqVc4qt-z2YgRZJSG1i1znuA?authuser=0&hl=en&g_ep=EgoyMDI2MTAwNy4wIJJjKgBIAVAD&rclk=1,4.4,242,"5841 Biscayne Blvd #2638, Miami, FL 33137",+1 305-575-1190,http://www.biscaynevetcenter.com/,mo 08:00-16:00; tu 08:00-16:00; we 08:00-16:00; th 08:00-16:00; fr 08:00-16:00; sa 08:00-12:00; su closed,2026-10-09,
VET_CLINIC,South Miami Animal Clinic,https://www.google.com/maps/place/South+Miami+Animal+Clinic/data=!4m7!3m6!1s0x88d9c7eef53ba163:0x536435284f7b3703!8m2!3d25.7020165!4d-80.291876!16s%2Fg%2F1tdl2cbb!19sChIJY6E79e7H2YgRAzd7Tyg1ZFM?authuser=0&hl=en&g_ep=EgoyMDI2MTAwNy4wIJJjKgBIAVAD&rclk=1,4.8,240,"6100 S Dixie Hwy, South Miami, FL 33143",+1 305-667-7238,https://petpaws.net/,mo closed; tu 08:30-18:00; we 08:30-18:00; th 08:30-18:00; fr 08:30-18:00; sa 08:30-15:00; su closed,2026-10-09,
VET_CLINIC,Miami-Dade Animal Services Community Spay/Neuter Clinic,https://www.google.com/maps/place/Miami-Dade+Animal+Services+Community+Spay%2FNeuter+Clinic/data=!4m7!3m6!1s0x88d9e766a9d13ca9:0x940de9f71c03e21c!8m2!3d25.4756771!4d-80.4610426!16s%2Fg%2F11csb0ldnx!19sChIJqTzRqWbn2YgRHOIDHPfpDZQ?authuser=0&hl=en&g_ep=EgoyMDI2MTAwNy4wIJJjKgBIAVAD&rclk=1,4.5,240,"1034 NE 8th St, Homestead, FL 33030",+1 305-468-5900,https://www.miamidade.gov/global/service.page?Mduid_service=ser1596212865055119,mo closed; tu 08:30-15:00; we 08:30-15:00; th 08:30-15:00; fr 08:30-15:00; sa 08:30-15:00; su closed,2026-10-09,
VET_CLINIC,Red Bird Animal Clinic,https://www.google.com/maps/place/Red+Bird+Animal+Clinic/data=!4m7!3m6!1s0x88d9b81a01cebfed:0x57d89586e45a3ecc!8m2!3d25.7347692!4d-80.2878848!16s%2Fg%2F1tm0cm0_!19sChIJ7b_OARq42YgRzD5a5IaV2Fc?authuser=0&hl=en&g_ep=EgoyMDI2MTAwNy4wIJJjKgBIAVAD&rclk=1,4.8,239,"5753 Bird Rd, Miami, FL 33155",+1 305-661-6466,http://www.redbirdanimalclinic.com/,mo 08:00-17:00; tu 08:00-17:00; we 08:00-17:00; th 08:00-17:00; fr 08:00-17:00; sa 08:00-12:00; su closed,2026-10-09,
GROOMING,Tito's Dog Grooming Miami,https://www.google.com/maps/place/Tito%27s+Dog+Grooming+Miami/data=!4m7!3m6!1s0x88d9b914a895d34d:0x1a5a4379c79df47a!8m2!3d25.8343433!4d-80.3320324!16s%2Fg%2F11h00kqmb3!19sChIJTdOVqBS52YgRevSdx3lDWho?authuser=0&hl=en&g_ep=EgoyMDI2MTAwNy4wIJJjKgBIAVAD&rclk=1,4.8,2255,"8309 NW 66th St Medley, Miami, FL 33166",+1 305-767-5518,http://titosdoggrooming.com/,mo 09:00-18:00; tu 09:00-18:00; we 09:00-18:00; th 09:00-18:00; fr 09:00-18:00; sa 09:00-18:00; su 09:00-18:00,2026-10-09,
GROOMING,Nadia Mobile Grooming,https://www.google.com/maps/place/Nadia+Mobile+Grooming/data=!4m7!3m6!1s0x88d9ba58e51bc43d:0xa6dbd68c3f1b6240!8m2!3d25.8561664!4d-80.3076704!16s%2Fg%2F11bwpd6qpt!19sChIJPcQb5Vi62YgRQGIbP4zW26Y?authuser=0&hl=en&g_ep=EgoyMDI2MTAwNy4wIJJjKgBIAVAD&rclk=1,4.7,1960,"3780 W 12th Ave, Hialeah, FL 33012",+1 786-258-6999,https://rymaps.xyz/business/nadia-mobile-grooming-o6kk3g,mo 07:00-21:00; tu 07:00-21:00; we 07:00-21:00; th 07:00-21:00; fr 07:00-21:00; sa 07:00-21:00; su 07:00-19:00,2026-10-09,
GROOMING,The Well Groomed Gentleman - Barbershop,https://www.google.com/maps/place/The+Well+Groomed+Gentleman+-+Barbershop/data=!4m7!3m6!1s0x88d9b7977ee250c3:0x47b1e663273a969a!8m2!3d25.7493723!4d-80.257373!16s%2Fg%2F11b6syl4vn!19sChIJw1Difpe32YgRmpY6J2PmsUc?authuser=0&hl=en&g_ep=EgoyMDI2MTAwNy4wIJJjKgBIAVAD&rclk=1,4.7,1609,"130 Miracle Mile, Coral Gables, FL 33134",+1 786-353-2196,https://thewellgroomedgentleman.com/,mo 09:00-20:00; tu 09:00-20:00; we 09:00-20:00; th 09:00-20:00; fr 09:00-20:00; sa 09:00-19:00; su 09:00-18:00,2026-10-09,
GROOMING,Golden Mobile Grooming,https://www.google.com/maps/place/Golden+Mobile+Grooming/data=!4m7!3m6!1s0x88d9bbc6b27e930f:0x8c38442685054951!8m2!3d25.8340242!4d-80.3320163!16s%2Fg%2F11kjf9bjrg!19sChIJD5N-ssa72YgRUUkFhSZEOIw?authuser=0&hl=en&g_ep=EgoyMDI2MTAwNy4wIJJjKgBIAVAD&rclk=1,4.9,1337,"8313 NW 66th St, Miami, FL 33166",+1 786-769-6161,http://www.goldenmobilegrooming.com/,mo 07:00-20:00; tu 07:00-20:00; we 07:00-20:00; th 07:00-20:00; fr 07:00-20:00; sa 07:00-20:00; su 07:00-20:00,2026-10-09,
GROOMING,Amore Pet Grooming (Mobile),https://www.google.com/maps/place/Amore+Pet+Grooming+%28Mobile%29/data=!4m7!3m6!1s0x88d9a51ac4a1113d:0x436d63cc90110dec!8m2!3d25.8726412!4d-80.3245747!16s%2Fg%2F11bwhfsc_r!19sChIJPRGhxBql2YgR7A0RkMxjbUM?authuser=0&hl=en&g_ep=EgoyMDI2MTAwNy4wIJJjKgBIAVAD&rclk=1,4.9,1332,"2050 W 56th St Ste 1-7, Hialeah, FL 33016",+1 786-587-3343,http://amorepetgrooming.com/,mo 08:00-19:00; tu 08:00-19:00; we 08:00-19:00; th 08:00-19:00; fr 08:00-19:00; sa 08:00-19:00; su closed,2026-10-09,
GROOMING,Bimbo’s Mobile Pet Grooming,https://www.google.com/maps/place/Bimbo%E2%80%99s+Mobile+Pet+Grooming/data=!4m7!3m6!1s0x49125a2521a25dd9:0xda21c45a52e57ee!8m2!3d25.8378116!4d-80.365607!16s%2Fg%2F11v070z1dg!19sChIJ2V2iISVaEkkR7lcupUUcog0?authuser=0&hl=en&g_ep=EgoyMDI2MTAwNy4wIJJjKgBIAVAD&rclk=1,5.0,1326,"10369 NW 70th Ln, Doral, FL 33178",+1 786-452-3226,https://bimbospetgrooming.com/,mo 08:00-19:00; tu 08:00-19:00; we 08:00-19:00; th 08:00-19:00; fr 08:00-19:00; sa 08:00-19:00; su 08:00-19:00,2026-10-09,
GROOMING,Super Star Mobile Grooming,https://www.google.com/maps/place/Super+Star+Mobile+Grooming/data=!4m7!3m6!1s0x88d9b1810dfe2fc3:0x14cc36df0c3b98c!8m2!3d25.8623587!4d-80.2426618!16s%2Fg%2F11mqly_62j!19sChIJwy_-DYGx2YgRjLnD8G3DTAE?authuser=0&hl=en&g_ep=EgoyMDI2MTAwNy4wIJJjKgBIAVAD&rclk=1,4.5,1299,"9650 NW 27th Ave, Miami, FL 33147",+1 305-836-9274,http://superstargrooming.com/,mo 06:30-20:30; tu 06:30-20:30; we 06:30-20:30; th 06:30-20:30; fr 06:30-20:30; sa 06:30-20:00; su 06:30-20:00,2026-10-09,
GROOMING,Petco Dog Grooming,https://www.google.com/maps/place/Petco+Dog+Grooming/data=!4m7!3m6!1s0x88d9bf154c1df601:0x8752b17819357e45!8m2!3d25.7900958!4d-80.3676919!16s%2Fg%2F1v29cv3x!19sChIJAfYdTBW_2YgRRX41GXixUoc?authuser=0&hl=en&g_ep=EgoyMDI2MTAwNy4wIJJjKgBIAVAD&rclk=1,4.3,1143,"10610 NW 19th St, Doral, FL 33172",+1 305-513-8464,https://stores.petco.com/fl/doral/full-service-grooming-doral-fl-1539.html?cm_mmc=GMAPSPET-_-GMB-_-SVC-_-GRM-_-GRM-_-AQU-_-NA-_-SVC_GMB_Evergreen_Grooming_FL_Doral_1539-_-GMB-_-GroomingGMB,mo 09:00-18:00; tu 09:00-18:00; we 09:00-18:00; th 09:00-18:00; fr 09:00-18:00; sa 09:00-18:00; su 09:00-18:00,2026-10-09,
GROOMING,Boujee Mobile Pet Grooming,https://www.google.com/maps/place/Boujee+Mobile+Pet+Grooming/data=!4m7!3m6!1s0xadf90549ef1b8469:0x734c6ffe0879663e!8m2!3d25.8671565!4d-80.3059351!16s%2Fg%2F11vs9rzwrl!19sChIJaYQb70kF-a0RPmZ5CP5vTHM?authuser=0&hl=en&g_ep=EgoyMDI2MTAwNy4wIJJjKgBIAVAD&rclk=1,4.9,976,"1165 W 49th St #205, Hialeah, FL 33012",+1 305-522-2013,https://boujeepetservices.com/,mo 06:30-22:00; tu 06:30-22:00; we 06:30-22:00; th 06:30-22:00; fr 06:30-22:00; sa 06:30-22:00; su 06:30-22:00,2026-10-09,
GROOMING,Purrfect Grooming - Mobile Pet Spa,https://www.google.com/maps/place/Purrfect+Grooming+-+Mobile+Pet+Spa/data=!4m7!3m6!1s0x88d9b72d772cd64b:0xc7c02791ec61272c!8m2!3d25.7976111!4d-80.1885963!16s%2Fg%2F11vkzfh6vt!19sChIJS9Ysdy232YgRLCdh7JEnwMc?authuser=0&hl=en&g_ep=EgoyMDI2MTAwNy4wIJJjKgBIAVAD&rclk=1,4.8,962,"2121 Biscayne Blvd #1894, Miami, FL 33137",+1 888-530-7297,https://purrfectgrooming.pet/,mo 07:00-20:00; tu 07:00-20:00; we 07:00-20:00; th 07:00-20:00; fr 07:00-20:00; sa 07:00-20:00; su 08:00-19:00,2026-10-09,
GROOMING,Deluxe Mobile Pet Grooming,https://www.google.com/maps/place/Deluxe+Mobile+Pet+Grooming/data=!4m7!3m6!1s0x88d9bacf8d23703b:0x23caed1e3f70928b!8m2!3d25.8942463!4d-80.3086899!16s%2Fg%2F11cn9n26tf!19sChIJO3Ajjc-62YgRi5JwPx7tyiM?authuser=0&hl=en&g_ep=EgoyMDI2MTAwNy4wIJJjKgBIAVAD&rclk=1,4.8,900,"1228 W 79th St, Hialeah, FL 33014",+1 786-715-1891,https://deluxepetgrooming.com/?utm_source=google&utm_medium=gmb&utm_campaign=seo,mo 07:00-21:00; tu 07:00-21:00; we 07:00-21:00; th 07:00-21:00; fr 07:00-21:00; sa 07:00-21:00; su 07:00-21:00,2026-10-09,
GROOMING,Pimp my Dog Mobile Pet Grooming Services,https://www.google.com/maps/place/Pimp+my+Dog+Mobile+Pet+Grooming+Services/data=!4m7!3m6!1s0x88d9b29acbd95555:0x2271d0a1e33b272!8m2!3d25.8890626!4d-80.1651524!16s%2Fg%2F11ggvz_30d!19sChIJVVXZy5qy2YgRcrIzHgodJwI?authuser=0&hl=en&g_ep=EgoyMDI2MTAwNy4wIJJjKgBIAVAD&rclk=1,4.8,749,"1666 NE 123rd St, North Miami, FL 33181",+1 786-355-7223,http://www.pimpmydog.net/,mo 09:00-18:00; tu 09:00-18:00; we 09:00-18:00; th 09:00-18:00; fr 09:00-18:00; sa 09:00-18:00; su closed,2026-10-09,
GROOMING,Woof Gang Bakery & Grooming Doral,https://www.google.com/maps/place/Woof+Gang+Bakery+%26+Grooming+Doral/data=!4m7!3m6!1s0x88d9bbd6e7010515:0x24ddea941ae1b193!8m2!3d25.8199447!4d-80.3355009!16s%2Fg%2F11jlg7f8yv!19sChIJFQUB59a72YgRk7HhGpTq3SQ?authuser=0&hl=en&g_ep=EgoyMDI2MTAwNy4wIJJjKgBIAVAD&rclk=1,4.6,624,"8455 NW 53rd St Ste G102, Doral, FL 33166",+1 305-905-4020,http://woofgangdoral.com/,mo 08:00-20:00; tu 08:00-20:00; we 08:00-20:00; th 08:00-20:00; fr 08:00-21:00; sa 08:00-21:00; su 08:00-20:00,2026-10-09,
GROOMING,Woof Gang Bakery & Grooming Aventura,https://www.google.com/maps/place/Woof+Gang+Bakery+%26+Grooming+Aventura/data=!4m7!3m6!1s0x88d9adb4ee2b9633:0x36c62ea0bd4a3846!8m2!3d25.9497222!4d-80.1433!16s%2Fg%2F11jrtjqpfp!19sChIJM5Yr7rSt2YgRRjhKvaAuxjY?authuser=0&hl=en&g_ep=EgoyMDI2MTAwNy4wIJJjKgBIAVAD&rclk=1,4.7,495,"18800 NE 29th Ave PH 6, Aventura, FL 33180",+1 786-900-9663,http://www.woofgangspa.com/,mo 08:00-18:00; tu 08:00-18:00; we 08:00-18:00; th 08:00-18:00; fr 08:00-18:00; sa 08:00-18:00; su 09:00-17:00,2026-10-09,
GROOMING,Le Pet Salon & Boutique,https://www.google.com/maps/place/Le+Pet+Salon+%26+Boutique/data=!4m7!3m6!1s0x88d9ad97ca8c7967:0x8f04ce4a027148ec!8m2!3d25.9170959!4d-80.1567698!16s%2Fg%2F1hc1wqjtw!19sChIJZ3mMypet2YgR7EhxAkrOBI8?authuser=0&hl=en&g_ep=EgoyMDI2MTAwNy4wIJJjKgBIAVAD&rclk=1,4.7,434,"15400 Biscayne Blvd, Aventura, FL 33160",+1 305-949-0180,http://www.lepetsalon.net/,mo 09:00-18:00; tu 09:00-18:00; we 09:00-18:00; th 09:00-18:00; fr 09:00-18:00; sa 09:00-17:00; su closed,2026-10-09,
GROOMING,Animal Crackers,https://www.google.com/maps/place/Animal+Crackers/data=!4m7!3m6!1s0x88d9b69e38b200b9:0xff65f57be824f974!8m2!3d25.7761401!4d-80.1890322!16s%2Fg%2F1trvm74n!19sChIJuQCyOJ622YgRdPkk6Hv1Zf8?authuser=0&hl=en&g_ep=EgoyMDI2MTAwNy4wIJJjKgBIAVAD&rclk=1,4.4,411,"280 NE 2nd St, Miami, FL 33132",+1 305-374-8004,http://www.animalcrackersdelivers.com/,mo 09:00-19:00; tu 09:00-19:00; we 09:00-19:00; th 09:00-19:00; fr 09:00-19:00; sa 10:00-18:00; su closed,2026-10-09,
GROOMING,Miami's Pet Grooming (Bird Road Store),https://www.google.com/maps/place/Miami%27s+Pet+Grooming+%28Bird+Road+Store%29/data=!4m7!3m6!1s0x88d9b8baacccd5ff:0xc9fec6d0c98c9421!8m2!3d25.733076!4d-80.3539743!16s%2Fg%2F1thvz227!19sChIJ_9XMrLq42YgRIZSMydDG_sk?authuser=0&hl=en&g_ep=EgoyMDI2MTAwNy4wIJJjKgBIAVAD&rclk=1,4.4,411,"9805 SW 40th St, Miami, FL 33165",+1 305-221-5959,http://www.miamispetgrooming.com/,mo 09:00-18:00; tu 09:00-18:00; we 09:00-18:00; th 09:00-18:00; fr 09:00-18:00; sa 08:00-18:00; su 09:00-17:00,2026-10-09,
GROOMING,Palace Pet Grooming and Boutique,https://www.google.com/maps/place/Palace+Pet+Grooming+and+Boutique/data=!4m7!3m6!1s0x88d9c11259d40077:0x9931bac796c8c0d5!8m2!3d25.6557557!4d-80.3974343!16s%2Fg%2F1pyqhvrh6!19sChIJdwDUWRLB2YgR1cDIlse6MZk?authuser=0&hl=en&g_ep=EgoyMDI2MTAwNy4wIJJjKgBIAVAD&rclk=1,4.5,401,"12560 SW 120th St, Miami, FL 33186",+1 305-305-6866,http://www.palacepetgrooming.com/,mo 09:00-16:00; tu 09:00-16:00; we 09:00-16:00; th 09:00-16:00; fr 09:00-16:00; sa 09:00-16:00; su closed,2026-10-09,
GROOMING,Woof Gang Bakery Key Biscayne,https://www.google.com/maps/place/Woof+Gang+Bakery+Key+Biscayne/data=!4m7!3m6!1s0x88d9cbe435aca30b:0x4b26390a054c49ac!8m2!3d25.6957935!4d-80.1638839!16s%2Fg%2F11t00j4llr!19sChIJC6OsNeTL2YgRrElMBQo5Jks?authuser=0&hl=en&g_ep=EgoyMDI2MTAwNy4wIJJjKgBIAVAD&rclk=1,4.9,398,"328 Crandon Blvd Ste 126, Key Biscayne, FL 33149",+1 305-699-6131,https://www.woofgangbakery.com/keybiscayne?utm_source=google&utm_medium=gmb,,2026-10-09,hours: none (not published on Maps)
GROOMING,Poochie On Your Block,https://www.google.com/maps/place/Poochie+On+Your+Block/data=!4m7!3m6!1s0x88d9b86e99561439:0x90bdde40a96a2767!8m2!3d25.7336051!4d-80.3051871!16s%2Fg%2F1vpfkbd0!19sChIJORRWmW642YgRZydqqUDevZA?authuser=0&hl=en&g_ep=EgoyMDI2MTAwNy4wIJJjKgBIAVAD&rclk=1,4.6,386,"6803 Bird Rd, Miami, FL 33155",+1 305-666-4669,http://www.poochieonyourblock.com/,mo 09:00-17:00; tu 09:00-17:00; we 09:00-17:00; th 09:00-17:00; fr 09:00-17:00; sa 09:00-17:00; su closed,2026-10-09,
GROOMING,Kenny & Dolly's Grooming Place,https://www.google.com/maps/place/Kenny+%26+Dolly%27s+Grooming+Place/data=!4m7!3m6!1s0x88d9bf9bf963cc21:0x40d131477fecef57!8m2!3d25.7421601!4d-80.4169441!16s%2Fg%2F1v_w34k8!19sChIJIcxj-Zu_2YgRV-_sf0cx0UA?authuser=0&hl=en&g_ep=EgoyMDI2MTAwNy4wIJJjKgBIAVAD&rclk=1,4.7,353,"2728 SW 137th Ave, Miami, FL 33175",+1 786-333-2562,http://kenny-place.lany.io/,mo 10:00-17:30; tu 09:00-17:30; we 09:00-17:30; th 09:00-17:30; fr 09:00-17:30; sa 09:00-17:30; su closed,2026-10-09,
GROOMING,Dog Grooming USA | Dog Grooming,https://www.google.com/maps/place/Dog+Grooming+USA+%7C+Dog+Grooming/data=!4m7!3m6!1s0x88d9bb8a803d65e9:0x5c8407de6f2c92da!8m2!3d25.923574!4d-80.3092776!16s%2Fg%2F11p5rwm2s0!19sChIJ6WU9gIq72YgR2pIsb94HhFw?authuser=0&hl=en&g_ep=EgoyMDI2MTAwNy4wIJJjKgBIAVAD&rclk=1,4.8,349,"16541 NW 67th Ave, Miami Lakes, FL 33014",+1 305-300-2863,https://doggroomingusa.com/,mo 09:00-17:00; tu 09:00-17:00; we 09:00-17:00; th 09:00-17:00; fr 09:00-17:00; sa 09:00-18:00; su closed,2026-10-09,
GROOMING,petbar - Aventura,https://www.google.com/maps/place/petbar+-+Aventura/data=!4m7!3m6!1s0x88d9adfac98932c7:0x1c717a72254f4840!8m2!3d25.9470326!4d-80.1518405!16s%2Fg%2F11rng0_6nh!19sChIJxzKJyfqt2YgRQEhPJXJ6cRw?authuser=0&hl=en&g_ep=EgoyMDI2MTAwNy4wIJJjKgBIAVAD&rclk=1,4.7,337,"2440 NE Miami Gardens Dr Ste 105, Miami, FL 33180",+1 305-778-6950,http://petbarinc.com/,mo 09:00-18:00; tu 09:00-18:00; we 09:00-18:00; th 09:00-18:00; fr 09:00-18:00; sa 09:00-18:00; su 10:00-17:00,2026-10-09,
GROOMING,Lovely Pets Grooming Salon inc,https://www.google.com/maps/place/Lovely+Pets+Grooming+Salon+inc/data=!4m7!3m6!1s0x88d9b7b3fe3cded1:0x3011b24fdc9b5f4c!8m2!3d25.7428531!4d-80.237776!16s%2Fg%2F11dzzzyw1g!19sChIJ0d48_rO32YgRTF-b3E-yETA?authuser=0&hl=en&g_ep=EgoyMDI2MTAwNy4wIJJjKgBIAVAD&rclk=1,4.8,336,"2635 SW 27th Ave, Miami, FL 33133",+1 305-476-8980,https://lovelypetsgroomingsalon.com/,mo closed; tu 08:00-17:00; we 08:00-17:00; th 08:00-17:00; fr 08:00-17:00; sa 08:00-17:00; su closed,2026-10-09,
GROOMING,Hachi Dog Grooming and Boutique,https://www.google.com/maps/place/Hachi+Dog+Grooming+and+Boutique/data=!4m7!3m6!1s0x88d9c1051e759853:0xc7521e61a27abc18!8m2!3d25.6624331!4d-80.4167221!16s%2Fg%2F11h24ngv8t!19sChIJU5h1HgXB2YgRGLx6omEeUsc?authuser=0&hl=en&g_ep=EgoyMDI2MTAwNy4wIJJjKgBIAVAD&rclk=1,4.5,301,"11278 SW 137th Ave, Miami, FL 33186",+1 305-603-8494,https://hachidoggrooming.com/,,2026-10-09,hours: none (not published on Maps)
GROOMING,Mobile Pet Grooming VIP Services MIA NE,https://www.google.com/maps/place/Mobile+Pet+Grooming+VIP+Services+MIA+NE/data=!4m7!3m6!1s0x88d9ad0cf7ac72a5:0x596fbf0bd484b61d!8m2!3d25.9292892!4d-80.135651!16s%2Fg%2F11nf_vf5bq!19sChIJpXKs9wyt2YgRHbaE1Au_b1k?authuser=0&hl=en&g_ep=EgoyMDI2MTAwNy4wIJJjKgBIAVAD&rclk=1,5.0,284,"3479 NE 163rd St #1150, North Miami Beach, FL 33160",+1 786-707-4799,https://www.mobilepetgroomingvip.com/units-northeast-miami-dade-county/,mo 08:00-18:00; tu 08:00-18:00; we 08:00-18:00; th 08:00-18:00; fr 08:00-18:00; sa 08:00-18:00; su 08:00-18:00,2026-10-09,
GROOMING,Bark Club Dog Spa,https://www.google.com/maps/place/Bark+Club+Dog+Spa/data=!4m7!3m6!1s0x88d9c4f5b6744f2d:0x1ddb9db8aa74f089!8m2!3d25.5764147!4d-80.338402!16s%2Fg%2F1x5qtl65!19sChIJLU90tvXE2YgRifB0qrid2x0?authuser=0&hl=en&g_ep=EgoyMDI2MTAwNy4wIJJjKgBIAVAD&rclk=1,3.6,279,"20551-A Old Cutler Rd, Cutler Bay, FL 33189",+1 305-969-4700,https://barkclubdogspa.com/,mo 08:00-17:00; tu 08:00-17:00; we 08:00-17:00; th 08:00-17:00; fr 08:00-17:00; sa 08:00-17:00; su closed,2026-10-09,
GROOMING,Barky Lounge,https://www.google.com/maps/place/Barky+Lounge/data=!4m7!3m6!1s0x88d9b73a37c15089:0x78dd4faa784927cf!8m2!3d25.7940475!4d-80.1893373!16s%2Fg%2F11lnz8b860!19sChIJiVDBNzq32YgRzydJeKpP3Xg?authuser=0&hl=en&g_ep=EgoyMDI2MTAwNy4wIJJjKgBIAVAD&rclk=1,5.0,277,"275 NE 18th St, Miami, FL 33132",+1 786-409-2885,https://barkylounge.com/?utm_source=GMB&utm_medium=GMB&utm_campaign=GMB,mo 09:00-20:00; tu 09:00-20:00; we 09:00-20:00; th 09:00-20:00; fr 09:00-20:00; sa 09:00-20:00; su 09:00-20:00,2026-10-09,
GROOMING,Miami's Pet Grooming (Mobile),https://www.google.com/maps/place/Miami%27s+Pet+Grooming+%28Mobile%29/data=!4m7!3m6!1s0x88d9c13747f0bb5d:0x972e22db377db801!8m2!3d25.6550787!4d-80.3815671!16s%2Fg%2F11fs5r4nzy!19sChIJXbvwRzfB2YgRAbh9N9siLpc?authuser=0&hl=en&g_ep=EgoyMDI2MTAwNy4wIJJjKgBIAVAD&rclk=1,4.4,268,"12113 SW 114th Pl, Miami, FL 33176",+1 786-222-0592,https://www.miamispetgrooming.com/,mo 08:00-19:00; tu 08:00-19:00; we 08:00-19:00; th 08:00-19:00; fr 08:00-19:00; sa 08:00-19:00; su 08:00-19:00,2026-10-09,
GROOMING,Princess and Dukes Pet Salon,https://www.google.com/maps/place/Princess+and+Dukes+Pet+Salon/data=!4m7!3m6!1s0x88d9bb41e029021b:0xc94c1598302ed548!8m2!3d25.8853736!4d-80.3481815!16s%2Fg%2F1th57sys!19sChIJGwIp4EG72YgRSNUuMJgVTMk?authuser=0&hl=en&g_ep=EgoyMDI2MTAwNy4wIJJjKgBIAVAD&rclk=1,4.5,257,"6900 W 32nd Ave #13, Hialeah, FL 33018",+1 305-558-2555,http://princessanddukespetgrooming.com/,mo 08:30-17:00; tu 08:30-17:00; we 08:30-17:00; th 08:30-17:00; fr 08:30-17:00; sa 08:30-17:00; su closed,2026-10-09,
GROOMING,Orange Grooming,https://www.google.com/maps/place/Orange+Grooming/data=!4m7!3m6!1s0x88d9b153b02ccbfb:0x26538d7fd83934f0!8m2!3d25.848083!4d-80.1835912!16s%2Fg%2F12hn9cf0d!19sChIJ-8sssFOx2YgR8DQ52H-NUyY?authuser=0&hl=en&g_ep=EgoyMDI2MTAwNy4wIJJjKgBIAVAD&rclk=1,4.5,256,"645 NE 79th St, Miami, FL 33138",+1 305-576-3444,http://www.orangegrooming.com/,mo 08:30-16:30; tu 08:30-16:30; we 08:30-16:30; th 08:30-16:30; fr 08:30-16:30; sa 08:30-18:00; su closed,2026-10-09,
GROOMING,Scenthound Coral Gables,https://www.google.com/maps/place/Scenthound+Coral+Gables/data=!4m7!3m6!1s0x88d9b79a678f371b:0xdce3e921e9010be5!8m2!3d25.72848!4d-80.260931!16s%2Fg%2F11p4ksvhpq!19sChIJGzePZ5q32YgR5QsB6SHp49w?authuser=0&hl=en&g_ep=EgoyMDI2MTAwNy4wIJJjKgBIAVAD&rclk=1,4.8,254,"4583 Ponce de Leon Blvd Ste 102W, Coral Gables, FL 33146",+1 786-527-2989,https://www.scenthound.com/coral-gables,mo 09:00-18:00; tu 09:00-18:00; we 09:00-18:00; th 09:00-18:00; fr 09:00-18:00; sa 09:00-18:00; su closed,2026-10-09,
GROOMING,Oceanside Pets Spaw,https://www.google.com/maps/place/Oceanside+Pets+Spaw/data=!4m7!3m6!1s0x88d9b274fc26e237:0x5473c52790301072!8m2!3d25.8919933!4d-80.1622967!16s%2Fg%2F1tgqk6kw!19sChIJN-Im_HSy2YgRchAwkCfFc1Q?authuser=0&hl=en&g_ep=EgoyMDI2MTAwNy4wIJJjKgBIAVAD&rclk=1,4.7,239,"12577 Biscayne Blvd, North Miami, FL 33181",+1 305-891-9251,,mo closed; tu 09:00-18:00; we 09:00-18:00; th 09:00-18:00; fr 09:00-18:00; sa 09:00-18:00; su closed,2026-10-09,
GROOMING,LESLYE PET GROOMING,https://www.google.com/maps/place/LESLYE+PET+GROOMING/data=!4m7!3m6!1s0x88d9bf23e78e2e6d:0x430d8ffd84c4f54c!8m2!3d25.8204868!4d-80.3247379!16s%2Fg%2F11w7hjvkrp!19sChIJbS6O5yO_2YgRTPXEhP2PDUM?authuser=0&hl=en&g_ep=EgoyMDI2MTAwNy4wIJJjKgBIAVAD&rclk=1,4.9,230,"7870 NW 52nd St, Miami, FL 33166",+1 305-797-4852,https://leslyepetgrooming.my.canva.site/pet-grooming,mo 08:00-19:00; tu 08:00-19:00; we 08:00-19:00; th 08:00-19:00; fr 08:00-19:00; sa 08:00-19:00; su 08:00-16:00,2026-10-09,
GROOMING,Yofren Master - Mobile Pet Grooming,https://www.google.com/maps/place/Yofren+Master+-+Mobile+Pet+Grooming/data=!4m7!3m6!1s0x6be4492a1218accb:0x55346b597a90ee29!8m2!3d25.734069!4d-80.387677!16s%2Fg%2F11s16s0_bl!19sChIJy6wYEipJ5GsRKe6QellrNFU?authuser=0&hl=en&g_ep=EgoyMDI2MTAwNy4wIJJjKgBIAVAD&rclk=1,4.8,230,"11883 SW 37th Terrace, Miami, FL 33175",+1 786-320-0218,https://yofrenpetgrooming.com/,mo 08:00-19:00; tu 08:00-19:00; we 08:00-19:00; th 08:00-19:00; fr 08:00-19:00; sa 08:00-19:00; su 09:00-17:00,2026-10-09,
GROOMING,Loving Touch Grooming Salon,https://www.google.com/maps/place/Loving+Touch+Grooming+Salon/data=!4m7!3m6!1s0x88d9c0534d8bdc6d:0xdaad4de8c9df10e3!8m2!3d25.6789767!4d-80.4172726!16s%2Fg%2F1tdbg72s!19sChIJbdyLTVPA2YgR4xDfyehNrdo?authuser=0&hl=en&g_ep=EgoyMDI2MTAwNy4wIJJjKgBIAVAD&rclk=1,4.3,229,"9544 SW 137th Ave, Miami, FL 33186",+1 305-388-8884,https://lovingtouchgroomers.com/,mo closed; tu 09:00-17:00; we 09:00-17:00; th 09:00-17:00; fr 08:00-17:00; sa 08:00-17:00; su closed,2026-10-09,
GROOMING,"Luxe Pet Care Hialeah Gardens | Dog Daycare, Boarding & Grooming","https://www.google.com/maps/place/Luxe+Pet+Care+Hialeah+Gardens+%7C+Dog+Daycare,+Boarding+%26+Grooming/data=!4m7!3m6!1s0x88d9bd256ae7dd97:0x651007576fd4752!8m2!3d25.8952445!4d-80.3729095!16s%2Fg%2F11g07tq97y!19sChIJl93naiW92YgRUkf9dnUAUQY?authuser=0&hl=en&g_ep=EgoyMDI2MTAwNy4wIJJjKgBIAVAD&rclk=1",4.9,227,"13460 NW 107th Ave Unit 15, Hialeah Gardens, FL 33018",+1 954-294-1874,https://myluxepetcare.com/hialeah-gardens-fl,mo 08:00-16:30; tu 08:00-16:30; we 08:00-16:30; th 08:00-16:30; fr 08:00-16:30; sa 08:00-16:00; su closed,2026-10-09,
GROOMING,D'Luxe Dog Pet Concierge & Boutique,https://www.google.com/maps/place/D%27Luxe+Dog+Pet+Concierge+%26+Boutique/data=!4m7!3m6!1s0x88d9b41d4a175b77:0x14343e63c8b40af2!8m2!3d25.7914114!4d-80.1861809!16s%2Fg%2F11fxb93c9t!19sChIJd1sXSh202YgR8gq0yGM-NBQ?authuser=0&hl=en&g_ep=EgoyMDI2MTAwNy4wIJJjKgBIAVAD&rclk=1,4.9,224,"1717 N Bayshore Dr Ste 140, Miami, FL 33132",+1 305-467-8727,http://www.dluxedog.com/,mo closed; tu closed; we 09:00-15:00; th 09:00-15:00; fr 09:00-15:00; sa 09:00-15:00; su closed,2026-10-09,
GROOMING,Fur Baby Spaw Midtown,https://www.google.com/maps/place/Fur+Baby+Spaw+Midtown/data=!4m7!3m6!1s0x88d9b1ce463ccf65:0x55f2331cc14c8588!8m2!3d25.8080571!4d-80.1924294!16s%2Fg%2F11vyt8l55b!19sChIJZc88Rs6x2YgRiIVMwRwz8lU?authuser=0&hl=en&g_ep=EgoyMDI2MTAwNy4wIJJjKgBIAVAD&rclk=1,4.7,214,"3301 NE 1st Ave #104E, Miami, FL 33137",+1 786-206-1010,https://furbabyspaw.com/,mo 08:30-19:00; tu 08:30-19:00; we 08:30-19:00; th 08:30-19:00; fr 08:30-19:00; sa 08:30-19:00; su 09:00-18:00,2026-10-09,
GROOMING,Minna Mobile Pet Spa,https://www.google.com/maps/place/Minna+Mobile+Pet+Spa/data=!4m7!3m6!1s0x69b9cdbc73b435d7:0x17e0e76785ddedbb!8m2!3d25.8026535!4d-80.365058!16s%2Fg%2F11y42d4cxz!19sChIJ1zW0c7zNuWkRu-3dhWfn4Bc?authuser=0&hl=en&g_ep=EgoyMDI2MTAwNy4wIJJjKgBIAVAD&rclk=1,5.0,208,"3042 NW 103rd Path, Miami, FL 33172",+1 786-962-7310,https://www.minnamobilespa.com/,mo 08:00-18:00; tu 08:00-18:00; we 08:00-18:00; th 08:00-18:00; fr 08:00-18:00; sa 08:00-18:00; su 08:00-18:00,2026-10-09,
PET_SHOP,Forever Love Puppies Miami,https://www.google.com/maps/place/Forever+Love+Puppies+Miami/data=!4m7!3m6!1s0x88d9c1fcff05ed8d:0x9abf7831fbd45540!8m2!3d25.686512!4d-80.4013878!16s%2Fg%2F11qs3my5wc!19sChIJje0F__zB2YgRQFXU-zF4v5o?authuser=0&hl=en&g_ep=EgoyMDI2MTAwNy4wIJJjKgBIAVAD&rclk=1,4.9,3336,"12767 SW 88th St, Miami, FL 33186",+1 305-240-6872,https://954puppies.com/puppy-stores/miami,mo 12:00-20:00; tu 12:00-20:00; we 12:00-20:00; th 12:00-20:00; fr 12:00-20:00; sa 12:00-20:00; su 12:00-20:00,2026-10-09,
PET_SHOP,Petland Miami,https://www.google.com/maps/place/Petland+Miami/data=!4m7!3m6!1s0x88d9c0c263f84121:0xaf67eab490cc03d3!8m2!3d25.6913499!4d-80.3871505!16s%2Fg%2F11f1pq9y6k!19sChIJIUH4Y8LA2YgR0wPMkLTqZ68?authuser=0&hl=en&g_ep=EgoyMDI2MTAwNy4wIJJjKgBIAVAD&rclk=1,4.5,3003,"8236 Mills Dr, Miami, FL 33183",+1 786-484-0102,https://www.petlandmiami.com/?utm_source=GMBlisting&utm_medium=organic,,2026-10-09,hours: none (not published on Maps)
PET_SHOP,PetSmart,https://www.google.com/maps/place/PetSmart/data=!4m7!3m6!1s0x88d9b903a86906a5:0xfbe08f8740e4a4ef!8m2!3d25.7714969!4d-80.3289938!16s%2Fg%2F1hbpwsd3n!19sChIJpQZpqAO52YgR76TkQIeP4Ps?authuser=0&hl=en&g_ep=EgoyMDI2MTAwNy4wIJJjKgBIAVAD&rclk=1,4.4,2160,"8241 W Flagler St Ste 101, Miami, FL 33144",+1 786-275-8300,https://www.petsmart.com/stores/us/fl/miami-store0348.html?utm_source=google&utm_medium=organic&utm_campaign=google-my-business,,2026-10-09,hours: none (not published on Maps)
PET_SHOP,Allivet,https://www.google.com/maps/place/Allivet/data=!4m7!3m6!1s0x88d9bab6b3fc7d63:0xd66eb39572735c7c!8m2!3d25.9062738!4d-80.3000002!16s%2Fg%2F1tklrbyy!19sChIJY338s7a62YgRfFxzcpWzbtY?authuser=0&hl=en&g_ep=EgoyMDI2MTAwNy4wIJJjKgBIAVAD&rclk=1,4.2,1940,"14540 NW 60th Ave, Miami Lakes, FL 33014",+1 877-500-9944,https://www.allivet.com/,mo 08:00-19:00; tu 08:00-19:00; we 08:00-19:00; th 08:00-19:00; fr 08:00-19:00; sa 09:00-17:00; su closed,2026-10-09,
PET_SHOP,Petco,https://www.google.com/maps/place/Petco/data=!4m7!3m6!1s0x88d9dd975e65fe9f:0xe695fbc5c76f4093!8m2!3d25.4804244!4d-80.4410435!16s%2Fg%2F1td3md93!19sChIJn_5lXpfd2YgRk0Bvx8X7leY?authuser=0&hl=en&g_ep=EgoyMDI2MTAwNy4wIJJjKgBIAVAD&rclk=1,4.4,1938,"2565 NE 10th Ct, Homestead, FL 33033",+1 305-248-8228,https://stores.petco.com/fl/homestead/pet-supplies-homestead-fl-1516.html?utm_source=google&utm_campaign=locallist_1516_pcc,,2026-10-09,hours: none (not published on Maps)
PET_SHOP,PetSmart,https://www.google.com/maps/place/PetSmart/data=!4m7!3m6!1s0x88d9b15305fdacbb:0x6b31f4bb60f2ef7f!8m2!3d25.8060425!4d-80.194802!16s%2Fg%2F1wj_v1wv!19sChIJu6z9BVOx2YgRf-_yYLv0MWs?authuser=0&hl=en&g_ep=EgoyMDI2MTAwNy4wIJJjKgBIAVAD&rclk=1,4.2,1758,"3101 N Miami Ave Ste 110, Miami, FL 33127",+1 305-573-8026,https://www.petsmart.com/stores/us/fl/miami-store1412.html?utm_source=google&utm_medium=organic&utm_campaign=google-my-business,,2026-10-09,hours: none (not published on Maps)
PET_SHOP,PetSmart,https://www.google.com/maps/place/PetSmart/data=!4m7!3m6!1s0x88d9ac89d441dabf:0xd7cb5d87afe74ce7!8m2!3d25.9708788!4d-80.1410395!16s%2Fg%2F1tx47vqx!19sChIJv9pB1Ims2YgR50znr4ddy9c?authuser=0&hl=en&g_ep=EgoyMDI2MTAwNy4wIJJjKgBIAVAD&rclk=1,4.2,1559,"21095 Biscayne Blvd, Aventura, FL 33180",+1 305-682-8858,https://www.petsmart.com/stores/us/fl/aventura-store0354.html?utm_source=google&utm_medium=organic&utm_campaign=google-my-business,,2026-10-09,hours: none (not published on Maps)
PET_SHOP,Petco,https://www.google.com/maps/place/Petco/data=!4m7!3m6!1s0x88d9ad911e6ef54d:0x1847e54dd5e30a81!8m2!3d25.9109007!4d-80.1557118!16s%2Fg%2F1td0tppf!19sChIJTfVuHpGt2YgRgQrj1U3lRxg?authuser=0&hl=en&g_ep=EgoyMDI2MTAwNy4wIJJjKgBIAVAD&rclk=1,4.3,1364,"14601 Biscayne Blvd, North Miami Beach, FL 33181",+1 305-940-2840,https://stores.petco.com/fl/north-miami-beach/pet-supplies-northmiamibeach-fl-2744.html?utm_source=google&utm_campaign=locallist_2744_pcc,,2026-10-09,hours: none (not published on Maps)
PET_SHOP,Pet Supermarket,https://www.google.com/maps/place/Pet+Supermarket/data=!4m7!3m6!1s0x88d9bafa796b0203:0x5a68135f6c0e022f!8m2!3d25.8670306!4d-80.3104731!16s%2Fg%2F1tph2jpj!19sChIJAwJrefq62YgRLwIObF8TaFo?authuser=0&hl=en&g_ep=EgoyMDI2MTAwNy4wIJJjKgBIAVAD&rclk=1,4.4,1328,"1375 W 49th St, Hialeah, FL 33012",+1 305-362-4577,https://www.petsupermarket.com/storelocator/?storeId=174,mo 09:00-20:00; tu 09:00-20:00; we 09:00-20:00; th 09:00-20:00; fr 09:00-20:00; sa 09:00-20:00; su 10:00-19:00,2026-10-09,
PET_SHOP,Petco,https://www.google.com/maps/place/Petco/data=!4m7!3m6!1s0x88d9c46e02add73f:0xafd78d0f5614d79f!8m2!3d25.5967132!4d-80.3535539!16s%2Fg%2F1v62jgd8!19sChIJP9etAm7E2YgRn9cUVg-N168?authuser=0&hl=en&g_ep=EgoyMDI2MTAwNy4wIJJjKgBIAVAD&rclk=1,4.4,1324,"18579 S Dixie Hwy, Miami, FL 33157",+1 305-252-4065,https://stores.petco.com/fl/miami/pet-supplies-miami-fl-2712.html?utm_source=google&utm_campaign=locallist_2712_pcc,,2026-10-09,hours: none (not published on Maps)
PET_SHOP,Pet Supermarket,https://www.google.com/maps/place/Pet+Supermarket/data=!4m7!3m6!1s0x88d9a56c0867db63:0x93b59f33cbd44c54!8m2!3d25.9337932!4d-80.2943087!16s%2Fg%2F1tfgf0p3!19sChIJY9tnCGyl2YgRVEzUyzOftZM?authuser=0&hl=en&g_ep=EgoyMDI2MTAwNy4wIJJjKgBIAVAD&rclk=1,4.3,1143,"17730 NW 57th Ave, Hialeah, FL 33015",+1 305-231-4176,https://www.petsupermarket.com/storelocator/?storeId=179,mo 09:00-20:00; tu 09:00-20:00; we 09:00-20:00; th 09:00-20:00; fr 09:00-20:00; sa 09:00-20:00; su 10:00-19:00,2026-10-09,
PET_SHOP,Kenia's Pet Shop,https://www.google.com/maps/place/Kenia%27s+Pet+Shop/data=!4m7!3m6!1s0x88d9b08fc07c8e43:0x40a7cd93288f6887!8m2!3d25.8450295!4d-80.2639315!16s%2Fg%2F1tdqj8mf!19sChIJQ458wI-w2YgRh2iPKJPNp0A?authuser=0&hl=en&g_ep=EgoyMDI2MTAwNy4wIJJjKgBIAVAD&rclk=1,4.6,995,"900 E 25th St, Hialeah, FL 33013",+1 305-694-1931,,,2026-10-09,hours: none (not published on Maps)
PET_SHOP,Robert's Pet Shop,https://www.google.com/maps/place/Robert%27s+Pet+Shop/data=!4m7!3m6!1s0x88d9c32af0107d7f:0xc85a9045a27a1e5e!8m2!3d25.5388321!4d-80.410055!16s%2Fg%2F1tgdd6k5!19sChIJf30Q8CrD2YgRXh56okWQWsg?authuser=0&hl=en&g_ep=EgoyMDI2MTAwNy4wIJJjKgBIAVAD&rclk=1,4.4,990,"24420 S Dixie Hwy H10, Homestead, FL 33032",+1 305-258-4226,http://robertspetshop.com/,mo 08:00-18:00; tu 08:00-18:00; we 08:00-18:00; th 08:00-18:00; fr 08:00-18:00; sa 08:00-18:00; su 08:00-18:00,2026-10-09,
PET_SHOP,Pet Supermarket,https://www.google.com/maps/place/Pet+Supermarket/data=!4m7!3m6!1s0x88d9badfb36f105b:0xdbd3dc8887bca7a5!8m2!3d25.8835336!4d-80.3210439!16s%2Fg%2F1tdy9wdr!19sChIJWxBvs9-62YgRpae8h4jc09s?authuser=0&hl=en&g_ep=EgoyMDI2MTAwNy4wIJJjKgBIAVAD&rclk=1,4.4,960,"1800 W 68th St #140, Hialeah, FL 33014",+1 305-821-5225,https://www.petsupermarket.com/storelocator/?storeId=123,mo 09:00-20:00; tu 09:00-20:00; we 09:00-20:00; th 09:00-20:00; fr 09:00-20:00; sa 09:00-20:00; su 10:00-19:00,2026-10-09,
PET_SHOP,Glamorous Puppies,https://www.google.com/maps/place/Glamorous+Puppies/data=!4m7!3m6!1s0x88d9b8fc1f3eea37:0x1d11805835bf0416!8m2!3d25.7615121!4d-80.3277238!16s%2Fg%2F11dxs38vs6!19sChIJN-o-H_y42YgRFgS_NViAER0?authuser=0&hl=en&g_ep=EgoyMDI2MTAwNy4wIJJjKgBIAVAD&rclk=1,4.9,676,"8150 SW 8th St #123, Miami, FL 33144",+1 305-915-8859,https://glamorouspuppies.com/,mo 10:00-19:00; tu 10:00-18:30; we 10:00-18:30; th 10:00-19:00; fr 10:00-19:00; sa 10:00-19:00; su 10:00-18:00,2026-10-09,
PET_SHOP,Nessy's Puppies of Kendall,https://www.google.com/maps/place/Nessy%27s+Puppies+of+Kendall/data=!4m7!3m6!1s0x88d9c06387e71f5f:0x2c95e27aa821260a!8m2!3d25.686563!4d-80.417368!16s%2Fg%2F1jglrx886!19sChIJXx_nh2PA2YgRCiYhqHrilSw?authuser=0&hl=en&g_ep=EgoyMDI2MTAwNy4wIJJjKgBIAVAD&rclk=1,4.6,583,"8690 SW 137th Ct, Miami, FL 33183",+1 786-758-8505,https://nessyspuppiesofkendall.com/?utm_campaign=gmb,mo 09:00-21:00; tu 09:00-21:00; we 09:00-21:00; th 09:00-21:00; fr 09:00-21:00; sa 09:00-21:00; su 09:00-21:00,2026-10-09,
PET_SHOP,Snuggly Tails Dental,https://www.google.com/maps/place/Snuggly+Tails+Dental/data=!4m7!3m6!1s0x88d9b79897112f8b:0x15843dac800a9265!8m2!3d25.753649!4d-80.254911!16s%2Fg%2F11ffv2_n12!19sChIJiy8Rl5i32YgRZZIKgKw9hBU?authuser=0&hl=en&g_ep=EgoyMDI2MTAwNy4wIJJjKgBIAVAD&rclk=1,5.0,556,"2030 Douglas Rd, Coral Gables, FL 33134",+1 305-323-0551,http://snugglytails.com/,mo 08:00-17:00; tu 08:00-17:00; we 08:00-17:00; th 08:00-17:00; fr 08:00-17:00; sa 09:00-15:00; su closed,2026-10-09,
PET_SHOP,Neptunes Aquarium Store,https://www.google.com/maps/place/Neptunes+Aquarium+Store/data=!4m7!3m6!1s0x88d9bb02b7c79315:0x1c0a24df4ee02a94!8m2!3d25.8704384!4d-80.3219066!16s%2Fg%2F11g6pw1j58!19sChIJFZPHtwK72YgRlCrgTt8kChw?authuser=0&hl=en&g_ep=EgoyMDI2MTAwNy4wIJJjKgBIAVAD&rclk=1,4.7,520,"5329 W 20th Ave, Hialeah, FL 33012",+1 305-501-7333,http://www.facebook.com/neptunesaquariums,mo 11:00-19:00; tu 11:00-19:00; we 11:00-19:00; th 11:00-19:00; fr 11:00-19:00; sa 10:00-18:00; su 10:00-17:00,2026-10-09,
PET_SHOP,Hairy's Puppies World - Miami Puppy Store,https://www.google.com/maps/place/Hairy%27s+Puppies+World+-+Miami+Puppy+Store/data=!4m7!3m6!1s0x88d9b959af18a40d:0xd6143493d7290f44!8m2!3d25.8111624!4d-80.3524333!16s%2Fg%2F1ptwktq2l!19sChIJDaQYr1m52YgRRA8p15M0FNY?authuser=0&hl=en&g_ep=EgoyMDI2MTAwNy4wIJJjKgBIAVAD&rclk=1,4.5,492,"9690 NW 41st St Unit 5, Doral, FL 33178",+1 305-392-3101,https://miami.hairyspuppies.us/,mo 10:00-20:00; tu 10:00-20:00; we 10:00-20:00; th 10:00-20:00; fr 10:00-20:00; sa 10:00-20:00; su closed,2026-10-09,
PET_SHOP,Puppies To Go,https://www.google.com/maps/place/Puppies+To+Go/data=!4m7!3m6!1s0x88d9b853132a7881:0xa2cfd1e158f40dc8!8m2!3d25.7632174!4d-80.3143543!16s%2Fg%2F1thvthn8!19sChIJgXgqE1O42YgRyA30WOHRz6I?authuser=0&hl=en&g_ep=EgoyMDI2MTAwNy4wIJJjKgBIAVAD&rclk=1,4.2,479,"7335 SW 8th St, Miami, FL 33144",+1 305-262-7310,http://www.puppiestogoinc.com/,mo 10:00-20:00; tu 10:00-20:00; we 10:00-20:00; th 10:00-20:00; fr 10:00-20:00; sa 10:00-20:00; su 11:00-18:00,2026-10-09,
DOG_TRAINING,K-9 Specialist | Dog Trainer,https://www.google.com/maps/place/K-9+Specialist+%7C+Dog+Trainer/data=!4m7!3m6!1s0x88d9c1cdb483fbf7:0xd404712c6384a698!8m2!3d25.6474242!4d-80.4131466!16s%2Fg%2F11_ssclpz!19sChIJ9_uDtM3B2YgRmKaEYyxxBNQ?authuser=0&hl=en&g_ep=EgoyMDI2MTAwNy4wIJJjKgBIAVAD&rclk=1,5.0,1305,"12855 SW 136th Ave Ste 202, Miami, FL 33186",+1 305-772-3777,https://k-9specialist.com/,mo 09:30-20:30; tu 09:30-20:30; we 09:30-20:30; th 09:30-20:30; fr 09:30-20:30; sa 09:30-14:00; su closed,2026-10-09,
DOG_TRAINING,Canine Counselors,https://www.google.com/maps/place/Canine+Counselors/data=!4m7!3m6!1s0x88d9b888548cb3bb:0xdb4fb955659ff7a6!8m2!3d25.7335377!4d-80.3224016!16s%2Fg%2F1v_vtq0f!19sChIJu7OMVIi42YgRpvefZVW5T9s?authuser=0&hl=en&g_ep=EgoyMDI2MTAwNy4wIJJjKgBIAVAD&rclk=1,4.9,563,"7875 Bird Rd #212, Miami, FL 33155",+1 305-264-0027,http://www.caninecounselors.com/,mo 08:30-17:30; tu 08:30-17:30; we 08:30-17:30; th 08:30-17:30; fr 08:30-17:00; sa closed; su closed,2026-10-09,
DOG_TRAINING,ACA CENTER Dog Training & Boarding,https://www.google.com/maps/place/ACA+CENTER+Dog+Training+%26+Boarding/data=!4m7!3m6!1s0x88d9b938bcf4e0ef:0x622555fcf520ee99!8m2!3d25.7846044!4d-80.3394552!16s%2Fg%2F11h3cjq7s7!19sChIJ7-D0vDi52YgRme4g9fxVJWI?authuser=0&hl=en&g_ep=EgoyMDI2MTAwNy4wIJJjKgBIAVAD&rclk=1,5.0,523,"8850 NW 13th Terrace #107, Miami, FL 33172",+1 786-271-9696,https://acacenter.us/,mo 09:00-17:00; tu 09:00-17:00; we 09:00-17:00; th 09:00-17:00; fr 09:00-17:00; sa closed; su closed,2026-10-09,
DOG_TRAINING,"Applause Your Paws, Inc.","https://www.google.com/maps/place/Applause+Your+Paws,+Inc./data=!4m7!3m6!1s0x88d9b87b448d043f:0x2108117b9cd31e15!8m2!3d25.7291865!4d-80.3144146!16s%2Fg%2F11bbrnfp55!19sChIJPwSNRHu42YgRFR7TnHsRCCE?authuser=0&hl=en&g_ep=EgoyMDI2MTAwNy4wIJJjKgBIAVAD&rclk=1",4.8,497,"4423 SW 74th Ave, Miami, FL 33155",+1 786-529-7833,http://www.applauseyourpaws.com/,mo 09:00-17:00; tu 09:00-17:00; we 09:00-17:00; th 09:00-17:00; fr 09:00-17:00; sa closed; su closed,2026-10-09,
DOG_TRAINING,Smart Start Puppies - Dog Training,https://www.google.com/maps/place/Smart+Start+Puppies+-+Dog+Training/data=!4m7!3m6!1s0x88d9bf09fd6acfaf:0x5b45308f638bff0c!8m2!3d25.7719573!4d-80.195982!16s%2Fg%2F1yfh_kkvr!19sChIJr89q_Qm_2YgRDP-LY48wRVs?authuser=0&hl=en&g_ep=EgoyMDI2MTAwNy4wIJJjKgBIAVAD&rclk=1,4.9,355,"111 SW 3rd St #603, Miami, FL 33130",+1 305-697-7781,https://smartstartpuppies.com/florida/miami?utm_source=google&utm_medium=local&utm_campaign=gmb-mia,mo 08:30-19:00; tu 08:30-19:00; we 08:30-19:00; th 08:30-19:00; fr 08:30-19:00; sa 08:30-18:00; su closed,2026-10-09,
DOG_TRAINING,K9 Specialist Inc.,https://www.google.com/maps/place/K9+Specialist+Inc./data=!4m7!3m6!1s0x4db0f54c7cc8638d:0x51a37bd7080bf162!8m2!3d25.7853889!4d-80.1639366!16s%2Fg%2F11vk4xpz6f!19sChIJjWPIfEz1sE0RYvELCNd7o1E?authuser=0&hl=en&g_ep=EgoyMDI2MTAwNy4wIJJjKgBIAVAD&rclk=1,5.0,264,"405 N Hibiscus Dr Apt 108, Miami Beach, FL 33139",+1 305-772-3777,https://k-9specialist.com/,mo 08:00-19:30; tu 08:00-19:30; we 08:00-19:30; th 08:00-19:30; fr 08:00-19:30; sa 08:00-19:30; su closed,2026-10-09,
DOG_TRAINING,Bauser's Pet Training,https://www.google.com/maps/place/Bauser%27s+Pet+Training/data=!4m7!3m6!1s0x88d9ad9bde6e6f23:0x2c5f1b77ce132dc4!8m2!3d25.914692!4d-80.160095!16s%2Fg%2F11h1dpf2rf!19sChIJI29u3put2YgRxC0TzncbXyw?authuser=0&hl=en&g_ep=EgoyMDI2MTAwNy4wIJJjKgBIAVAD&rclk=1,4.9,216,"1944 NE 151st St, North Miami Beach, FL 33162",+1 305-454-0420,https://bauserspettraining.com/,,2026-10-09,hours: none (not published on Maps)
DOG_TRAINING,W&M Happy Dogs,https://www.google.com/maps/place/W%26M+Happy+Dogs/data=!4m7!3m6!1s0x88d9c3f787c1bc17:0x53dc1b1f08da9a47!8m2!3d25.5727462!4d-80.4020501!16s%2Fg%2F11p04wnnd9!19sChIJF7zBh_fD2YgRR5raCB8b3FM?authuser=0&hl=en&g_ep=EgoyMDI2MTAwNy4wIJJjKgBIAVAD&rclk=1,5.0,171,"12942 SW 208th Ln, Miami, FL 33177",+1 786-585-3271,https://wmhappydogsinc.com/,mo 08:00-20:00; tu 08:00-20:00; we 08:00-20:00; th 08:00-20:00; fr 08:00-20:00; sa 08:00-20:00; su closed,2026-10-09,
DOG_TRAINING,K9 Off Leash,https://www.google.com/maps/place/K9+Off+Leash/data=!4m7!3m6!1s0x88d9b1496608556f:0xbbfe416c8ef0d408!8m2!3d25.8522616!4d-80.1851428!16s%2Fg%2F11fm732g0l!19sChIJb1UIZkmx2YgRCNTwjmxB_rs?authuser=0&hl=en&g_ep=EgoyMDI2MTAwNy4wIJJjKgBIAVAD&rclk=1,4.7,135,"8320 Biscayne Blvd, Miami, FL 33138",+1 305-907-9505,http://k9offleash.com/,mo 07:00-21:00; tu 07:00-21:00; we 07:00-21:00; th 07:00-21:00; fr 07:00-21:00; sa 07:00-21:00; su 07:00-21:00,2026-10-09,
DOG_TRAINING,Asger K9,https://www.google.com/maps/place/Asger+K9/data=!4m7!3m6!1s0x88d9a5867098b5bd:0x6d7048a09d030fb2!8m2!3d25.895409!4d-80.308362!16s%2Fg%2F11h9gvdqvx!19sChIJvbWYcIal2YgRsg8DnaBIcG0?authuser=0&hl=en&g_ep=EgoyMDI2MTAwNy4wIJJjKgBIAVAD&rclk=1,4.6,101,"8000 W 12th Ave, Hialeah, FL 33014",+1 786-439-6665,https://www.asgerk9.com/?utm_source=google&utm_medium=wix_google_business_profile&utm_campaign=13239422386710242076,mo 06:30-20:00; tu 06:30-20:00; we 06:30-20:00; th 06:30-20:00; fr 06:30-20:00; sa 07:00-13:00; su closed,2026-10-09,
DOG_TRAINING,GIFMAF Dog Psychology Center Miami,https://www.google.com/maps/place/GIFMAF+Dog+Psychology+Center+Miami/data=!4m7!3m6!1s0x88d9e7fac34a47d9:0x672036f047e8f1a1!8m2!3d25.4750017!4d-80.5033312!16s%2Fg%2F11x5t495fw!19sChIJ2UdKw_rn2YgRofHoR_A2IGc?authuser=0&hl=en&g_ep=EgoyMDI2MTAwNy4wIJJjKgBIAVAD&rclk=1,5.0,100,"31415 SW 193rd Ave, Homestead, FL 33030",+1 813-771-2111,https://gifmaf.com/,mo 07:00-18:00; tu 07:00-18:00; we 07:00-18:00; th 07:00-18:00; fr 07:00-18:00; sa 07:00-18:00; su 07:00-18:00,2026-10-09,
DOG_TRAINING,West Point K-9 Academy Inc,https://www.google.com/maps/place/West+Point+K-9+Academy+Inc/data=!4m7!3m6!1s0x88d9c09a65bbbfef:0x54f2a889e05ff8f!8m2!3d25.7129922!4d-80.3967063!16s%2Fg%2F1thvthpr!19sChIJ77-7ZZrA2YgRj_8FnogqTwU?authuser=0&hl=en&g_ep=EgoyMDI2MTAwNy4wIJJjKgBIAVAD&rclk=1,4.7,93,"5801 SW 125th Ave, Miami, FL 33183",+1 305-271-7070,http://westpointk9.com/,mo 09:00-17:00; tu 09:00-17:00; we 09:00-17:00; th 09:00-17:00; fr 09:00-17:00; sa 09:00-17:00; su closed,2026-10-09,
DOG_TRAINING,Rocco's Pack Pet Services,https://www.google.com/maps/place/Rocco%27s+Pack+Pet+Services/data=!4m7!3m6!1s0x88d9b299225a40ff:0x31c39b7b6a5beaf!8m2!3d25.9272518!4d-80.1608816!16s%2Fg%2F1yg56gtbd!19sChIJ_0BaIpmy2YgRr76ltrc5HAM?authuser=0&hl=en&g_ep=EgoyMDI2MTAwNy4wIJJjKgBIAVAD&rclk=1,4.9,82,"1955 NE 164th St, North Miami Beach, FL 33162",+1 786-309-5109,http://roccospack.com/,mo 09:00-18:00; tu 09:00-18:00; we 09:00-18:00; th 09:00-18:00; fr 09:00-18:00; sa closed; su closed,2026-10-09,
DOG_TRAINING,Connor Canine Training,https://www.google.com/maps/place/Connor+Canine+Training/data=!4m7!3m6!1s0x88d9c3d9a1d9b769:0x27f0a89f9a20010e!8m2!3d25.5524811!4d-80.4865823!16s%2Fg%2F11vz6h6jb0!19sChIJabfZodnD2YgRDgEgmp-o8Cc?authuser=0&hl=en&g_ep=EgoyMDI2MTAwNy4wIJJjKgBIAVAD&rclk=1,5.0,66,"23000 SW 182nd Ave, Miami, FL 33170",+1 786-827-9104,http://connork9.com/,mo 09:00-18:00; tu 09:00-18:00; we 09:00-18:00; th 09:00-18:00; fr 09:00-18:00; sa 09:00-18:00; su 09:00-18:00,2026-10-09,
DOG_TRAINING,"Wolff's Kennel Inc, K-9 Boarding & Training Center","https://www.google.com/maps/place/Wolff%27s+Kennel+Inc,+K-9+Boarding+%26+Training+Center/data=!4m7!3m6!1s0x88d9ba700cd2a747:0x1267413dcc09d6be!8m2!3d25.8448332!4d-80.2865235!16s%2Fg%2F1tf5fk8c!19sChIJR6fSDHC62YgRvtYJzD1BZxI?authuser=0&hl=en&g_ep=EgoyMDI2MTAwNy4wIJJjKgBIAVAD&rclk=1",4.8,64,"2530 W 2nd Ave, Hialeah, FL 33010",+1 305-885-3623,http://www.wolffskennel.com/,mo 09:00-17:00; tu 09:00-17:00; we 09:00-17:00; th 09:00-17:00; fr 09:00-17:00; sa 09:00-17:00; su closed,2026-10-09,
DOG_TRAINING,Delta Force K-9,https://www.google.com/maps/place/Delta+Force+K-9/data=!4m7!3m6!1s0x88d9ba6fcfecda5d:0x76afcff0f0e647cf!8m2!3d25.8432066!4d-80.2884971!16s%2Fg%2F11fct5lptn!19sChIJXdrsz2-62YgRz0fm8PDPr3Y?authuser=0&hl=en&g_ep=EgoyMDI2MTAwNy4wIJJjKgBIAVAD&rclk=1,4.7,62,"2329 W 3rd Ct, Hialeah, FL 33010",+1 305-389-2540,http://www.deltaforcek-9.com/,mo 09:00-18:00; tu 09:00-18:00; we 09:00-18:00; th 09:00-18:00; fr 09:00-18:00; sa 09:00-18:00; su closed,2026-10-09,
DOG_TRAINING,Rose Lesniak Dog Trainer,https://www.google.com/maps/place/Rose+Lesniak+Dog+Trainer/data=!4m7!3m6!1s0x88d9b3d94711f725:0xaab9492f9549df2c!8m2!3d25.8334893!4d-80.1832012!16s%2Fg%2F11fxcg29hb!19sChIJJfcRR9mz2YgRLN9JlS9Juao?authuser=0&hl=en&g_ep=EgoyMDI2MTAwNy4wIJJjKgBIAVAD&rclk=1,5.0,48,"645 NE 62nd St, Miami, FL 33138",+1 305-868-8109,http://roselesniakdogtrainer.com/,mo 07:30-21:00; tu 07:30-21:00; we 07:30-21:00; th 07:30-21:00; fr 07:00-21:00; sa 07:30-21:00; su 07:30-21:00,2026-10-09,
DOG_TRAINING,Control Canine,https://www.google.com/maps/place/Control+Canine/data=!4m7!3m6!1s0x88d9b167b6e1f9dd:0xc3b5d9750ddbd656!8m2!3d25.8172041!4d-80.1930978!16s%2Fg%2F11t89_9s1s!19sChIJ3fnhtmex2YgRVtbbDXXZtcM?authuser=0&hl=en&g_ep=EgoyMDI2MTAwNy4wIJJjKgBIAVAD&rclk=1,5.0,41,"121 NE 45th St, Miami, FL 33137",+1 305-564-1500,http://controlcanine.com/,mo 09:00-18:00; tu 09:00-18:00; we 09:00-18:00; th 09:00-17:00; fr 09:00-17:00; sa closed; su closed,2026-10-09,
DOG_TRAINING,Unleash'd K9,https://www.google.com/maps/place/Unleash%27d+K9/data=!4m7!3m6!1s0x28257e642131f8f7:0xc79ce1b8f0db19e5!8m2!3d25.9237594!4d-80.2011918!16s%2Fg%2F11w3khfd_9!19sChIJ9_gxIWR-JSgR5Rnb8LjhnMc?authuser=0&hl=en&g_ep=EgoyMDI2MTAwNy4wIJJjKgBIAVAD&rclk=1,4.8,40,"51 NW 162nd St, Miami, FL 33169",+1 786-755-5857,https://unleashdk9.com/,mo 08:00-19:00; tu 08:00-19:00; we 08:00-19:00; th 08:00-19:00; fr 08:00-19:00; sa 08:00-19:00; su closed,2026-10-09,
DOG_TRAINING,iDog Academy,https://www.google.com/maps/place/iDog+Academy/data=!4m7!3m6!1s0x88d9c174cb37c0ab:0x9074fa6ea8ffa608!8m2!3d25.7615542!4d-80.3097167!16s%2Fg%2F11s0skcl19!19sChIJq8A3y3TB2YgRCKb_qG76dJA?authuser=0&hl=en&g_ep=EgoyMDI2MTAwNy4wIJJjKgBIAVAD&rclk=1,4.8,39,"7070 SW 9th St, Miami, FL 33144",+1 786-587-2759,https://idogacademy.com/,mo 08:45-18:30; tu 08:45-18:30; we 08:45-18:30; th 08:45-18:30; fr 08:45-18:30; sa 08:45-18:30; su 08:45-18:30,2026-10-09,
PET_HOTEL,Dog Dude Ranch,https://www.google.com/maps/place/Dog+Dude+Ranch/data=!4m7!3m6!1s0x88d9c097d811de0d:0xb155d336c0030d45!8m2!3d25.709406!4d-80.388178!16s%2Fg%2F1tfnttk1!19sChIJDd4R2JfA2YgRRQ0DwDbTVbE?authuser=0&hl=en&g_ep=EgoyMDI2MTAwNy4wIJJjKgBIAVAD&rclk=1,4.9,694,"6305 SW 120th Ave, Miami, FL 33183",+1 305-702-0475,https://www.dogduderanchmiami.com/,mo 07:00-17:30; tu 07:00-17:30; we 07:00-17:30; th 07:00-17:30; fr 07:00-17:30; sa 07:00-17:30; su 07:00-17:30,2026-10-09,
PET_HOTEL,Somi Pet Resort,https://www.google.com/maps/place/Somi+Pet+Resort/data=!4m7!3m6!1s0x88d9b9f73bcecaa9:0xec1840a04a6302b7!8m2!3d25.743516!4d-80.3109738!16s%2Fg%2F11gtz8p4q6!19sChIJqcrOO_e52YgRtwJjSqBAGOw?authuser=0&hl=en&g_ep=EgoyMDI2MTAwNy4wIJJjKgBIAVAD&rclk=1,4.6,307,"2950 SW 71st Ave, Miami, FL 33155",+1 305-504-8255,http://www.somipetresort.com/,mo 07:00-18:30; tu 07:00-18:30; we 07:00-18:30; th 07:00-18:30; fr 07:00-18:30; sa 09:00-17:00; su 09:00-17:00,2026-10-09,
PET_HOTEL,Doggies Gone Wild,https://www.google.com/maps/place/Doggies+Gone+Wild/data=!4m7!3m6!1s0x88d9ae4878d6682f:0x1ccf183986f0d0c7!8m2!3d25.9253727!4d-80.2212546!16s%2Fg%2F11b75k9hls!19sChIJL2jWeEiu2YgRx9DwhjkYzxw?authuser=0&hl=en&g_ep=EgoyMDI2MTAwNy4wIJJjKgBIAVAD&rclk=1,4.8,272,"16555 NW 13th Ave, Miami Gardens, FL 33169",+1 305-740-6456,https://doggies-gonewild.com/,mo 07:00-19:00; tu 07:00-19:00; we 07:00-19:00; th 07:00-19:00; fr 07:00-19:00; sa 10:00-17:00; su 10:00-17:00,2026-10-09,
PET_HOTEL,Pet Ville Inn,https://www.google.com/maps/place/Pet+Ville+Inn/data=!4m7!3m6!1s0x88d9e9002a3a5c7f:0x2f9d572de7784729!8m2!3d25.5582932!4d-80.4710435!16s%2Fg%2F11ldqj7ljb!19sChIJf1w6KgDp2YgRKUd45y1XnS8?authuser=0&hl=en&g_ep=EgoyMDI2MTAwNy4wIJJjKgBIAVAD&rclk=1,5.0,230,"17235 SW 224th St, Miami, FL 33170",+1 786-318-0694,,mo 07:00-19:00; tu 07:00-19:00; we 07:00-19:00; th 07:00-19:00; fr 07:00-19:00; sa 07:00-19:00; su 09:00-18:00,2026-10-09,
PET_HOTEL,DOG Hotels Wynwood,https://www.google.com/maps/place/DOG+Hotels+Wynwood/data=!4m7!3m6!1s0x88d9b6ac8b670c35:0x9e6c5093013278d5!8m2!3d25.8014442!4d-80.1943692!16s%2Fg%2F11ggw883kh!19sChIJNQxni6y22YgR1XgyAZNQbJ4?authuser=0&hl=en&g_ep=EgoyMDI2MTAwNy4wIJJjKgBIAVAD&rclk=1,4.8,216,"28 NE 26th St, Miami, FL 33137",+1 786-360-5022,http://www.doghotels.com/,mo 08:00-19:00; tu 08:00-19:00; we 08:00-19:00; th 08:00-19:00; fr 08:00-19:00; sa 09:00-18:00; su 09:00-18:00,2026-10-09,
PET_HOTEL,DOG Hotels Brickell,https://www.google.com/maps/place/DOG+Hotels+Brickell/data=!4m7!3m6!1s0x88d9b79f4c13064f:0x515ce4f7da0ec208!8m2!3d25.7655467!4d-80.1943591!16s%2Fg%2F11pvwvnl_7!19sChIJTwYTTJ-32YgRCMIO2vfkXFE?authuser=0&hl=en&g_ep=EgoyMDI2MTAwNy4wIJJjKgBIAVAD&rclk=1,4.4,196,"25 SW 9th St G 101, Miami, FL 33130",+1 786-228-9716,https://doghotels.com/brickell/,mo 08:00-19:00; tu 08:00-19:00; we 08:00-19:00; th 08:00-19:00; fr 08:00-19:00; sa 09:00-18:00; su 09:00-18:00,2026-10-09,
PET_HOTEL,Maria's Pet Grooming and Daycare,https://www.google.com/maps/place/Maria%27s+Pet+Grooming+and+Daycare/data=!4m7!3m6!1s0x88d9b12c60d575e7:0x10e6c26a0eb12b2f!8m2!3d25.8093709!4d-80.2253303!16s%2Fg%2F11fxvppdw8!19sChIJ53XVYCyx2YgRLyuxDmrC5hA?authuser=0&hl=en&g_ep=EgoyMDI2MTAwNy4wIJJjKgBIAVAD&rclk=1,4.7,188,"1766 NW 36th St, Miami, FL 33142",+1 786-395-0278,https://instagram.com/mariapetsgrooming?igshid=OGQ5ZDc2ODk2ZA==,mo 08:30-18:00; tu 08:30-18:00; we 08:30-18:00; th 08:30-18:00; fr 08:30-18:00; sa 08:30-18:00; su closed,2026-10-09,
PET_HOTEL,Woodland Lodge Pet Resort,https://www.google.com/maps/place/Woodland+Lodge+Pet+Resort/data=!4m7!3m6!1s0x88d9bbe5f697a17b:0x7fbb9ab26f86d391!8m2!3d25.8258696!4d-80.3499934!16s%2Fg%2F11fxy3sr2g!19sChIJe6GX9uW72YgRkdOGb7Kau38?authuser=0&hl=en&g_ep=EgoyMDI2MTAwNy4wIJJjKgBIAVAD&rclk=1,4.7,176,"9400 NW 58th St, Doral, FL 33178",+1 786-391-4949,https://www.miamipetresort.com/,mo 08:00-18:00; tu 08:00-18:00; we 08:00-18:00; th 08:00-18:00; fr 08:00-18:00; sa 08:00-18:00; su 16:00-18:00,2026-10-09,
PET_HOTEL,Pet Avenue Grooming & Boarding,https://www.google.com/maps/place/Pet+Avenue+Grooming+%26+Boarding/data=!4m7!3m6!1s0x88d9b68f00f9d437:0x897f75f715fdc23c!8m2!3d25.7663814!4d-80.2015199!16s%2Fg%2F1th5dc9l!19sChIJN9T5AI-22YgRPML9Ffd1f4k?authuser=0&hl=en&g_ep=EgoyMDI2MTAwNy4wIJJjKgBIAVAD&rclk=1,4.3,173,"439 SW 8th St, Miami, FL 33130",+1 305-285-6262,http://petavenue.net/,mo 09:00-17:00; tu 09:00-17:00; we 09:00-17:00; th 09:00-17:00; fr 09:00-17:00; sa 09:00-17:00; su closed,2026-10-09,
PET_HOTEL,Magic Grooming & Pet Resort,https://www.google.com/maps/place/Magic+Grooming+%26+Pet+Resort/data=!4m7!3m6!1s0x88d9b24b5731febd:0xe4fa7df1dc58f39c!8m2!3d25.8489353!4d-80.1597324!16s%2Fg%2F1vqmk51x!19sChIJvf4xV0uy2YgRnPNY3PF9-uQ?authuser=0&hl=en&g_ep=EgoyMDI2MTAwNy4wIJJjKgBIAVAD&rclk=1,4.1,168,"7904 West Dr #2, North Bay Village, FL 33141",+1 305-758-1392,http://www.pawsome.be/,mo 08:00-18:00; tu 08:00-18:00; we 08:00-18:00; th 08:00-18:00; fr 08:00-18:00; sa 08:00-18:00; su closed,2026-10-09,
PET_SITTING,Equipaws Pet Services,https://www.google.com/maps/place/Equipaws+Pet+Services/data=!4m7!3m6!1s0x88d9c6fb31eae8ef:0x8b53be05308fd1f4!8m2!3d25.7045308!4d-80.287935!16s%2Fg%2F11h08ckdv!19sChIJ7-jqMfvG2YgR9NGPMAW-U4s?authuser=0&hl=en&g_ep=EgoyMDI2MTAwNy4wIJJjKgBIAVAD&rclk=1,4.9,152,"5825 Sunset Dr #306, South Miami, FL 33143",+1 305-794-3733,http://www.equipawspetservices.com/,mo 09:00-18:00; tu 09:00-18:00; we 09:00-18:00; th 09:00-18:00; fr 09:00-18:00; sa 09:00-15:00; su closed,2026-10-09,
PET_SITTING,Doggiesleepover,https://www.google.com/maps/place/Doggiesleepover/data=!4m7!3m6!1s0x88d9ddd9cf71e5c9:0xdcec5f4e83dadfc4!8m2!3d25.5346268!4d-80.3916959!16s%2Fg%2F11kk7z979g!19sChIJyeVxz9nd2YgRxN_ag05f7Nw?authuser=0&hl=en&g_ep=EgoyMDI2MTAwNy4wIJJjKgBIAVAD&rclk=1,5.0,142,"25065 SW 123rd Ct, Homestead, FL 33032",+1 786-758-1768,https://www.doggiesleepover.net/,mo 08:00-20:00; tu 08:00-20:00; we 08:00-20:00; th 08:00-20:00; fr 08:00-20:00; sa closed; su 08:00-20:00,2026-10-09,
PET_SITTING,Waggy Tail Pet Care,https://www.google.com/maps/place/Waggy+Tail+Pet+Care/data=!4m7!3m6!1s0x88d9b486f77ec583:0x35974b6afbe86866!8m2!3d25.7894126!4d-80.1334318!16s%2Fg%2F11fx_2kv1v!19sChIJg8V-94a02YgRZmjo-2pLlzU?authuser=0&hl=en&g_ep=EgoyMDI2MTAwNy4wIJJjKgBIAVAD&rclk=1,5.0,82,"1604 Drexel Ave, Miami Beach, FL 33139",+1 305-239-9299,http://waggytailpetcare.com/,mo 09:00-19:00; tu 09:00-19:00; we 09:00-19:00; th 09:00-19:00; fr 09:00-19:00; sa 09:00-19:00; su 09:00-19:00,2026-10-09,
PET_SITTING,Casa del Paw,https://www.google.com/maps/place/Casa+del+Paw/data=!4m7!3m6!1s0x6ba5660060cf0bbd:0x905187f5903307a3!8m2!3d25.9506749!4d-80.1433969!16s%2Fg%2F11t6xpvjql!19sChIJvQvPYABmpWsRowczkPWHUZA?authuser=0&hl=en&g_ep=EgoyMDI2MTAwNy4wIJJjKgBIAVAD&rclk=1,5.0,82,"18995 Biscayne Blvd, Aventura, FL 33180",+1 786-613-6423,http://casadelpaw.com/,mo 08:00-20:30; tu 08:00-20:30; we 08:00-20:30; th 08:00-20:30; fr 08:00-20:30; sa 08:00-20:30; su 08:00-20:30,2026-10-09,
PET_SITTING,"Lux Leashes - Dog Sitting, Walking & Boarding","https://www.google.com/maps/place/Lux+Leashes+-+Dog+Sitting,+Walking+%26+Boarding/data=!4m7!3m6!1s0x88d9b7c88b823b85:0xfd1ea96b907a058b!8m2!3d25.7640864!4d-80.1984031!16s%2Fg%2F11swzsk_d0!19sChIJhTuCi8i32YgRiwV6kGupHv0?authuser=0&hl=en&g_ep=EgoyMDI2MTAwNy4wIJJjKgBIAVAD&rclk=1",4.9,76,"266 SW 10th St, Miami, FL 33130",+1 786-608-5412,http://luxleashes.com/,mo 09:00-21:00; tu 09:00-21:00; we 09:00-21:00; th 09:00-21:00; fr 09:00-21:00; sa 09:00-21:00; su 09:00-21:00,2026-10-09,
PET_SITTING,"Patas de Lujo - Mobile Dog Grooming, Pet Sitting","https://www.google.com/maps/place/Patas+de+Lujo+-+Mobile+Dog+Grooming,+Pet+Sitting/data=!4m7!3m6!1s0x88d9c0cc55998467:0xf1e1d7047c2d108e!8m2!3d25.6712089!4d-80.4261995!16s%2Fg%2F11g9tbh4jn!19sChIJZ4SZVczA2YgRjhAtfATX4fE?authuser=0&hl=en&g_ep=EgoyMDI2MTAwNy4wIJJjKgBIAVAD&rclk=1",4.7,70,"14311 SW 103rd Terrace, Miami, FL 33186",+1 786-234-3413,https://www.instagram.com/odalys_papp/#,mo 09:00-17:00; tu 09:00-17:00; we 09:00-17:00; th 09:00-17:00; fr 09:00-17:00; sa closed; su closed,2026-10-09,
PET_SITTING,Ardon Pets Services LLC,https://www.google.com/maps/place/Ardon+Pets+Services+LLC/data=!4m7!3m6!1s0x88d9b99d4ee5518d:0x7cf979d645a147ec!8m2!3d25.7690456!4d-80.404635!16s%2Fg%2F11p_21l3ky!19sChIJjVHlTp252YgR7EehRdZ5-Xw?authuser=0&hl=en&g_ep=EgoyMDI2MTAwNy4wIJJjKgBIAVAD&rclk=1,4.9,68,"12800 NW 2nd St, Miami, FL 33182",+1 305-440-8959,http://www.ardonpets.com/,mo 09:00-17:00; tu 09:00-17:00; we closed; th closed; fr closed; sa closed; su closed,2026-10-09,
PET_SITTING,Love Miami Dogs,https://www.google.com/maps/place/Love+Miami+Dogs/data=!4m7!3m6!1s0x88d9b538a5ceaa9f:0x6311135eff7de756!8m2!3d25.7880664!4d-80.1406686!16s%2Fg%2F11ry5jp85f!19sChIJn6rOpTi12YgRVud9_14TEWM?authuser=0&hl=en&g_ep=EgoyMDI2MTAwNy4wIJJjKgBIAVAD&rclk=1,5.0,56,"1521 Alton Rd #492, Miami Beach, FL 33139",,https://www.lovemiamidogs.com/,mo 08:00-19:00; tu 08:00-19:00; we 08:00-19:00; th 08:00-19:00; fr 08:00-19:00; sa 08:00-18:00; su 08:00-18:00,2026-10-09,
PET_SITTING,Al nido pet hotel and spa,https://www.google.com/maps/place/Al+nido+pet+hotel+and+spa/data=!4m7!3m6!1s0x88d9b1964fa6c5f7:0x65bd79d24905601b!8m2!3d25.8438998!4d-80.2096802!16s%2Fg%2F11xt_mcbkv!19sChIJ98WmT5ax2YgRG2AFSdJ5vWU?authuser=0&hl=en&g_ep=EgoyMDI2MTAwNy4wIJJjKgBIAVAD&rclk=1,5.0,55,"726 NW 76th St, Miami, FL 33150",+1 786-663-4571,https://www.instagram.com/alnidopetspahotel?igsh=MTd4N3VlNWZ3aXl6NQ==,mo 09:00-18:00; tu 09:00-18:00; we 09:00-18:00; th 09:00-18:00; fr 09:00-18:00; sa 09:00-24:00; su 00:00-06:00,2026-10-09,
PET_SITTING,Duke Paws Dog Walking & Pet Sitting,https://www.google.com/maps/place/Duke+Paws+Dog+Walking+%26+Pet+Sitting/data=!4m7!3m6!1s0xf80b7fe0863756f:0x3887a7792648de20!8m2!3d25.9350111!4d-80.1263844!16s%2Fg%2F11rpnwgl8r!19sChIJb3VjCP63gA8RIN5IJnmnhzg?authuser=0&hl=en&g_ep=EgoyMDI2MTAwNy4wIJJjKgBIAVAD&rclk=1,4.9,55,"17100 N Bay Rd, Sunny Isles Beach, FL 33160",+1 786-898-0286,https://dukepawservices.com/,,2026-10-09,hours: none (not published on Maps)
