{
  "type": "FeatureCollection",
  "source": "OpenStreetMap contributors, ODbL - relation 435514 (fetched 2026-10-04)",
  "features": [
    {
      "type": "Feature",
      "properties": {
        "name": "Praha 1",
        "slug": "praha-1",
        "osm_relation": 19999119,
        "in": {
          "en": "in Prague 1",
          "cs": "v Praze 1"
        }
      },
      "geometry": {
        "type": "MultiPolygon",
        "coordinates": [
          [
            [
              [
                14.385549,
                50.086365
              ],
              [
                14.387268,
                50.086769
              ],
              [
                14.388104,
                50.087151
              ],
              [
                14.388231,
                50.087288
              ],
              [
                14.388265,
                50.087503
              ],
              [
                14.387967,
                50.089336
              ],
              [
                14.388779,
                50.091021
              ],
              [
                14.389095,
                50.092528
              ],
              [
                14.389433,
                50.092762
              ],
              [
                14.396854,
                50.093589
              ],
              [
                14.398353,
                50.093302
              ],
              [
                14.405927,
                50.094391
              ],
              [
                14.409155,
                50.095028
              ],
              [
                14.409073,
                50.095155
              ],
              [
                14.409417,
                50.095127
              ],
              [
                14.409637,
                50.095413
              ],
              [
                14.411107,
                50.095423
              ],
              [
                14.410941,
                50.094492
              ],
              [
                14.41055,
                50.094413
              ],
              [
                14.410927,
                50.093719
              ],
              [
                14.411298,
                50.0938
              ],
              [
                14.412142,
                50.093218
              ],
              [
                14.41143,
                50.092218
              ],
              [
                14.412308,
                50.092729
              ],
              [
                14.41351,
                50.093167
              ],
              [
                14.41477,
                50.093371
              ],
              [
                14.416493,
                50.093894
              ],
              [
                14.417045,
                50.093047
              ],
              [
                14.41864,
                50.093458
              ],
              [
                14.4206,
                50.093802
              ],
              [
                14.422396,
                50.093997
              ],
              [
                14.429272,
                50.094502
              ],
              [
                14.431876,
                50.094022
              ],
              [
                14.433896,
                50.094272
              ],
              [
                14.435556,
                50.094214
              ],
              [
                14.436613,
                50.094296
              ],
              [
                14.436546,
                50.09402
              ],
              [
                14.436865,
                50.092325
              ],
              [
                14.436396,
                50.091351
              ],
              [
                14.437371,
                50.089886
              ],
              [
                14.437338,
                50.089368
              ],
              [
                14.437936,
                50.089496
              ],
              [
                14.437976,
                50.08811
              ],
              [
                14.437843,
                50.087996
              ],
              [
                14.437679,
                50.087028
              ],
              [
                14.437457,
                50.086504
              ],
              [
                14.437194,
                50.086592
              ],
              [
                14.436469,
                50.085721
              ],
              [
                14.435685,
                50.084223
              ],
              [
                14.434323,
                50.082421
              ],
              [
                14.433273,
                50.081305
              ],
              [
                14.432774,
                50.08101
              ],
              [
                14.433335,
                50.080606
              ],
              [
                14.433633,
                50.080583
              ],
              [
                14.432761,
                50.079118
              ],
              [
                14.431288,
                50.078279
              ],
              [
                14.430711,
                50.077849
              ],
              [
                14.430521,
                50.077616
              ],
              [
                14.430444,
                50.077088
              ],
              [
                14.421267,
                50.077498
              ],
              [
                14.421459,
                50.07817
              ],
              [
                14.42201,
                50.079085
              ],
              [
                14.419607,
                50.079161
              ],
              [
                14.419529,
                50.078374
              ],
              [
                14.417953,
                50.077869
              ],
              [
                14.416388,
                50.077541
              ],
              [
                14.414389,
                50.07739
              ],
              [
                14.414099,
                50.07632
              ],
              [
                14.413871,
                50.075801
              ],
              [
                14.411512,
                50.075592
              ],
              [
                14.41089,
                50.078675
              ],
              [
                14.409822,
                50.079066
              ],
              [
                14.409132,
                50.080766
              ],
              [
                14.409107,
                50.081278
              ],
              [
                14.404531,
                50.081177
              ],
              [
                14.404566,
                50.080806
              ],
              [
                14.401912,
                50.080748
              ],
              [
                14.401948,
                50.080625
              ],
              [
                14.401892,
                50.08059
              ],
              [
                14.401548,
                50.080614
              ],
              [
                14.401589,
                50.080745
              ],
              [
                14.400455,
                50.080639
              ],
              [
                14.399668,
                50.080727
              ],
              [
                14.399617,
                50.080594
              ],
              [
                14.399667,
                50.080559
              ],
              [
                14.398843,
                50.080649
              ],
              [
                14.398738,
                50.080249
              ],
              [
                14.397574,
                50.07993
              ],
              [
                14.397063,
                50.080646
              ],
              [
                14.397341,
                50.08102
              ],
              [
                14.395746,
                50.081483
              ],
              [
                14.395492,
                50.081112
              ],
              [
                14.394331,
                50.080823
              ],
              [
                14.393909,
                50.081563
              ],
              [
                14.394135,
                50.08194
              ],
              [
                14.392514,
                50.082352
              ],
              [
                14.392285,
                50.081981
              ],
              [
                14.391051,
                50.081767
              ],
              [
                14.390716,
                50.08256
              ],
              [
                14.391023,
                50.082905
              ],
              [
                14.389533,
                50.08341
              ],
              [
                14.389248,
                50.08305
              ],
              [
                14.388022,
                50.082975
              ],
              [
                14.387863,
                50.083797
              ],
              [
                14.388361,
                50.084031
              ],
              [
                14.387241,
                50.084997
              ],
              [
                14.386748,
                50.084749
              ],
              [
                14.38484,
                50.085312
              ],
              [
                14.385549,
                50.086365
              ]
            ]
          ]
        ]
      }
    },
    {
      "type": "Feature",
      "properties": {
        "name": "Praha 2",
        "slug": "praha-2",
        "osm_relation": 19999131,
        "in": {
          "en": "in Prague 2",
          "cs": "v Praze 2"
        }
      },
      "geometry": {
        "type": "MultiPolygon",
        "coordinates": [
          [
            [
              [
                14.411512,
                50.075592
              ],
              [
                14.413871,
                50.075801
              ],
              [
                14.414099,
                50.07632
              ],
              [
                14.414389,
                50.07739
              ],
              [
                14.416388,
                50.077541
              ],
              [
                14.417953,
                50.077869
              ],
              [
                14.419529,
                50.078374
              ],
              [
                14.419607,
                50.079161
              ],
              [
                14.42201,
                50.079085
              ],
              [
                14.421459,
                50.07817
              ],
              [
                14.421267,
                50.077498
              ],
              [
                14.430444,
                50.077088
              ],
              [
                14.430521,
                50.077616
              ],
              [
                14.430711,
                50.077849
              ],
              [
                14.431288,
                50.078279
              ],
              [
                14.432761,
                50.079118
              ],
              [
                14.433633,
                50.080583
              ],
              [
                14.433335,
                50.080606
              ],
              [
                14.432774,
                50.08101
              ],
              [
                14.433273,
                50.081305
              ],
              [
                14.434323,
                50.082421
              ],
              [
                14.435685,
                50.084223
              ],
              [
                14.436469,
                50.085721
              ],
              [
                14.437194,
                50.086592
              ],
              [
                14.439254,
                50.08589
              ],
              [
                14.440786,
                50.085158
              ],
              [
                14.439899,
                50.083219
              ],
              [
                14.439532,
                50.082017
              ],
              [
                14.442642,
                50.081574
              ],
              [
                14.4441,
                50.081485
              ],
              [
                14.445571,
                50.081185
              ],
              [
                14.44738,
                50.07997
              ],
              [
                14.448188,
                50.079
              ],
              [
                14.448998,
                50.077138
              ],
              [
                14.449064,
                50.075356
              ],
              [
                14.44856,
                50.075356
              ],
              [
                14.448599,
                50.074134
              ],
              [
                14.449284,
                50.074167
              ],
              [
                14.449309,
                50.073451
              ],
              [
                14.449206,
                50.07334
              ],
              [
                14.449212,
                50.07268
              ],
              [
                14.443115,
                50.072625
              ],
              [
                14.442551,
                50.072336
              ],
              [
                14.443664,
                50.071454
              ],
              [
                14.444363,
                50.071018
              ],
              [
                14.447534,
                50.069866
              ],
              [
                14.447892,
                50.069665
              ],
              [
                14.447954,
                50.069696
              ],
              [
                14.448167,
                50.069522
              ],
              [
                14.448499,
                50.068959
              ],
              [
                14.448606,
                50.068505
              ],
              [
                14.448556,
                50.068051
              ],
              [
                14.447251,
                50.06812
              ],
              [
                14.445418,
                50.067935
              ],
              [
                14.442972,
                50.067051
              ],
              [
                14.443105,
                50.067017
              ],
              [
                14.441951,
                50.066872
              ],
              [
                14.441308,
                50.066646
              ],
              [
                14.441153,
                50.066444
              ],
              [
                14.440865,
                50.066419
              ],
              [
                14.440155,
                50.066592
              ],
              [
                14.438833,
                50.066578
              ],
              [
                14.43852,
                50.066915
              ],
              [
                14.438222,
                50.06691
              ],
              [
                14.436817,
                50.067893
              ],
              [
                14.436786,
                50.067614
              ],
              [
                14.436546,
                50.067137
              ],
              [
                14.435967,
                50.066474
              ],
              [
                14.43537,
                50.066136
              ],
              [
                14.435296,
                50.066175
              ],
              [
                14.435108,
                50.066069
              ],
              [
                14.435443,
                50.066025
              ],
              [
                14.434431,
                50.065413
              ],
              [
                14.43429,
                50.06547
              ],
              [
                14.434165,
                50.065348
              ],
              [
                14.433416,
                50.065021
              ],
              [
                14.432189,
                50.064683
              ],
              [
                14.43083,
                50.064572
              ],
              [
                14.43083,
                50.064429
              ],
              [
                14.430141,
                50.064522
              ],
              [
                14.430119,
                50.064382
              ],
              [
                14.428952,
                50.064321
              ],
              [
                14.426732,
                50.063916
              ],
              [
                14.426091,
                50.063473
              ],
              [
                14.426836,
                50.062957
              ],
              [
                14.425985,
                50.062568
              ],
              [
                14.42584,
                50.0627
              ],
              [
                14.425206,
                50.062418
              ],
              [
                14.425017,
                50.062574
              ],
              [
                14.424803,
                50.062478
              ],
              [
                14.424903,
                50.062356
              ],
              [
                14.424775,
                50.062229
              ],
              [
                14.425278,
                50.062016
              ],
              [
                14.42475,
                50.06176
              ],
              [
                14.424547,
                50.061847
              ],
              [
                14.424391,
                50.061685
              ],
              [
                14.424299,
                50.061723
              ],
              [
                14.424261,
                50.061667
              ],
              [
                14.424338,
                50.061634
              ],
              [
                14.424191,
                50.061489
              ],
              [
                14.424394,
                50.061402
              ],
              [
                14.424247,
                50.060971
              ],
              [
                14.423156,
                50.061597
              ],
              [
                14.42334,
                50.061737
              ],
              [
                14.422825,
                50.062076
              ],
              [
                14.422156,
                50.06187
              ],
              [
                14.421998,
                50.062138
              ],
              [
                14.422202,
                50.06221
              ],
              [
                14.421815,
                50.062552
              ],
              [
                14.421613,
                50.062597
              ],
              [
                14.421323,
                50.062093
              ],
              [
                14.420187,
                50.062575
              ],
              [
                14.420312,
                50.062897
              ],
              [
                14.418492,
                50.063184
              ],
              [
                14.418377,
                50.062859
              ],
              [
                14.417086,
                50.062748
              ],
              [
                14.417143,
                50.062478
              ],
              [
                14.415806,
                50.061804
              ],
              [
                14.415225,
                50.062499
              ],
              [
                14.414791,
                50.063367
              ],
              [
                14.414217,
                50.064653
              ],
              [
                14.41381,
                50.065866
              ],
              [
                14.412966,
                50.068816
              ],
              [
                14.412574,
                50.070577
              ],
              [
                14.412293,
                50.072541
              ],
              [
                14.411799,
                50.074139
              ],
              [
                14.411512,
                50.075592
              ]
            ]
          ]
        ]
      }
    },
    {
      "type": "Feature",
      "properties": {
        "name": "Praha 3",
        "slug": "praha-3",
        "osm_relation": 19999134,
        "in": {
          "en": "in Prague 3",
          "cs": "v Praze 3"
        }
      },
      "geometry": {
        "type": "MultiPolygon",
        "coordinates": [
          [
            [
              [
                14.438056,
                50.086306
              ],
              [
                14.439254,
                50.08589
              ],
              [
                14.440786,
                50.085158
              ],
              [
                14.439899,
                50.083219
              ],
              [
                14.439532,
                50.082017
              ],
              [
                14.442642,
                50.081574
              ],
              [
                14.4441,
                50.081485
              ],
              [
                14.445571,
                50.081185
              ],
              [
                14.44738,
                50.07997
              ],
              [
                14.448188,
                50.079
              ],
              [
                14.448998,
                50.077138
              ],
              [
                14.449064,
                50.075356
              ],
              [
                14.457757,
                50.07546
              ],
              [
                14.476899,
                50.076408
              ],
              [
                14.478347,
                50.076274
              ],
              [
                14.47873,
                50.077845
              ],
              [
                14.476415,
                50.078062
              ],
              [
                14.476307,
                50.079391
              ],
              [
                14.481822,
                50.080405
              ],
              [
                14.482558,
                50.080464
              ],
              [
                14.482112,
                50.081002
              ],
              [
                14.481652,
                50.081237
              ],
              [
                14.480846,
                50.081488
              ],
              [
                14.480455,
                50.081852
              ],
              [
                14.482628,
                50.08225
              ],
              [
                14.482078,
                50.083424
              ],
              [
                14.483909,
                50.083814
              ],
              [
                14.483938,
                50.08376
              ],
              [
                14.484918,
                50.083916
              ],
              [
                14.484832,
                50.084106
              ],
              [
                14.486727,
                50.084593
              ],
              [
                14.487424,
                50.085429
              ],
              [
                14.488,
                50.085791
              ],
              [
                14.489344,
                50.086245
              ],
              [
                14.491767,
                50.086817
              ],
              [
                14.491916,
                50.086954
              ],
              [
                14.491921,
                50.087069
              ],
              [
                14.491809,
                50.087106
              ],
              [
                14.491666,
                50.087342
              ],
              [
                14.501928,
                50.089461
              ],
              [
                14.503275,
                50.089596
              ],
              [
                14.503318,
                50.08969
              ],
              [
                14.502455,
                50.089799
              ],
              [
                14.501634,
                50.090006
              ],
              [
                14.501421,
                50.090346
              ],
              [
                14.502325,
                50.090635
              ],
              [
                14.500981,
                50.09088
              ],
              [
                14.498288,
                50.091774
              ],
              [
                14.496856,
                50.09346
              ],
              [
                14.496267,
                50.09445
              ],
              [
                14.495959,
                50.095695
              ],
              [
                14.495953,
                50.096388
              ],
              [
                14.49573,
                50.096954
              ],
              [
                14.493882,
                50.098888
              ],
              [
                14.492966,
                50.098187
              ],
              [
                14.492195,
                50.098531
              ],
              [
                14.491469,
                50.098628
              ],
              [
                14.491489,
                50.09873
              ],
              [
                14.482228,
                50.097152
              ],
              [
                14.482097,
                50.097345
              ],
              [
                14.48027,
                50.096863
              ],
              [
                14.479612,
                50.096777
              ],
              [
                14.479643,
                50.096698
              ],
              [
                14.479159,
                50.096571
              ],
              [
                14.478484,
                50.097707
              ],
              [
                14.477472,
                50.097164
              ],
              [
                14.477425,
                50.0972
              ],
              [
                14.47622,
                50.096429
              ],
              [
                14.475933,
                50.096582
              ],
              [
                14.472144,
                50.094115
              ],
              [
                14.471039,
                50.093591
              ],
              [
                14.469723,
                50.093117
              ],
              [
                14.469106,
                50.093021
              ],
              [
                14.468812,
                50.09315
              ],
              [
                14.467844,
                50.093246
              ],
              [
                14.467742,
                50.093346
              ],
              [
                14.46696,
                50.092991
              ],
              [
                14.465811,
                50.092684
              ],
              [
                14.464685,
                50.092576
              ],
              [
                14.463816,
                50.092372
              ],
              [
                14.463489,
                50.092377
              ],
              [
                14.460819,
                50.091895
              ],
              [
                14.460768,
                50.091948
              ],
              [
                14.458006,
                50.091547
              ],
              [
                14.456528,
                50.091255
              ],
              [
                14.456577,
                50.091171
              ],
              [
                14.455324,
                50.090957
              ],
              [
                14.455372,
                50.090849
              ],
              [
                14.452552,
                50.09028
              ],
              [
                14.452492,
                50.090378
              ],
              [
                14.452303,
                50.090362
              ],
              [
                14.451921,
                50.09028
              ],
              [
                14.451963,
                50.090206
              ],
              [
                14.449359,
                50.089671
              ],
              [
                14.448548,
                50.08959
              ],
              [
                14.448391,
                50.089883
              ],
              [
                14.443252,
                50.088829
              ],
              [
                14.443111,
                50.08844
              ],
              [
                14.443234,
                50.087413
              ],
              [
                14.441842,
                50.087441
              ],
              [
                14.439683,
                50.087139
              ],
              [
                14.438825,
                50.086895
              ],
              [
                14.43835,
                50.086673
              ],
              [
                14.438211,
                50.086599
              ],
              [
                14.438056,
                50.086306
              ]
            ]
          ]
        ]
      }
    },
    {
      "type": "Feature",
      "properties": {
        "name": "Praha 4",
        "slug": "praha-4",
        "osm_relation": 19999125,
        "in": {
          "en": "in Prague 4",
          "cs": "v Praze 4"
        }
      },
      "geometry": {
        "type": "MultiPolygon",
        "coordinates": [
          [
            [
              [
                14.39587,
                50.018852
              ],
              [
                14.395953,
                50.021292
              ],
              [
                14.396143,
                50.022233
              ],
              [
                14.397089,
                50.025756
              ],
              [
                14.397917,
                50.02845
              ],
              [
                14.399992,
                50.030962
              ],
              [
                14.401082,
                50.032043
              ],
              [
                14.405122,
                50.036852
              ],
              [
                14.408556,
                50.041626
              ],
              [
                14.410223,
                50.044642
              ],
              [
                14.411462,
                50.047458
              ],
              [
                14.411765,
                50.048491
              ],
              [
                14.412382,
                50.05001
              ],
              [
                14.415415,
                50.055798
              ],
              [
                14.416305,
                50.058217
              ],
              [
                14.416368,
                50.059177
              ],
              [
                14.415806,
                50.061804
              ],
              [
                14.417143,
                50.062478
              ],
              [
                14.417086,
                50.062748
              ],
              [
                14.418377,
                50.062859
              ],
              [
                14.418492,
                50.063184
              ],
              [
                14.420312,
                50.062897
              ],
              [
                14.420187,
                50.062575
              ],
              [
                14.421323,
                50.062093
              ],
              [
                14.421613,
                50.062597
              ],
              [
                14.421815,
                50.062552
              ],
              [
                14.422202,
                50.06221
              ],
              [
                14.421998,
                50.062138
              ],
              [
                14.422156,
                50.06187
              ],
              [
                14.422825,
                50.062076
              ],
              [
                14.42334,
                50.061737
              ],
              [
                14.423156,
                50.061597
              ],
              [
                14.424247,
                50.060971
              ],
              [
                14.424394,
                50.061402
              ],
              [
                14.424191,
                50.061489
              ],
              [
                14.424338,
                50.061634
              ],
              [
                14.424261,
                50.061667
              ],
              [
                14.424299,
                50.061723
              ],
              [
                14.424391,
                50.061685
              ],
              [
                14.424547,
                50.061847
              ],
              [
                14.42475,
                50.06176
              ],
              [
                14.425278,
                50.062016
              ],
              [
                14.424775,
                50.062229
              ],
              [
                14.424903,
                50.062356
              ],
              [
                14.424803,
                50.062478
              ],
              [
                14.425017,
                50.062574
              ],
              [
                14.425206,
                50.062418
              ],
              [
                14.42584,
                50.0627
              ],
              [
                14.425985,
                50.062568
              ],
              [
                14.426836,
                50.062957
              ],
              [
                14.426091,
                50.063473
              ],
              [
                14.426732,
                50.063916
              ],
              [
                14.428952,
                50.064321
              ],
              [
                14.430119,
                50.064382
              ],
              [
                14.430141,
                50.064522
              ],
              [
                14.43083,
                50.064429
              ],
              [
                14.43083,
                50.064572
              ],
              [
                14.432189,
                50.064683
              ],
              [
                14.433416,
                50.065021
              ],
              [
                14.434165,
                50.065348
              ],
              [
                14.43429,
                50.06547
              ],
              [
                14.434431,
                50.065413
              ],
              [
                14.435443,
                50.066025
              ],
              [
                14.435108,
                50.066069
              ],
              [
                14.435296,
                50.066175
              ],
              [
                14.43537,
                50.066136
              ],
              [
                14.435967,
                50.066474
              ],
              [
                14.436546,
                50.067137
              ],
              [
                14.436786,
                50.067614
              ],
              [
                14.436817,
                50.067893
              ],
              [
                14.438222,
                50.06691
              ],
              [
                14.43852,
                50.066915
              ],
              [
                14.438833,
                50.066578
              ],
              [
                14.440155,
                50.066592
              ],
              [
                14.441179,
                50.066327
              ],
              [
                14.445342,
                50.064662
              ],
              [
                14.445575,
                50.064374
              ],
              [
                14.446134,
                50.064227
              ],
              [
                14.448415,
                50.063283
              ],
              [
                14.452783,
                50.061977
              ],
              [
                14.453146,
                50.062036
              ],
              [
                14.454202,
                50.062528
              ],
              [
                14.45434,
                50.062416
              ],
              [
                14.454654,
                50.062374
              ],
              [
                14.454576,
                50.06187
              ],
              [
                14.455564,
                50.061061
              ],
              [
                14.455962,
                50.060552
              ],
              [
                14.456711,
                50.059307
              ],
              [
                14.458175,
                50.057703
              ],
              [
                14.459034,
                50.056528
              ],
              [
                14.459713,
                50.056737
              ],
              [
                14.459783,
                50.057037
              ],
              [
                14.460373,
                50.057116
              ],
              [
                14.46189,
                50.057093
              ],
              [
                14.462097,
                50.057511
              ],
              [
                14.461982,
                50.058186
              ],
              [
                14.463511,
                50.058407
              ],
              [
                14.463495,
                50.058219
              ],
              [
                14.463708,
                50.057987
              ],
              [
                14.464315,
                50.057812
              ],
              [
                14.466118,
                50.058022
              ],
              [
                14.466975,
                50.058298
              ],
              [
                14.467161,
                50.058218
              ],
              [
                14.467003,
                50.058129
              ],
              [
                14.466944,
                50.057785
              ],
              [
                14.467162,
                50.057343
              ],
              [
                14.467116,
                50.056807
              ],
              [
                14.47129,
                50.056987
              ],
              [
                14.472247,
                50.054939
              ],
              [
                14.473249,
                50.055054
              ],
              [
                14.474019,
                50.05498
              ],
              [
                14.47448,
                50.055285
              ],
              [
                14.475026,
                50.055317
              ],
              [
                14.475239,
                50.055187
              ],
              [
                14.475533,
                50.055318
              ],
              [
                14.475792,
                50.05528
              ],
              [
                14.476286,
                50.055503
              ],
              [
                14.476619,
                50.055187
              ],
              [
                14.47642,
                50.054996
              ],
              [
                14.476622,
                50.054861
              ],
              [
                14.477022,
                50.05513
              ],
              [
                14.477445,
                50.054998
              ],
              [
                14.477558,
                50.055154
              ],
              [
                14.477719,
                50.055213
              ],
              [
                14.47813,
                50.055146
              ],
              [
                14.478499,
                50.055492
              ],
              [
                14.479373,
                50.055606
              ],
              [
                14.479836,
                50.0555
              ],
              [
                14.480257,
                50.055553
              ],
              [
                14.480459,
                50.055215
              ],
              [
                14.480408,
                50.054986
              ],
              [
                14.480697,
                50.0549
              ],
              [
                14.480785,
                50.054707
              ],
              [
                14.480525,
                50.054546
              ],
              [
                14.480687,
                50.054321
              ],
              [
                14.480933,
                50.054182
              ],
              [
                14.481672,
                50.053931
              ],
              [
                14.483663,
                50.053841
              ],
              [
                14.483576,
                50.053333
              ],
              [
                14.483876,
                50.05311
              ],
              [
                14.48397,
                50.052505
              ],
              [
                14.484098,
                50.052257
              ],
              [
                14.484369,
                50.052
              ],
              [
                14.485272,
                50.051518
              ],
              [
                14.484518,
                50.051536
              ],
              [
                14.482354,
                50.051222
              ],
              [
                14.482375,
                50.05102
              ],
              [
                14.492221,
                50.049936
              ],
              [
                14.496242,
                50.046224
              ],
              [
                14.495975,
                50.045855
              ],
              [
                14.495961,
                50.045699
              ],
              [
                14.495005,
                50.045142
              ],
              [
                14.495061,
                50.045055
              ],
              [
                14.494245,
                50.044703
              ],
              [
                14.494272,
                50.044477
              ],
              [
                14.4944,
                50.044401
              ],
              [
                14.494516,
                50.044132
              ],
              [
                14.493903,
                50.043896
              ],
              [
                14.493608,
                50.043932
              ],
              [
                14.493627,
                50.043835
              ],
              [
                14.493226,
                50.043872
              ],
              [
                14.493019,
                50.043649
              ],
              [
                14.492405,
                50.043364
              ],
              [
                14.491072,
                50.042837
              ],
              [
                14.490357,
                50.042693
              ],
              [
                14.490126,
                50.042407
              ],
              [
                14.489987,
                50.041982
              ],
              [
                14.489851,
                50.041985
              ],
              [
                14.488564,
                50.042938
              ],
              [
                14.488832,
                50.043629
              ],
              [
                14.48878,
                50.04446
              ],
              [
                14.488961,
                50.044503
              ],
              [
                14.488775,
                50.044692
              ],
              [
                14.488519,
                50.044549
              ],
              [
                14.486318,
                50.044531
              ],
              [
                14.487684,
                50.043337
              ],
              [
                14.488082,
                50.042719
              ],
              [
                14.487921,
                50.042652
              ],
              [
                14.48808,
                50.042374
              ],
              [
                14.487998,
                50.042072
              ],
              [
                14.48672,
                50.041224
              ],
              [
                14.476703,
                50.039979
              ],
              [
                14.474847,
                50.039882
              ],
              [
                14.472703,
                50.039984
              ],
              [
                14.47263,
                50.039715
              ],
              [
                14.471734,
                50.039611
              ],
              [
                14.470109,
                50.03908
              ],
              [
                14.469519,
                50.03896
              ],
              [
                14.469221,
                50.038053
              ],
              [
                14.46933,
                50.037156
              ],
              [
                14.469066,
                50.036729
              ],
              [
                14.469726,
                50.034056
              ],
              [
                14.471153,
                50.032328
              ],
              [
                14.472221,
                50.031563
              ],
              [
                14.473794,
                50.030955
              ],
              [
                14.476527,
                50.03027
              ],
              [
                14.477233,
                50.029755
              ],
              [
                14.478166,
                50.029562
              ],
              [
                14.479682,
                50.029502
              ],
              [
                14.481109,
                50.029
              ],
              [
                14.48307,
                50.028674
              ],
              [
                14.487696,
                50.028949
              ],
              [
                14.487638,
                50.027937
              ],
              [
                14.487692,
                50.02716
              ],
              [
                14.487808,
                50.026301
              ],
              [
                14.487944,
                50.026164
              ],
              [
                14.488122,
                50.023859
              ],
              [
                14.488477,
                50.023134
              ],
              [
                14.489138,
                50.022543
              ],
              [
                14.490217,
                50.021987
              ],
              [
                14.491105,
                50.021741
              ],
              [
                14.496542,
                50.021094
              ],
              [
                14.498385,
                50.020708
              ],
              [
                14.500296,
                50.020165
              ],
              [
                14.501607,
                50.01476
              ],
              [
                14.502059,
                50.01384
              ],
              [
                14.503221,
                50.012342
              ],
              [
                14.503427,
                50.011841
              ],
              [
                14.503428,
                50.011389
              ],
              [
                14.503395,
                50.011146
              ],
              [
                14.503182,
                50.01091
              ],
              [
                14.503014,
                50.010893
              ],
              [
                14.503156,
                50.010735
              ],
              [
                14.502662,
                50.009334
              ],
              [
                14.501648,
                50.007609
              ],
              [
                14.50078,
                50.005832
              ],
              [
                14.500359,
                50.005581
              ],
              [
                14.500506,
                50.0055
              ],
              [
                14.500498,
                50.005427
              ],
              [
                14.499252,
                50.002945
              ],
              [
                14.4989,
                50.002656
              ],
              [
                14.498425,
                50.002442
              ],
              [
                14.495978,
                50.001565
              ],
              [
                14.494362,
                50.001081
              ],
              [
                14.496211,
                50.000926
              ],
              [
                14.497677,
                50.001047
              ],
              [
                14.498022,
                50.000456
              ],
              [
                14.497143,
                50.000373
              ],
              [
                14.497127,
                50.000142
              ],
              [
                14.49728,
                50.000167
              ],
              [
                14.496798,
                49.999292
              ],
              [
                14.496574,
                49.999342
              ],
              [
                14.496464,
                49.99913
              ],
              [
                14.496973,
                49.999053
              ],
              [
                14.497405,
                49.999122
              ],
              [
                14.496766,
                49.999026
              ],
              [
                14.49757,
                49.998459
              ],
              [
                14.497083,
                49.998364
              ],
              [
                14.496767,
                49.998447
              ],
              [
                14.497166,
                49.997812
              ],
              [
                14.496663,
                49.998635
              ],
              [
                14.496065,
                49.998504
              ],
              [
                14.496528,
                49.998116
              ],
              [
                14.496706,
                49.997758
              ],
              [
                14.497157,
                49.997425
              ],
              [
                14.496722,
                49.997716
              ],
              [
                14.496918,
                49.995265
              ],
              [
                14.483933,
                49.992419
              ],
              [
                14.483822,
                49.992669
              ],
              [
                14.484183,
                49.992783
              ],
              [
                14.48371,
                49.993848
              ],
              [
                14.483084,
                49.994809
              ],
              [
                14.482309,
                49.994713
              ],
              [
                14.482147,
                49.994975
              ],
              [
                14.481392,
                49.995343
              ],
              [
                14.479544,
                49.995388
              ],
              [
                14.478155,
                49.995317
              ],
              [
                14.477967,
                49.995643
              ],
              [
                14.476809,
                49.996581
              ],
              [
                14.476552,
                49.996917
              ],
              [
                14.476534,
                49.997386
              ],
              [
                14.476349,
                49.997969
              ],
              [
                14.47602,
                49.998146
              ],
              [
                14.475837,
                49.998348
              ],
              [
                14.475335,
                49.999363
              ],
              [
                14.473503,
                50.00163
              ],
              [
                14.476281,
                50.001837
              ],
              [
                14.475833,
                50.004365
              ],
              [
                14.473859,
                50.004221
              ],
              [
                14.473933,
                50.00383
              ],
              [
                14.471794,
                50.003673
              ],
              [
                14.471341,
                50.004397
              ],
              [
                14.470803,
                50.004285
              ],
              [
                14.466373,
                50.013589
              ],
              [
                14.464348,
                50.014234
              ],
              [
                14.465045,
                50.014345
              ],
              [
                14.46436,
                50.01598
              ],
              [
                14.461339,
                50.015061
              ],
              [
                14.46073,
                50.014991
              ],
              [
                14.460693,
                50.015087
              ],
              [
                14.460327,
                50.014992
              ],
              [
                14.458939,
                50.014884
              ],
              [
                14.456493,
                50.014372
              ],
              [
                14.453189,
                50.013265
              ],
              [
                14.449362,
                50.017936
              ],
              [
                14.44551,
                50.020701
              ],
              [
                14.441735,
                50.022458
              ],
              [
                14.440535,
                50.022905
              ],
              [
                14.44044,
                50.023007
              ],
              [
                14.440209,
                50.022735
              ],
              [
                14.43983,
                50.022808
              ],
              [
                14.439064,
                50.021997
              ],
              [
                14.43791,
                50.021013
              ],
              [
                14.438147,
                50.020876
              ],
              [
                14.437602,
                50.020229
              ],
              [
                14.436049,
                50.018594
              ],
              [
                14.435303,
                50.018073
              ],
              [
                14.434361,
                50.018605
              ],
              [
                14.433991,
                50.018371
              ],
              [
                14.43346,
                50.018931
              ],
              [
                14.432313,
                50.018996
              ],
              [
                14.432326,
                50.0188
              ],
              [
                14.431561,
                50.018904
              ],
              [
                14.430322,
                50.019154
              ],
              [
                14.42942,
                50.019505
              ],
              [
                14.428699,
                50.019379
              ],
              [
                14.428475,
                50.01965
              ],
              [
                14.427885,
                50.019469
              ],
              [
                14.426529,
                50.019513
              ],
              [
                14.425032,
                50.019238
              ],
              [
                14.423544,
                50.019086
              ],
              [
                14.422827,
                50.018847
              ],
              [
                14.421828,
                50.018805
              ],
              [
                14.420653,
                50.01903
              ],
              [
                14.420035,
                50.018986
              ],
              [
                14.418538,
                50.01865
              ],
              [
                14.415614,
                50.017688
              ],
              [
                14.414294,
                50.017456
              ],
              [
                14.414032,
                50.017245
              ],
              [
                14.414112,
                50.016957
              ],
              [
                14.412839,
                50.017027
              ],
              [
                14.411723,
                50.01698
              ],
              [
                14.411482,
                50.017057
              ],
              [
                14.410031,
                50.016625
              ],
              [
                14.407603,
                50.016337
              ],
              [
                14.406251,
                50.016431
              ],
              [
                14.402959,
                50.017089
              ],
              [
                14.402769,
                50.017202
              ],
              [
                14.402655,
                50.017463
              ],
              [
                14.402534,
                50.017454
              ],
              [
                14.402733,
                50.018139
              ],
              [
                14.400071,
                50.018541
              ],
              [
                14.39587,
                50.018852
              ]
            ]
          ]
        ]
      }
    },
    {
      "type": "Feature",
      "properties": {
        "name": "Praha 5",
        "slug": "praha-5",
        "osm_relation": 19999142,
        "in": {
          "en": "in Prague 5",
          "cs": "v Praze 5"
        }
      },
      "geometry": {
        "type": "MultiPolygon",
        "coordinates": [
          [
            [
              [
                14.322252,
                50.065143
              ],
              [
                14.322678,
                50.065185
              ],
              [
                14.325025,
                50.062718
              ],
              [
                14.327313,
                50.063098
              ],
              [
                14.328092,
                50.062733
              ],
              [
                14.328394,
                50.062395
              ],
              [
                14.32973,
                50.06231
              ],
              [
                14.330982,
                50.062065
              ],
              [
                14.33243,
                50.061514
              ],
              [
                14.333338,
                50.061048
              ],
              [
                14.334401,
                50.060727
              ],
              [
                14.33506,
                50.060312
              ],
              [
                14.335103,
                50.060415
              ],
              [
                14.335599,
                50.060151
              ],
              [
                14.336995,
                50.060043
              ],
              [
                14.337269,
                50.059822
              ],
              [
                14.337566,
                50.05974
              ],
              [
                14.337745,
                50.059773
              ],
              [
                14.338075,
                50.060047
              ],
              [
                14.338318,
                50.060063
              ],
              [
                14.339024,
                50.059095
              ],
              [
                14.339284,
                50.058805
              ],
              [
                14.339399,
                50.058776
              ],
              [
                14.33933,
                50.058707
              ],
              [
                14.339723,
                50.05807
              ],
              [
                14.339633,
                50.057257
              ],
              [
                14.339502,
                50.056894
              ],
              [
                14.339611,
                50.056826
              ],
              [
                14.339561,
                50.056677
              ],
              [
                14.339476,
                50.056668
              ],
              [
                14.3393,
                50.056159
              ],
              [
                14.342897,
                50.056304
              ],
              [
                14.344455,
                50.056142
              ],
              [
                14.344519,
                50.055845
              ],
              [
                14.3458,
                50.055617
              ],
              [
                14.34592,
                50.055834
              ],
              [
                14.346118,
                50.055777
              ],
              [
                14.348223,
                50.055145
              ],
              [
                14.348285,
                50.055109
              ],
              [
                14.348216,
                50.054984
              ],
              [
                14.349096,
                50.054787
              ],
              [
                14.349736,
                50.054236
              ],
              [
                14.350416,
                50.054057
              ],
              [
                14.351556,
                50.053545
              ],
              [
                14.3532,
                50.052685
              ],
              [
                14.355157,
                50.051479
              ],
              [
                14.354938,
                50.051208
              ],
              [
                14.354889,
                50.050723
              ],
              [
                14.354794,
                50.050541
              ],
              [
                14.354344,
                50.050091
              ],
              [
                14.354282,
                50.050121
              ],
              [
                14.354009,
                50.049816
              ],
              [
                14.353591,
                50.049585
              ],
              [
                14.352363,
                50.04854
              ],
              [
                14.352854,
                50.046875
              ],
              [
                14.352577,
                50.046309
              ],
              [
                14.35251,
                50.045896
              ],
              [
                14.352866,
                50.045449
              ],
              [
                14.353828,
                50.044553
              ],
              [
                14.353616,
                50.0443
              ],
              [
                14.353115,
                50.04332
              ],
              [
                14.353176,
                50.042958
              ],
              [
                14.353438,
                50.042721
              ],
              [
                14.355302,
                50.042559
              ],
              [
                14.355437,
                50.042456
              ],
              [
                14.354969,
                50.042076
              ],
              [
                14.353193,
                50.041001
              ],
              [
                14.352989,
                50.040819
              ],
              [
                14.352636,
                50.040276
              ],
              [
                14.352465,
                50.039643
              ],
              [
                14.351755,
                50.039329
              ],
              [
                14.351787,
                50.039254
              ],
              [
                14.352259,
                50.039094
              ],
              [
                14.352832,
                50.038614
              ],
              [
                14.352771,
                50.038445
              ],
              [
                14.352201,
                50.038085
              ],
              [
                14.352194,
                50.037968
              ],
              [
                14.352407,
                50.037804
              ],
              [
                14.353213,
                50.037519
              ],
              [
                14.353409,
                50.037286
              ],
              [
                14.353362,
                50.037127
              ],
              [
                14.353132,
                50.036991
              ],
              [
                14.352398,
                50.036793
              ],
              [
                14.352941,
                50.035517
              ],
              [
                14.351555,
                50.035301
              ],
              [
                14.35057,
                50.034829
              ],
              [
                14.350143,
                50.034447
              ],
              [
                14.349774,
                50.034343
              ],
              [
                14.348737,
                50.034292
              ],
              [
                14.346708,
                50.033666
              ],
              [
                14.345503,
                50.033146
              ],
              [
                14.345026,
                50.032774
              ],
              [
                14.344957,
                50.032635
              ],
              [
                14.344575,
                50.032519
              ],
              [
                14.344209,
                50.032196
              ],
              [
                14.342687,
                50.031772
              ],
              [
                14.342331,
                50.032481
              ],
              [
                14.341534,
                50.032137
              ],
              [
                14.340479,
                50.032083
              ],
              [
                14.339972,
                50.032328
              ],
              [
                14.339136,
                50.032435
              ],
              [
                14.338436,
                50.032719
              ],
              [
                14.337881,
                50.032619
              ],
              [
                14.338384,
                50.032281
              ],
              [
                14.33844,
                50.031774
              ],
              [
                14.337139,
                50.031565
              ],
              [
                14.335944,
                50.031656
              ],
              [
                14.335833,
                50.031727
              ],
              [
                14.335616,
                50.031544
              ],
              [
                14.333763,
                50.030781
              ],
              [
                14.333856,
                50.030171
              ],
              [
                14.334012,
                50.029818
              ],
              [
                14.334012,
                50.029335
              ],
              [
                14.334926,
                50.029069
              ],
              [
                14.334771,
                50.02878
              ],
              [
                14.334532,
                50.028573
              ],
              [
                14.334197,
                50.027892
              ],
              [
                14.333896,
                50.027672
              ],
              [
                14.332736,
                50.027264
              ],
              [
                14.332292,
                50.026843
              ],
              [
                14.332248,
                50.026626
              ],
              [
                14.33275,
                50.02592
              ],
              [
                14.332587,
                50.02578
              ],
              [
                14.331982,
                50.023976
              ],
              [
                14.331657,
                50.023454
              ],
              [
                14.330951,
                50.0234
              ],
              [
                14.330829,
                50.022826
              ],
              [
                14.330112,
                50.022081
              ],
              [
                14.328794,
                50.022078
              ],
              [
                14.328442,
                50.021315
              ],
              [
                14.32636,
                50.021548
              ],
              [
                14.323944,
                50.021563
              ],
              [
                14.324752,
                50.020809
              ],
              [
                14.325508,
                50.019878
              ],
              [
                14.326449,
                50.018944
              ],
              [
                14.327151,
                50.018096
              ],
              [
                14.328039,
                50.017388
              ],
              [
                14.327166,
                50.017389
              ],
              [
                14.327161,
                50.016323
              ],
              [
                14.328096,
                50.016321
              ],
              [
                14.328093,
                50.013969
              ],
              [
                14.329579,
                50.013963
              ],
              [
                14.328797,
                50.013578
              ],
              [
                14.327972,
                50.012668
              ],
              [
                14.325268,
                50.009088
              ],
              [
                14.325707,
                50.009159
              ],
              [
                14.324846,
                50.008026
              ],
              [
                14.329767,
                50.004573
              ],
              [
                14.33521,
                50.006431
              ],
              [
                14.337093,
                50.006071
              ],
              [
                14.337826,
                50.005707
              ],
              [
                14.339019,
                50.005455
              ],
              [
                14.340777,
                50.006711
              ],
              [
                14.342756,
                50.007778
              ],
              [
                14.343855,
                50.007006
              ],
              [
                14.356283,
                50.009017
              ],
              [
                14.356914,
                50.009013
              ],
              [
                14.356867,
                50.00768
              ],
              [
                14.356534,
                50.006329
              ],
              [
                14.360107,
                50.006213
              ],
              [
                14.366883,
                50.007175
              ],
              [
                14.367013,
                50.007868
              ],
              [
                14.367012,
                50.00837
              ],
              [
                14.366964,
                50.009719
              ],
              [
                14.36684,
                50.010481
              ],
              [
                14.367674,
                50.011458
              ],
              [
                14.367964,
                50.011639
              ],
              [
                14.368156,
                50.011874
              ],
              [
                14.367871,
                50.012279
              ],
              [
                14.368195,
                50.012893
              ],
              [
                14.368227,
                50.013274
              ],
              [
                14.368351,
                50.013542
              ],
              [
                14.36846,
                50.013561
              ],
              [
                14.368316,
                50.013776
              ],
              [
                14.368217,
                50.014363
              ],
              [
                14.367854,
                50.014995
              ],
              [
                14.368325,
                50.016737
              ],
              [
                14.36862,
                50.017385
              ],
              [
                14.368846,
                50.017702
              ],
              [
                14.369397,
                50.018094
              ],
              [
                14.36981,
                50.018226
              ],
              [
                14.371022,
                50.01909
              ],
              [
                14.371913,
                50.019539
              ],
              [
                14.372851,
                50.019739
              ],
              [
                14.373424,
                50.019995
              ],
              [
                14.371926,
                50.021015
              ],
              [
                14.371557,
                50.021366
              ],
              [
                14.372083,
                50.021404
              ],
              [
                14.37308,
                50.021627
              ],
              [
                14.37376,
                50.021827
              ],
              [
                14.374737,
                50.022252
              ],
              [
                14.375401,
                50.022716
              ],
              [
                14.375962,
                50.023323
              ],
              [
                14.376304,
                50.023725
              ],
              [
                14.376478,
                50.024165
              ],
              [
                14.374425,
                50.026999
              ],
              [
                14.376576,
                50.027704
              ],
              [
                14.379157,
                50.02905
              ],
              [
                14.379861,
                50.029169
              ],
              [
                14.38124,
                50.027773
              ],
              [
                14.382199,
                50.027055
              ],
              [
                14.382492,
                50.026613
              ],
              [
                14.383849,
                50.026675
              ],
              [
                14.385771,
                50.027077
              ],
              [
                14.388749,
                50.027435
              ],
              [
                14.388991,
                50.027215
              ],
              [
                14.389364,
                50.027031
              ],
              [
                14.38982,
                50.026963
              ],
              [
                14.390256,
                50.027078
              ],
              [
                14.390518,
                50.027304
              ],
              [
                14.390613,
                50.027615
              ],
              [
                14.392484,
                50.028576
              ],
              [
                14.392547,
                50.028512
              ],
              [
                14.393246,
                50.028951
              ],
              [
                14.393108,
                50.029127
              ],
              [
                14.393334,
                50.029352
              ],
              [
                14.394407,
                50.029538
              ],
              [
                14.394939,
                50.029937
              ],
              [
                14.395879,
                50.030152
              ],
              [
                14.39702,
                50.030553
              ],
              [
                14.39889,
                50.031374
              ],
              [
                14.399992,
                50.030962
              ],
              [
                14.401082,
                50.032043
              ],
              [
                14.405122,
                50.036852
              ],
              [
                14.408556,
                50.041626
              ],
              [
                14.410223,
                50.044642
              ],
              [
                14.411462,
                50.047458
              ],
              [
                14.411765,
                50.048491
              ],
              [
                14.412382,
                50.05001
              ],
              [
                14.415415,
                50.055798
              ],
              [
                14.416305,
                50.058217
              ],
              [
                14.416368,
                50.059177
              ],
              [
                14.415806,
                50.061804
              ],
              [
                14.415225,
                50.062499
              ],
              [
                14.414217,
                50.064653
              ],
              [
                14.412966,
                50.068816
              ],
              [
                14.412574,
                50.070577
              ],
              [
                14.412293,
                50.072541
              ],
              [
                14.411799,
                50.074139
              ],
              [
                14.41089,
                50.078675
              ],
              [
                14.409822,
                50.079066
              ],
              [
                14.409132,
                50.080766
              ],
              [
                14.409107,
                50.081278
              ],
              [
                14.404531,
                50.081177
              ],
              [
                14.404566,
                50.080806
              ],
              [
                14.401912,
                50.080748
              ],
              [
                14.401948,
                50.080625
              ],
              [
                14.401892,
                50.08059
              ],
              [
                14.401548,
                50.080614
              ],
              [
                14.401589,
                50.080745
              ],
              [
                14.400455,
                50.080639
              ],
              [
                14.399668,
                50.080727
              ],
              [
                14.399617,
                50.080594
              ],
              [
                14.399667,
                50.080559
              ],
              [
                14.398843,
                50.080649
              ],
              [
                14.398738,
                50.080249
              ],
              [
                14.396542,
                50.079609
              ],
              [
                14.395004,
                50.078972
              ],
              [
                14.393761,
                50.078783
              ],
              [
                14.392386,
                50.078294
              ],
              [
                14.392495,
                50.078083
              ],
              [
                14.390198,
                50.077857
              ],
              [
                14.38883,
                50.077814
              ],
              [
                14.387746,
                50.077883
              ],
              [
                14.387823,
                50.078386
              ],
              [
                14.379687,
                50.079377
              ],
              [
                14.379733,
                50.078885
              ],
              [
                14.378025,
                50.078697
              ],
              [
                14.377153,
                50.078075
              ],
              [
                14.374932,
                50.078041
              ],
              [
                14.374391,
                50.077795
              ],
              [
                14.374107,
                50.077749
              ],
              [
                14.374118,
                50.077867
              ],
              [
                14.373716,
                50.077835
              ],
              [
                14.371094,
                50.078043
              ],
              [
                14.371382,
                50.078049
              ],
              [
                14.372324,
                50.078309
              ],
              [
                14.372507,
                50.078479
              ],
              [
                14.373572,
                50.078944
              ],
              [
                14.37402,
                50.079217
              ],
              [
                14.374014,
                50.079308
              ],
              [
                14.373486,
                50.079291
              ],
              [
                14.373285,
                50.079365
              ],
              [
                14.372902,
                50.07926
              ],
              [
                14.370283,
                50.079148
              ],
              [
                14.369748,
                50.079034
              ],
              [
                14.367788,
                50.078867
              ],
              [
                14.367033,
                50.078945
              ],
              [
                14.36436,
                50.078692
              ],
              [
                14.363883,
                50.078713
              ],
              [
                14.359936,
                50.078249
              ],
              [
                14.356825,
                50.078142
              ],
              [
                14.356514,
                50.077038
              ],
              [
                14.355215,
                50.077063
              ],
              [
                14.354251,
                50.077209
              ],
              [
                14.354148,
                50.077138
              ],
              [
                14.350271,
                50.076562
              ],
              [
                14.349645,
                50.076294
              ],
              [
                14.348899,
                50.075818
              ],
              [
                14.347018,
                50.075548
              ],
              [
                14.345679,
                50.075596
              ],
              [
                14.345361,
                50.075759
              ],
              [
                14.345428,
                50.075971
              ],
              [
                14.343585,
                50.075753
              ],
              [
                14.34177,
                50.075337
              ],
              [
                14.341224,
                50.075602
              ],
              [
                14.340407,
                50.07526
              ],
              [
                14.33983,
                50.075796
              ],
              [
                14.338536,
                50.075501
              ],
              [
                14.338529,
                50.075126
              ],
              [
                14.336051,
                50.074588
              ],
              [
                14.334624,
                50.074456
              ],
              [
                14.334352,
                50.075397
              ],
              [
                14.325388,
                50.07447
              ],
              [
                14.325556,
                50.074038
              ],
              [
                14.324913,
                50.073878
              ],
              [
                14.32487,
                50.073741
              ],
              [
                14.324587,
                50.07349
              ],
              [
                14.323306,
                50.073195
              ],
              [
                14.323106,
                50.073284
              ],
              [
                14.322336,
                50.073101
              ],
              [
                14.322068,
                50.073373
              ],
              [
                14.321724,
                50.073495
              ],
              [
                14.321742,
                50.073138
              ],
              [
                14.322199,
                50.072182
              ],
              [
                14.322218,
                50.071703
              ],
              [
                14.322535,
                50.071219
              ],
              [
                14.322806,
                50.070965
              ],
              [
                14.322867,
                50.070695
              ],
              [
                14.322673,
                50.070152
              ],
              [
                14.322532,
                50.06925
              ],
              [
                14.322516,
                50.068489
              ],
              [
                14.322414,
                50.068473
              ],
              [
                14.322752,
                50.067162
              ],
              [
                14.322484,
                50.066538
              ],
              [
                14.321722,
                50.065507
              ],
              [
                14.321763,
                50.065388
              ],
              [
                14.322046,
                50.065246
              ],
              [
                14.322217,
                50.065265
              ],
              [
                14.322252,
                50.065143
              ]
            ]
          ]
        ]
      }
    },
    {
      "type": "Feature",
      "properties": {
        "name": "Praha 6",
        "slug": "praha-6",
        "osm_relation": 19999138,
        "in": {
          "en": "in Prague 6",
          "cs": "v Praze 6"
        }
      },
      "geometry": {
        "type": "MultiPolygon",
        "coordinates": [
          [
            [
              [
                14.240679,
                50.111284
              ],
              [
                14.240228,
                50.111347
              ],
              [
                14.239123,
                50.111772
              ],
              [
                14.238805,
                50.111799
              ],
              [
                14.238293,
                50.111488
              ],
              [
                14.238104,
                50.111582
              ],
              [
                14.238013,
                50.111503
              ],
              [
                14.238153,
                50.111438
              ],
              [
                14.237055,
                50.110509
              ],
              [
                14.237013,
                50.110221
              ],
              [
                14.237118,
                50.109827
              ],
              [
                14.237609,
                50.108796
              ],
              [
                14.239136,
                50.107876
              ],
              [
                14.239413,
                50.107442
              ],
              [
                14.239248,
                50.107242
              ],
              [
                14.237424,
                50.106737
              ],
              [
                14.237195,
                50.106831
              ],
              [
                14.236779,
                50.107303
              ],
              [
                14.236323,
                50.107343
              ],
              [
                14.231014,
                50.10575
              ],
              [
                14.230856,
                50.105604
              ],
              [
                14.230758,
                50.105234
              ],
              [
                14.230501,
                50.105089
              ],
              [
                14.228057,
                50.104385
              ],
              [
                14.225916,
                50.104127
              ],
              [
                14.225465,
                50.104002
              ],
              [
                14.22453,
                50.10315
              ],
              [
                14.224443,
                50.102913
              ],
              [
                14.22491,
                50.102176
              ],
              [
                14.226275,
                50.100453
              ],
              [
                14.226669,
                50.100414
              ],
              [
                14.232886,
                50.102263
              ],
              [
                14.233551,
                50.102213
              ],
              [
                14.236041,
                50.101157
              ],
              [
                14.236952,
                50.101026
              ],
              [
                14.237722,
                50.101231
              ],
              [
                14.23844,
                50.101846
              ],
              [
                14.238875,
                50.102028
              ],
              [
                14.246076,
                50.10291
              ],
              [
                14.24662,
                50.102907
              ],
              [
                14.247174,
                50.102783
              ],
              [
                14.247222,
                50.102854
              ],
              [
                14.246978,
                50.102917
              ],
              [
                14.246909,
                50.103104
              ],
              [
                14.249838,
                50.103469
              ],
              [
                14.258344,
                50.099384
              ],
              [
                14.255129,
                50.098827
              ],
              [
                14.254662,
                50.098661
              ],
              [
                14.254182,
                50.098269
              ],
              [
                14.253996,
                50.097781
              ],
              [
                14.254169,
                50.097314
              ],
              [
                14.254438,
                50.097063
              ],
              [
                14.254793,
                50.096863
              ],
              [
                14.255349,
                50.096716
              ],
              [
                14.260265,
                50.096607
              ],
              [
                14.2606,
                50.096563
              ],
              [
                14.261,
                50.096291
              ],
              [
                14.261094,
                50.087095
              ],
              [
                14.26515,
                50.087288
              ],
              [
                14.268271,
                50.085747
              ],
              [
                14.268726,
                50.086045
              ],
              [
                14.270959,
                50.086137
              ],
              [
                14.272629,
                50.087578
              ],
              [
                14.273347,
                50.087619
              ],
              [
                14.274477,
                50.085782
              ],
              [
                14.274497,
                50.084539
              ],
              [
                14.275254,
                50.081072
              ],
              [
                14.277494,
                50.081112
              ],
              [
                14.281639,
                50.081619
              ],
              [
                14.282608,
                50.081663
              ],
              [
                14.283927,
                50.081586
              ],
              [
                14.285333,
                50.081209
              ],
              [
                14.285037,
                50.079141
              ],
              [
                14.285009,
                50.078261
              ],
              [
                14.28792,
                50.077665
              ],
              [
                14.287929,
                50.07721
              ],
              [
                14.289373,
                50.077137
              ],
              [
                14.289335,
                50.076927
              ],
              [
                14.289872,
                50.076912
              ],
              [
                14.28985,
                50.077138
              ],
              [
                14.292572,
                50.077294
              ],
              [
                14.293292,
                50.077562
              ],
              [
                14.293643,
                50.077235
              ],
              [
                14.295135,
                50.077496
              ],
              [
                14.29579,
                50.077314
              ],
              [
                14.296266,
                50.077012
              ],
              [
                14.296259,
                50.076949
              ],
              [
                14.298652,
                50.076945
              ],
              [
                14.300245,
                50.076848
              ],
              [
                14.304244,
                50.077142
              ],
              [
                14.306472,
                50.076907
              ],
              [
                14.313804,
                50.075767
              ],
              [
                14.313826,
                50.075831
              ],
              [
                14.314868,
                50.075855
              ],
              [
                14.314898,
                50.076011
              ],
              [
                14.317728,
                50.075896
              ],
              [
                14.318075,
                50.075917
              ],
              [
                14.318112,
                50.075977
              ],
              [
                14.318478,
                50.075872
              ],
              [
                14.318582,
                50.076023
              ],
              [
                14.31884,
                50.076047
              ],
              [
                14.320028,
                50.075772
              ],
              [
                14.319989,
                50.076199
              ],
              [
                14.321679,
                50.076237
              ],
              [
                14.321767,
                50.076299
              ],
              [
                14.32179,
                50.076232
              ],
              [
                14.323882,
                50.076144
              ],
              [
                14.324789,
                50.076249
              ],
              [
                14.325703,
                50.076208
              ],
              [
                14.325495,
                50.075097
              ],
              [
                14.325484,
                50.074859
              ],
              [
                14.325546,
                50.074803
              ],
              [
                14.325397,
                50.074761
              ],
              [
                14.325388,
                50.07447
              ],
              [
                14.334352,
                50.075397
              ],
              [
                14.334624,
                50.074456
              ],
              [
                14.336051,
                50.074588
              ],
              [
                14.338529,
                50.075126
              ],
              [
                14.338536,
                50.075501
              ],
              [
                14.33983,
                50.075796
              ],
              [
                14.340407,
                50.07526
              ],
              [
                14.341224,
                50.075602
              ],
              [
                14.34177,
                50.075337
              ],
              [
                14.343585,
                50.075753
              ],
              [
                14.345428,
                50.075971
              ],
              [
                14.345361,
                50.075759
              ],
              [
                14.345679,
                50.075596
              ],
              [
                14.347018,
                50.075548
              ],
              [
                14.348899,
                50.075818
              ],
              [
                14.349645,
                50.076294
              ],
              [
                14.350271,
                50.076562
              ],
              [
                14.354148,
                50.077138
              ],
              [
                14.354251,
                50.077209
              ],
              [
                14.355215,
                50.077063
              ],
              [
                14.356514,
                50.077038
              ],
              [
                14.356825,
                50.078142
              ],
              [
                14.359936,
                50.078249
              ],
              [
                14.363883,
                50.078713
              ],
              [
                14.36436,
                50.078692
              ],
              [
                14.367033,
                50.078945
              ],
              [
                14.367788,
                50.078867
              ],
              [
                14.369748,
                50.079034
              ],
              [
                14.370283,
                50.079148
              ],
              [
                14.372902,
                50.07926
              ],
              [
                14.373285,
                50.079365
              ],
              [
                14.373486,
                50.079291
              ],
              [
                14.374014,
                50.079308
              ],
              [
                14.37402,
                50.079217
              ],
              [
                14.373572,
                50.078944
              ],
              [
                14.372507,
                50.078479
              ],
              [
                14.372324,
                50.078309
              ],
              [
                14.371382,
                50.078049
              ],
              [
                14.371094,
                50.078043
              ],
              [
                14.373716,
                50.077835
              ],
              [
                14.374118,
                50.077867
              ],
              [
                14.374107,
                50.077749
              ],
              [
                14.374391,
                50.077795
              ],
              [
                14.374932,
                50.078041
              ],
              [
                14.377153,
                50.078075
              ],
              [
                14.378025,
                50.078697
              ],
              [
                14.379733,
                50.078885
              ],
              [
                14.379687,
                50.079377
              ],
              [
                14.387823,
                50.078386
              ],
              [
                14.387746,
                50.077883
              ],
              [
                14.389462,
                50.077819
              ],
              [
                14.392495,
                50.078083
              ],
              [
                14.392386,
                50.078294
              ],
              [
                14.393807,
                50.078795
              ],
              [
                14.395004,
                50.078972
              ],
              [
                14.396542,
                50.079609
              ],
              [
                14.397574,
                50.07993
              ],
              [
                14.397063,
                50.080646
              ],
              [
                14.397341,
                50.08102
              ],
              [
                14.395746,
                50.081483
              ],
              [
                14.395492,
                50.081112
              ],
              [
                14.394331,
                50.080823
              ],
              [
                14.393909,
                50.081563
              ],
              [
                14.394135,
                50.08194
              ],
              [
                14.392514,
                50.082352
              ],
              [
                14.392285,
                50.081981
              ],
              [
                14.391051,
                50.081767
              ],
              [
                14.390716,
                50.08256
              ],
              [
                14.391023,
                50.082905
              ],
              [
                14.389533,
                50.08341
              ],
              [
                14.389248,
                50.08305
              ],
              [
                14.388022,
                50.082975
              ],
              [
                14.387863,
                50.083797
              ],
              [
                14.388361,
                50.084031
              ],
              [
                14.387241,
                50.084997
              ],
              [
                14.386748,
                50.084749
              ],
              [
                14.38484,
                50.085312
              ],
              [
                14.385549,
                50.086365
              ],
              [
                14.387268,
                50.086769
              ],
              [
                14.388104,
                50.087151
              ],
              [
                14.388231,
                50.087288
              ],
              [
                14.388265,
                50.087503
              ],
              [
                14.387967,
                50.089336
              ],
              [
                14.388779,
                50.091021
              ],
              [
                14.389095,
                50.092528
              ],
              [
                14.389433,
                50.092762
              ],
              [
                14.396854,
                50.093589
              ],
              [
                14.398353,
                50.093302
              ],
              [
                14.405927,
                50.094391
              ],
              [
                14.409155,
                50.095028
              ],
              [
                14.407581,
                50.097657
              ],
              [
                14.411518,
                50.098243
              ],
              [
                14.411262,
                50.098731
              ],
              [
                14.412489,
                50.099279
              ],
              [
                14.41482,
                50.100998
              ],
              [
                14.415093,
                50.101055
              ],
              [
                14.41643,
                50.102053
              ],
              [
                14.416612,
                50.102099
              ],
              [
                14.418161,
                50.10314
              ],
              [
                14.417989,
                50.10331
              ],
              [
                14.417765,
                50.103365
              ],
              [
                14.417866,
                50.103609
              ],
              [
                14.415456,
                50.104232
              ],
              [
                14.414888,
                50.104155
              ],
              [
                14.414774,
                50.103995
              ],
              [
                14.413506,
                50.104177
              ],
              [
                14.413293,
                50.104275
              ],
              [
                14.411545,
                50.103909
              ],
              [
                14.411448,
                50.103936
              ],
              [
                14.411122,
                50.104408
              ],
              [
                14.410637,
                50.104345
              ],
              [
                14.409242,
                50.104548
              ],
              [
                14.407471,
                50.104643
              ],
              [
                14.40564,
                50.106674
              ],
              [
                14.405713,
                50.106769
              ],
              [
                14.406248,
                50.106632
              ],
              [
                14.406292,
                50.10654
              ],
              [
                14.406493,
                50.106726
              ],
              [
                14.406652,
                50.10666
              ],
              [
                14.406705,
                50.106821
              ],
              [
                14.406535,
                50.106861
              ],
              [
                14.406566,
                50.107609
              ],
              [
                14.406027,
                50.108266
              ],
              [
                14.405765,
                50.108389
              ],
              [
                14.406669,
                50.108642
              ],
              [
                14.406602,
                50.10917
              ],
              [
                14.407989,
                50.109898
              ],
              [
                14.408165,
                50.110737
              ],
              [
                14.408366,
                50.110789
              ],
              [
                14.408259,
                50.111007
              ],
              [
                14.406971,
                50.111086
              ],
              [
                14.407006,
                50.11127
              ],
              [
                14.40548,
                50.111397
              ],
              [
                14.405803,
                50.112837
              ],
              [
                14.405482,
                50.112995
              ],
              [
                14.405345,
                50.113868
              ],
              [
                14.403508,
                50.114352
              ],
              [
                14.401915,
                50.115227
              ],
              [
                14.400617,
                50.116134
              ],
              [
                14.398605,
                50.117888
              ],
              [
                14.39704,
                50.119474
              ],
              [
                14.396346,
                50.1204
              ],
              [
                14.395961,
                50.121138
              ],
              [
                14.395827,
                50.121975
              ],
              [
                14.39495,
                50.121799
              ],
              [
                14.396359,
                50.122867
              ],
              [
                14.398933,
                50.12513
              ],
              [
                14.400136,
                50.126323
              ],
              [
                14.400781,
                50.127141
              ],
              [
                14.400749,
                50.128322
              ],
              [
                14.400873,
                50.129388
              ],
              [
                14.400494,
                50.130453
              ],
              [
                14.39956,
                50.1312
              ],
              [
                14.394792,
                50.133575
              ],
              [
                14.393518,
                50.134382
              ],
              [
                14.392493,
                50.135483
              ],
              [
                14.392296,
                50.136231
              ],
              [
                14.392649,
                50.137242
              ],
              [
                14.393782,
                50.138277
              ],
              [
                14.394805,
                50.138944
              ],
              [
                14.395555,
                50.139573
              ],
              [
                14.396791,
                50.140797
              ],
              [
                14.398006,
                50.143056
              ],
              [
                14.398091,
                50.143448
              ],
              [
                14.397035,
                50.143522
              ],
              [
                14.397049,
                50.143148
              ],
              [
                14.396699,
                50.142445
              ],
              [
                14.396352,
                50.142315
              ],
              [
                14.395657,
                50.142331
              ],
              [
                14.395712,
                50.142052
              ],
              [
                14.395276,
                50.141807
              ],
              [
                14.394902,
                50.141429
              ],
              [
                14.393679,
                50.14125
              ],
              [
                14.393066,
                50.14134
              ],
              [
                14.39205,
                50.141784
              ],
              [
                14.392195,
                50.141998
              ],
              [
                14.39189,
                50.142647
              ],
              [
                14.391199,
                50.14345
              ],
              [
                14.391115,
                50.143961
              ],
              [
                14.389326,
                50.1447
              ],
              [
                14.388823,
                50.145029
              ],
              [
                14.387425,
                50.145434
              ],
              [
                14.38739,
                50.145481
              ],
              [
                14.3877,
                50.145785
              ],
              [
                14.386768,
                50.146238
              ],
              [
                14.386201,
                50.14641
              ],
              [
                14.385938,
                50.146018
              ],
              [
                14.385796,
                50.145947
              ],
              [
                14.384878,
                50.146926
              ],
              [
                14.38396,
                50.147024
              ],
              [
                14.3818,
                50.146879
              ],
              [
                14.381763,
                50.146954
              ],
              [
                14.381433,
                50.146857
              ],
              [
                14.380894,
                50.146515
              ],
              [
                14.380305,
                50.146383
              ],
              [
                14.379369,
                50.146402
              ],
              [
                14.378439,
                50.146492
              ],
              [
                14.377251,
                50.146866
              ],
              [
                14.375747,
                50.146955
              ],
              [
                14.375038,
                50.14729
              ],
              [
                14.373678,
                50.147273
              ],
              [
                14.372381,
                50.147494
              ],
              [
                14.37241,
                50.147705
              ],
              [
                14.371757,
                50.147984
              ],
              [
                14.370714,
                50.147728
              ],
              [
                14.367947,
                50.147354
              ],
              [
                14.366798,
                50.147464
              ],
              [
                14.365704,
                50.148032
              ],
              [
                14.365446,
                50.147825
              ],
              [
                14.364947,
                50.147616
              ],
              [
                14.362127,
                50.146606
              ],
              [
                14.361486,
                50.145989
              ],
              [
                14.360956,
                50.145038
              ],
              [
                14.360063,
                50.14404
              ],
              [
                14.358719,
                50.143436
              ],
              [
                14.357758,
                50.142274
              ],
              [
                14.356617,
                50.141395
              ],
              [
                14.356561,
                50.141081
              ],
              [
                14.35609,
                50.141173
              ],
              [
                14.356045,
                50.140629
              ],
              [
                14.357788,
                50.140571
              ],
              [
                14.35743,
                50.139288
              ],
              [
                14.356003,
                50.13899
              ],
              [
                14.355347,
                50.138662
              ],
              [
                14.354959,
                50.137887
              ],
              [
                14.354124,
                50.137526
              ],
              [
                14.354419,
                50.136257
              ],
              [
                14.355861,
                50.136661
              ],
              [
                14.355942,
                50.136602
              ],
              [
                14.356155,
                50.136635
              ],
              [
                14.356715,
                50.133493
              ],
              [
                14.356874,
                50.131404
              ],
              [
                14.357086,
                50.131278
              ],
              [
                14.357444,
                50.129648
              ],
              [
                14.360042,
                50.129521
              ],
              [
                14.35766,
                50.127317
              ],
              [
                14.355641,
                50.124652
              ],
              [
                14.355664,
                50.124473
              ],
              [
                14.357772,
                50.122507
              ],
              [
                14.358812,
                50.121311
              ],
              [
                14.360404,
                50.118747
              ],
              [
                14.361243,
                50.117898
              ],
              [
                14.360402,
                50.117507
              ],
              [
                14.361576,
                50.116242
              ],
              [
                14.361462,
                50.116266
              ],
              [
                14.360784,
                50.116019
              ],
              [
                14.356873,
                50.116087
              ],
              [
                14.354764,
                50.116248
              ],
              [
                14.354012,
                50.116121
              ],
              [
                14.353151,
                50.116107
              ],
              [
                14.350164,
                50.11642
              ],
              [
                14.347035,
                50.116437
              ],
              [
                14.343197,
                50.11671
              ],
              [
                14.342384,
                50.116697
              ],
              [
                14.341134,
                50.116542
              ],
              [
                14.33937,
                50.116898
              ],
              [
                14.333187,
                50.116513
              ],
              [
                14.327643,
                50.116752
              ],
              [
                14.327209,
                50.116713
              ],
              [
                14.326157,
                50.116356
              ],
              [
                14.320607,
                50.115242
              ],
              [
                14.320672,
                50.115437
              ],
              [
                14.320345,
                50.116653
              ],
              [
                14.318676,
                50.118045
              ],
              [
                14.318154,
                50.118566
              ],
              [
                14.317975,
                50.118904
              ],
              [
                14.317664,
                50.118775
              ],
              [
                14.31757,
                50.118863
              ],
              [
                14.31761,
                50.118989
              ],
              [
                14.317097,
                50.121005
              ],
              [
                14.316269,
                50.122311
              ],
              [
                14.315696,
                50.122946
              ],
              [
                14.315784,
                50.122985
              ],
              [
                14.315732,
                50.123039
              ],
              [
                14.31583,
                50.123726
              ],
              [
                14.315806,
                50.124896
              ],
              [
                14.315683,
                50.125392
              ],
              [
                14.315627,
                50.125392
              ],
              [
                14.315577,
                50.127102
              ],
              [
                14.315878,
                50.128617
              ],
              [
                14.310652,
                50.128037
              ],
              [
                14.310389,
                50.12789
              ],
              [
                14.310325,
                50.127772
              ],
              [
                14.309983,
                50.128021
              ],
              [
                14.309001,
                50.128091
              ],
              [
                14.308246,
                50.128241
              ],
              [
                14.306415,
                50.129137
              ],
              [
                14.306162,
                50.129167
              ],
              [
                14.306192,
                50.129477
              ],
              [
                14.305915,
                50.129951
              ],
              [
                14.305638,
                50.13014
              ],
              [
                14.305034,
                50.129894
              ],
              [
                14.304661,
                50.129632
              ],
              [
                14.304416,
                50.129666
              ],
              [
                14.304285,
                50.129375
              ],
              [
                14.303252,
                50.129677
              ],
              [
                14.302433,
                50.130077
              ],
              [
                14.302302,
                50.13002
              ],
              [
                14.302316,
                50.129825
              ],
              [
                14.302163,
                50.129575
              ],
              [
                14.30133,
                50.129645
              ],
              [
                14.300896,
                50.129252
              ],
              [
                14.300465,
                50.12866
              ],
              [
                14.300748,
                50.128433
              ],
              [
                14.300315,
                50.127741
              ],
              [
                14.300635,
                50.127649
              ],
              [
                14.301044,
                50.127378
              ],
              [
                14.300882,
                50.127383
              ],
              [
                14.300652,
                50.127009
              ],
              [
                14.300203,
                50.126644
              ],
              [
                14.299738,
                50.126508
              ],
              [
                14.299473,
                50.126337
              ],
              [
                14.299615,
                50.126291
              ],
              [
                14.298889,
                50.12624
              ],
              [
                14.298749,
                50.126108
              ],
              [
                14.297747,
                50.125774
              ],
              [
                14.297231,
                50.125689
              ],
              [
                14.295325,
                50.12491
              ],
              [
                14.294685,
                50.124785
              ],
              [
                14.295124,
                50.124653
              ],
              [
                14.295752,
                50.122386
              ],
              [
                14.295915,
                50.122183
              ],
              [
                14.297449,
                50.120964
              ],
              [
                14.297171,
                50.120594
              ],
              [
                14.29675,
                50.120257
              ],
              [
                14.295674,
                50.119657
              ],
              [
                14.294323,
                50.119055
              ],
              [
                14.293847,
                50.118951
              ],
              [
                14.292597,
                50.118357
              ],
              [
                14.29234,
                50.118278
              ],
              [
                14.292065,
                50.118306
              ],
              [
                14.291912,
                50.118081
              ],
              [
                14.290122,
                50.11715
              ],
              [
                14.289325,
                50.116651
              ],
              [
                14.287879,
                50.116069
              ],
              [
                14.285561,
                50.115794
              ],
              [
                14.284663,
                50.11547
              ],
              [
                14.282006,
                50.117227
              ],
              [
                14.278838,
                50.119081
              ],
              [
                14.260044,
                50.113444
              ],
              [
                14.25905,
                50.113968
              ],
              [
                14.257161,
                50.114564
              ],
              [
                14.256039,
                50.113281
              ],
              [
                14.256362,
                50.113158
              ],
              [
                14.256119,
                50.112853
              ],
              [
                14.256076,
                50.112539
              ],
              [
                14.254062,
                50.111758
              ],
              [
                14.250036,
                50.110791
              ],
              [
                14.246055,
                50.11008
              ],
              [
                14.245111,
                50.109977
              ],
              [
                14.244763,
                50.110069
              ],
              [
                14.242383,
                50.111172
              ],
              [
                14.240679,
                50.111284
              ]
            ]
          ]
        ]
      }
    },
    {
      "type": "Feature",
      "properties": {
        "name": "Praha 7",
        "slug": "praha-7",
        "osm_relation": 19999136,
        "in": {
          "en": "in Prague 7",
          "cs": "v Praze 7"
        }
      },
      "geometry": {
        "type": "MultiPolygon",
        "coordinates": [
          [
            [
              [
                14.39495,
                50.121799
              ],
              [
                14.396359,
                50.122867
              ],
              [
                14.398933,
                50.12513
              ],
              [
                14.400136,
                50.126323
              ],
              [
                14.400781,
                50.127141
              ],
              [
                14.400749,
                50.128322
              ],
              [
                14.400873,
                50.129388
              ],
              [
                14.402045,
                50.129556
              ],
              [
                14.402487,
                50.129732
              ],
              [
                14.402861,
                50.130074
              ],
              [
                14.403202,
                50.130231
              ],
              [
                14.404304,
                50.129849
              ],
              [
                14.404715,
                50.129987
              ],
              [
                14.405112,
                50.129916
              ],
              [
                14.405188,
                50.130154
              ],
              [
                14.4054,
                50.130197
              ],
              [
                14.405724,
                50.130081
              ],
              [
                14.406418,
                50.130227
              ],
              [
                14.406461,
                50.129635
              ],
              [
                14.406598,
                50.129335
              ],
              [
                14.406146,
                50.129287
              ],
              [
                14.406025,
                50.129099
              ],
              [
                14.406095,
                50.128947
              ],
              [
                14.406663,
                50.128417
              ],
              [
                14.406869,
                50.128025
              ],
              [
                14.406803,
                50.12787
              ],
              [
                14.406873,
                50.127067
              ],
              [
                14.407108,
                50.126903
              ],
              [
                14.408169,
                50.126956
              ],
              [
                14.40812,
                50.126854
              ],
              [
                14.408476,
                50.126024
              ],
              [
                14.40868,
                50.125777
              ],
              [
                14.410459,
                50.125148
              ],
              [
                14.412097,
                50.124714
              ],
              [
                14.412542,
                50.124921
              ],
              [
                14.412703,
                50.124866
              ],
              [
                14.413119,
                50.125276
              ],
              [
                14.413418,
                50.125099
              ],
              [
                14.413939,
                50.125294
              ],
              [
                14.413977,
                50.125005
              ],
              [
                14.414921,
                50.125169
              ],
              [
                14.416124,
                50.125205
              ],
              [
                14.415933,
                50.1249
              ],
              [
                14.415351,
                50.1245
              ],
              [
                14.416118,
                50.124457
              ],
              [
                14.416375,
                50.124529
              ],
              [
                14.416564,
                50.124376
              ],
              [
                14.4195,
                50.124272
              ],
              [
                14.419577,
                50.124353
              ],
              [
                14.421206,
                50.124317
              ],
              [
                14.422449,
                50.124135
              ],
              [
                14.423649,
                50.123781
              ],
              [
                14.42395,
                50.123567
              ],
              [
                14.424034,
                50.123348
              ],
              [
                14.424975,
                50.12202
              ],
              [
                14.425117,
                50.121634
              ],
              [
                14.423796,
                50.120389
              ],
              [
                14.424971,
                50.120615
              ],
              [
                14.426318,
                50.120693
              ],
              [
                14.426846,
                50.120806
              ],
              [
                14.429298,
                50.121572
              ],
              [
                14.431062,
                50.122372
              ],
              [
                14.432096,
                50.122615
              ],
              [
                14.434088,
                50.123348
              ],
              [
                14.434617,
                50.122302
              ],
              [
                14.434674,
                50.121735
              ],
              [
                14.433835,
                50.120881
              ],
              [
                14.433688,
                50.120438
              ],
              [
                14.433341,
                50.120039
              ],
              [
                14.4341,
                50.119026
              ],
              [
                14.434575,
                50.118737
              ],
              [
                14.433619,
                50.118023
              ],
              [
                14.433369,
                50.117674
              ],
              [
                14.433304,
                50.117457
              ],
              [
                14.433325,
                50.116759
              ],
              [
                14.433377,
                50.116407
              ],
              [
                14.433551,
                50.116176
              ],
              [
                14.437262,
                50.115586
              ],
              [
                14.437272,
                50.115491
              ],
              [
                14.437514,
                50.115454
              ],
              [
                14.437633,
                50.115786
              ],
              [
                14.440725,
                50.115968
              ],
              [
                14.441772,
                50.115814
              ],
              [
                14.445379,
                50.114863
              ],
              [
                14.44532,
                50.113417
              ],
              [
                14.449283,
                50.113128
              ],
              [
                14.451228,
                50.11308
              ],
              [
                14.453107,
                50.112881
              ],
              [
                14.454293,
                50.112475
              ],
              [
                14.456259,
                50.111569
              ],
              [
                14.457824,
                50.110472
              ],
              [
                14.458981,
                50.109327
              ],
              [
                14.460148,
                50.107596
              ],
              [
                14.460524,
                50.106143
              ],
              [
                14.460509,
                50.104729
              ],
              [
                14.459882,
                50.103132
              ],
              [
                14.45886,
                50.101749
              ],
              [
                14.457488,
                50.100671
              ],
              [
                14.455243,
                50.099481
              ],
              [
                14.452753,
                50.098571
              ],
              [
                14.450618,
                50.097951
              ],
              [
                14.448819,
                50.096751
              ],
              [
                14.446727,
                50.096156
              ],
              [
                14.444521,
                50.095281
              ],
              [
                14.441522,
                50.0947
              ],
              [
                14.435556,
                50.094214
              ],
              [
                14.433896,
                50.094272
              ],
              [
                14.431876,
                50.094022
              ],
              [
                14.429272,
                50.094502
              ],
              [
                14.422396,
                50.093997
              ],
              [
                14.4206,
                50.093802
              ],
              [
                14.41864,
                50.093458
              ],
              [
                14.417045,
                50.093047
              ],
              [
                14.416493,
                50.093894
              ],
              [
                14.41477,
                50.093371
              ],
              [
                14.41351,
                50.093167
              ],
              [
                14.412308,
                50.092729
              ],
              [
                14.41143,
                50.092218
              ],
              [
                14.412142,
                50.093218
              ],
              [
                14.411298,
                50.0938
              ],
              [
                14.410927,
                50.093719
              ],
              [
                14.41055,
                50.094413
              ],
              [
                14.410941,
                50.094492
              ],
              [
                14.411107,
                50.095423
              ],
              [
                14.409637,
                50.095413
              ],
              [
                14.409417,
                50.095127
              ],
              [
                14.409073,
                50.095155
              ],
              [
                14.407581,
                50.097657
              ],
              [
                14.411518,
                50.098243
              ],
              [
                14.411262,
                50.098731
              ],
              [
                14.412489,
                50.099279
              ],
              [
                14.41482,
                50.100998
              ],
              [
                14.415093,
                50.101055
              ],
              [
                14.41643,
                50.102053
              ],
              [
                14.416612,
                50.102099
              ],
              [
                14.418161,
                50.10314
              ],
              [
                14.417989,
                50.10331
              ],
              [
                14.417765,
                50.103365
              ],
              [
                14.417866,
                50.103609
              ],
              [
                14.415456,
                50.104232
              ],
              [
                14.414888,
                50.104155
              ],
              [
                14.414774,
                50.103995
              ],
              [
                14.413506,
                50.104177
              ],
              [
                14.413293,
                50.104275
              ],
              [
                14.411545,
                50.103909
              ],
              [
                14.411448,
                50.103936
              ],
              [
                14.411122,
                50.104408
              ],
              [
                14.410637,
                50.104345
              ],
              [
                14.409242,
                50.104548
              ],
              [
                14.407471,
                50.104643
              ],
              [
                14.40564,
                50.106674
              ],
              [
                14.405713,
                50.106769
              ],
              [
                14.406248,
                50.106632
              ],
              [
                14.406292,
                50.10654
              ],
              [
                14.406493,
                50.106726
              ],
              [
                14.406652,
                50.10666
              ],
              [
                14.406705,
                50.106821
              ],
              [
                14.406535,
                50.106861
              ],
              [
                14.406566,
                50.107609
              ],
              [
                14.406027,
                50.108266
              ],
              [
                14.405765,
                50.108389
              ],
              [
                14.406669,
                50.108642
              ],
              [
                14.406602,
                50.10917
              ],
              [
                14.407989,
                50.109898
              ],
              [
                14.408165,
                50.110737
              ],
              [
                14.408366,
                50.110789
              ],
              [
                14.408259,
                50.111007
              ],
              [
                14.406971,
                50.111086
              ],
              [
                14.407006,
                50.11127
              ],
              [
                14.40548,
                50.111397
              ],
              [
                14.405803,
                50.112837
              ],
              [
                14.405482,
                50.112995
              ],
              [
                14.405345,
                50.113868
              ],
              [
                14.403508,
                50.114352
              ],
              [
                14.401915,
                50.115227
              ],
              [
                14.400617,
                50.116134
              ],
              [
                14.398605,
                50.117888
              ],
              [
                14.39704,
                50.119474
              ],
              [
                14.396346,
                50.1204
              ],
              [
                14.395961,
                50.121138
              ],
              [
                14.395827,
                50.121975
              ],
              [
                14.39495,
                50.121799
              ]
            ]
          ]
        ]
      }
    },
    {
      "type": "Feature",
      "properties": {
        "name": "Praha 8",
        "slug": "praha-8",
        "osm_relation": 19999145,
        "in": {
          "en": "in Prague 8",
          "cs": "v Praze 8"
        }
      },
      "geometry": {
        "type": "MultiPolygon",
        "coordinates": [
          [
            [
              [
                14.393782,
                50.138277
              ],
              [
                14.392649,
                50.137242
              ],
              [
                14.392296,
                50.136231
              ],
              [
                14.392493,
                50.135483
              ],
              [
                14.393518,
                50.134382
              ],
              [
                14.394792,
                50.133575
              ],
              [
                14.39956,
                50.1312
              ],
              [
                14.400494,
                50.130453
              ],
              [
                14.400873,
                50.129388
              ],
              [
                14.402045,
                50.129556
              ],
              [
                14.402487,
                50.129732
              ],
              [
                14.402861,
                50.130074
              ],
              [
                14.403202,
                50.130231
              ],
              [
                14.404304,
                50.129849
              ],
              [
                14.404715,
                50.129987
              ],
              [
                14.405112,
                50.129916
              ],
              [
                14.405188,
                50.130154
              ],
              [
                14.4054,
                50.130197
              ],
              [
                14.405724,
                50.130081
              ],
              [
                14.406418,
                50.130227
              ],
              [
                14.406461,
                50.129635
              ],
              [
                14.406598,
                50.129335
              ],
              [
                14.406146,
                50.129287
              ],
              [
                14.406025,
                50.129099
              ],
              [
                14.406095,
                50.128947
              ],
              [
                14.406663,
                50.128417
              ],
              [
                14.406869,
                50.128025
              ],
              [
                14.406803,
                50.12787
              ],
              [
                14.406873,
                50.127067
              ],
              [
                14.407108,
                50.126903
              ],
              [
                14.408169,
                50.126956
              ],
              [
                14.40812,
                50.126854
              ],
              [
                14.408526,
                50.125935
              ],
              [
                14.408911,
                50.125656
              ],
              [
                14.412097,
                50.124714
              ],
              [
                14.412542,
                50.124921
              ],
              [
                14.412703,
                50.124866
              ],
              [
                14.413119,
                50.125276
              ],
              [
                14.413418,
                50.125099
              ],
              [
                14.413939,
                50.125294
              ],
              [
                14.413977,
                50.125005
              ],
              [
                14.414921,
                50.125169
              ],
              [
                14.416124,
                50.125205
              ],
              [
                14.415933,
                50.1249
              ],
              [
                14.415351,
                50.1245
              ],
              [
                14.416118,
                50.124457
              ],
              [
                14.416375,
                50.124529
              ],
              [
                14.416564,
                50.124376
              ],
              [
                14.4195,
                50.124272
              ],
              [
                14.419577,
                50.124353
              ],
              [
                14.421206,
                50.124317
              ],
              [
                14.422449,
                50.124135
              ],
              [
                14.423649,
                50.123781
              ],
              [
                14.42395,
                50.123567
              ],
              [
                14.424034,
                50.123348
              ],
              [
                14.424975,
                50.12202
              ],
              [
                14.425117,
                50.121634
              ],
              [
                14.423796,
                50.120389
              ],
              [
                14.424971,
                50.120615
              ],
              [
                14.426318,
                50.120693
              ],
              [
                14.426846,
                50.120806
              ],
              [
                14.429298,
                50.121572
              ],
              [
                14.431062,
                50.122372
              ],
              [
                14.432096,
                50.122615
              ],
              [
                14.434088,
                50.123348
              ],
              [
                14.434617,
                50.122302
              ],
              [
                14.434674,
                50.121735
              ],
              [
                14.433835,
                50.120881
              ],
              [
                14.433688,
                50.120438
              ],
              [
                14.433341,
                50.120039
              ],
              [
                14.4341,
                50.119026
              ],
              [
                14.434575,
                50.118737
              ],
              [
                14.433619,
                50.118023
              ],
              [
                14.433369,
                50.117674
              ],
              [
                14.433304,
                50.117457
              ],
              [
                14.433325,
                50.116759
              ],
              [
                14.433377,
                50.116407
              ],
              [
                14.433587,
                50.116154
              ],
              [
                14.437262,
                50.115586
              ],
              [
                14.437272,
                50.115491
              ],
              [
                14.437514,
                50.115454
              ],
              [
                14.437633,
                50.115786
              ],
              [
                14.440725,
                50.115968
              ],
              [
                14.441772,
                50.115814
              ],
              [
                14.445379,
                50.114863
              ],
              [
                14.44532,
                50.113417
              ],
              [
                14.449283,
                50.113128
              ],
              [
                14.451228,
                50.11308
              ],
              [
                14.453107,
                50.112881
              ],
              [
                14.454293,
                50.112475
              ],
              [
                14.456259,
                50.111569
              ],
              [
                14.457824,
                50.110472
              ],
              [
                14.458981,
                50.109327
              ],
              [
                14.460148,
                50.107596
              ],
              [
                14.460524,
                50.106143
              ],
              [
                14.460509,
                50.104729
              ],
              [
                14.459882,
                50.103132
              ],
              [
                14.45886,
                50.101749
              ],
              [
                14.457488,
                50.100671
              ],
              [
                14.455243,
                50.099481
              ],
              [
                14.452753,
                50.098571
              ],
              [
                14.450618,
                50.097951
              ],
              [
                14.448819,
                50.096751
              ],
              [
                14.446727,
                50.096156
              ],
              [
                14.444521,
                50.095281
              ],
              [
                14.441522,
                50.0947
              ],
              [
                14.436613,
                50.094296
              ],
              [
                14.436546,
                50.09402
              ],
              [
                14.436865,
                50.092325
              ],
              [
                14.436396,
                50.091351
              ],
              [
                14.437371,
                50.089886
              ],
              [
                14.437338,
                50.089368
              ],
              [
                14.437936,
                50.089496
              ],
              [
                14.437976,
                50.08811
              ],
              [
                14.437843,
                50.087996
              ],
              [
                14.437679,
                50.087028
              ],
              [
                14.437457,
                50.086504
              ],
              [
                14.438056,
                50.086306
              ],
              [
                14.438211,
                50.086599
              ],
              [
                14.43835,
                50.086673
              ],
              [
                14.438825,
                50.086895
              ],
              [
                14.439683,
                50.087139
              ],
              [
                14.441842,
                50.087441
              ],
              [
                14.443234,
                50.087413
              ],
              [
                14.443111,
                50.08844
              ],
              [
                14.443252,
                50.088829
              ],
              [
                14.448391,
                50.089883
              ],
              [
                14.448548,
                50.08959
              ],
              [
                14.449557,
                50.089705
              ],
              [
                14.451963,
                50.090206
              ],
              [
                14.451921,
                50.09028
              ],
              [
                14.452303,
                50.090362
              ],
              [
                14.452492,
                50.090378
              ],
              [
                14.452552,
                50.09028
              ],
              [
                14.455372,
                50.090849
              ],
              [
                14.455324,
                50.090957
              ],
              [
                14.456577,
                50.091171
              ],
              [
                14.456528,
                50.091255
              ],
              [
                14.458006,
                50.091547
              ],
              [
                14.460768,
                50.091948
              ],
              [
                14.460819,
                50.091895
              ],
              [
                14.463489,
                50.092377
              ],
              [
                14.463816,
                50.092372
              ],
              [
                14.464685,
                50.092576
              ],
              [
                14.465811,
                50.092684
              ],
              [
                14.46696,
                50.092991
              ],
              [
                14.467742,
                50.093346
              ],
              [
                14.467844,
                50.093246
              ],
              [
                14.468812,
                50.09315
              ],
              [
                14.469106,
                50.093021
              ],
              [
                14.469723,
                50.093117
              ],
              [
                14.471039,
                50.093591
              ],
              [
                14.472144,
                50.094115
              ],
              [
                14.475933,
                50.096582
              ],
              [
                14.47622,
                50.096429
              ],
              [
                14.477425,
                50.0972
              ],
              [
                14.477472,
                50.097164
              ],
              [
                14.479808,
                50.098438
              ],
              [
                14.480684,
                50.099186
              ],
              [
                14.481,
                50.099763
              ],
              [
                14.48114,
                50.099774
              ],
              [
                14.481289,
                50.100302
              ],
              [
                14.481471,
                50.100623
              ],
              [
                14.481975,
                50.101216
              ],
              [
                14.482686,
                50.101722
              ],
              [
                14.483676,
                50.102133
              ],
              [
                14.481711,
                50.101644
              ],
              [
                14.480787,
                50.101247
              ],
              [
                14.480757,
                50.101554
              ],
              [
                14.480955,
                50.101792
              ],
              [
                14.480795,
                50.102244
              ],
              [
                14.480869,
                50.102458
              ],
              [
                14.480769,
                50.102851
              ],
              [
                14.48087,
                50.103385
              ],
              [
                14.480517,
                50.103668
              ],
              [
                14.480512,
                50.103992
              ],
              [
                14.480809,
                50.104105
              ],
              [
                14.48083,
                50.104301
              ],
              [
                14.480723,
                50.105562
              ],
              [
                14.480602,
                50.105985
              ],
              [
                14.480693,
                50.106107
              ],
              [
                14.480465,
                50.107443
              ],
              [
                14.480753,
                50.108131
              ],
              [
                14.481152,
                50.108693
              ],
              [
                14.481653,
                50.108781
              ],
              [
                14.481645,
                50.108868
              ],
              [
                14.482046,
                50.109281
              ],
              [
                14.482272,
                50.109672
              ],
              [
                14.482683,
                50.109766
              ],
              [
                14.485463,
                50.110903
              ],
              [
                14.488127,
                50.111681
              ],
              [
                14.489886,
                50.112006
              ],
              [
                14.492241,
                50.112117
              ],
              [
                14.492227,
                50.112347
              ],
              [
                14.491733,
                50.112258
              ],
              [
                14.491541,
                50.112929
              ],
              [
                14.490499,
                50.113081
              ],
              [
                14.489824,
                50.113693
              ],
              [
                14.488918,
                50.113836
              ],
              [
                14.488512,
                50.114053
              ],
              [
                14.488874,
                50.114944
              ],
              [
                14.48884,
                50.115022
              ],
              [
                14.489726,
                50.115291
              ],
              [
                14.489328,
                50.115999
              ],
              [
                14.488686,
                50.116335
              ],
              [
                14.482673,
                50.117889
              ],
              [
                14.481709,
                50.117633
              ],
              [
                14.477577,
                50.117363
              ],
              [
                14.475776,
                50.117331
              ],
              [
                14.475784,
                50.11793
              ],
              [
                14.476618,
                50.117935
              ],
              [
                14.476518,
                50.119027
              ],
              [
                14.476189,
                50.119188
              ],
              [
                14.478177,
                50.119859
              ],
              [
                14.47875,
                50.120117
              ],
              [
                14.479188,
                50.120455
              ],
              [
                14.480188,
                50.120708
              ],
              [
                14.480115,
                50.121079
              ],
              [
                14.480292,
                50.12123
              ],
              [
                14.480357,
                50.121586
              ],
              [
                14.480465,
                50.121695
              ],
              [
                14.480788,
                50.12147
              ],
              [
                14.48346,
                50.122713
              ],
              [
                14.483275,
                50.123004
              ],
              [
                14.483753,
                50.123291
              ],
              [
                14.485076,
                50.12461
              ],
              [
                14.484697,
                50.12491
              ],
              [
                14.484645,
                50.125053
              ],
              [
                14.484255,
                50.124872
              ],
              [
                14.483952,
                50.124946
              ],
              [
                14.483785,
                50.125173
              ],
              [
                14.484038,
                50.125202
              ],
              [
                14.484002,
                50.125258
              ],
              [
                14.483649,
                50.125146
              ],
              [
                14.483549,
                50.125192
              ],
              [
                14.483538,
                50.125317
              ],
              [
                14.482622,
                50.125241
              ],
              [
                14.482596,
                50.125428
              ],
              [
                14.482334,
                50.125626
              ],
              [
                14.482327,
                50.126076
              ],
              [
                14.487063,
                50.129469
              ],
              [
                14.488609,
                50.130742
              ],
              [
                14.491815,
                50.131146
              ],
              [
                14.495556,
                50.131376
              ],
              [
                14.495513,
                50.132138
              ],
              [
                14.495276,
                50.133513
              ],
              [
                14.494638,
                50.13609
              ],
              [
                14.497673,
                50.136368
              ],
              [
                14.49712,
                50.1401
              ],
              [
                14.496481,
                50.142329
              ],
              [
                14.497907,
                50.142402
              ],
              [
                14.50117,
                50.142282
              ],
              [
                14.504289,
                50.1424
              ],
              [
                14.504391,
                50.143993
              ],
              [
                14.504347,
                50.144296
              ],
              [
                14.503452,
                50.145782
              ],
              [
                14.50195,
                50.146544
              ],
              [
                14.501187,
                50.146727
              ],
              [
                14.500004,
                50.146824
              ],
              [
                14.497418,
                50.147844
              ],
              [
                14.497184,
                50.148099
              ],
              [
                14.49711,
                50.148761
              ],
              [
                14.497306,
                50.149774
              ],
              [
                14.497711,
                50.150073
              ],
              [
                14.498796,
                50.150615
              ],
              [
                14.499902,
                50.151002
              ],
              [
                14.50343,
                50.151779
              ],
              [
                14.503552,
                50.152014
              ],
              [
                14.503376,
                50.153036
              ],
              [
                14.504578,
                50.153206
              ],
              [
                14.504162,
                50.153536
              ],
              [
                14.504039,
                50.153741
              ],
              [
                14.503538,
                50.155435
              ],
              [
                14.506424,
                50.155737
              ],
              [
                14.505859,
                50.157326
              ],
              [
                14.505544,
                50.158676
              ],
              [
                14.503556,
                50.159271
              ],
              [
                14.502738,
                50.159206
              ],
              [
                14.502377,
                50.164014
              ],
              [
                14.505285,
                50.163794
              ],
              [
                14.507066,
                50.17141
              ],
              [
                14.504638,
                50.171601
              ],
              [
                14.497988,
                50.171919
              ],
              [
                14.492187,
                50.17235
              ],
              [
                14.487396,
                50.172262
              ],
              [
                14.484026,
                50.172361
              ],
              [
                14.479522,
                50.172294
              ],
              [
                14.479998,
                50.171835
              ],
              [
                14.480149,
                50.169878
              ],
              [
                14.478122,
                50.169753
              ],
              [
                14.472617,
                50.16984
              ],
              [
                14.469042,
                50.169807
              ],
              [
                14.466913,
                50.169544
              ],
              [
                14.467008,
                50.167818
              ],
              [
                14.466769,
                50.165426
              ],
              [
                14.46445,
                50.165118
              ],
              [
                14.463844,
                50.164879
              ],
              [
                14.463847,
                50.161958
              ],
              [
                14.463719,
                50.161228
              ],
              [
                14.464123,
                50.159923
              ],
              [
                14.460436,
                50.158993
              ],
              [
                14.452145,
                50.158368
              ],
              [
                14.451865,
                50.157832
              ],
              [
                14.436684,
                50.157507
              ],
              [
                14.436005,
                50.159091
              ],
              [
                14.428138,
                50.157667
              ],
              [
                14.429182,
                50.154006
              ],
              [
                14.428963,
                50.153972
              ],
              [
                14.428888,
                50.153698
              ],
              [
                14.428977,
                50.153511
              ],
              [
                14.427632,
                50.153318
              ],
              [
                14.427676,
                50.153147
              ],
              [
                14.426221,
                50.153042
              ],
              [
                14.426142,
                50.153149
              ],
              [
                14.425008,
                50.152949
              ],
              [
                14.423131,
                50.152796
              ],
              [
                14.420203,
                50.153007
              ],
              [
                14.420014,
                50.152965
              ],
              [
                14.420691,
                50.150334
              ],
              [
                14.421156,
                50.150118
              ],
              [
                14.422502,
                50.149833
              ],
              [
                14.421887,
                50.14975
              ],
              [
                14.421539,
                50.149558
              ],
              [
                14.421116,
                50.149574
              ],
              [
                14.421111,
                50.149383
              ],
              [
                14.420553,
                50.149476
              ],
              [
                14.419126,
                50.149407
              ],
              [
                14.417432,
                50.149031
              ],
              [
                14.417279,
                50.148908
              ],
              [
                14.417166,
                50.148573
              ],
              [
                14.416186,
                50.148316
              ],
              [
                14.415417,
                50.148388
              ],
              [
                14.414573,
                50.148141
              ],
              [
                14.412572,
                50.14823
              ],
              [
                14.411757,
                50.148041
              ],
              [
                14.411386,
                50.148107
              ],
              [
                14.411107,
                50.147864
              ],
              [
                14.4102,
                50.147823
              ],
              [
                14.409152,
                50.147579
              ],
              [
                14.408035,
                50.147542
              ],
              [
                14.40772,
                50.147605
              ],
              [
                14.40712,
                50.146977
              ],
              [
                14.405013,
                50.147153
              ],
              [
                14.403868,
                50.147379
              ],
              [
                14.403332,
                50.147592
              ],
              [
                14.402412,
                50.147543
              ],
              [
                14.401931,
                50.147666
              ],
              [
                14.399973,
                50.147906
              ],
              [
                14.400086,
                50.147779
              ],
              [
                14.399964,
                50.147057
              ],
              [
                14.399251,
                50.144088
              ],
              [
                14.39929,
                50.143849
              ],
              [
                14.399147,
                50.143375
              ],
              [
                14.398091,
                50.143448
              ],
              [
                14.398006,
                50.143056
              ],
              [
                14.396791,
                50.140797
              ],
              [
                14.396269,
                50.140215
              ],
              [
                14.394805,
                50.138944
              ],
              [
                14.393782,
                50.138277
              ]
            ]
          ]
        ]
      }
    },
    {
      "type": "Feature",
      "properties": {
        "name": "Praha 9",
        "slug": "praha-9",
        "osm_relation": 19999141,
        "in": {
          "en": "in Prague 9",
          "cs": "v Praze 9"
        }
      },
      "geometry": {
        "type": "MultiPolygon",
        "coordinates": [
          [
            [
              [
                14.478484,
                50.097707
              ],
              [
                14.479159,
                50.096571
              ],
              [
                14.479643,
                50.096698
              ],
              [
                14.479612,
                50.096777
              ],
              [
                14.48027,
                50.096863
              ],
              [
                14.482097,
                50.097345
              ],
              [
                14.482228,
                50.097152
              ],
              [
                14.491489,
                50.09873
              ],
              [
                14.491469,
                50.098628
              ],
              [
                14.492195,
                50.098531
              ],
              [
                14.492966,
                50.098187
              ],
              [
                14.493882,
                50.098888
              ],
              [
                14.49573,
                50.096954
              ],
              [
                14.495953,
                50.096388
              ],
              [
                14.495959,
                50.095695
              ],
              [
                14.496267,
                50.09445
              ],
              [
                14.496856,
                50.09346
              ],
              [
                14.498288,
                50.091774
              ],
              [
                14.500981,
                50.09088
              ],
              [
                14.502325,
                50.090635
              ],
              [
                14.501421,
                50.090346
              ],
              [
                14.501634,
                50.090006
              ],
              [
                14.503901,
                50.089543
              ],
              [
                14.50445,
                50.089544
              ],
              [
                14.505536,
                50.089359
              ],
              [
                14.511898,
                50.088791
              ],
              [
                14.512885,
                50.088604
              ],
              [
                14.51331,
                50.088734
              ],
              [
                14.513329,
                50.088626
              ],
              [
                14.514185,
                50.088373
              ],
              [
                14.514787,
                50.087992
              ],
              [
                14.51629,
                50.087456
              ],
              [
                14.516963,
                50.087316
              ],
              [
                14.517357,
                50.087103
              ],
              [
                14.518318,
                50.087006
              ],
              [
                14.518391,
                50.086505
              ],
              [
                14.520667,
                50.087211
              ],
              [
                14.520626,
                50.087382
              ],
              [
                14.522461,
                50.087684
              ],
              [
                14.523013,
                50.087941
              ],
              [
                14.52306,
                50.087842
              ],
              [
                14.524473,
                50.088191
              ],
              [
                14.532996,
                50.090535
              ],
              [
                14.532654,
                50.091489
              ],
              [
                14.533306,
                50.091619
              ],
              [
                14.531525,
                50.093467
              ],
              [
                14.530912,
                50.094276
              ],
              [
                14.530391,
                50.095495
              ],
              [
                14.530252,
                50.096129
              ],
              [
                14.530223,
                50.096778
              ],
              [
                14.530436,
                50.097893
              ],
              [
                14.530929,
                50.099122
              ],
              [
                14.531442,
                50.099809
              ],
              [
                14.532918,
                50.101213
              ],
              [
                14.533138,
                50.101731
              ],
              [
                14.533088,
                50.102308
              ],
              [
                14.53272,
                50.102837
              ],
              [
                14.531481,
                50.104093
              ],
              [
                14.531359,
                50.104303
              ],
              [
                14.531231,
                50.104907
              ],
              [
                14.529411,
                50.104485
              ],
              [
                14.529027,
                50.106285
              ],
              [
                14.529452,
                50.10618
              ],
              [
                14.529428,
                50.106269
              ],
              [
                14.530061,
                50.106351
              ],
              [
                14.53145,
                50.106364
              ],
              [
                14.531573,
                50.107957
              ],
              [
                14.531367,
                50.109516
              ],
              [
                14.531081,
                50.110552
              ],
              [
                14.531406,
                50.11173
              ],
              [
                14.531193,
                50.112084
              ],
              [
                14.530727,
                50.112461
              ],
              [
                14.528176,
                50.113472
              ],
              [
                14.528513,
                50.113608
              ],
              [
                14.529087,
                50.114629
              ],
              [
                14.52953,
                50.115001
              ],
              [
                14.529633,
                50.115959
              ],
              [
                14.530723,
                50.115939
              ],
              [
                14.531121,
                50.117372
              ],
              [
                14.526472,
                50.117922
              ],
              [
                14.526589,
                50.118797
              ],
              [
                14.527392,
                50.120695
              ],
              [
                14.52757,
                50.121346
              ],
              [
                14.525207,
                50.121617
              ],
              [
                14.525167,
                50.121764
              ],
              [
                14.525445,
                50.122974
              ],
              [
                14.523825,
                50.123032
              ],
              [
                14.523825,
                50.12376
              ],
              [
                14.523646,
                50.124375
              ],
              [
                14.524416,
                50.124779
              ],
              [
                14.524552,
                50.12597
              ],
              [
                14.52177,
                50.126176
              ],
              [
                14.520843,
                50.124575
              ],
              [
                14.520302,
                50.124746
              ],
              [
                14.518378,
                50.123212
              ],
              [
                14.518777,
                50.122956
              ],
              [
                14.518425,
                50.122801
              ],
              [
                14.5166,
                50.123672
              ],
              [
                14.514234,
                50.124305
              ],
              [
                14.513895,
                50.124156
              ],
              [
                14.510424,
                50.125443
              ],
              [
                14.509949,
                50.125582
              ],
              [
                14.50973,
                50.12544
              ],
              [
                14.50841,
                50.125857
              ],
              [
                14.506693,
                50.126583
              ],
              [
                14.507079,
                50.126796
              ],
              [
                14.506989,
                50.126856
              ],
              [
                14.507409,
                50.127068
              ],
              [
                14.506938,
                50.127109
              ],
              [
                14.502957,
                50.126721
              ],
              [
                14.500632,
                50.126576
              ],
              [
                14.500697,
                50.126702
              ],
              [
                14.500819,
                50.126614
              ],
              [
                14.501117,
                50.126632
              ],
              [
                14.501269,
                50.126752
              ],
              [
                14.501101,
                50.126929
              ],
              [
                14.50031,
                50.127525
              ],
              [
                14.499246,
                50.128031
              ],
              [
                14.49894,
                50.128143
              ],
              [
                14.49884,
                50.1276
              ],
              [
                14.498576,
                50.12762
              ],
              [
                14.498595,
                50.12773
              ],
              [
                14.498514,
                50.127736
              ],
              [
                14.498515,
                50.127473
              ],
              [
                14.498439,
                50.127479
              ],
              [
                14.497871,
                50.13131
              ],
              [
                14.495556,
                50.131376
              ],
              [
                14.491815,
                50.131146
              ],
              [
                14.488609,
                50.130742
              ],
              [
                14.487063,
                50.129469
              ],
              [
                14.482327,
                50.126076
              ],
              [
                14.482334,
                50.125626
              ],
              [
                14.482596,
                50.125428
              ],
              [
                14.482622,
                50.125241
              ],
              [
                14.483538,
                50.125317
              ],
              [
                14.483549,
                50.125192
              ],
              [
                14.483649,
                50.125146
              ],
              [
                14.484002,
                50.125258
              ],
              [
                14.484038,
                50.125202
              ],
              [
                14.483785,
                50.125173
              ],
              [
                14.483952,
                50.124946
              ],
              [
                14.484255,
                50.124872
              ],
              [
                14.484645,
                50.125053
              ],
              [
                14.484697,
                50.12491
              ],
              [
                14.485076,
                50.12461
              ],
              [
                14.483753,
                50.123291
              ],
              [
                14.483275,
                50.123004
              ],
              [
                14.48346,
                50.122713
              ],
              [
                14.480788,
                50.12147
              ],
              [
                14.480465,
                50.121695
              ],
              [
                14.480357,
                50.121586
              ],
              [
                14.480292,
                50.12123
              ],
              [
                14.480115,
                50.121079
              ],
              [
                14.480188,
                50.120708
              ],
              [
                14.479188,
                50.120455
              ],
              [
                14.47875,
                50.120117
              ],
              [
                14.478177,
                50.119859
              ],
              [
                14.476189,
                50.119188
              ],
              [
                14.476518,
                50.119027
              ],
              [
                14.476618,
                50.117935
              ],
              [
                14.475784,
                50.11793
              ],
              [
                14.475776,
                50.117331
              ],
              [
                14.477577,
                50.117363
              ],
              [
                14.481709,
                50.117633
              ],
              [
                14.482673,
                50.117889
              ],
              [
                14.485567,
                50.117101
              ],
              [
                14.486407,
                50.116967
              ],
              [
                14.487474,
                50.116607
              ],
              [
                14.488231,
                50.116484
              ],
              [
                14.489328,
                50.115999
              ],
              [
                14.489726,
                50.115291
              ],
              [
                14.48884,
                50.115022
              ],
              [
                14.488874,
                50.114944
              ],
              [
                14.488512,
                50.114053
              ],
              [
                14.488918,
                50.113836
              ],
              [
                14.489824,
                50.113693
              ],
              [
                14.490499,
                50.113081
              ],
              [
                14.491541,
                50.112929
              ],
              [
                14.491733,
                50.112258
              ],
              [
                14.492227,
                50.112347
              ],
              [
                14.492241,
                50.112117
              ],
              [
                14.4892,
                50.111914
              ],
              [
                14.488127,
                50.111681
              ],
              [
                14.485627,
                50.110956
              ],
              [
                14.482683,
                50.109766
              ],
              [
                14.482272,
                50.109672
              ],
              [
                14.482046,
                50.109281
              ],
              [
                14.481645,
                50.108868
              ],
              [
                14.481653,
                50.108781
              ],
              [
                14.481152,
                50.108693
              ],
              [
                14.480753,
                50.108131
              ],
              [
                14.480465,
                50.107443
              ],
              [
                14.480693,
                50.106107
              ],
              [
                14.480602,
                50.105985
              ],
              [
                14.480723,
                50.105562
              ],
              [
                14.48083,
                50.104301
              ],
              [
                14.480809,
                50.104105
              ],
              [
                14.480512,
                50.103992
              ],
              [
                14.480517,
                50.103668
              ],
              [
                14.48087,
                50.103385
              ],
              [
                14.480769,
                50.102851
              ],
              [
                14.480869,
                50.102458
              ],
              [
                14.480795,
                50.102244
              ],
              [
                14.480955,
                50.101792
              ],
              [
                14.480757,
                50.101554
              ],
              [
                14.480787,
                50.101247
              ],
              [
                14.481711,
                50.101644
              ],
              [
                14.483676,
                50.102133
              ],
              [
                14.482686,
                50.101722
              ],
              [
                14.481975,
                50.101216
              ],
              [
                14.481471,
                50.100623
              ],
              [
                14.481289,
                50.100302
              ],
              [
                14.48114,
                50.099774
              ],
              [
                14.481,
                50.099763
              ],
              [
                14.480684,
                50.099186
              ],
              [
                14.479808,
                50.098438
              ],
              [
                14.478484,
                50.097707
              ]
            ]
          ]
        ]
      }
    },
    {
      "type": "Feature",
      "properties": {
        "name": "Praha 10",
        "slug": "praha-10",
        "osm_relation": 19999139,
        "in": {
          "en": "in Prague 10",
          "cs": "v Praze 10"
        }
      },
      "geometry": {
        "type": "MultiPolygon",
        "coordinates": [
          [
            [
              [
                14.440865,
                50.066419
              ],
              [
                14.441153,
                50.066444
              ],
              [
                14.441308,
                50.066646
              ],
              [
                14.441951,
                50.066872
              ],
              [
                14.443105,
                50.067017
              ],
              [
                14.442972,
                50.067051
              ],
              [
                14.445418,
                50.067935
              ],
              [
                14.447251,
                50.06812
              ],
              [
                14.448556,
                50.068051
              ],
              [
                14.448606,
                50.068505
              ],
              [
                14.448499,
                50.068959
              ],
              [
                14.448167,
                50.069522
              ],
              [
                14.447954,
                50.069696
              ],
              [
                14.447892,
                50.069665
              ],
              [
                14.447534,
                50.069866
              ],
              [
                14.444363,
                50.071018
              ],
              [
                14.443664,
                50.071454
              ],
              [
                14.442551,
                50.072336
              ],
              [
                14.443115,
                50.072625
              ],
              [
                14.449212,
                50.07268
              ],
              [
                14.449206,
                50.07334
              ],
              [
                14.449309,
                50.073451
              ],
              [
                14.449284,
                50.074167
              ],
              [
                14.448599,
                50.074134
              ],
              [
                14.44856,
                50.075356
              ],
              [
                14.457757,
                50.07546
              ],
              [
                14.476899,
                50.076408
              ],
              [
                14.478347,
                50.076274
              ],
              [
                14.47873,
                50.077845
              ],
              [
                14.476415,
                50.078062
              ],
              [
                14.476307,
                50.079391
              ],
              [
                14.481822,
                50.080405
              ],
              [
                14.482558,
                50.080464
              ],
              [
                14.482112,
                50.081002
              ],
              [
                14.481652,
                50.081237
              ],
              [
                14.480846,
                50.081488
              ],
              [
                14.480455,
                50.081852
              ],
              [
                14.482628,
                50.08225
              ],
              [
                14.482078,
                50.083424
              ],
              [
                14.483909,
                50.083814
              ],
              [
                14.483938,
                50.08376
              ],
              [
                14.484918,
                50.083916
              ],
              [
                14.484832,
                50.084106
              ],
              [
                14.486727,
                50.084593
              ],
              [
                14.487424,
                50.085429
              ],
              [
                14.488,
                50.085791
              ],
              [
                14.489344,
                50.086245
              ],
              [
                14.491767,
                50.086817
              ],
              [
                14.491916,
                50.086954
              ],
              [
                14.491921,
                50.087069
              ],
              [
                14.491809,
                50.087106
              ],
              [
                14.491666,
                50.087342
              ],
              [
                14.501456,
                50.089367
              ],
              [
                14.503275,
                50.089596
              ],
              [
                14.503313,
                50.089662
              ],
              [
                14.505536,
                50.089359
              ],
              [
                14.511898,
                50.088791
              ],
              [
                14.512885,
                50.088604
              ],
              [
                14.51331,
                50.088734
              ],
              [
                14.513329,
                50.088626
              ],
              [
                14.514185,
                50.088373
              ],
              [
                14.514787,
                50.087992
              ],
              [
                14.51629,
                50.087456
              ],
              [
                14.516963,
                50.087316
              ],
              [
                14.517357,
                50.087103
              ],
              [
                14.518318,
                50.087006
              ],
              [
                14.518391,
                50.086505
              ],
              [
                14.520667,
                50.087211
              ],
              [
                14.520626,
                50.087382
              ],
              [
                14.522461,
                50.087684
              ],
              [
                14.523013,
                50.087941
              ],
              [
                14.52306,
                50.087842
              ],
              [
                14.524473,
                50.088191
              ],
              [
                14.532996,
                50.090535
              ],
              [
                14.533984,
                50.088566
              ],
              [
                14.530145,
                50.087726
              ],
              [
                14.531512,
                50.085272
              ],
              [
                14.531987,
                50.084475
              ],
              [
                14.53399,
                50.084788
              ],
              [
                14.534092,
                50.084581
              ],
              [
                14.536056,
                50.084714
              ],
              [
                14.537529,
                50.084924
              ],
              [
                14.538501,
                50.082943
              ],
              [
                14.539343,
                50.079723
              ],
              [
                14.539261,
                50.078885
              ],
              [
                14.539298,
                50.078366
              ],
              [
                14.539414,
                50.078296
              ],
              [
                14.539331,
                50.078209
              ],
              [
                14.539412,
                50.07754
              ],
              [
                14.539354,
                50.076737
              ],
              [
                14.536478,
                50.077227
              ],
              [
                14.536469,
                50.077044
              ],
              [
                14.536271,
                50.077047
              ],
              [
                14.536282,
                50.07726
              ],
              [
                14.535565,
                50.077382
              ],
              [
                14.535232,
                50.077005
              ],
              [
                14.534181,
                50.075405
              ],
              [
                14.536108,
                50.07494
              ],
              [
                14.538158,
                50.074556
              ],
              [
                14.537825,
                50.072999
              ],
              [
                14.537596,
                50.072311
              ],
              [
                14.53585,
                50.073337
              ],
              [
                14.535076,
                50.073064
              ],
              [
                14.53132,
                50.072241
              ],
              [
                14.530518,
                50.072752
              ],
              [
                14.529659,
                50.073433
              ],
              [
                14.530192,
                50.07361
              ],
              [
                14.52936,
                50.074761
              ],
              [
                14.52921,
                50.074644
              ],
              [
                14.528465,
                50.07442
              ],
              [
                14.528169,
                50.07488
              ],
              [
                14.524033,
                50.074018
              ],
              [
                14.523575,
                50.073845
              ],
              [
                14.523606,
                50.07379
              ],
              [
                14.522914,
                50.073624
              ],
              [
                14.523043,
                50.073271
              ],
              [
                14.523333,
                50.071615
              ],
              [
                14.523501,
                50.070168
              ],
              [
                14.523457,
                50.069213
              ],
              [
                14.523518,
                50.068602
              ],
              [
                14.523174,
                50.067684
              ],
              [
                14.523244,
                50.067013
              ],
              [
                14.523091,
                50.066958
              ],
              [
                14.520986,
                50.067387
              ],
              [
                14.520855,
                50.066907
              ],
              [
                14.519579,
                50.066926
              ],
              [
                14.519607,
                50.066263
              ],
              [
                14.518687,
                50.066158
              ],
              [
                14.519011,
                50.065228
              ],
              [
                14.519075,
                50.064591
              ],
              [
                14.518315,
                50.06453
              ],
              [
                14.518721,
                50.063809
              ],
              [
                14.518452,
                50.063631
              ],
              [
                14.51836,
                50.062966
              ],
              [
                14.518163,
                50.062619
              ],
              [
                14.517598,
                50.061977
              ],
              [
                14.517715,
                50.061416
              ],
              [
                14.517526,
                50.061114
              ],
              [
                14.516853,
                50.061288
              ],
              [
                14.514772,
                50.060943
              ],
              [
                14.514789,
                50.060405
              ],
              [
                14.514592,
                50.060399
              ],
              [
                14.514631,
                50.059795
              ],
              [
                14.514815,
                50.0598
              ],
              [
                14.514869,
                50.057795
              ],
              [
                14.514845,
                50.057269
              ],
              [
                14.514553,
                50.056797
              ],
              [
                14.515144,
                50.056458
              ],
              [
                14.515323,
                50.056165
              ],
              [
                14.515326,
                50.055296
              ],
              [
                14.515445,
                50.055305
              ],
              [
                14.515468,
                50.055166
              ],
              [
                14.515329,
                50.055156
              ],
              [
                14.515353,
                50.054818
              ],
              [
                14.515508,
                50.054834
              ],
              [
                14.515538,
                50.054659
              ],
              [
                14.515534,
                50.054581
              ],
              [
                14.515365,
                50.054581
              ],
              [
                14.515351,
                50.054315
              ],
              [
                14.515541,
                50.051001
              ],
              [
                14.515282,
                50.051049
              ],
              [
                14.514876,
                50.050953
              ],
              [
                14.514715,
                50.050813
              ],
              [
                14.514606,
                50.050556
              ],
              [
                14.513898,
                50.049928
              ],
              [
                14.5131,
                50.049847
              ],
              [
                14.512632,
                50.049988
              ],
              [
                14.512236,
                50.050342
              ],
              [
                14.511449,
                50.050272
              ],
              [
                14.511301,
                50.050398
              ],
              [
                14.510941,
                50.050339
              ],
              [
                14.510194,
                50.050513
              ],
              [
                14.510034,
                50.050604
              ],
              [
                14.509708,
                50.051029
              ],
              [
                14.509435,
                50.050965
              ],
              [
                14.509418,
                50.050546
              ],
              [
                14.50887,
                50.050536
              ],
              [
                14.508422,
                50.050638
              ],
              [
                14.507537,
                50.050519
              ],
              [
                14.507335,
                50.050556
              ],
              [
                14.507264,
                50.050508
              ],
              [
                14.507419,
                50.049847
              ],
              [
                14.507362,
                50.049765
              ],
              [
                14.507535,
                50.048548
              ],
              [
                14.506534,
                50.048399
              ],
              [
                14.50564,
                50.048132
              ],
              [
                14.505819,
                50.047689
              ],
              [
                14.506191,
                50.046159
              ],
              [
                14.503324,
                50.04545
              ],
              [
                14.502266,
                50.045105
              ],
              [
                14.502643,
                50.044456
              ],
              [
                14.497872,
                50.043929
              ],
              [
                14.49764,
                50.04452
              ],
              [
                14.497768,
                50.044563
              ],
              [
                14.497704,
                50.044663
              ],
              [
                14.495521,
                50.044081
              ],
              [
                14.495326,
                50.044528
              ],
              [
                14.495084,
                50.044506
              ],
              [
                14.4943,
                50.043871
              ],
              [
                14.494259,
                50.04373
              ],
              [
                14.493673,
                50.043569
              ],
              [
                14.493608,
                50.043932
              ],
              [
                14.493903,
                50.043896
              ],
              [
                14.494516,
                50.044132
              ],
              [
                14.4944,
                50.044401
              ],
              [
                14.494272,
                50.044477
              ],
              [
                14.494245,
                50.044703
              ],
              [
                14.495061,
                50.045055
              ],
              [
                14.495005,
                50.045142
              ],
              [
                14.495961,
                50.045699
              ],
              [
                14.495975,
                50.045855
              ],
              [
                14.496242,
                50.046224
              ],
              [
                14.492221,
                50.049936
              ],
              [
                14.482375,
                50.05102
              ],
              [
                14.482354,
                50.051222
              ],
              [
                14.484518,
                50.051536
              ],
              [
                14.485272,
                50.051518
              ],
              [
                14.484369,
                50.052
              ],
              [
                14.484098,
                50.052257
              ],
              [
                14.48397,
                50.052505
              ],
              [
                14.483876,
                50.05311
              ],
              [
                14.483576,
                50.053333
              ],
              [
                14.483663,
                50.053841
              ],
              [
                14.481672,
                50.053931
              ],
              [
                14.480933,
                50.054182
              ],
              [
                14.480687,
                50.054321
              ],
              [
                14.480525,
                50.054546
              ],
              [
                14.480785,
                50.054707
              ],
              [
                14.480697,
                50.0549
              ],
              [
                14.480408,
                50.054986
              ],
              [
                14.480459,
                50.055215
              ],
              [
                14.480257,
                50.055553
              ],
              [
                14.479836,
                50.0555
              ],
              [
                14.479373,
                50.055606
              ],
              [
                14.478499,
                50.055492
              ],
              [
                14.47813,
                50.055146
              ],
              [
                14.477719,
                50.055213
              ],
              [
                14.477558,
                50.055154
              ],
              [
                14.477445,
                50.054998
              ],
              [
                14.477022,
                50.05513
              ],
              [
                14.476622,
                50.054861
              ],
              [
                14.47642,
                50.054996
              ],
              [
                14.476619,
                50.055187
              ],
              [
                14.476286,
                50.055503
              ],
              [
                14.475792,
                50.05528
              ],
              [
                14.475533,
                50.055318
              ],
              [
                14.475239,
                50.055187
              ],
              [
                14.475026,
                50.055317
              ],
              [
                14.47448,
                50.055285
              ],
              [
                14.474019,
                50.05498
              ],
              [
                14.473249,
                50.055054
              ],
              [
                14.472247,
                50.054939
              ],
              [
                14.47129,
                50.056987
              ],
              [
                14.467116,
                50.056807
              ],
              [
                14.467162,
                50.057343
              ],
              [
                14.466944,
                50.057785
              ],
              [
                14.467003,
                50.058129
              ],
              [
                14.467161,
                50.058218
              ],
              [
                14.466975,
                50.058298
              ],
              [
                14.466118,
                50.058022
              ],
              [
                14.464315,
                50.057812
              ],
              [
                14.463708,
                50.057987
              ],
              [
                14.463495,
                50.058219
              ],
              [
                14.463511,
                50.058407
              ],
              [
                14.461982,
                50.058186
              ],
              [
                14.462097,
                50.057511
              ],
              [
                14.46189,
                50.057093
              ],
              [
                14.460373,
                50.057116
              ],
              [
                14.459783,
                50.057037
              ],
              [
                14.459713,
                50.056737
              ],
              [
                14.459034,
                50.056528
              ],
              [
                14.458175,
                50.057703
              ],
              [
                14.456711,
                50.059307
              ],
              [
                14.455962,
                50.060552
              ],
              [
                14.455564,
                50.061061
              ],
              [
                14.454576,
                50.06187
              ],
              [
                14.454654,
                50.062374
              ],
              [
                14.45434,
                50.062416
              ],
              [
                14.454202,
                50.062528
              ],
              [
                14.453116,
                50.062026
              ],
              [
                14.45287,
                50.061973
              ],
              [
                14.452614,
                50.062025
              ],
              [
                14.447586,
                50.063589
              ],
              [
                14.446134,
                50.064227
              ],
              [
                14.445575,
                50.064374
              ],
              [
                14.445342,
                50.064662
              ],
              [
                14.444511,
                50.065013
              ],
              [
                14.442383,
                50.065893
              ],
              [
                14.440865,
                50.066419
              ]
            ]
          ]
        ]
      }
    },
    {
      "type": "Feature",
      "properties": {
        "name": "Praha 11",
        "slug": "praha-11",
        "osm_relation": 19999132,
        "in": {
          "en": "in Prague 11",
          "cs": "v Praze 11"
        }
      },
      "geometry": {
        "type": "MultiPolygon",
        "coordinates": [
          [
            [
              [
                14.469519,
                50.03896
              ],
              [
                14.469221,
                50.038053
              ],
              [
                14.46933,
                50.037156
              ],
              [
                14.469066,
                50.036729
              ],
              [
                14.469726,
                50.034056
              ],
              [
                14.471153,
                50.032328
              ],
              [
                14.472221,
                50.031563
              ],
              [
                14.473794,
                50.030955
              ],
              [
                14.476527,
                50.03027
              ],
              [
                14.477233,
                50.029755
              ],
              [
                14.478166,
                50.029562
              ],
              [
                14.479682,
                50.029502
              ],
              [
                14.481109,
                50.029
              ],
              [
                14.481894,
                50.028862
              ],
              [
                14.48307,
                50.028674
              ],
              [
                14.487696,
                50.028949
              ],
              [
                14.487638,
                50.027937
              ],
              [
                14.487692,
                50.02716
              ],
              [
                14.487808,
                50.026301
              ],
              [
                14.487944,
                50.026164
              ],
              [
                14.488122,
                50.023859
              ],
              [
                14.488477,
                50.023134
              ],
              [
                14.489138,
                50.022543
              ],
              [
                14.490217,
                50.021987
              ],
              [
                14.491105,
                50.021741
              ],
              [
                14.496542,
                50.021094
              ],
              [
                14.498385,
                50.020708
              ],
              [
                14.500296,
                50.020165
              ],
              [
                14.501607,
                50.01476
              ],
              [
                14.502059,
                50.01384
              ],
              [
                14.503348,
                50.012095
              ],
              [
                14.503427,
                50.011841
              ],
              [
                14.503395,
                50.011146
              ],
              [
                14.503182,
                50.01091
              ],
              [
                14.503014,
                50.010893
              ],
              [
                14.503156,
                50.010735
              ],
              [
                14.502662,
                50.009334
              ],
              [
                14.501648,
                50.007609
              ],
              [
                14.50078,
                50.005832
              ],
              [
                14.500359,
                50.005581
              ],
              [
                14.500506,
                50.0055
              ],
              [
                14.500498,
                50.005427
              ],
              [
                14.499252,
                50.002945
              ],
              [
                14.4989,
                50.002656
              ],
              [
                14.498425,
                50.002442
              ],
              [
                14.495978,
                50.001565
              ],
              [
                14.494362,
                50.001081
              ],
              [
                14.496211,
                50.000926
              ],
              [
                14.497677,
                50.001047
              ],
              [
                14.498022,
                50.000456
              ],
              [
                14.497143,
                50.000373
              ],
              [
                14.497127,
                50.000142
              ],
              [
                14.49728,
                50.000167
              ],
              [
                14.496798,
                49.999292
              ],
              [
                14.496574,
                49.999342
              ],
              [
                14.496464,
                49.99913
              ],
              [
                14.496973,
                49.999053
              ],
              [
                14.497405,
                49.999122
              ],
              [
                14.496766,
                49.999026
              ],
              [
                14.49757,
                49.998459
              ],
              [
                14.497083,
                49.998364
              ],
              [
                14.496767,
                49.998447
              ],
              [
                14.497166,
                49.997812
              ],
              [
                14.496663,
                49.998635
              ],
              [
                14.496065,
                49.998504
              ],
              [
                14.496528,
                49.998116
              ],
              [
                14.496706,
                49.997758
              ],
              [
                14.497157,
                49.997425
              ],
              [
                14.496722,
                49.997716
              ],
              [
                14.496918,
                49.995265
              ],
              [
                14.507254,
                49.997477
              ],
              [
                14.509183,
                49.994266
              ],
              [
                14.509356,
                49.993854
              ],
              [
                14.507514,
                49.993473
              ],
              [
                14.508185,
                49.992139
              ],
              [
                14.50981,
                49.992387
              ],
              [
                14.509775,
                49.992244
              ],
              [
                14.513747,
                49.992583
              ],
              [
                14.513423,
                49.993861
              ],
              [
                14.513421,
                49.994534
              ],
              [
                14.516153,
                49.994836
              ],
              [
                14.51609,
                49.994943
              ],
              [
                14.517516,
                49.995161
              ],
              [
                14.517951,
                49.994417
              ],
              [
                14.51892,
                49.994852
              ],
              [
                14.518193,
                49.996121
              ],
              [
                14.519331,
                49.996223
              ],
              [
                14.519134,
                49.9971
              ],
              [
                14.519628,
                49.997185
              ],
              [
                14.524322,
                49.997434
              ],
              [
                14.529196,
                50.000379
              ],
              [
                14.530019,
                50.000715
              ],
              [
                14.528745,
                50.001541
              ],
              [
                14.525604,
                50.003875
              ],
              [
                14.52458,
                50.004747
              ],
              [
                14.523034,
                50.006353
              ],
              [
                14.520994,
                50.007722
              ],
              [
                14.522431,
                50.008112
              ],
              [
                14.523087,
                50.008418
              ],
              [
                14.526675,
                50.010267
              ],
              [
                14.527473,
                50.010838
              ],
              [
                14.529473,
                50.010787
              ],
              [
                14.533557,
                50.011539
              ],
              [
                14.535484,
                50.011751
              ],
              [
                14.53795,
                50.010832
              ],
              [
                14.540932,
                50.009892
              ],
              [
                14.541368,
                50.009516
              ],
              [
                14.541683,
                50.009109
              ],
              [
                14.542105,
                50.00878
              ],
              [
                14.54236,
                50.0087
              ],
              [
                14.54319,
                50.008655
              ],
              [
                14.544536,
                50.008398
              ],
              [
                14.545966,
                50.008768
              ],
              [
                14.546205,
                50.008769
              ],
              [
                14.550852,
                50.007987
              ],
              [
                14.551174,
                50.008357
              ],
              [
                14.55154,
                50.008613
              ],
              [
                14.553467,
                50.009463
              ],
              [
                14.553555,
                50.009711
              ],
              [
                14.553791,
                50.009914
              ],
              [
                14.553015,
                50.010998
              ],
              [
                14.553692,
                50.011294
              ],
              [
                14.553963,
                50.011057
              ],
              [
                14.554267,
                50.011071
              ],
              [
                14.554533,
                50.010985
              ],
              [
                14.554531,
                50.011172
              ],
              [
                14.55408,
                50.011494
              ],
              [
                14.554022,
                50.011628
              ],
              [
                14.554266,
                50.01204
              ],
              [
                14.554232,
                50.012157
              ],
              [
                14.554775,
                50.011954
              ],
              [
                14.55533,
                50.012031
              ],
              [
                14.557808,
                50.011781
              ],
              [
                14.55909,
                50.011848
              ],
              [
                14.562968,
                50.011552
              ],
              [
                14.563261,
                50.011451
              ],
              [
                14.563557,
                50.011228
              ],
              [
                14.563743,
                50.010586
              ],
              [
                14.564164,
                50.009859
              ],
              [
                14.564079,
                50.009736
              ],
              [
                14.566468,
                50.009452
              ],
              [
                14.567526,
                50.009489
              ],
              [
                14.567937,
                50.008517
              ],
              [
                14.56802,
                50.007598
              ],
              [
                14.568317,
                50.007352
              ],
              [
                14.568855,
                50.007807
              ],
              [
                14.571647,
                50.008968
              ],
              [
                14.572321,
                50.00998
              ],
              [
                14.573014,
                50.010613
              ],
              [
                14.574287,
                50.011496
              ],
              [
                14.574543,
                50.012051
              ],
              [
                14.575176,
                50.012605
              ],
              [
                14.573915,
                50.012374
              ],
              [
                14.573589,
                50.012696
              ],
              [
                14.573305,
                50.01319
              ],
              [
                14.57331,
                50.013699
              ],
              [
                14.573492,
                50.013718
              ],
              [
                14.573093,
                50.014702
              ],
              [
                14.573421,
                50.014754
              ],
              [
                14.573757,
                50.015043
              ],
              [
                14.574147,
                50.016104
              ],
              [
                14.574163,
                50.016285
              ],
              [
                14.573878,
                50.016304
              ],
              [
                14.573883,
                50.017571
              ],
              [
                14.57133,
                50.017861
              ],
              [
                14.57141,
                50.019266
              ],
              [
                14.571968,
                50.022215
              ],
              [
                14.572146,
                50.0225
              ],
              [
                14.573412,
                50.022054
              ],
              [
                14.57352,
                50.022132
              ],
              [
                14.573383,
                50.022198
              ],
              [
                14.573628,
                50.022939
              ],
              [
                14.571902,
                50.023038
              ],
              [
                14.571088,
                50.023289
              ],
              [
                14.57073,
                50.023932
              ],
              [
                14.57106,
                50.024305
              ],
              [
                14.571437,
                50.024447
              ],
              [
                14.571265,
                50.024548
              ],
              [
                14.571326,
                50.024622
              ],
              [
                14.571435,
                50.02467
              ],
              [
                14.571474,
                50.024577
              ],
              [
                14.571754,
                50.02462
              ],
              [
                14.572036,
                50.024554
              ],
              [
                14.572177,
                50.024847
              ],
              [
                14.572337,
                50.024861
              ],
              [
                14.572418,
                50.024963
              ],
              [
                14.572267,
                50.025156
              ],
              [
                14.572504,
                50.025209
              ],
              [
                14.572646,
                50.02512
              ],
              [
                14.572742,
                50.025184
              ],
              [
                14.57273,
                50.025373
              ],
              [
                14.572836,
                50.025482
              ],
              [
                14.572554,
                50.02572
              ],
              [
                14.572697,
                50.025911
              ],
              [
                14.57255,
                50.026014
              ],
              [
                14.572325,
                50.026052
              ],
              [
                14.572156,
                50.025922
              ],
              [
                14.572099,
                50.026001
              ],
              [
                14.571715,
                50.025977
              ],
              [
                14.571338,
                50.026061
              ],
              [
                14.571079,
                50.026002
              ],
              [
                14.570972,
                50.026321
              ],
              [
                14.570853,
                50.027472
              ],
              [
                14.570081,
                50.029275
              ],
              [
                14.572686,
                50.029925
              ],
              [
                14.572846,
                50.029756
              ],
              [
                14.575152,
                50.030638
              ],
              [
                14.576508,
                50.031817
              ],
              [
                14.577392,
                50.03221
              ],
              [
                14.577549,
                50.03216
              ],
              [
                14.577742,
                50.031635
              ],
              [
                14.578603,
                50.032011
              ],
              [
                14.579372,
                50.032486
              ],
              [
                14.577685,
                50.033132
              ],
              [
                14.576215,
                50.033989
              ],
              [
                14.576108,
                50.033911
              ],
              [
                14.575698,
                50.034112
              ],
              [
                14.5749,
                50.033621
              ],
              [
                14.574805,
                50.033253
              ],
              [
                14.571555,
                50.032029
              ],
              [
                14.570324,
                50.032063
              ],
              [
                14.569811,
                50.03248
              ],
              [
                14.568141,
                50.032209
              ],
              [
                14.565299,
                50.031319
              ],
              [
                14.563908,
                50.03116
              ],
              [
                14.563409,
                50.030961
              ],
              [
                14.562025,
                50.031073
              ],
              [
                14.561457,
                50.031078
              ],
              [
                14.560703,
                50.030954
              ],
              [
                14.5604,
                50.03099
              ],
              [
                14.55998,
                50.030835
              ],
              [
                14.55984,
                50.030707
              ],
              [
                14.559908,
                50.03063
              ],
              [
                14.560218,
                50.030633
              ],
              [
                14.560688,
                50.030423
              ],
              [
                14.560669,
                50.030237
              ],
              [
                14.559543,
                50.02995
              ],
              [
                14.55876,
                50.029499
              ],
              [
                14.558351,
                50.02942
              ],
              [
                14.557572,
                50.029441
              ],
              [
                14.556679,
                50.029336
              ],
              [
                14.556343,
                50.029403
              ],
              [
                14.556143,
                50.028977
              ],
              [
                14.555563,
                50.029261
              ],
              [
                14.552437,
                50.029917
              ],
              [
                14.551974,
                50.029929
              ],
              [
                14.551516,
                50.030253
              ],
              [
                14.551221,
                50.029612
              ],
              [
                14.549286,
                50.027446
              ],
              [
                14.549282,
                50.027699
              ],
              [
                14.549394,
                50.027954
              ],
              [
                14.548796,
                50.028431
              ],
              [
                14.549548,
                50.029437
              ],
              [
                14.546035,
                50.030925
              ],
              [
                14.545264,
                50.03035
              ],
              [
                14.545051,
                50.030521
              ],
              [
                14.544947,
                50.030825
              ],
              [
                14.544706,
                50.031984
              ],
              [
                14.543648,
                50.031931
              ],
              [
                14.543566,
                50.032601
              ],
              [
                14.543399,
                50.033056
              ],
              [
                14.543202,
                50.033296
              ],
              [
                14.542274,
                50.033315
              ],
              [
                14.54226,
                50.033421
              ],
              [
                14.542659,
                50.03371
              ],
              [
                14.543174,
                50.033942
              ],
              [
                14.543128,
                50.034141
              ],
              [
                14.543865,
                50.034272
              ],
              [
                14.54408,
                50.034489
              ],
              [
                14.543947,
                50.034848
              ],
              [
                14.543709,
                50.034944
              ],
              [
                14.543691,
                50.035055
              ],
              [
                14.54404,
                50.035106
              ],
              [
                14.544112,
                50.035359
              ],
              [
                14.543949,
                50.035525
              ],
              [
                14.543164,
                50.03594
              ],
              [
                14.543552,
                50.036188
              ],
              [
                14.543405,
                50.036688
              ],
              [
                14.543653,
                50.037842
              ],
              [
                14.543571,
                50.038037
              ],
              [
                14.542281,
                50.038164
              ],
              [
                14.541569,
                50.038155
              ],
              [
                14.540558,
                50.038319
              ],
              [
                14.540138,
                50.038257
              ],
              [
                14.539875,
                50.038132
              ],
              [
                14.539594,
                50.038202
              ],
              [
                14.53942,
                50.038366
              ],
              [
                14.539442,
                50.03859
              ],
              [
                14.538955,
                50.038898
              ],
              [
                14.538791,
                50.039097
              ],
              [
                14.538867,
                50.03966
              ],
              [
                14.538763,
                50.040013
              ],
              [
                14.537696,
                50.040106
              ],
              [
                14.536639,
                50.040032
              ],
              [
                14.536622,
                50.039947
              ],
              [
                14.535687,
                50.039755
              ],
              [
                14.535297,
                50.039834
              ],
              [
                14.535106,
                50.039785
              ],
              [
                14.535205,
                50.039617
              ],
              [
                14.53467,
                50.03955
              ],
              [
                14.534747,
                50.039739
              ],
              [
                14.534072,
                50.039722
              ],
              [
                14.533513,
                50.039596
              ],
              [
                14.532826,
                50.039357
              ],
              [
                14.532849,
                50.039057
              ],
              [
                14.53264,
                50.038755
              ],
              [
                14.531807,
                50.03839
              ],
              [
                14.531294,
                50.038365
              ],
              [
                14.530671,
                50.038177
              ],
              [
                14.529965,
                50.038109
              ],
              [
                14.529859,
                50.0381
              ],
              [
                14.529785,
                50.038219
              ],
              [
                14.528972,
                50.037938
              ],
              [
                14.527058,
                50.037727
              ],
              [
                14.525609,
                50.037272
              ],
              [
                14.525515,
                50.037476
              ],
              [
                14.524367,
                50.037332
              ],
              [
                14.523598,
                50.037327
              ],
              [
                14.52095,
                50.038367
              ],
              [
                14.518644,
                50.039056
              ],
              [
                14.516499,
                50.039426
              ],
              [
                14.514458,
                50.039534
              ],
              [
                14.512159,
                50.040634
              ],
              [
                14.511373,
                50.040529
              ],
              [
                14.511199,
                50.040599
              ],
              [
                14.512258,
                50.041684
              ],
              [
                14.51273,
                50.042018
              ],
              [
                14.513506,
                50.042387
              ],
              [
                14.513495,
                50.042504
              ],
              [
                14.512634,
                50.043582
              ],
              [
                14.512409,
                50.044106
              ],
              [
                14.512258,
                50.04486
              ],
              [
                14.512361,
                50.045572
              ],
              [
                14.497872,
                50.043929
              ],
              [
                14.49764,
                50.04452
              ],
              [
                14.497768,
                50.044563
              ],
              [
                14.497704,
                50.044663
              ],
              [
                14.495521,
                50.044081
              ],
              [
                14.495326,
                50.044528
              ],
              [
                14.495084,
                50.044506
              ],
              [
                14.4943,
                50.043871
              ],
              [
                14.494259,
                50.04373
              ],
              [
                14.493673,
                50.043569
              ],
              [
                14.493627,
                50.043835
              ],
              [
                14.493226,
                50.043872
              ],
              [
                14.493019,
                50.043649
              ],
              [
                14.492405,
                50.043364
              ],
              [
                14.491072,
                50.042837
              ],
              [
                14.490357,
                50.042693
              ],
              [
                14.490126,
                50.042407
              ],
              [
                14.489987,
                50.041982
              ],
              [
                14.489851,
                50.041985
              ],
              [
                14.488564,
                50.042938
              ],
              [
                14.488832,
                50.043629
              ],
              [
                14.48878,
                50.04446
              ],
              [
                14.488961,
                50.044503
              ],
              [
                14.488775,
                50.044692
              ],
              [
                14.488519,
                50.044549
              ],
              [
                14.486318,
                50.044531
              ],
              [
                14.487684,
                50.043337
              ],
              [
                14.488082,
                50.042719
              ],
              [
                14.487921,
                50.042652
              ],
              [
                14.48808,
                50.042374
              ],
              [
                14.487998,
                50.042072
              ],
              [
                14.48672,
                50.041224
              ],
              [
                14.476703,
                50.039979
              ],
              [
                14.474847,
                50.039882
              ],
              [
                14.472703,
                50.039984
              ],
              [
                14.47263,
                50.039715
              ],
              [
                14.471734,
                50.039611
              ],
              [
                14.470109,
                50.03908
              ],
              [
                14.469519,
                50.03896
              ]
            ]
          ]
        ]
      }
    },
    {
      "type": "Feature",
      "properties": {
        "name": "Praha 12",
        "slug": "praha-12",
        "osm_relation": 19999130,
        "in": {
          "en": "in Prague 12",
          "cs": "v Praze 12"
        }
      },
      "geometry": {
        "type": "MultiPolygon",
        "coordinates": [
          [
            [
              [
                14.39587,
                50.018852
              ],
              [
                14.400071,
                50.018541
              ],
              [
                14.402733,
                50.018139
              ],
              [
                14.402534,
                50.017454
              ],
              [
                14.402655,
                50.017463
              ],
              [
                14.402769,
                50.017202
              ],
              [
                14.402959,
                50.017089
              ],
              [
                14.406251,
                50.016431
              ],
              [
                14.407603,
                50.016337
              ],
              [
                14.410031,
                50.016625
              ],
              [
                14.411482,
                50.017057
              ],
              [
                14.411723,
                50.01698
              ],
              [
                14.412839,
                50.017027
              ],
              [
                14.414112,
                50.016957
              ],
              [
                14.414032,
                50.017245
              ],
              [
                14.414294,
                50.017456
              ],
              [
                14.415614,
                50.017688
              ],
              [
                14.418538,
                50.01865
              ],
              [
                14.420035,
                50.018986
              ],
              [
                14.420653,
                50.01903
              ],
              [
                14.421828,
                50.018805
              ],
              [
                14.422827,
                50.018847
              ],
              [
                14.423544,
                50.019086
              ],
              [
                14.425032,
                50.019238
              ],
              [
                14.426529,
                50.019513
              ],
              [
                14.427885,
                50.019469
              ],
              [
                14.428475,
                50.01965
              ],
              [
                14.428699,
                50.019379
              ],
              [
                14.42942,
                50.019505
              ],
              [
                14.430322,
                50.019154
              ],
              [
                14.431561,
                50.018904
              ],
              [
                14.432326,
                50.0188
              ],
              [
                14.432313,
                50.018996
              ],
              [
                14.43346,
                50.018931
              ],
              [
                14.433991,
                50.018371
              ],
              [
                14.434361,
                50.018605
              ],
              [
                14.435303,
                50.018073
              ],
              [
                14.436049,
                50.018594
              ],
              [
                14.437602,
                50.020229
              ],
              [
                14.438147,
                50.020876
              ],
              [
                14.43791,
                50.021013
              ],
              [
                14.439064,
                50.021997
              ],
              [
                14.43983,
                50.022808
              ],
              [
                14.440209,
                50.022735
              ],
              [
                14.44044,
                50.023007
              ],
              [
                14.440535,
                50.022905
              ],
              [
                14.441735,
                50.022458
              ],
              [
                14.44551,
                50.020701
              ],
              [
                14.449362,
                50.017936
              ],
              [
                14.453189,
                50.013265
              ],
              [
                14.456493,
                50.014372
              ],
              [
                14.458939,
                50.014884
              ],
              [
                14.460327,
                50.014992
              ],
              [
                14.460693,
                50.015087
              ],
              [
                14.46073,
                50.014991
              ],
              [
                14.461339,
                50.015061
              ],
              [
                14.46436,
                50.01598
              ],
              [
                14.465045,
                50.014345
              ],
              [
                14.464348,
                50.014234
              ],
              [
                14.466373,
                50.013589
              ],
              [
                14.470803,
                50.004285
              ],
              [
                14.471341,
                50.004397
              ],
              [
                14.471794,
                50.003673
              ],
              [
                14.473933,
                50.00383
              ],
              [
                14.473859,
                50.004221
              ],
              [
                14.475833,
                50.004365
              ],
              [
                14.476281,
                50.001837
              ],
              [
                14.473503,
                50.00163
              ],
              [
                14.475335,
                49.999363
              ],
              [
                14.475837,
                49.998348
              ],
              [
                14.47602,
                49.998146
              ],
              [
                14.476349,
                49.997969
              ],
              [
                14.476534,
                49.997386
              ],
              [
                14.476552,
                49.996917
              ],
              [
                14.476809,
                49.996581
              ],
              [
                14.477967,
                49.995643
              ],
              [
                14.478155,
                49.995317
              ],
              [
                14.479544,
                49.995388
              ],
              [
                14.481392,
                49.995343
              ],
              [
                14.482147,
                49.994975
              ],
              [
                14.482309,
                49.994713
              ],
              [
                14.483084,
                49.994809
              ],
              [
                14.48371,
                49.993848
              ],
              [
                14.484183,
                49.992783
              ],
              [
                14.483822,
                49.992669
              ],
              [
                14.484135,
                49.991666
              ],
              [
                14.484517,
                49.99174
              ],
              [
                14.484888,
                49.990706
              ],
              [
                14.484784,
                49.990332
              ],
              [
                14.484846,
                49.990065
              ],
              [
                14.484388,
                49.989716
              ],
              [
                14.484236,
                49.989391
              ],
              [
                14.484229,
                49.989033
              ],
              [
                14.484584,
                49.987415
              ],
              [
                14.487038,
                49.987585
              ],
              [
                14.486729,
                49.986389
              ],
              [
                14.486792,
                49.985946
              ],
              [
                14.486985,
                49.985687
              ],
              [
                14.482768,
                49.985254
              ],
              [
                14.480754,
                49.98519
              ],
              [
                14.477648,
                49.984473
              ],
              [
                14.47622,
                49.983954
              ],
              [
                14.475948,
                49.98411
              ],
              [
                14.474503,
                49.983211
              ],
              [
                14.473995,
                49.983774
              ],
              [
                14.473704,
                49.983752
              ],
              [
                14.473838,
                49.983396
              ],
              [
                14.473913,
                49.980956
              ],
              [
                14.473992,
                49.980404
              ],
              [
                14.469451,
                49.979879
              ],
              [
                14.469475,
                49.980109
              ],
              [
                14.468664,
                49.980295
              ],
              [
                14.467982,
                49.980602
              ],
              [
                14.466304,
                49.981037
              ],
              [
                14.465062,
                49.975772
              ],
              [
                14.464373,
                49.973725
              ],
              [
                14.464108,
                49.972691
              ],
              [
                14.463225,
                49.972739
              ],
              [
                14.463118,
                49.972437
              ],
              [
                14.462519,
                49.97253
              ],
              [
                14.462421,
                49.972249
              ],
              [
                14.462725,
                49.972205
              ],
              [
                14.46224,
                49.970771
              ],
              [
                14.461301,
                49.970908
              ],
              [
                14.45908,
                49.971625
              ],
              [
                14.457987,
                49.971823
              ],
              [
                14.456055,
                49.9719
              ],
              [
                14.453637,
                49.971859
              ],
              [
                14.453598,
                49.971983
              ],
              [
                14.452772,
                49.972209
              ],
              [
                14.450285,
                49.973298
              ],
              [
                14.448503,
                49.97373
              ],
              [
                14.447551,
                49.973841
              ],
              [
                14.445817,
                49.973682
              ],
              [
                14.445105,
                49.973724
              ],
              [
                14.444594,
                49.973863
              ],
              [
                14.442789,
                49.970858
              ],
              [
                14.441264,
                49.969338
              ],
              [
                14.438466,
                49.968063
              ],
              [
                14.437573,
                49.968186
              ],
              [
                14.436614,
                49.968172
              ],
              [
                14.435908,
                49.967995
              ],
              [
                14.435471,
                49.967993
              ],
              [
                14.434883,
                49.967739
              ],
              [
                14.434369,
                49.967738
              ],
              [
                14.433039,
                49.967456
              ],
              [
                14.432579,
                49.967466
              ],
              [
                14.432188,
                49.967287
              ],
              [
                14.431666,
                49.967256
              ],
              [
                14.430234,
                49.966839
              ],
              [
                14.429742,
                49.966535
              ],
              [
                14.42925,
                49.9661
              ],
              [
                14.429267,
                49.965862
              ],
              [
                14.428736,
                49.965534
              ],
              [
                14.428332,
                49.964889
              ],
              [
                14.427744,
                49.9645
              ],
              [
                14.424266,
                49.963889
              ],
              [
                14.421597,
                49.963841
              ],
              [
                14.419926,
                49.963583
              ],
              [
                14.418984,
                49.963584
              ],
              [
                14.416502,
                49.964011
              ],
              [
                14.415481,
                49.964522
              ],
              [
                14.414791,
                49.965241
              ],
              [
                14.414276,
                49.965489
              ],
              [
                14.411585,
                49.965794
              ],
              [
                14.41099,
                49.965965
              ],
              [
                14.40964,
                49.966814
              ],
              [
                14.408924,
                49.967643
              ],
              [
                14.408621,
                49.967837
              ],
              [
                14.406775,
                49.968249
              ],
              [
                14.404541,
                49.969004
              ],
              [
                14.403384,
                49.969801
              ],
              [
                14.402146,
                49.970877
              ],
              [
                14.402648,
                49.971576
              ],
              [
                14.403011,
                49.972286
              ],
              [
                14.402755,
                49.972509
              ],
              [
                14.403114,
                49.972653
              ],
              [
                14.405691,
                49.97214
              ],
              [
                14.405897,
                49.974591
              ],
              [
                14.405443,
                49.975133
              ],
              [
                14.405636,
                49.97524
              ],
              [
                14.40729,
                49.975539
              ],
              [
                14.406799,
                49.97569
              ],
              [
                14.406569,
                49.97612
              ],
              [
                14.406572,
                49.976403
              ],
              [
                14.406872,
                49.976794
              ],
              [
                14.406617,
                49.977083
              ],
              [
                14.406633,
                49.977252
              ],
              [
                14.405836,
                49.977505
              ],
              [
                14.405551,
                49.977333
              ],
              [
                14.405445,
                49.977435
              ],
              [
                14.403468,
                49.976751
              ],
              [
                14.403041,
                49.976697
              ],
              [
                14.402479,
                49.976426
              ],
              [
                14.401599,
                49.976146
              ],
              [
                14.400598,
                49.976237
              ],
              [
                14.39952,
                49.976195
              ],
              [
                14.399484,
                49.975502
              ],
              [
                14.399537,
                49.975334
              ],
              [
                14.398247,
                49.975259
              ],
              [
                14.39722,
                49.974931
              ],
              [
                14.397403,
                49.977628
              ],
              [
                14.397319,
                49.980325
              ],
              [
                14.39759,
                49.982116
              ],
              [
                14.397888,
                49.982994
              ],
              [
                14.399216,
                49.985553
              ],
              [
                14.399576,
                49.986421
              ],
              [
                14.399824,
                49.987308
              ],
              [
                14.399908,
                49.988203
              ],
              [
                14.399868,
                49.990003
              ],
              [
                14.400392,
                49.990256
              ],
              [
                14.400415,
                49.991502
              ],
              [
                14.400622,
                49.992752
              ],
              [
                14.400979,
                49.993864
              ],
              [
                14.402596,
                49.997667
              ],
              [
                14.402768,
                49.998482
              ],
              [
                14.402395,
                49.998539
              ],
              [
                14.40203,
                50.002515
              ],
              [
                14.401792,
                50.00336
              ],
              [
                14.401402,
                50.004129
              ],
              [
                14.398365,
                50.008893
              ],
              [
                14.396424,
                50.015062
              ],
              [
                14.396229,
                50.016399
              ],
              [
                14.396438,
                50.016391
              ],
              [
                14.395891,
                50.017668
              ],
              [
                14.39587,
                50.018852
              ]
            ]
          ]
        ]
      }
    },
    {
      "type": "Feature",
      "properties": {
        "name": "Praha 13",
        "slug": "praha-13",
        "osm_relation": 19999143,
        "in": {
          "en": "in Prague 13",
          "cs": "v Praze 13"
        }
      },
      "geometry": {
        "type": "MultiPolygon",
        "coordinates": [
          [
            [
              [
                14.270057,
                50.040187
              ],
              [
                14.271075,
                50.038573
              ],
              [
                14.271861,
                50.037588
              ],
              [
                14.272825,
                50.036679
              ],
              [
                14.274375,
                50.035576
              ],
              [
                14.276112,
                50.034663
              ],
              [
                14.27983,
                50.033092
              ],
              [
                14.282064,
                50.031892
              ],
              [
                14.282381,
                50.031497
              ],
              [
                14.285088,
                50.029387
              ],
              [
                14.287221,
                50.02796
              ],
              [
                14.28731,
                50.027988
              ],
              [
                14.288871,
                50.02728
              ],
              [
                14.289334,
                50.026967
              ],
              [
                14.290678,
                50.026486
              ],
              [
                14.291607,
                50.026244
              ],
              [
                14.292827,
                50.025761
              ],
              [
                14.294378,
                50.025309
              ],
              [
                14.296316,
                50.025033
              ],
              [
                14.29729,
                50.024635
              ],
              [
                14.297593,
                50.024586
              ],
              [
                14.297572,
                50.023556
              ],
              [
                14.297823,
                50.02352
              ],
              [
                14.298052,
                50.023934
              ],
              [
                14.298868,
                50.024037
              ],
              [
                14.299154,
                50.024418
              ],
              [
                14.299805,
                50.024391
              ],
              [
                14.300319,
                50.024649
              ],
              [
                14.30473,
                50.024525
              ],
              [
                14.309465,
                50.024045
              ],
              [
                14.315871,
                50.023595
              ],
              [
                14.315843,
                50.023357
              ],
              [
                14.315624,
                50.023263
              ],
              [
                14.315694,
                50.02314
              ],
              [
                14.31585,
                50.023166
              ],
              [
                14.316055,
                50.02287
              ],
              [
                14.316668,
                50.021156
              ],
              [
                14.316536,
                50.019913
              ],
              [
                14.316062,
                50.01851
              ],
              [
                14.315442,
                50.017202
              ],
              [
                14.315232,
                50.016219
              ],
              [
                14.315131,
                50.014985
              ],
              [
                14.314905,
                50.014373
              ],
              [
                14.314697,
                50.014046
              ],
              [
                14.313282,
                50.013483
              ],
              [
                14.312697,
                50.013114
              ],
              [
                14.312608,
                50.012944
              ],
              [
                14.313149,
                50.012309
              ],
              [
                14.313176,
                50.012045
              ],
              [
                14.311723,
                50.00921
              ],
              [
                14.31138,
                50.008011
              ],
              [
                14.311315,
                50.00739
              ],
              [
                14.311458,
                50.006978
              ],
              [
                14.309141,
                50.007046
              ],
              [
                14.306428,
                50.007953
              ],
              [
                14.305396,
                50.008668
              ],
              [
                14.302939,
                50.011216
              ],
              [
                14.300793,
                50.011814
              ],
              [
                14.30041,
                50.010931
              ],
              [
                14.300137,
                50.008172
              ],
              [
                14.30018,
                50.006567
              ],
              [
                14.30053,
                50.00438
              ],
              [
                14.299105,
                50.004041
              ],
              [
                14.298932,
                50.003906
              ],
              [
                14.298775,
                50.003512
              ],
              [
                14.298499,
                50.003241
              ],
              [
                14.298043,
                50.002985
              ],
              [
                14.296508,
                50.002757
              ],
              [
                14.29594,
                50.002473
              ],
              [
                14.294848,
                50.002265
              ],
              [
                14.294838,
                50.00221
              ],
              [
                14.295117,
                50.002241
              ],
              [
                14.295401,
                50.002093
              ],
              [
                14.296543,
                50.001166
              ],
              [
                14.29745,
                50.000622
              ],
              [
                14.299375,
                50.000351
              ],
              [
                14.29977,
                49.999992
              ],
              [
                14.300669,
                49.999956
              ],
              [
                14.301195,
                50.000063
              ],
              [
                14.301838,
                49.999949
              ],
              [
                14.301434,
                49.999289
              ],
              [
                14.300992,
                49.999058
              ],
              [
                14.300525,
                49.998583
              ],
              [
                14.300564,
                49.998206
              ],
              [
                14.300823,
                49.998085
              ],
              [
                14.301036,
                49.997789
              ],
              [
                14.302558,
                49.997506
              ],
              [
                14.305449,
                49.997678
              ],
              [
                14.306243,
                49.997556
              ],
              [
                14.306401,
                49.997457
              ],
              [
                14.306389,
                49.9972
              ],
              [
                14.306788,
                49.997018
              ],
              [
                14.307388,
                49.996259
              ],
              [
                14.307701,
                49.99624
              ],
              [
                14.307598,
                49.996189
              ],
              [
                14.307227,
                49.995469
              ],
              [
                14.308292,
                49.994819
              ],
              [
                14.309519,
                49.994466
              ],
              [
                14.309871,
                49.994184
              ],
              [
                14.310103,
                49.993838
              ],
              [
                14.311834,
                49.994393
              ],
              [
                14.313961,
                49.994783
              ],
              [
                14.314108,
                49.994228
              ],
              [
                14.314495,
                49.993455
              ],
              [
                14.314715,
                49.99281
              ],
              [
                14.315118,
                49.992228
              ],
              [
                14.317212,
                49.990546
              ],
              [
                14.317336,
                49.990363
              ],
              [
                14.317235,
                49.990057
              ],
              [
                14.317771,
                49.989712
              ],
              [
                14.318101,
                49.988893
              ],
              [
                14.321539,
                49.989891
              ],
              [
                14.326472,
                49.991618
              ],
              [
                14.32667,
                49.991042
              ],
              [
                14.326764,
                49.991006
              ],
              [
                14.327134,
                49.991296
              ],
              [
                14.327671,
                49.991548
              ],
              [
                14.33104,
                49.992676
              ],
              [
                14.333139,
                49.993293
              ],
              [
                14.332821,
                49.994381
              ],
              [
                14.3326,
                49.994337
              ],
              [
                14.332534,
                49.994458
              ],
              [
                14.331914,
                49.994208
              ],
              [
                14.331637,
                49.994188
              ],
              [
                14.331442,
                49.994408
              ],
              [
                14.331124,
                49.994585
              ],
              [
                14.331214,
                49.994885
              ],
              [
                14.330672,
                49.994919
              ],
              [
                14.32912,
                49.994048
              ],
              [
                14.328103,
                49.993882
              ],
              [
                14.328033,
                49.993951
              ],
              [
                14.326642,
                49.993498
              ],
              [
                14.326301,
                49.994175
              ],
              [
                14.325739,
                49.994681
              ],
              [
                14.32454,
                49.995345
              ],
              [
                14.324202,
                49.995407
              ],
              [
                14.323604,
                49.99526
              ],
              [
                14.323253,
                49.99566
              ],
              [
                14.322888,
                49.995891
              ],
              [
                14.322071,
                49.995842
              ],
              [
                14.319949,
                49.995247
              ],
              [
                14.318898,
                49.995424
              ],
              [
                14.317836,
                49.995436
              ],
              [
                14.318236,
                49.996111
              ],
              [
                14.318477,
                49.996892
              ],
              [
                14.318333,
                49.997859
              ],
              [
                14.318697,
                49.998516
              ],
              [
                14.318931,
                49.999974
              ],
              [
                14.319366,
                50.000996
              ],
              [
                14.319322,
                50.002344
              ],
              [
                14.319458,
                50.003573
              ],
              [
                14.319413,
                50.003902
              ],
              [
                14.318994,
                50.004682
              ],
              [
                14.321641,
                50.005114
              ],
              [
                14.322345,
                50.005605
              ],
              [
                14.323055,
                50.006448
              ],
              [
                14.32313,
                50.006671
              ],
              [
                14.323152,
                50.008169
              ],
              [
                14.323018,
                50.008945
              ],
              [
                14.325268,
                50.009088
              ],
              [
                14.328542,
                50.013341
              ],
              [
                14.329087,
                50.013752
              ],
              [
                14.329579,
                50.013963
              ],
              [
                14.328093,
                50.013969
              ],
              [
                14.328096,
                50.016321
              ],
              [
                14.327161,
                50.016323
              ],
              [
                14.327166,
                50.017389
              ],
              [
                14.328039,
                50.017388
              ],
              [
                14.327151,
                50.018096
              ],
              [
                14.326449,
                50.018944
              ],
              [
                14.325508,
                50.019878
              ],
              [
                14.324752,
                50.020809
              ],
              [
                14.323944,
                50.021563
              ],
              [
                14.32636,
                50.021548
              ],
              [
                14.328442,
                50.021315
              ],
              [
                14.328794,
                50.022078
              ],
              [
                14.330112,
                50.022081
              ],
              [
                14.330829,
                50.022826
              ],
              [
                14.330951,
                50.0234
              ],
              [
                14.331657,
                50.023454
              ],
              [
                14.331982,
                50.023976
              ],
              [
                14.332587,
                50.02578
              ],
              [
                14.33275,
                50.02592
              ],
              [
                14.332248,
                50.026626
              ],
              [
                14.332292,
                50.026843
              ],
              [
                14.332736,
                50.027264
              ],
              [
                14.333896,
                50.027672
              ],
              [
                14.334197,
                50.027892
              ],
              [
                14.334532,
                50.028573
              ],
              [
                14.334771,
                50.02878
              ],
              [
                14.334926,
                50.029069
              ],
              [
                14.334012,
                50.029335
              ],
              [
                14.334012,
                50.029818
              ],
              [
                14.333856,
                50.030171
              ],
              [
                14.333763,
                50.030781
              ],
              [
                14.335616,
                50.031544
              ],
              [
                14.335833,
                50.031727
              ],
              [
                14.335944,
                50.031656
              ],
              [
                14.337139,
                50.031565
              ],
              [
                14.33844,
                50.031774
              ],
              [
                14.338384,
                50.032281
              ],
              [
                14.337881,
                50.032619
              ],
              [
                14.338436,
                50.032719
              ],
              [
                14.339136,
                50.032435
              ],
              [
                14.339972,
                50.032328
              ],
              [
                14.340479,
                50.032083
              ],
              [
                14.341534,
                50.032137
              ],
              [
                14.342331,
                50.032481
              ],
              [
                14.342687,
                50.031772
              ],
              [
                14.344209,
                50.032196
              ],
              [
                14.344575,
                50.032519
              ],
              [
                14.344957,
                50.032635
              ],
              [
                14.345026,
                50.032774
              ],
              [
                14.345503,
                50.033146
              ],
              [
                14.346708,
                50.033666
              ],
              [
                14.348737,
                50.034292
              ],
              [
                14.349774,
                50.034343
              ],
              [
                14.350143,
                50.034447
              ],
              [
                14.35057,
                50.034829
              ],
              [
                14.351555,
                50.035301
              ],
              [
                14.352941,
                50.035517
              ],
              [
                14.352398,
                50.036793
              ],
              [
                14.353132,
                50.036991
              ],
              [
                14.353362,
                50.037127
              ],
              [
                14.353409,
                50.037286
              ],
              [
                14.353213,
                50.037519
              ],
              [
                14.352407,
                50.037804
              ],
              [
                14.352194,
                50.037968
              ],
              [
                14.352201,
                50.038085
              ],
              [
                14.352771,
                50.038445
              ],
              [
                14.352832,
                50.038614
              ],
              [
                14.352259,
                50.039094
              ],
              [
                14.351787,
                50.039254
              ],
              [
                14.351755,
                50.039329
              ],
              [
                14.352465,
                50.039643
              ],
              [
                14.352636,
                50.040276
              ],
              [
                14.352989,
                50.040819
              ],
              [
                14.353193,
                50.041001
              ],
              [
                14.354969,
                50.042076
              ],
              [
                14.355437,
                50.042456
              ],
              [
                14.355302,
                50.042559
              ],
              [
                14.353438,
                50.042721
              ],
              [
                14.353176,
                50.042958
              ],
              [
                14.353115,
                50.04332
              ],
              [
                14.353616,
                50.0443
              ],
              [
                14.353828,
                50.044553
              ],
              [
                14.352866,
                50.045449
              ],
              [
                14.35251,
                50.045896
              ],
              [
                14.352577,
                50.046309
              ],
              [
                14.352854,
                50.046875
              ],
              [
                14.352363,
                50.04854
              ],
              [
                14.353591,
                50.049585
              ],
              [
                14.354009,
                50.049816
              ],
              [
                14.354282,
                50.050121
              ],
              [
                14.354344,
                50.050091
              ],
              [
                14.354794,
                50.050541
              ],
              [
                14.354889,
                50.050723
              ],
              [
                14.354938,
                50.051208
              ],
              [
                14.355157,
                50.051479
              ],
              [
                14.3532,
                50.052685
              ],
              [
                14.351556,
                50.053545
              ],
              [
                14.350416,
                50.054057
              ],
              [
                14.349736,
                50.054236
              ],
              [
                14.349096,
                50.054787
              ],
              [
                14.348216,
                50.054984
              ],
              [
                14.348285,
                50.055109
              ],
              [
                14.348223,
                50.055145
              ],
              [
                14.346118,
                50.055777
              ],
              [
                14.34592,
                50.055834
              ],
              [
                14.3458,
                50.055617
              ],
              [
                14.344519,
                50.055845
              ],
              [
                14.344455,
                50.056142
              ],
              [
                14.342897,
                50.056304
              ],
              [
                14.3393,
                50.056159
              ],
              [
                14.339476,
                50.056668
              ],
              [
                14.339561,
                50.056677
              ],
              [
                14.339611,
                50.056826
              ],
              [
                14.339502,
                50.056894
              ],
              [
                14.339633,
                50.057257
              ],
              [
                14.339723,
                50.05807
              ],
              [
                14.33933,
                50.058707
              ],
              [
                14.339399,
                50.058776
              ],
              [
                14.339284,
                50.058805
              ],
              [
                14.339024,
                50.059095
              ],
              [
                14.338318,
                50.060063
              ],
              [
                14.338075,
                50.060047
              ],
              [
                14.337745,
                50.059773
              ],
              [
                14.337566,
                50.05974
              ],
              [
                14.337269,
                50.059822
              ],
              [
                14.336995,
                50.060043
              ],
              [
                14.335599,
                50.060151
              ],
              [
                14.335103,
                50.060415
              ],
              [
                14.33506,
                50.060312
              ],
              [
                14.334401,
                50.060727
              ],
              [
                14.333338,
                50.061048
              ],
              [
                14.33243,
                50.061514
              ],
              [
                14.330982,
                50.062065
              ],
              [
                14.32973,
                50.06231
              ],
              [
                14.328394,
                50.062395
              ],
              [
                14.328092,
                50.062733
              ],
              [
                14.327313,
                50.063098
              ],
              [
                14.325025,
                50.062718
              ],
              [
                14.322678,
                50.065185
              ],
              [
                14.319622,
                50.064878
              ],
              [
                14.317705,
                50.064401
              ],
              [
                14.315194,
                50.063172
              ],
              [
                14.314122,
                50.062807
              ],
              [
                14.309698,
                50.061752
              ],
              [
                14.304438,
                50.060852
              ],
              [
                14.304697,
                50.057303
              ],
              [
                14.297149,
                50.054984
              ],
              [
                14.297833,
                50.054337
              ],
              [
                14.297988,
                50.054067
              ],
              [
                14.298091,
                50.053762
              ],
              [
                14.298115,
                50.052898
              ],
              [
                14.29826,
                50.052286
              ],
              [
                14.290191,
                50.051523
              ],
              [
                14.27958,
                50.049941
              ],
              [
                14.27828,
                50.049785
              ],
              [
                14.277416,
                50.049835
              ],
              [
                14.27736,
                50.049656
              ],
              [
                14.276388,
                50.049547
              ],
              [
                14.276161,
                50.049361
              ],
              [
                14.275913,
                50.049329
              ],
              [
                14.275888,
                50.049464
              ],
              [
                14.275524,
                50.049477
              ],
              [
                14.274907,
                50.049411
              ],
              [
                14.274666,
                50.049286
              ],
              [
                14.274725,
                50.049375
              ],
              [
                14.274645,
                50.049418
              ],
              [
                14.274971,
                50.049758
              ],
              [
                14.27505,
                50.049945
              ],
              [
                14.275028,
                50.050345
              ],
              [
                14.2749,
                50.050547
              ],
              [
                14.274479,
                50.050834
              ],
              [
                14.274203,
                50.050925
              ],
              [
                14.273535,
                50.050945
              ],
              [
                14.272636,
                50.050611
              ],
              [
                14.271197,
                50.049561
              ],
              [
                14.270788,
                50.049362
              ],
              [
                14.270007,
                50.049214
              ],
              [
                14.268263,
                50.049138
              ],
              [
                14.268174,
                50.048691
              ],
              [
                14.269278,
                50.048651
              ],
              [
                14.269947,
                50.048436
              ],
              [
                14.270301,
                50.048201
              ],
              [
                14.27057,
                50.047904
              ],
              [
                14.270636,
                50.047767
              ],
              [
                14.270563,
                50.047747
              ],
              [
                14.271043,
                50.046932
              ],
              [
                14.271077,
                50.046756
              ],
              [
                14.270914,
                50.046611
              ],
              [
                14.270467,
                50.046481
              ],
              [
                14.270498,
                50.04629
              ],
              [
                14.271001,
                50.046313
              ],
              [
                14.270295,
                50.044864
              ],
              [
                14.27012,
                50.044291
              ],
              [
                14.27017,
                50.044112
              ],
              [
                14.26988,
                50.043363
              ],
              [
                14.268642,
                50.043336
              ],
              [
                14.268662,
                50.043034
              ],
              [
                14.269226,
                50.042748
              ],
              [
                14.269506,
                50.04192
              ],
              [
                14.26949,
                50.041723
              ],
              [
                14.270057,
                50.040187
              ]
            ]
          ]
        ]
      }
    },
    {
      "type": "Feature",
      "properties": {
        "name": "Praha 14",
        "slug": "praha-14",
        "osm_relation": 19999129,
        "in": {
          "en": "in Prague 14",
          "cs": "v Praze 14"
        }
      },
      "geometry": {
        "type": "MultiPolygon",
        "coordinates": [
          [
            [
              [
                14.530921,
                50.086333
              ],
              [
                14.530145,
                50.087726
              ],
              [
                14.533984,
                50.088566
              ],
              [
                14.532996,
                50.090535
              ],
              [
                14.532654,
                50.091489
              ],
              [
                14.533306,
                50.091619
              ],
              [
                14.531525,
                50.093467
              ],
              [
                14.530912,
                50.094276
              ],
              [
                14.53049,
                50.095169
              ],
              [
                14.530252,
                50.096129
              ],
              [
                14.530223,
                50.096778
              ],
              [
                14.530313,
                50.097436
              ],
              [
                14.530929,
                50.099122
              ],
              [
                14.531442,
                50.099809
              ],
              [
                14.532918,
                50.101213
              ],
              [
                14.533099,
                50.101575
              ],
              [
                14.533151,
                50.10197
              ],
              [
                14.532989,
                50.10251
              ],
              [
                14.531481,
                50.104093
              ],
              [
                14.531359,
                50.104303
              ],
              [
                14.531231,
                50.104907
              ],
              [
                14.529411,
                50.104485
              ],
              [
                14.529027,
                50.106285
              ],
              [
                14.529452,
                50.10618
              ],
              [
                14.529428,
                50.106269
              ],
              [
                14.530061,
                50.106351
              ],
              [
                14.53145,
                50.106364
              ],
              [
                14.531576,
                50.107659
              ],
              [
                14.531367,
                50.109516
              ],
              [
                14.531081,
                50.110552
              ],
              [
                14.531406,
                50.11173
              ],
              [
                14.531193,
                50.112084
              ],
              [
                14.530727,
                50.112461
              ],
              [
                14.528176,
                50.113472
              ],
              [
                14.528513,
                50.113608
              ],
              [
                14.529087,
                50.114629
              ],
              [
                14.52953,
                50.115001
              ],
              [
                14.529633,
                50.115959
              ],
              [
                14.530723,
                50.115939
              ],
              [
                14.531213,
                50.117638
              ],
              [
                14.533428,
                50.117391
              ],
              [
                14.533283,
                50.116712
              ],
              [
                14.533332,
                50.116415
              ],
              [
                14.534241,
                50.116787
              ],
              [
                14.534986,
                50.116939
              ],
              [
                14.536599,
                50.117001
              ],
              [
                14.538464,
                50.116848
              ],
              [
                14.540644,
                50.116919
              ],
              [
                14.545435,
                50.117665
              ],
              [
                14.545076,
                50.119618
              ],
              [
                14.550761,
                50.121936
              ],
              [
                14.552806,
                50.12151
              ],
              [
                14.552968,
                50.121631
              ],
              [
                14.553218,
                50.121321
              ],
              [
                14.554132,
                50.121187
              ],
              [
                14.554515,
                50.122937
              ],
              [
                14.559479,
                50.122376
              ],
              [
                14.55927,
                50.121337
              ],
              [
                14.559157,
                50.120186
              ],
              [
                14.560361,
                50.120259
              ],
              [
                14.563482,
                50.120723
              ],
              [
                14.563779,
                50.120695
              ],
              [
                14.575829,
                50.117455
              ],
              [
                14.576301,
                50.11784
              ],
              [
                14.57657,
                50.118219
              ],
              [
                14.579709,
                50.118733
              ],
              [
                14.579863,
                50.118304
              ],
              [
                14.579895,
                50.117525
              ],
              [
                14.579871,
                50.117215
              ],
              [
                14.579539,
                50.11624
              ],
              [
                14.579218,
                50.115688
              ],
              [
                14.579115,
                50.115692
              ],
              [
                14.578675,
                50.115164
              ],
              [
                14.577772,
                50.114404
              ],
              [
                14.577784,
                50.113809
              ],
              [
                14.578662,
                50.113545
              ],
              [
                14.578635,
                50.112986
              ],
              [
                14.577872,
                50.11318
              ],
              [
                14.575352,
                50.113289
              ],
              [
                14.575614,
                50.11101
              ],
              [
                14.575566,
                50.109168
              ],
              [
                14.573967,
                50.108957
              ],
              [
                14.574405,
                50.108635
              ],
              [
                14.574616,
                50.108168
              ],
              [
                14.574777,
                50.108173
              ],
              [
                14.575209,
                50.108372
              ],
              [
                14.57538,
                50.10862
              ],
              [
                14.575439,
                50.108992
              ],
              [
                14.583103,
                50.109999
              ],
              [
                14.584775,
                50.110129
              ],
              [
                14.585907,
                50.110054
              ],
              [
                14.586424,
                50.109814
              ],
              [
                14.587104,
                50.109357
              ],
              [
                14.587535,
                50.10883
              ],
              [
                14.588912,
                50.104734
              ],
              [
                14.589803,
                50.102862
              ],
              [
                14.589837,
                50.102316
              ],
              [
                14.58977,
                50.102013
              ],
              [
                14.589621,
                50.101683
              ],
              [
                14.589359,
                50.101388
              ],
              [
                14.588626,
                50.100915
              ],
              [
                14.587638,
                50.100648
              ],
              [
                14.586535,
                50.100661
              ],
              [
                14.582341,
                50.100985
              ],
              [
                14.579391,
                50.101055
              ],
              [
                14.582237,
                50.097343
              ],
              [
                14.589206,
                50.099288
              ],
              [
                14.59236,
                50.094575
              ],
              [
                14.593824,
                50.094965
              ],
              [
                14.596444,
                50.096149
              ],
              [
                14.600768,
                50.096603
              ],
              [
                14.603753,
                50.096658
              ],
              [
                14.606714,
                50.09684
              ],
              [
                14.611147,
                50.097654
              ],
              [
                14.613226,
                50.097905
              ],
              [
                14.61487,
                50.098002
              ],
              [
                14.617432,
                50.098455
              ],
              [
                14.61874,
                50.09848
              ],
              [
                14.620639,
                50.097486
              ],
              [
                14.620899,
                50.097129
              ],
              [
                14.621476,
                50.096815
              ],
              [
                14.622288,
                50.096132
              ],
              [
                14.623116,
                50.095934
              ],
              [
                14.623505,
                50.095728
              ],
              [
                14.624401,
                50.095584
              ],
              [
                14.623985,
                50.094986
              ],
              [
                14.623306,
                50.093646
              ],
              [
                14.622557,
                50.093518
              ],
              [
                14.620537,
                50.093585
              ],
              [
                14.619011,
                50.09347
              ],
              [
                14.618866,
                50.093305
              ],
              [
                14.614332,
                50.09323
              ],
              [
                14.610849,
                50.092932
              ],
              [
                14.609736,
                50.092649
              ],
              [
                14.606529,
                50.092549
              ],
              [
                14.605919,
                50.092392
              ],
              [
                14.604107,
                50.092175
              ],
              [
                14.603921,
                50.089195
              ],
              [
                14.60465,
                50.089161
              ],
              [
                14.604691,
                50.087999
              ],
              [
                14.605134,
                50.086768
              ],
              [
                14.604385,
                50.086661
              ],
              [
                14.603706,
                50.08646
              ],
              [
                14.602331,
                50.086307
              ],
              [
                14.601349,
                50.085943
              ],
              [
                14.601447,
                50.085704
              ],
              [
                14.601445,
                50.085222
              ],
              [
                14.60125,
                50.083994
              ],
              [
                14.601583,
                50.083811
              ],
              [
                14.601577,
                50.08344
              ],
              [
                14.596907,
                50.082898
              ],
              [
                14.595856,
                50.082697
              ],
              [
                14.595591,
                50.082341
              ],
              [
                14.594037,
                50.081566
              ],
              [
                14.593058,
                50.081482
              ],
              [
                14.590787,
                50.08165
              ],
              [
                14.585366,
                50.082527
              ],
              [
                14.585665,
                50.081129
              ],
              [
                14.585535,
                50.081086
              ],
              [
                14.584388,
                50.080821
              ],
              [
                14.580786,
                50.080696
              ],
              [
                14.578337,
                50.080757
              ],
              [
                14.576781,
                50.080521
              ],
              [
                14.576795,
                50.079379
              ],
              [
                14.577109,
                50.076986
              ],
              [
                14.577236,
                50.076625
              ],
              [
                14.577248,
                50.075976
              ],
              [
                14.575799,
                50.075891
              ],
              [
                14.571887,
                50.075427
              ],
              [
                14.565539,
                50.073984
              ],
              [
                14.564687,
                50.076062
              ],
              [
                14.564249,
                50.075961
              ],
              [
                14.563078,
                50.078099
              ],
              [
                14.562574,
                50.077675
              ],
              [
                14.562525,
                50.077707
              ],
              [
                14.562299,
                50.077387
              ],
              [
                14.562168,
                50.076986
              ],
              [
                14.561541,
                50.07709
              ],
              [
                14.561787,
                50.079145
              ],
              [
                14.561628,
                50.080107
              ],
              [
                14.560134,
                50.07973
              ],
              [
                14.559076,
                50.079641
              ],
              [
                14.556725,
                50.07926
              ],
              [
                14.556171,
                50.080235
              ],
              [
                14.554866,
                50.081683
              ],
              [
                14.554931,
                50.081711
              ],
              [
                14.554299,
                50.082563
              ],
              [
                14.549677,
                50.081616
              ],
              [
                14.544199,
                50.080069
              ],
              [
                14.543156,
                50.08165
              ],
              [
                14.541077,
                50.081246
              ],
              [
                14.53902,
                50.080957
              ],
              [
                14.538501,
                50.082943
              ],
              [
                14.537529,
                50.084924
              ],
              [
                14.536056,
                50.084714
              ],
              [
                14.534092,
                50.084581
              ],
              [
                14.53399,
                50.084788
              ],
              [
                14.531987,
                50.084475
              ],
              [
                14.530921,
                50.086333
              ]
            ]
          ]
        ]
      }
    },
    {
      "type": "Feature",
      "properties": {
        "name": "Praha 15",
        "slug": "praha-15",
        "osm_relation": 19999137,
        "in": {
          "en": "in Prague 15",
          "cs": "v Praze 15"
        }
      },
      "geometry": {
        "type": "MultiPolygon",
        "coordinates": [
          [
            [
              [
                14.502643,
                50.044456
              ],
              [
                14.512361,
                50.045572
              ],
              [
                14.512258,
                50.04486
              ],
              [
                14.512409,
                50.044106
              ],
              [
                14.512634,
                50.043582
              ],
              [
                14.513495,
                50.042504
              ],
              [
                14.513506,
                50.042387
              ],
              [
                14.51273,
                50.042018
              ],
              [
                14.512258,
                50.041684
              ],
              [
                14.511199,
                50.040599
              ],
              [
                14.511373,
                50.040529
              ],
              [
                14.512159,
                50.040634
              ],
              [
                14.514458,
                50.039534
              ],
              [
                14.516499,
                50.039426
              ],
              [
                14.518644,
                50.039056
              ],
              [
                14.52095,
                50.038367
              ],
              [
                14.523598,
                50.037327
              ],
              [
                14.524367,
                50.037332
              ],
              [
                14.525515,
                50.037476
              ],
              [
                14.525609,
                50.037272
              ],
              [
                14.527058,
                50.037727
              ],
              [
                14.528972,
                50.037938
              ],
              [
                14.529785,
                50.038219
              ],
              [
                14.529859,
                50.0381
              ],
              [
                14.529965,
                50.038109
              ],
              [
                14.530671,
                50.038177
              ],
              [
                14.531294,
                50.038365
              ],
              [
                14.531807,
                50.03839
              ],
              [
                14.53264,
                50.038755
              ],
              [
                14.532849,
                50.039057
              ],
              [
                14.532826,
                50.039357
              ],
              [
                14.534072,
                50.039722
              ],
              [
                14.534747,
                50.039739
              ],
              [
                14.53467,
                50.03955
              ],
              [
                14.535205,
                50.039617
              ],
              [
                14.535106,
                50.039785
              ],
              [
                14.535297,
                50.039834
              ],
              [
                14.535687,
                50.039755
              ],
              [
                14.536622,
                50.039947
              ],
              [
                14.536639,
                50.040032
              ],
              [
                14.536759,
                50.040053
              ],
              [
                14.537696,
                50.040106
              ],
              [
                14.538763,
                50.040013
              ],
              [
                14.538867,
                50.03966
              ],
              [
                14.538791,
                50.039097
              ],
              [
                14.538955,
                50.038898
              ],
              [
                14.539442,
                50.03859
              ],
              [
                14.53942,
                50.038366
              ],
              [
                14.539594,
                50.038202
              ],
              [
                14.539875,
                50.038132
              ],
              [
                14.540138,
                50.038257
              ],
              [
                14.540558,
                50.038319
              ],
              [
                14.541569,
                50.038155
              ],
              [
                14.542281,
                50.038164
              ],
              [
                14.543571,
                50.038037
              ],
              [
                14.543653,
                50.037842
              ],
              [
                14.543405,
                50.036688
              ],
              [
                14.543552,
                50.036188
              ],
              [
                14.543164,
                50.03594
              ],
              [
                14.543949,
                50.035525
              ],
              [
                14.544112,
                50.035359
              ],
              [
                14.54404,
                50.035106
              ],
              [
                14.543691,
                50.035055
              ],
              [
                14.543709,
                50.034944
              ],
              [
                14.543947,
                50.034848
              ],
              [
                14.54408,
                50.034489
              ],
              [
                14.543865,
                50.034272
              ],
              [
                14.543128,
                50.034141
              ],
              [
                14.543174,
                50.033942
              ],
              [
                14.542659,
                50.03371
              ],
              [
                14.54226,
                50.033421
              ],
              [
                14.542274,
                50.033315
              ],
              [
                14.543202,
                50.033296
              ],
              [
                14.543399,
                50.033056
              ],
              [
                14.543566,
                50.032601
              ],
              [
                14.543648,
                50.031931
              ],
              [
                14.544706,
                50.031984
              ],
              [
                14.544947,
                50.030825
              ],
              [
                14.545051,
                50.030521
              ],
              [
                14.545264,
                50.03035
              ],
              [
                14.546035,
                50.030925
              ],
              [
                14.549548,
                50.029437
              ],
              [
                14.548796,
                50.028431
              ],
              [
                14.549394,
                50.027954
              ],
              [
                14.549282,
                50.027699
              ],
              [
                14.549286,
                50.027446
              ],
              [
                14.551221,
                50.029612
              ],
              [
                14.551516,
                50.030253
              ],
              [
                14.551974,
                50.029929
              ],
              [
                14.552437,
                50.029917
              ],
              [
                14.555563,
                50.029261
              ],
              [
                14.556143,
                50.028977
              ],
              [
                14.556343,
                50.029403
              ],
              [
                14.556679,
                50.029336
              ],
              [
                14.557572,
                50.029441
              ],
              [
                14.558351,
                50.02942
              ],
              [
                14.55876,
                50.029499
              ],
              [
                14.559543,
                50.02995
              ],
              [
                14.560669,
                50.030237
              ],
              [
                14.560688,
                50.030423
              ],
              [
                14.560218,
                50.030633
              ],
              [
                14.559908,
                50.03063
              ],
              [
                14.55984,
                50.030707
              ],
              [
                14.55998,
                50.030835
              ],
              [
                14.5604,
                50.03099
              ],
              [
                14.560703,
                50.030954
              ],
              [
                14.561457,
                50.031078
              ],
              [
                14.562025,
                50.031073
              ],
              [
                14.563409,
                50.030961
              ],
              [
                14.563908,
                50.03116
              ],
              [
                14.565299,
                50.031319
              ],
              [
                14.568141,
                50.032209
              ],
              [
                14.569811,
                50.03248
              ],
              [
                14.570324,
                50.032063
              ],
              [
                14.571555,
                50.032029
              ],
              [
                14.574805,
                50.033253
              ],
              [
                14.5749,
                50.033621
              ],
              [
                14.575698,
                50.034112
              ],
              [
                14.575394,
                50.034309
              ],
              [
                14.574386,
                50.033918
              ],
              [
                14.573267,
                50.034967
              ],
              [
                14.57392,
                50.035245
              ],
              [
                14.57336,
                50.035759
              ],
              [
                14.571946,
                50.036614
              ],
              [
                14.572041,
                50.036683
              ],
              [
                14.570807,
                50.037369
              ],
              [
                14.569166,
                50.038077
              ],
              [
                14.569206,
                50.038386
              ],
              [
                14.569018,
                50.03943
              ],
              [
                14.569493,
                50.039956
              ],
              [
                14.569887,
                50.04021
              ],
              [
                14.570678,
                50.040507
              ],
              [
                14.571325,
                50.040621
              ],
              [
                14.571451,
                50.041003
              ],
              [
                14.574127,
                50.041503
              ],
              [
                14.57417,
                50.041443
              ],
              [
                14.575563,
                50.041935
              ],
              [
                14.576834,
                50.042574
              ],
              [
                14.576826,
                50.042662
              ],
              [
                14.57627,
                50.04315
              ],
              [
                14.575762,
                50.043494
              ],
              [
                14.578669,
                50.045694
              ],
              [
                14.580788,
                50.047786
              ],
              [
                14.580618,
                50.047991
              ],
              [
                14.58092,
                50.048196
              ],
              [
                14.580071,
                50.048812
              ],
              [
                14.580112,
                50.049315
              ],
              [
                14.580186,
                50.049082
              ],
              [
                14.581924,
                50.049334
              ],
              [
                14.58211,
                50.049116
              ],
              [
                14.583335,
                50.048774
              ],
              [
                14.583726,
                50.04837
              ],
              [
                14.584035,
                50.047739
              ],
              [
                14.584214,
                50.047014
              ],
              [
                14.584339,
                50.046995
              ],
              [
                14.584958,
                50.04719
              ],
              [
                14.586386,
                50.04823
              ],
              [
                14.587195,
                50.048408
              ],
              [
                14.590813,
                50.048626
              ],
              [
                14.592733,
                50.048938
              ],
              [
                14.593077,
                50.048641
              ],
              [
                14.594483,
                50.048902
              ],
              [
                14.595548,
                50.048783
              ],
              [
                14.595887,
                50.048695
              ],
              [
                14.595972,
                50.04853
              ],
              [
                14.596264,
                50.04848
              ],
              [
                14.596437,
                50.048984
              ],
              [
                14.596118,
                50.04949
              ],
              [
                14.596694,
                50.05044
              ],
              [
                14.596484,
                50.05154
              ],
              [
                14.595942,
                50.052093
              ],
              [
                14.595741,
                50.05357
              ],
              [
                14.59788,
                50.053966
              ],
              [
                14.598973,
                50.054032
              ],
              [
                14.599766,
                50.053091
              ],
              [
                14.601071,
                50.053227
              ],
              [
                14.601736,
                50.053406
              ],
              [
                14.602601,
                50.053317
              ],
              [
                14.602901,
                50.053393
              ],
              [
                14.603115,
                50.053599
              ],
              [
                14.60211,
                50.055211
              ],
              [
                14.602336,
                50.055252
              ],
              [
                14.602405,
                50.055174
              ],
              [
                14.605834,
                50.055841
              ],
              [
                14.608186,
                50.056136
              ],
              [
                14.611783,
                50.056402
              ],
              [
                14.611801,
                50.05632
              ],
              [
                14.612448,
                50.056252
              ],
              [
                14.614342,
                50.055826
              ],
              [
                14.615712,
                50.055656
              ],
              [
                14.615673,
                50.057116
              ],
              [
                14.615729,
                50.057541
              ],
              [
                14.617253,
                50.057192
              ],
              [
                14.621228,
                50.056842
              ],
              [
                14.621242,
                50.057128
              ],
              [
                14.621029,
                50.058148
              ],
              [
                14.620961,
                50.060257
              ],
              [
                14.620783,
                50.061158
              ],
              [
                14.619904,
                50.062881
              ],
              [
                14.622061,
                50.06291
              ],
              [
                14.622075,
                50.06322
              ],
              [
                14.622512,
                50.064329
              ],
              [
                14.6223,
                50.064367
              ],
              [
                14.622203,
                50.064631
              ],
              [
                14.621533,
                50.064768
              ],
              [
                14.620075,
                50.064884
              ],
              [
                14.619245,
                50.064864
              ],
              [
                14.619075,
                50.064763
              ],
              [
                14.618006,
                50.066025
              ],
              [
                14.617937,
                50.06621
              ],
              [
                14.617937,
                50.067107
              ],
              [
                14.617689,
                50.067885
              ],
              [
                14.613658,
                50.066764
              ],
              [
                14.613483,
                50.066894
              ],
              [
                14.613302,
                50.067351
              ],
              [
                14.613884,
                50.067582
              ],
              [
                14.613002,
                50.067854
              ],
              [
                14.612778,
                50.068021
              ],
              [
                14.612628,
                50.068277
              ],
              [
                14.612622,
                50.06866
              ],
              [
                14.612347,
                50.069393
              ],
              [
                14.611519,
                50.070274
              ],
              [
                14.61134,
                50.070778
              ],
              [
                14.611677,
                50.071057
              ],
              [
                14.612202,
                50.071337
              ],
              [
                14.61193,
                50.071993
              ],
              [
                14.611941,
                50.072512
              ],
              [
                14.61164,
                50.07304
              ],
              [
                14.611272,
                50.073405
              ],
              [
                14.609678,
                50.073149
              ],
              [
                14.609849,
                50.07352
              ],
              [
                14.609805,
                50.073733
              ],
              [
                14.609202,
                50.074807
              ],
              [
                14.608458,
                50.075567
              ],
              [
                14.608257,
                50.075875
              ],
              [
                14.608168,
                50.0762
              ],
              [
                14.608097,
                50.076183
              ],
              [
                14.607619,
                50.077214
              ],
              [
                14.606612,
                50.077016
              ],
              [
                14.605693,
                50.076225
              ],
              [
                14.602702,
                50.075471
              ],
              [
                14.597743,
                50.074941
              ],
              [
                14.597723,
                50.074813
              ],
              [
                14.596788,
                50.074036
              ],
              [
                14.596402,
                50.07286
              ],
              [
                14.596147,
                50.07258
              ],
              [
                14.595728,
                50.072421
              ],
              [
                14.592092,
                50.071571
              ],
              [
                14.591006,
                50.07386
              ],
              [
                14.590658,
                50.074809
              ],
              [
                14.590156,
                50.075458
              ],
              [
                14.589494,
                50.076119
              ],
              [
                14.589022,
                50.077568
              ],
              [
                14.587753,
                50.079306
              ],
              [
                14.587039,
                50.080493
              ],
              [
                14.586365,
                50.081234
              ],
              [
                14.585502,
                50.082493
              ],
              [
                14.585366,
                50.082527
              ],
              [
                14.585665,
                50.081129
              ],
              [
                14.585535,
                50.081086
              ],
              [
                14.584388,
                50.080821
              ],
              [
                14.580786,
                50.080696
              ],
              [
                14.578337,
                50.080757
              ],
              [
                14.576781,
                50.080521
              ],
              [
                14.576795,
                50.079379
              ],
              [
                14.577109,
                50.076986
              ],
              [
                14.577236,
                50.076625
              ],
              [
                14.577248,
                50.075976
              ],
              [
                14.575799,
                50.075891
              ],
              [
                14.571887,
                50.075427
              ],
              [
                14.565539,
                50.073984
              ],
              [
                14.564687,
                50.076062
              ],
              [
                14.564249,
                50.075961
              ],
              [
                14.563078,
                50.078099
              ],
              [
                14.562574,
                50.077675
              ],
              [
                14.562525,
                50.077707
              ],
              [
                14.562299,
                50.077387
              ],
              [
                14.562168,
                50.076986
              ],
              [
                14.561541,
                50.07709
              ],
              [
                14.561787,
                50.079145
              ],
              [
                14.561628,
                50.080107
              ],
              [
                14.560134,
                50.07973
              ],
              [
                14.559076,
                50.079641
              ],
              [
                14.556725,
                50.07926
              ],
              [
                14.556171,
                50.080235
              ],
              [
                14.554866,
                50.081683
              ],
              [
                14.554931,
                50.081711
              ],
              [
                14.554299,
                50.082563
              ],
              [
                14.549677,
                50.081616
              ],
              [
                14.544199,
                50.080069
              ],
              [
                14.543156,
                50.08165
              ],
              [
                14.541077,
                50.081246
              ],
              [
                14.53902,
                50.080957
              ],
              [
                14.539343,
                50.079723
              ],
              [
                14.539261,
                50.078885
              ],
              [
                14.539298,
                50.078366
              ],
              [
                14.539414,
                50.078296
              ],
              [
                14.539331,
                50.078209
              ],
              [
                14.539412,
                50.07754
              ],
              [
                14.539354,
                50.076737
              ],
              [
                14.536478,
                50.077227
              ],
              [
                14.536469,
                50.077044
              ],
              [
                14.536271,
                50.077047
              ],
              [
                14.536282,
                50.07726
              ],
              [
                14.535565,
                50.077382
              ],
              [
                14.535232,
                50.077005
              ],
              [
                14.534181,
                50.075405
              ],
              [
                14.536108,
                50.07494
              ],
              [
                14.538158,
                50.074556
              ],
              [
                14.537825,
                50.072999
              ],
              [
                14.537596,
                50.072311
              ],
              [
                14.53585,
                50.073337
              ],
              [
                14.535076,
                50.073064
              ],
              [
                14.53132,
                50.072241
              ],
              [
                14.530518,
                50.072752
              ],
              [
                14.529659,
                50.073433
              ],
              [
                14.530192,
                50.07361
              ],
              [
                14.52936,
                50.074761
              ],
              [
                14.52921,
                50.074644
              ],
              [
                14.528465,
                50.07442
              ],
              [
                14.528169,
                50.07488
              ],
              [
                14.524033,
                50.074018
              ],
              [
                14.523575,
                50.073845
              ],
              [
                14.523606,
                50.07379
              ],
              [
                14.522914,
                50.073624
              ],
              [
                14.523043,
                50.073271
              ],
              [
                14.523333,
                50.071615
              ],
              [
                14.523501,
                50.070168
              ],
              [
                14.523457,
                50.069213
              ],
              [
                14.523518,
                50.068602
              ],
              [
                14.523174,
                50.067684
              ],
              [
                14.523244,
                50.067013
              ],
              [
                14.523091,
                50.066958
              ],
              [
                14.520986,
                50.067387
              ],
              [
                14.520855,
                50.066907
              ],
              [
                14.519579,
                50.066926
              ],
              [
                14.519607,
                50.066263
              ],
              [
                14.518687,
                50.066158
              ],
              [
                14.519011,
                50.065228
              ],
              [
                14.519075,
                50.064591
              ],
              [
                14.518315,
                50.06453
              ],
              [
                14.518721,
                50.063809
              ],
              [
                14.518452,
                50.063631
              ],
              [
                14.51836,
                50.062966
              ],
              [
                14.518163,
                50.062619
              ],
              [
                14.517598,
                50.061977
              ],
              [
                14.517715,
                50.061416
              ],
              [
                14.517526,
                50.061114
              ],
              [
                14.516853,
                50.061288
              ],
              [
                14.514772,
                50.060943
              ],
              [
                14.514789,
                50.060405
              ],
              [
                14.514592,
                50.060399
              ],
              [
                14.514631,
                50.059795
              ],
              [
                14.514815,
                50.0598
              ],
              [
                14.514869,
                50.057795
              ],
              [
                14.514845,
                50.057269
              ],
              [
                14.514553,
                50.056797
              ],
              [
                14.515144,
                50.056458
              ],
              [
                14.515323,
                50.056165
              ],
              [
                14.515326,
                50.055296
              ],
              [
                14.515445,
                50.055305
              ],
              [
                14.515468,
                50.055166
              ],
              [
                14.515329,
                50.055156
              ],
              [
                14.515353,
                50.054818
              ],
              [
                14.515508,
                50.054834
              ],
              [
                14.515538,
                50.054659
              ],
              [
                14.515534,
                50.054581
              ],
              [
                14.515365,
                50.054581
              ],
              [
                14.515351,
                50.054315
              ],
              [
                14.515541,
                50.051001
              ],
              [
                14.515282,
                50.051049
              ],
              [
                14.514876,
                50.050953
              ],
              [
                14.514715,
                50.050813
              ],
              [
                14.514606,
                50.050556
              ],
              [
                14.513898,
                50.049928
              ],
              [
                14.5131,
                50.049847
              ],
              [
                14.512632,
                50.049988
              ],
              [
                14.512236,
                50.050342
              ],
              [
                14.511449,
                50.050272
              ],
              [
                14.511301,
                50.050398
              ],
              [
                14.510941,
                50.050339
              ],
              [
                14.510194,
                50.050513
              ],
              [
                14.510034,
                50.050604
              ],
              [
                14.509708,
                50.051029
              ],
              [
                14.509435,
                50.050965
              ],
              [
                14.509418,
                50.050546
              ],
              [
                14.50887,
                50.050536
              ],
              [
                14.508422,
                50.050638
              ],
              [
                14.507537,
                50.050519
              ],
              [
                14.507335,
                50.050556
              ],
              [
                14.507264,
                50.050508
              ],
              [
                14.507419,
                50.049847
              ],
              [
                14.507362,
                50.049765
              ],
              [
                14.507535,
                50.048548
              ],
              [
                14.506534,
                50.048399
              ],
              [
                14.50564,
                50.048132
              ],
              [
                14.505819,
                50.047689
              ],
              [
                14.506191,
                50.046159
              ],
              [
                14.503324,
                50.04545
              ],
              [
                14.502266,
                50.045105
              ],
              [
                14.502643,
                50.044456
              ]
            ]
          ]
        ]
      }
    },
    {
      "type": "Feature",
      "properties": {
        "name": "Praha 16",
        "slug": "praha-16",
        "osm_relation": 19999126,
        "in": {
          "en": "in Prague 16",
          "cs": "v Praze 16"
        }
      },
      "geometry": {
        "type": "MultiPolygon",
        "coordinates": [
          [
            [
              [
                14.325268,
                50.009088
              ],
              [
                14.323018,
                50.008945
              ],
              [
                14.323152,
                50.008169
              ],
              [
                14.32313,
                50.006671
              ],
              [
                14.323055,
                50.006448
              ],
              [
                14.322345,
                50.005605
              ],
              [
                14.321641,
                50.005114
              ],
              [
                14.318994,
                50.004682
              ],
              [
                14.319413,
                50.003902
              ],
              [
                14.319458,
                50.003573
              ],
              [
                14.319322,
                50.002344
              ],
              [
                14.319366,
                50.000996
              ],
              [
                14.318931,
                49.999974
              ],
              [
                14.318697,
                49.998516
              ],
              [
                14.318333,
                49.997859
              ],
              [
                14.318477,
                49.996892
              ],
              [
                14.318236,
                49.996111
              ],
              [
                14.317836,
                49.995436
              ],
              [
                14.318898,
                49.995424
              ],
              [
                14.319949,
                49.995247
              ],
              [
                14.322071,
                49.995842
              ],
              [
                14.322888,
                49.995891
              ],
              [
                14.323253,
                49.99566
              ],
              [
                14.323604,
                49.99526
              ],
              [
                14.324202,
                49.995407
              ],
              [
                14.32454,
                49.995345
              ],
              [
                14.325739,
                49.994681
              ],
              [
                14.326301,
                49.994175
              ],
              [
                14.326642,
                49.993498
              ],
              [
                14.328033,
                49.993951
              ],
              [
                14.328103,
                49.993882
              ],
              [
                14.32912,
                49.994048
              ],
              [
                14.330672,
                49.994919
              ],
              [
                14.331214,
                49.994885
              ],
              [
                14.331124,
                49.994585
              ],
              [
                14.331442,
                49.994408
              ],
              [
                14.331637,
                49.994188
              ],
              [
                14.331914,
                49.994208
              ],
              [
                14.332534,
                49.994458
              ],
              [
                14.3326,
                49.994337
              ],
              [
                14.332821,
                49.994381
              ],
              [
                14.333139,
                49.993293
              ],
              [
                14.334981,
                49.993848
              ],
              [
                14.336344,
                49.993783
              ],
              [
                14.337086,
                49.993519
              ],
              [
                14.337681,
                49.993133
              ],
              [
                14.337956,
                49.992339
              ],
              [
                14.338206,
                49.991978
              ],
              [
                14.338639,
                49.991611
              ],
              [
                14.338591,
                49.991553
              ],
              [
                14.342756,
                49.990631
              ],
              [
                14.342059,
                49.990463
              ],
              [
                14.34099,
                49.989948
              ],
              [
                14.339911,
                49.989613
              ],
              [
                14.337713,
                49.989054
              ],
              [
                14.335792,
                49.988862
              ],
              [
                14.335315,
                49.988665
              ],
              [
                14.334788,
                49.987986
              ],
              [
                14.334871,
                49.987731
              ],
              [
                14.334657,
                49.986936
              ],
              [
                14.335092,
                49.986444
              ],
              [
                14.335774,
                49.986449
              ],
              [
                14.335928,
                49.986341
              ],
              [
                14.336214,
                49.986307
              ],
              [
                14.336889,
                49.985933
              ],
              [
                14.337064,
                49.985995
              ],
              [
                14.337443,
                49.985828
              ],
              [
                14.337813,
                49.985893
              ],
              [
                14.338026,
                49.985585
              ],
              [
                14.338214,
                49.985589
              ],
              [
                14.338233,
                49.985739
              ],
              [
                14.338441,
                49.985738
              ],
              [
                14.338689,
                49.985704
              ],
              [
                14.338949,
                49.985498
              ],
              [
                14.338925,
                49.985336
              ],
              [
                14.338754,
                49.985214
              ],
              [
                14.338967,
                49.985031
              ],
              [
                14.3389,
                49.984808
              ],
              [
                14.339079,
                49.984541
              ],
              [
                14.33905,
                49.983852
              ],
              [
                14.339185,
                49.983735
              ],
              [
                14.339158,
                49.98366
              ],
              [
                14.3389,
                49.983511
              ],
              [
                14.338464,
                49.983033
              ],
              [
                14.33765,
                49.982688
              ],
              [
                14.337585,
                49.982391
              ],
              [
                14.33805,
                49.982188
              ],
              [
                14.338248,
                49.981998
              ],
              [
                14.338574,
                49.981936
              ],
              [
                14.338742,
                49.981276
              ],
              [
                14.339299,
                49.98113
              ],
              [
                14.33959,
                49.980752
              ],
              [
                14.339095,
                49.980459
              ],
              [
                14.337051,
                49.979549
              ],
              [
                14.335738,
                49.978758
              ],
              [
                14.335194,
                49.978511
              ],
              [
                14.335489,
                49.978117
              ],
              [
                14.334671,
                49.977526
              ],
              [
                14.332341,
                49.977306
              ],
              [
                14.332641,
                49.976289
              ],
              [
                14.332607,
                49.975882
              ],
              [
                14.331672,
                49.975786
              ],
              [
                14.329934,
                49.975417
              ],
              [
                14.330054,
                49.975221
              ],
              [
                14.329608,
                49.974954
              ],
              [
                14.329336,
                49.974491
              ],
              [
                14.329944,
                49.974527
              ],
              [
                14.330167,
                49.974372
              ],
              [
                14.330209,
                49.974179
              ],
              [
                14.32892,
                49.97374
              ],
              [
                14.327858,
                49.973202
              ],
              [
                14.326815,
                49.971859
              ],
              [
                14.32686,
                49.97141
              ],
              [
                14.327155,
                49.970992
              ],
              [
                14.327464,
                49.970732
              ],
              [
                14.331243,
                49.971063
              ],
              [
                14.332299,
                49.97103
              ],
              [
                14.333529,
                49.97201
              ],
              [
                14.33517,
                49.972909
              ],
              [
                14.336864,
                49.973498
              ],
              [
                14.340619,
                49.974614
              ],
              [
                14.3423,
                49.974841
              ],
              [
                14.346179,
                49.974711
              ],
              [
                14.344999,
                49.973617
              ],
              [
                14.345387,
                49.973466
              ],
              [
                14.346256,
                49.973695
              ],
              [
                14.346629,
                49.973339
              ],
              [
                14.346822,
                49.973331
              ],
              [
                14.346893,
                49.972738
              ],
              [
                14.347076,
                49.972475
              ],
              [
                14.346721,
                49.972336
              ],
              [
                14.346007,
                49.971874
              ],
              [
                14.345704,
                49.971385
              ],
              [
                14.345399,
                49.969954
              ],
              [
                14.345316,
                49.968561
              ],
              [
                14.344916,
                49.967628
              ],
              [
                14.344472,
                49.967131
              ],
              [
                14.343877,
                49.966642
              ],
              [
                14.343392,
                49.966354
              ],
              [
                14.341487,
                49.965729
              ],
              [
                14.340994,
                49.96574
              ],
              [
                14.340165,
                49.966042
              ],
              [
                14.339256,
                49.966256
              ],
              [
                14.33776,
                49.966884
              ],
              [
                14.336637,
                49.967244
              ],
              [
                14.335468,
                49.967487
              ],
              [
                14.334699,
                49.96753
              ],
              [
                14.330741,
                49.965454
              ],
              [
                14.329232,
                49.96485
              ],
              [
                14.328121,
                49.964203
              ],
              [
                14.327299,
                49.963298
              ],
              [
                14.32702,
                49.962705
              ],
              [
                14.326852,
                49.961734
              ],
              [
                14.326186,
                49.960261
              ],
              [
                14.326095,
                49.959849
              ],
              [
                14.325089,
                49.958786
              ],
              [
                14.324977,
                49.958376
              ],
              [
                14.325039,
                49.957935
              ],
              [
                14.325439,
                49.957209
              ],
              [
                14.326473,
                49.95633
              ],
              [
                14.326768,
                49.956173
              ],
              [
                14.329216,
                49.955684
              ],
              [
                14.330825,
                49.955099
              ],
              [
                14.331719,
                49.954471
              ],
              [
                14.33304,
                49.953809
              ],
              [
                14.334312,
                49.95305
              ],
              [
                14.334969,
                49.952567
              ],
              [
                14.336093,
                49.951392
              ],
              [
                14.336628,
                49.950668
              ],
              [
                14.337178,
                49.949788
              ],
              [
                14.337635,
                49.948383
              ],
              [
                14.338387,
                49.948509
              ],
              [
                14.340801,
                49.948664
              ],
              [
                14.341201,
                49.948555
              ],
              [
                14.341144,
                49.948507
              ],
              [
                14.341223,
                49.948322
              ],
              [
                14.341434,
                49.948074
              ],
              [
                14.342877,
                49.947584
              ],
              [
                14.343204,
                49.947555
              ],
              [
                14.344081,
                49.947597
              ],
              [
                14.346593,
                49.948246
              ],
              [
                14.348424,
                49.948124
              ],
              [
                14.351663,
                49.94821
              ],
              [
                14.353669,
                49.947783
              ],
              [
                14.358737,
                49.948684
              ],
              [
                14.360393,
                49.947455
              ],
              [
                14.361531,
                49.947948
              ],
              [
                14.36449,
                49.948998
              ],
              [
                14.365358,
                49.949443
              ],
              [
                14.365607,
                49.949378
              ],
              [
                14.366092,
                49.949531
              ],
              [
                14.366403,
                49.949864
              ],
              [
                14.36699,
                49.950263
              ],
              [
                14.366979,
                49.950907
              ],
              [
                14.367092,
                49.951297
              ],
              [
                14.368376,
                49.951324
              ],
              [
                14.369445,
                49.951164
              ],
              [
                14.37122,
                49.950636
              ],
              [
                14.371687,
                49.950323
              ],
              [
                14.372111,
                49.949814
              ],
              [
                14.372142,
                49.949174
              ],
              [
                14.372629,
                49.948348
              ],
              [
                14.372939,
                49.94752
              ],
              [
                14.373208,
                49.947122
              ],
              [
                14.37413,
                49.946765
              ],
              [
                14.375082,
                49.947495
              ],
              [
                14.376812,
                49.946621
              ],
              [
                14.37703,
                49.946666
              ],
              [
                14.378466,
                49.948402
              ],
              [
                14.379758,
                49.949214
              ],
              [
                14.385396,
                49.949243
              ],
              [
                14.385502,
                49.949404
              ],
              [
                14.385979,
                49.94958
              ],
              [
                14.386661,
                49.949636
              ],
              [
                14.387165,
                49.949797
              ],
              [
                14.387782,
                49.949825
              ],
              [
                14.387847,
                49.949756
              ],
              [
                14.387971,
                49.949784
              ],
              [
                14.388976,
                49.948013
              ],
              [
                14.388665,
                49.947588
              ],
              [
                14.388716,
                49.94729
              ],
              [
                14.389033,
                49.94662
              ],
              [
                14.388903,
                49.945891
              ],
              [
                14.38905,
                49.945175
              ],
              [
                14.38948,
                49.945097
              ],
              [
                14.390453,
                49.944596
              ],
              [
                14.390843,
                49.944485
              ],
              [
                14.390845,
                49.944046
              ],
              [
                14.391333,
                49.943935
              ],
              [
                14.395562,
                49.941901
              ],
              [
                14.396439,
                49.942666
              ],
              [
                14.396705,
                49.943174
              ],
              [
                14.396852,
                49.943714
              ],
              [
                14.396789,
                49.943725
              ],
              [
                14.396833,
                49.944637
              ],
              [
                14.396503,
                49.945524
              ],
              [
                14.395943,
                49.946652
              ],
              [
                14.394945,
                49.949191
              ],
              [
                14.394712,
                49.950189
              ],
              [
                14.394528,
                49.95211
              ],
              [
                14.394363,
                49.952998
              ],
              [
                14.394423,
                49.953832
              ],
              [
                14.39423,
                49.953898
              ],
              [
                14.394443,
                49.954192
              ],
              [
                14.395158,
                49.957315
              ],
              [
                14.397732,
                49.961896
              ],
              [
                14.398138,
                49.963081
              ],
              [
                14.398614,
                49.965658
              ],
              [
                14.399126,
                49.967817
              ],
              [
                14.399777,
                49.967753
              ],
              [
                14.399884,
                49.967832
              ],
              [
                14.400359,
                49.970328
              ],
              [
                14.400512,
                49.970381
              ],
              [
                14.400647,
                49.970669
              ],
              [
                14.401104,
                49.970766
              ],
              [
                14.401287,
                49.970922
              ],
              [
                14.401421,
                49.970842
              ],
              [
                14.401355,
                49.970646
              ],
              [
                14.401422,
                49.970465
              ],
              [
                14.401666,
                49.970331
              ],
              [
                14.402475,
                49.970564
              ],
              [
                14.402146,
                49.970877
              ],
              [
                14.402648,
                49.971576
              ],
              [
                14.403011,
                49.972286
              ],
              [
                14.402755,
                49.972509
              ],
              [
                14.403114,
                49.972653
              ],
              [
                14.405691,
                49.97214
              ],
              [
                14.405897,
                49.974591
              ],
              [
                14.405443,
                49.975133
              ],
              [
                14.405636,
                49.97524
              ],
              [
                14.40729,
                49.975539
              ],
              [
                14.406799,
                49.97569
              ],
              [
                14.406569,
                49.97612
              ],
              [
                14.406572,
                49.976403
              ],
              [
                14.406872,
                49.976794
              ],
              [
                14.406617,
                49.977083
              ],
              [
                14.406633,
                49.977252
              ],
              [
                14.405836,
                49.977505
              ],
              [
                14.405551,
                49.977333
              ],
              [
                14.405445,
                49.977435
              ],
              [
                14.403468,
                49.976751
              ],
              [
                14.403041,
                49.976697
              ],
              [
                14.402479,
                49.976426
              ],
              [
                14.401599,
                49.976146
              ],
              [
                14.400598,
                49.976237
              ],
              [
                14.39952,
                49.976195
              ],
              [
                14.399484,
                49.975502
              ],
              [
                14.399537,
                49.975334
              ],
              [
                14.398247,
                49.975259
              ],
              [
                14.39722,
                49.974931
              ],
              [
                14.397403,
                49.977628
              ],
              [
                14.397319,
                49.980325
              ],
              [
                14.39759,
                49.982116
              ],
              [
                14.397888,
                49.982994
              ],
              [
                14.399216,
                49.985553
              ],
              [
                14.399576,
                49.986421
              ],
              [
                14.399824,
                49.987308
              ],
              [
                14.399908,
                49.988203
              ],
              [
                14.399868,
                49.990003
              ],
              [
                14.400392,
                49.990256
              ],
              [
                14.400415,
                49.991502
              ],
              [
                14.400622,
                49.992752
              ],
              [
                14.400979,
                49.993864
              ],
              [
                14.402596,
                49.997667
              ],
              [
                14.402768,
                49.998482
              ],
              [
                14.402395,
                49.998539
              ],
              [
                14.40203,
                50.002515
              ],
              [
                14.401792,
                50.00336
              ],
              [
                14.401402,
                50.004129
              ],
              [
                14.398365,
                50.008893
              ],
              [
                14.396424,
                50.015062
              ],
              [
                14.396229,
                50.016399
              ],
              [
                14.396438,
                50.016391
              ],
              [
                14.395891,
                50.017668
              ],
              [
                14.395882,
                50.020231
              ],
              [
                14.395953,
                50.021292
              ],
              [
                14.396361,
                50.023129
              ],
              [
                14.397396,
                50.026774
              ],
              [
                14.397917,
                50.02845
              ],
              [
                14.399992,
                50.030962
              ],
              [
                14.39889,
                50.031374
              ],
              [
                14.39702,
                50.030553
              ],
              [
                14.395879,
                50.030152
              ],
              [
                14.394939,
                50.029937
              ],
              [
                14.394407,
                50.029538
              ],
              [
                14.393334,
                50.029352
              ],
              [
                14.393108,
                50.029127
              ],
              [
                14.393246,
                50.028951
              ],
              [
                14.392547,
                50.028512
              ],
              [
                14.392484,
                50.028576
              ],
              [
                14.390613,
                50.027615
              ],
              [
                14.390518,
                50.027304
              ],
              [
                14.390256,
                50.027078
              ],
              [
                14.38982,
                50.026963
              ],
              [
                14.389364,
                50.027031
              ],
              [
                14.388991,
                50.027215
              ],
              [
                14.388749,
                50.027435
              ],
              [
                14.385771,
                50.027077
              ],
              [
                14.383849,
                50.026675
              ],
              [
                14.382492,
                50.026613
              ],
              [
                14.382199,
                50.027055
              ],
              [
                14.38124,
                50.027773
              ],
              [
                14.379861,
                50.029169
              ],
              [
                14.379157,
                50.02905
              ],
              [
                14.376576,
                50.027704
              ],
              [
                14.374425,
                50.026999
              ],
              [
                14.376478,
                50.024165
              ],
              [
                14.376304,
                50.023725
              ],
              [
                14.375962,
                50.023323
              ],
              [
                14.375401,
                50.022716
              ],
              [
                14.374737,
                50.022252
              ],
              [
                14.37376,
                50.021827
              ],
              [
                14.37308,
                50.021627
              ],
              [
                14.372083,
                50.021404
              ],
              [
                14.371557,
                50.021366
              ],
              [
                14.371926,
                50.021015
              ],
              [
                14.373424,
                50.019995
              ],
              [
                14.372851,
                50.019739
              ],
              [
                14.371913,
                50.019539
              ],
              [
                14.371022,
                50.01909
              ],
              [
                14.36981,
                50.018226
              ],
              [
                14.369397,
                50.018094
              ],
              [
                14.368846,
                50.017702
              ],
              [
                14.36862,
                50.017385
              ],
              [
                14.368325,
                50.016737
              ],
              [
                14.367854,
                50.014995
              ],
              [
                14.368217,
                50.014363
              ],
              [
                14.368316,
                50.013776
              ],
              [
                14.36846,
                50.013561
              ],
              [
                14.368351,
                50.013542
              ],
              [
                14.368227,
                50.013274
              ],
              [
                14.368195,
                50.012893
              ],
              [
                14.367871,
                50.012279
              ],
              [
                14.368156,
                50.011874
              ],
              [
                14.367964,
                50.011639
              ],
              [
                14.367674,
                50.011458
              ],
              [
                14.36684,
                50.010481
              ],
              [
                14.366964,
                50.009719
              ],
              [
                14.367012,
                50.00837
              ],
              [
                14.367013,
                50.007868
              ],
              [
                14.366883,
                50.007175
              ],
              [
                14.360107,
                50.006213
              ],
              [
                14.356534,
                50.006329
              ],
              [
                14.356867,
                50.00768
              ],
              [
                14.356914,
                50.009013
              ],
              [
                14.356283,
                50.009017
              ],
              [
                14.343855,
                50.007006
              ],
              [
                14.342756,
                50.007778
              ],
              [
                14.340777,
                50.006711
              ],
              [
                14.339019,
                50.005455
              ],
              [
                14.337826,
                50.005707
              ],
              [
                14.337093,
                50.006071
              ],
              [
                14.33521,
                50.006431
              ],
              [
                14.329767,
                50.004573
              ],
              [
                14.324846,
                50.008026
              ],
              [
                14.325707,
                50.009159
              ],
              [
                14.325268,
                50.009088
              ]
            ]
          ]
        ]
      }
    },
    {
      "type": "Feature",
      "properties": {
        "name": "Praha 17",
        "slug": "praha-17",
        "osm_relation": 19999133,
        "in": {
          "en": "in Prague 17",
          "cs": "v Praze 17"
        }
      },
      "geometry": {
        "type": "MultiPolygon",
        "coordinates": [
          [
            [
              [
                14.24818,
                50.058257
              ],
              [
                14.248085,
                50.058309
              ],
              [
                14.247739,
                50.05972
              ],
              [
                14.247823,
                50.061097
              ],
              [
                14.247558,
                50.062224
              ],
              [
                14.253307,
                50.062565
              ],
              [
                14.253599,
                50.062731
              ],
              [
                14.253822,
                50.063013
              ],
              [
                14.25415,
                50.063148
              ],
              [
                14.256846,
                50.06404
              ],
              [
                14.258714,
                50.064424
              ],
              [
                14.25911,
                50.067522
              ],
              [
                14.258257,
                50.067825
              ],
              [
                14.258189,
                50.068562
              ],
              [
                14.258231,
                50.069053
              ],
              [
                14.257988,
                50.069524
              ],
              [
                14.257799,
                50.070832
              ],
              [
                14.258052,
                50.071517
              ],
              [
                14.266754,
                50.072628
              ],
              [
                14.2753,
                50.073087
              ],
              [
                14.276301,
                50.07223
              ],
              [
                14.277788,
                50.071391
              ],
              [
                14.278248,
                50.070872
              ],
              [
                14.278556,
                50.070919
              ],
              [
                14.27845,
                50.071142
              ],
              [
                14.278344,
                50.071194
              ],
              [
                14.278371,
                50.071355
              ],
              [
                14.27791,
                50.071877
              ],
              [
                14.277961,
                50.071916
              ],
              [
                14.277893,
                50.072001
              ],
              [
                14.277582,
                50.072116
              ],
              [
                14.278026,
                50.072283
              ],
              [
                14.277262,
                50.072986
              ],
              [
                14.279044,
                50.072982
              ],
              [
                14.280323,
                50.073113
              ],
              [
                14.281094,
                50.073276
              ],
              [
                14.281808,
                50.073726
              ],
              [
                14.282433,
                50.074305
              ],
              [
                14.284483,
                50.073589
              ],
              [
                14.285322,
                50.073495
              ],
              [
                14.288306,
                50.073412
              ],
              [
                14.290192,
                50.073178
              ],
              [
                14.290388,
                50.073869
              ],
              [
                14.290373,
                50.074936
              ],
              [
                14.290119,
                50.07494
              ],
              [
                14.290129,
                50.075221
              ],
              [
                14.289973,
                50.075946
              ],
              [
                14.289643,
                50.07649
              ],
              [
                14.289215,
                50.076756
              ],
              [
                14.289335,
                50.076927
              ],
              [
                14.289872,
                50.076912
              ],
              [
                14.28985,
                50.077138
              ],
              [
                14.292572,
                50.077294
              ],
              [
                14.293292,
                50.077562
              ],
              [
                14.293643,
                50.077235
              ],
              [
                14.295135,
                50.077496
              ],
              [
                14.29579,
                50.077314
              ],
              [
                14.296266,
                50.077012
              ],
              [
                14.296259,
                50.076949
              ],
              [
                14.298652,
                50.076945
              ],
              [
                14.300245,
                50.076848
              ],
              [
                14.304244,
                50.077142
              ],
              [
                14.306472,
                50.076907
              ],
              [
                14.313804,
                50.075767
              ],
              [
                14.313826,
                50.075831
              ],
              [
                14.314868,
                50.075855
              ],
              [
                14.314898,
                50.076011
              ],
              [
                14.317728,
                50.075896
              ],
              [
                14.318075,
                50.075917
              ],
              [
                14.318112,
                50.075977
              ],
              [
                14.318478,
                50.075872
              ],
              [
                14.318582,
                50.076023
              ],
              [
                14.31884,
                50.076047
              ],
              [
                14.320028,
                50.075772
              ],
              [
                14.319989,
                50.076199
              ],
              [
                14.321679,
                50.076237
              ],
              [
                14.321767,
                50.076299
              ],
              [
                14.32179,
                50.076232
              ],
              [
                14.323882,
                50.076144
              ],
              [
                14.324789,
                50.076249
              ],
              [
                14.325703,
                50.076208
              ],
              [
                14.325495,
                50.075097
              ],
              [
                14.325484,
                50.074859
              ],
              [
                14.325546,
                50.074803
              ],
              [
                14.325392,
                50.074741
              ],
              [
                14.325388,
                50.07447
              ],
              [
                14.325556,
                50.074038
              ],
              [
                14.324913,
                50.073878
              ],
              [
                14.32487,
                50.073741
              ],
              [
                14.324587,
                50.07349
              ],
              [
                14.323306,
                50.073195
              ],
              [
                14.323106,
                50.073284
              ],
              [
                14.322336,
                50.073101
              ],
              [
                14.322068,
                50.073373
              ],
              [
                14.321724,
                50.073495
              ],
              [
                14.321742,
                50.073138
              ],
              [
                14.322199,
                50.072182
              ],
              [
                14.322218,
                50.071703
              ],
              [
                14.322535,
                50.071219
              ],
              [
                14.322806,
                50.070965
              ],
              [
                14.322867,
                50.070695
              ],
              [
                14.322673,
                50.070152
              ],
              [
                14.322532,
                50.06925
              ],
              [
                14.322516,
                50.068489
              ],
              [
                14.322414,
                50.068473
              ],
              [
                14.322752,
                50.067162
              ],
              [
                14.322484,
                50.066538
              ],
              [
                14.321722,
                50.065507
              ],
              [
                14.321763,
                50.065388
              ],
              [
                14.322046,
                50.065246
              ],
              [
                14.322217,
                50.065265
              ],
              [
                14.322252,
                50.065143
              ],
              [
                14.319622,
                50.064878
              ],
              [
                14.318521,
                50.064647
              ],
              [
                14.317392,
                50.064281
              ],
              [
                14.315194,
                50.063172
              ],
              [
                14.314122,
                50.062807
              ],
              [
                14.309698,
                50.061752
              ],
              [
                14.304438,
                50.060852
              ],
              [
                14.304697,
                50.057303
              ],
              [
                14.297149,
                50.054984
              ],
              [
                14.297833,
                50.054337
              ],
              [
                14.297988,
                50.054067
              ],
              [
                14.298091,
                50.053762
              ],
              [
                14.298115,
                50.052898
              ],
              [
                14.29826,
                50.052286
              ],
              [
                14.290191,
                50.051523
              ],
              [
                14.27958,
                50.049941
              ],
              [
                14.27828,
                50.049785
              ],
              [
                14.277416,
                50.049835
              ],
              [
                14.27736,
                50.049656
              ],
              [
                14.276388,
                50.049547
              ],
              [
                14.276161,
                50.049361
              ],
              [
                14.275913,
                50.049329
              ],
              [
                14.275888,
                50.049464
              ],
              [
                14.275524,
                50.049477
              ],
              [
                14.274907,
                50.049411
              ],
              [
                14.274666,
                50.049286
              ],
              [
                14.274725,
                50.049375
              ],
              [
                14.274645,
                50.049418
              ],
              [
                14.274971,
                50.049758
              ],
              [
                14.275075,
                50.050154
              ],
              [
                14.2749,
                50.050547
              ],
              [
                14.274724,
                50.050696
              ],
              [
                14.274203,
                50.050925
              ],
              [
                14.273535,
                50.050945
              ],
              [
                14.27264,
                50.050601
              ],
              [
                14.271498,
                50.05308
              ],
              [
                14.27146,
                50.053611
              ],
              [
                14.271632,
                50.054319
              ],
              [
                14.270884,
                50.054339
              ],
              [
                14.270116,
                50.054204
              ],
              [
                14.267355,
                50.053054
              ],
              [
                14.264307,
                50.052332
              ],
              [
                14.264033,
                50.05288
              ],
              [
                14.262304,
                50.05553
              ],
              [
                14.258116,
                50.054563
              ],
              [
                14.25723,
                50.054423
              ],
              [
                14.256499,
                50.055537
              ],
              [
                14.255894,
                50.056263
              ],
              [
                14.255596,
                50.057087
              ],
              [
                14.253568,
                50.057133
              ],
              [
                14.251296,
                50.056894
              ],
              [
                14.250847,
                50.056769
              ],
              [
                14.250104,
                50.057623
              ],
              [
                14.249455,
                50.057945
              ],
              [
                14.24818,
                50.058257
              ]
            ]
          ]
        ]
      }
    },
    {
      "type": "Feature",
      "properties": {
        "name": "Praha 18",
        "slug": "praha-18",
        "osm_relation": 19999128,
        "in": {
          "en": "in Prague 18",
          "cs": "v Praze 18"
        }
      },
      "geometry": {
        "type": "MultiPolygon",
        "coordinates": [
          [
            [
              [
                14.494638,
                50.13609
              ],
              [
                14.495276,
                50.133513
              ],
              [
                14.495513,
                50.132138
              ],
              [
                14.495556,
                50.131376
              ],
              [
                14.497871,
                50.13131
              ],
              [
                14.498439,
                50.127479
              ],
              [
                14.498515,
                50.127473
              ],
              [
                14.498514,
                50.127736
              ],
              [
                14.498595,
                50.12773
              ],
              [
                14.498576,
                50.12762
              ],
              [
                14.49884,
                50.1276
              ],
              [
                14.49894,
                50.128143
              ],
              [
                14.499246,
                50.128031
              ],
              [
                14.50031,
                50.127525
              ],
              [
                14.501101,
                50.126929
              ],
              [
                14.501269,
                50.126752
              ],
              [
                14.501117,
                50.126632
              ],
              [
                14.500819,
                50.126614
              ],
              [
                14.500697,
                50.126702
              ],
              [
                14.500632,
                50.126576
              ],
              [
                14.502957,
                50.126721
              ],
              [
                14.506938,
                50.127109
              ],
              [
                14.507409,
                50.127068
              ],
              [
                14.506989,
                50.126856
              ],
              [
                14.507079,
                50.126796
              ],
              [
                14.506693,
                50.126583
              ],
              [
                14.50841,
                50.125857
              ],
              [
                14.50973,
                50.12544
              ],
              [
                14.509949,
                50.125582
              ],
              [
                14.510424,
                50.125443
              ],
              [
                14.513895,
                50.124156
              ],
              [
                14.514234,
                50.124305
              ],
              [
                14.5166,
                50.123672
              ],
              [
                14.518425,
                50.122801
              ],
              [
                14.518777,
                50.122956
              ],
              [
                14.518378,
                50.123212
              ],
              [
                14.520302,
                50.124746
              ],
              [
                14.520843,
                50.124575
              ],
              [
                14.52205,
                50.126589
              ],
              [
                14.52453,
                50.126356
              ],
              [
                14.524869,
                50.127536
              ],
              [
                14.525837,
                50.127458
              ],
              [
                14.525872,
                50.129001
              ],
              [
                14.530963,
                50.12976
              ],
              [
                14.533295,
                50.130371
              ],
              [
                14.535284,
                50.131031
              ],
              [
                14.53512,
                50.131784
              ],
              [
                14.535132,
                50.132509
              ],
              [
                14.53557,
                50.135216
              ],
              [
                14.535683,
                50.136248
              ],
              [
                14.535708,
                50.1375
              ],
              [
                14.535048,
                50.140148
              ],
              [
                14.537396,
                50.140379
              ],
              [
                14.539077,
                50.140416
              ],
              [
                14.540474,
                50.140332
              ],
              [
                14.540531,
                50.142873
              ],
              [
                14.542459,
                50.142705
              ],
              [
                14.543993,
                50.142343
              ],
              [
                14.543921,
                50.145431
              ],
              [
                14.543678,
                50.146981
              ],
              [
                14.545905,
                50.147178
              ],
              [
                14.545437,
                50.148066
              ],
              [
                14.544301,
                50.148978
              ],
              [
                14.546383,
                50.150085
              ],
              [
                14.54822,
                50.150837
              ],
              [
                14.553893,
                50.152798
              ],
              [
                14.559217,
                50.154967
              ],
              [
                14.562747,
                50.156027
              ],
              [
                14.560994,
                50.161575
              ],
              [
                14.560626,
                50.161575
              ],
              [
                14.560624,
                50.162008
              ],
              [
                14.559724,
                50.162145
              ],
              [
                14.556358,
                50.162909
              ],
              [
                14.554768,
                50.163416
              ],
              [
                14.553074,
                50.16372
              ],
              [
                14.553584,
                50.164246
              ],
              [
                14.551958,
                50.164622
              ],
              [
                14.550447,
                50.164824
              ],
              [
                14.550539,
                50.166122
              ],
              [
                14.549408,
                50.165946
              ],
              [
                14.54895,
                50.165634
              ],
              [
                14.547839,
                50.165378
              ],
              [
                14.547392,
                50.165171
              ],
              [
                14.547395,
                50.165057
              ],
              [
                14.547224,
                50.164989
              ],
              [
                14.5472,
                50.164877
              ],
              [
                14.545461,
                50.164329
              ],
              [
                14.544926,
                50.163987
              ],
              [
                14.543897,
                50.164004
              ],
              [
                14.542694,
                50.162783
              ],
              [
                14.542381,
                50.162577
              ],
              [
                14.542346,
                50.162848
              ],
              [
                14.541204,
                50.164259
              ],
              [
                14.540599,
                50.164867
              ],
              [
                14.54053,
                50.165074
              ],
              [
                14.540335,
                50.165088
              ],
              [
                14.53945,
                50.163829
              ],
              [
                14.538839,
                50.163345
              ],
              [
                14.535428,
                50.162166
              ],
              [
                14.534235,
                50.161565
              ],
              [
                14.533213,
                50.162898
              ],
              [
                14.531577,
                50.165301
              ],
              [
                14.531713,
                50.16538
              ],
              [
                14.530907,
                50.166001
              ],
              [
                14.530512,
                50.16619
              ],
              [
                14.530692,
                50.166588
              ],
              [
                14.531709,
                50.166983
              ],
              [
                14.532616,
                50.167473
              ],
              [
                14.532446,
                50.168371
              ],
              [
                14.531474,
                50.170929
              ],
              [
                14.531301,
                50.172503
              ],
              [
                14.531639,
                50.173271
              ],
              [
                14.532016,
                50.175025
              ],
              [
                14.532197,
                50.176309
              ],
              [
                14.532483,
                50.177183
              ],
              [
                14.529576,
                50.17716
              ],
              [
                14.52764,
                50.177295
              ],
              [
                14.526855,
                50.17743
              ],
              [
                14.526908,
                50.177394
              ],
              [
                14.526825,
                50.177047
              ],
              [
                14.526698,
                50.176955
              ],
              [
                14.526589,
                50.176516
              ],
              [
                14.51958,
                50.174877
              ],
              [
                14.518921,
                50.17476
              ],
              [
                14.518717,
                50.175155
              ],
              [
                14.516597,
                50.174634
              ],
              [
                14.516418,
                50.175064
              ],
              [
                14.515609,
                50.174893
              ],
              [
                14.509071,
                50.174161
              ],
              [
                14.506904,
                50.171436
              ],
              [
                14.507066,
                50.17141
              ],
              [
                14.505285,
                50.163794
              ],
              [
                14.502377,
                50.164014
              ],
              [
                14.502738,
                50.159206
              ],
              [
                14.503556,
                50.159271
              ],
              [
                14.505544,
                50.158676
              ],
              [
                14.505859,
                50.157326
              ],
              [
                14.506424,
                50.155737
              ],
              [
                14.503538,
                50.155435
              ],
              [
                14.504039,
                50.153741
              ],
              [
                14.504162,
                50.153536
              ],
              [
                14.504578,
                50.153206
              ],
              [
                14.503376,
                50.153036
              ],
              [
                14.503552,
                50.152014
              ],
              [
                14.50343,
                50.151779
              ],
              [
                14.499902,
                50.151002
              ],
              [
                14.498796,
                50.150615
              ],
              [
                14.497711,
                50.150073
              ],
              [
                14.497306,
                50.149774
              ],
              [
                14.49711,
                50.148761
              ],
              [
                14.497184,
                50.148099
              ],
              [
                14.497418,
                50.147844
              ],
              [
                14.500004,
                50.146824
              ],
              [
                14.501187,
                50.146727
              ],
              [
                14.50195,
                50.146544
              ],
              [
                14.503452,
                50.145782
              ],
              [
                14.504347,
                50.144296
              ],
              [
                14.504391,
                50.143993
              ],
              [
                14.504289,
                50.1424
              ],
              [
                14.50117,
                50.142282
              ],
              [
                14.497907,
                50.142402
              ],
              [
                14.496481,
                50.142329
              ],
              [
                14.49712,
                50.1401
              ],
              [
                14.497673,
                50.136368
              ],
              [
                14.494638,
                50.13609
              ]
            ]
          ]
        ]
      }
    },
    {
      "type": "Feature",
      "properties": {
        "name": "Praha 19",
        "slug": "praha-19",
        "osm_relation": 19999144,
        "in": {
          "en": "in Prague 19",
          "cs": "v Praze 19"
        }
      },
      "geometry": {
        "type": "MultiPolygon",
        "coordinates": [
          [
            [
              [
                14.52177,
                50.126176
              ],
              [
                14.524552,
                50.12597
              ],
              [
                14.524416,
                50.124779
              ],
              [
                14.523646,
                50.124375
              ],
              [
                14.523825,
                50.12376
              ],
              [
                14.523825,
                50.123032
              ],
              [
                14.525445,
                50.122974
              ],
              [
                14.525167,
                50.121764
              ],
              [
                14.525207,
                50.121617
              ],
              [
                14.52757,
                50.121346
              ],
              [
                14.527392,
                50.120695
              ],
              [
                14.526589,
                50.118797
              ],
              [
                14.526472,
                50.117922
              ],
              [
                14.531121,
                50.117372
              ],
              [
                14.531213,
                50.117638
              ],
              [
                14.533428,
                50.117391
              ],
              [
                14.533283,
                50.116712
              ],
              [
                14.533332,
                50.116415
              ],
              [
                14.534241,
                50.116787
              ],
              [
                14.534986,
                50.116939
              ],
              [
                14.536599,
                50.117001
              ],
              [
                14.538464,
                50.116848
              ],
              [
                14.540644,
                50.116919
              ],
              [
                14.545435,
                50.117665
              ],
              [
                14.545076,
                50.119618
              ],
              [
                14.550761,
                50.121936
              ],
              [
                14.552806,
                50.12151
              ],
              [
                14.552968,
                50.121631
              ],
              [
                14.553218,
                50.121321
              ],
              [
                14.554132,
                50.121187
              ],
              [
                14.554515,
                50.122937
              ],
              [
                14.559479,
                50.122376
              ],
              [
                14.55927,
                50.121337
              ],
              [
                14.559157,
                50.120186
              ],
              [
                14.560361,
                50.120259
              ],
              [
                14.563482,
                50.120723
              ],
              [
                14.563779,
                50.120695
              ],
              [
                14.575829,
                50.117455
              ],
              [
                14.576301,
                50.11784
              ],
              [
                14.57657,
                50.118219
              ],
              [
                14.579709,
                50.118733
              ],
              [
                14.579863,
                50.118304
              ],
              [
                14.579871,
                50.117215
              ],
              [
                14.587082,
                50.117177
              ],
              [
                14.587124,
                50.120728
              ],
              [
                14.59284,
                50.120696
              ],
              [
                14.592242,
                50.122219
              ],
              [
                14.591788,
                50.122801
              ],
              [
                14.594746,
                50.122835
              ],
              [
                14.596895,
                50.122659
              ],
              [
                14.602554,
                50.121357
              ],
              [
                14.602801,
                50.121382
              ],
              [
                14.603612,
                50.124557
              ],
              [
                14.604005,
                50.126838
              ],
              [
                14.604449,
                50.128327
              ],
              [
                14.604567,
                50.128413
              ],
              [
                14.601304,
                50.129144
              ],
              [
                14.600874,
                50.129306
              ],
              [
                14.598238,
                50.131187
              ],
              [
                14.595442,
                50.13367
              ],
              [
                14.593872,
                50.135751
              ],
              [
                14.592703,
                50.138239
              ],
              [
                14.592333,
                50.138741
              ],
              [
                14.591973,
                50.139028
              ],
              [
                14.591386,
                50.139316
              ],
              [
                14.591385,
                50.139428
              ],
              [
                14.589733,
                50.139672
              ],
              [
                14.591064,
                50.141956
              ],
              [
                14.591358,
                50.142691
              ],
              [
                14.59127,
                50.14288
              ],
              [
                14.588626,
                50.143951
              ],
              [
                14.588008,
                50.1444
              ],
              [
                14.588057,
                50.14483
              ],
              [
                14.587729,
                50.145243
              ],
              [
                14.588319,
                50.146052
              ],
              [
                14.588188,
                50.146514
              ],
              [
                14.588284,
                50.146977
              ],
              [
                14.58843,
                50.147154
              ],
              [
                14.589401,
                50.147242
              ],
              [
                14.589815,
                50.147113
              ],
              [
                14.590506,
                50.147171
              ],
              [
                14.591716,
                50.147367
              ],
              [
                14.592238,
                50.147349
              ],
              [
                14.593177,
                50.14763
              ],
              [
                14.592517,
                50.147903
              ],
              [
                14.592899,
                50.148398
              ],
              [
                14.592558,
                50.148449
              ],
              [
                14.59302,
                50.149484
              ],
              [
                14.593496,
                50.150072
              ],
              [
                14.594216,
                50.150454
              ],
              [
                14.594736,
                50.150841
              ],
              [
                14.595173,
                50.151361
              ],
              [
                14.595346,
                50.151722
              ],
              [
                14.596212,
                50.152388
              ],
              [
                14.597077,
                50.153445
              ],
              [
                14.597694,
                50.15385
              ],
              [
                14.598345,
                50.154032
              ],
              [
                14.599051,
                50.153897
              ],
              [
                14.599003,
                50.154133
              ],
              [
                14.597983,
                50.154146
              ],
              [
                14.594278,
                50.153795
              ],
              [
                14.593478,
                50.153789
              ],
              [
                14.591216,
                50.154146
              ],
              [
                14.589323,
                50.154294
              ],
              [
                14.589287,
                50.154148
              ],
              [
                14.587343,
                50.154095
              ],
              [
                14.585795,
                50.153771
              ],
              [
                14.584925,
                50.153641
              ],
              [
                14.584351,
                50.153643
              ],
              [
                14.584118,
                50.153435
              ],
              [
                14.584171,
                50.153171
              ],
              [
                14.583703,
                50.152682
              ],
              [
                14.581838,
                50.151427
              ],
              [
                14.578532,
                50.150202
              ],
              [
                14.578326,
                50.150814
              ],
              [
                14.573597,
                50.149935
              ],
              [
                14.572623,
                50.150038
              ],
              [
                14.568785,
                50.150038
              ],
              [
                14.568589,
                50.15085
              ],
              [
                14.567797,
                50.150728
              ],
              [
                14.567548,
                50.150775
              ],
              [
                14.567118,
                50.150995
              ],
              [
                14.56733,
                50.151232
              ],
              [
                14.566156,
                50.151649
              ],
              [
                14.565925,
                50.151206
              ],
              [
                14.565202,
                50.150698
              ],
              [
                14.56323,
                50.15017
              ],
              [
                14.560483,
                50.155365
              ],
              [
                14.55869,
                50.154773
              ],
              [
                14.553893,
                50.152798
              ],
              [
                14.547791,
                50.15067
              ],
              [
                14.546383,
                50.150085
              ],
              [
                14.544301,
                50.148978
              ],
              [
                14.545437,
                50.148066
              ],
              [
                14.545905,
                50.147178
              ],
              [
                14.543678,
                50.146981
              ],
              [
                14.543921,
                50.145431
              ],
              [
                14.543993,
                50.142343
              ],
              [
                14.542459,
                50.142705
              ],
              [
                14.540531,
                50.142873
              ],
              [
                14.540474,
                50.140332
              ],
              [
                14.539077,
                50.140416
              ],
              [
                14.537396,
                50.140379
              ],
              [
                14.535048,
                50.140148
              ],
              [
                14.535708,
                50.1375
              ],
              [
                14.535683,
                50.136248
              ],
              [
                14.53557,
                50.135216
              ],
              [
                14.535132,
                50.132509
              ],
              [
                14.53512,
                50.131784
              ],
              [
                14.535284,
                50.131031
              ],
              [
                14.533295,
                50.130371
              ],
              [
                14.530963,
                50.12976
              ],
              [
                14.525872,
                50.129001
              ],
              [
                14.525837,
                50.127458
              ],
              [
                14.524869,
                50.127536
              ],
              [
                14.52453,
                50.126356
              ],
              [
                14.52205,
                50.126589
              ],
              [
                14.52177,
                50.126176
              ]
            ]
          ]
        ]
      }
    },
    {
      "type": "Feature",
      "properties": {
        "name": "Praha 20",
        "slug": "praha-20",
        "osm_relation": 19999140,
        "in": {
          "en": "in Prague 20",
          "cs": "v Praze 20"
        }
      },
      "geometry": {
        "type": "MultiPolygon",
        "coordinates": [
          [
            [
              [
                14.574616,
                50.108168
              ],
              [
                14.574405,
                50.108635
              ],
              [
                14.573967,
                50.108957
              ],
              [
                14.575566,
                50.109168
              ],
              [
                14.575614,
                50.11101
              ],
              [
                14.575352,
                50.113289
              ],
              [
                14.577872,
                50.11318
              ],
              [
                14.578635,
                50.112986
              ],
              [
                14.578662,
                50.113545
              ],
              [
                14.577784,
                50.113809
              ],
              [
                14.577772,
                50.114404
              ],
              [
                14.578675,
                50.115164
              ],
              [
                14.579115,
                50.115692
              ],
              [
                14.579218,
                50.115688
              ],
              [
                14.579539,
                50.11624
              ],
              [
                14.579871,
                50.117215
              ],
              [
                14.587082,
                50.117177
              ],
              [
                14.587124,
                50.120728
              ],
              [
                14.59284,
                50.120696
              ],
              [
                14.592242,
                50.122219
              ],
              [
                14.591788,
                50.122801
              ],
              [
                14.594746,
                50.122835
              ],
              [
                14.596895,
                50.122659
              ],
              [
                14.602554,
                50.121357
              ],
              [
                14.602801,
                50.121382
              ],
              [
                14.603612,
                50.124557
              ],
              [
                14.604005,
                50.126838
              ],
              [
                14.604449,
                50.128327
              ],
              [
                14.604567,
                50.128413
              ],
              [
                14.607511,
                50.127734
              ],
              [
                14.608633,
                50.127115
              ],
              [
                14.62054,
                50.129435
              ],
              [
                14.620589,
                50.129499
              ],
              [
                14.621504,
                50.127834
              ],
              [
                14.621771,
                50.12783
              ],
              [
                14.6323,
                50.129903
              ],
              [
                14.633321,
                50.128943
              ],
              [
                14.63444,
                50.128065
              ],
              [
                14.635419,
                50.126375
              ],
              [
                14.635442,
                50.126145
              ],
              [
                14.635172,
                50.124728
              ],
              [
                14.635117,
                50.123973
              ],
              [
                14.635201,
                50.123918
              ],
              [
                14.636243,
                50.12387
              ],
              [
                14.638443,
                50.123607
              ],
              [
                14.639769,
                50.124168
              ],
              [
                14.640303,
                50.12365
              ],
              [
                14.640628,
                50.12353
              ],
              [
                14.645382,
                50.12341
              ],
              [
                14.646007,
                50.123524
              ],
              [
                14.64752,
                50.124183
              ],
              [
                14.650073,
                50.123471
              ],
              [
                14.652353,
                50.123526
              ],
              [
                14.654717,
                50.123119
              ],
              [
                14.659115,
                50.122604
              ],
              [
                14.658604,
                50.12052
              ],
              [
                14.659583,
                50.120663
              ],
              [
                14.658899,
                50.117749
              ],
              [
                14.657419,
                50.11298
              ],
              [
                14.657428,
                50.112124
              ],
              [
                14.65676,
                50.10989
              ],
              [
                14.657436,
                50.106501
              ],
              [
                14.657406,
                50.106281
              ],
              [
                14.656634,
                50.105243
              ],
              [
                14.655832,
                50.104336
              ],
              [
                14.658301,
                50.10338
              ],
              [
                14.655436,
                50.101588
              ],
              [
                14.654525,
                50.101159
              ],
              [
                14.649835,
                50.100345
              ],
              [
                14.649851,
                50.099213
              ],
              [
                14.649721,
                50.098497
              ],
              [
                14.649772,
                50.098501
              ],
              [
                14.648708,
                50.09697
              ],
              [
                14.646562,
                50.097206
              ],
              [
                14.643521,
                50.097735
              ],
              [
                14.642796,
                50.092374
              ],
              [
                14.64253,
                50.092259
              ],
              [
                14.642513,
                50.092055
              ],
              [
                14.637686,
                50.090075
              ],
              [
                14.637634,
                50.09011
              ],
              [
                14.637797,
                50.090549
              ],
              [
                14.637719,
                50.091102
              ],
              [
                14.637861,
                50.091643
              ],
              [
                14.638002,
                50.091874
              ],
              [
                14.637921,
                50.092417
              ],
              [
                14.636081,
                50.092008
              ],
              [
                14.633162,
                50.091593
              ],
              [
                14.632917,
                50.092131
              ],
              [
                14.632337,
                50.092069
              ],
              [
                14.631177,
                50.092541
              ],
              [
                14.630452,
                50.092919
              ],
              [
                14.630428,
                50.093004
              ],
              [
                14.629061,
                50.093372
              ],
              [
                14.628063,
                50.093777
              ],
              [
                14.626811,
                50.094441
              ],
              [
                14.625914,
                50.094804
              ],
              [
                14.625964,
                50.095187
              ],
              [
                14.624434,
                50.095637
              ],
              [
                14.624401,
                50.095584
              ],
              [
                14.623505,
                50.095728
              ],
              [
                14.623116,
                50.095934
              ],
              [
                14.622288,
                50.096132
              ],
              [
                14.621476,
                50.096815
              ],
              [
                14.620899,
                50.097129
              ],
              [
                14.620639,
                50.097486
              ],
              [
                14.61874,
                50.09848
              ],
              [
                14.617432,
                50.098455
              ],
              [
                14.61487,
                50.098002
              ],
              [
                14.613226,
                50.097905
              ],
              [
                14.611147,
                50.097654
              ],
              [
                14.606714,
                50.09684
              ],
              [
                14.603753,
                50.096658
              ],
              [
                14.600768,
                50.096603
              ],
              [
                14.596444,
                50.096149
              ],
              [
                14.593824,
                50.094965
              ],
              [
                14.59236,
                50.094575
              ],
              [
                14.589206,
                50.099288
              ],
              [
                14.582237,
                50.097343
              ],
              [
                14.579391,
                50.101055
              ],
              [
                14.582341,
                50.100985
              ],
              [
                14.586535,
                50.100661
              ],
              [
                14.587638,
                50.100648
              ],
              [
                14.588626,
                50.100915
              ],
              [
                14.589038,
                50.101133
              ],
              [
                14.589621,
                50.101683
              ],
              [
                14.58977,
                50.102013
              ],
              [
                14.589837,
                50.102316
              ],
              [
                14.589803,
                50.102862
              ],
              [
                14.588912,
                50.104734
              ],
              [
                14.587613,
                50.108657
              ],
              [
                14.587378,
                50.109086
              ],
              [
                14.586424,
                50.109814
              ],
              [
                14.585907,
                50.110054
              ],
              [
                14.584321,
                50.110115
              ],
              [
                14.575439,
                50.108992
              ],
              [
                14.57538,
                50.10862
              ],
              [
                14.575209,
                50.108372
              ],
              [
                14.574963,
                50.108211
              ],
              [
                14.574616,
                50.108168
              ]
            ]
          ]
        ]
      }
    },
    {
      "type": "Feature",
      "properties": {
        "name": "Praha 21",
        "slug": "praha-21",
        "osm_relation": 19999127,
        "in": {
          "en": "in Prague 21",
          "cs": "v Praze 21"
        }
      },
      "geometry": {
        "type": "MultiPolygon",
        "coordinates": [
          [
            [
              [
                14.585502,
                50.082493
              ],
              [
                14.586365,
                50.081234
              ],
              [
                14.587039,
                50.080493
              ],
              [
                14.587753,
                50.079306
              ],
              [
                14.589022,
                50.077568
              ],
              [
                14.589494,
                50.076119
              ],
              [
                14.590156,
                50.075458
              ],
              [
                14.590658,
                50.074809
              ],
              [
                14.591006,
                50.07386
              ],
              [
                14.592092,
                50.071571
              ],
              [
                14.595728,
                50.072421
              ],
              [
                14.596147,
                50.07258
              ],
              [
                14.596402,
                50.07286
              ],
              [
                14.596788,
                50.074036
              ],
              [
                14.597723,
                50.074813
              ],
              [
                14.597743,
                50.074941
              ],
              [
                14.602702,
                50.075471
              ],
              [
                14.605693,
                50.076225
              ],
              [
                14.606612,
                50.077016
              ],
              [
                14.607619,
                50.077214
              ],
              [
                14.608097,
                50.076183
              ],
              [
                14.608168,
                50.0762
              ],
              [
                14.608257,
                50.075875
              ],
              [
                14.608458,
                50.075567
              ],
              [
                14.609202,
                50.074807
              ],
              [
                14.609805,
                50.073733
              ],
              [
                14.609849,
                50.07352
              ],
              [
                14.609678,
                50.073149
              ],
              [
                14.611272,
                50.073405
              ],
              [
                14.61164,
                50.07304
              ],
              [
                14.611941,
                50.072512
              ],
              [
                14.61193,
                50.071993
              ],
              [
                14.612202,
                50.071337
              ],
              [
                14.611677,
                50.071057
              ],
              [
                14.61134,
                50.070778
              ],
              [
                14.611519,
                50.070274
              ],
              [
                14.612347,
                50.069393
              ],
              [
                14.612622,
                50.06866
              ],
              [
                14.612628,
                50.068277
              ],
              [
                14.612778,
                50.068021
              ],
              [
                14.613002,
                50.067854
              ],
              [
                14.613884,
                50.067582
              ],
              [
                14.613302,
                50.067351
              ],
              [
                14.613483,
                50.066894
              ],
              [
                14.613658,
                50.066764
              ],
              [
                14.617689,
                50.067885
              ],
              [
                14.617937,
                50.067107
              ],
              [
                14.617937,
                50.06621
              ],
              [
                14.618006,
                50.066025
              ],
              [
                14.619075,
                50.064763
              ],
              [
                14.619245,
                50.064864
              ],
              [
                14.620075,
                50.064884
              ],
              [
                14.621533,
                50.064768
              ],
              [
                14.622203,
                50.064631
              ],
              [
                14.6223,
                50.064367
              ],
              [
                14.622512,
                50.064329
              ],
              [
                14.622075,
                50.06322
              ],
              [
                14.622034,
                50.062815
              ],
              [
                14.624372,
                50.06269
              ],
              [
                14.624273,
                50.062357
              ],
              [
                14.623371,
                50.060917
              ],
              [
                14.627247,
                50.060573
              ],
              [
                14.62639,
                50.059335
              ],
              [
                14.62595,
                50.059339
              ],
              [
                14.624521,
                50.059111
              ],
              [
                14.625273,
                50.057765
              ],
              [
                14.625334,
                50.057772
              ],
              [
                14.625065,
                50.057292
              ],
              [
                14.625391,
                50.055562
              ],
              [
                14.627945,
                50.054903
              ],
              [
                14.627952,
                50.054961
              ],
              [
                14.631242,
                50.05352
              ],
              [
                14.632883,
                50.05493
              ],
              [
                14.6376,
                50.056113
              ],
              [
                14.637828,
                50.057097
              ],
              [
                14.638682,
                50.057019
              ],
              [
                14.638551,
                50.057294
              ],
              [
                14.639582,
                50.057396
              ],
              [
                14.639762,
                50.057354
              ],
              [
                14.640192,
                50.056895
              ],
              [
                14.643048,
                50.057556
              ],
              [
                14.643426,
                50.057823
              ],
              [
                14.643624,
                50.058088
              ],
              [
                14.644013,
                50.058259
              ],
              [
                14.645827,
                50.058735
              ],
              [
                14.644837,
                50.060056
              ],
              [
                14.652135,
                50.059538
              ],
              [
                14.651603,
                50.061103
              ],
              [
                14.65145,
                50.061954
              ],
              [
                14.652033,
                50.06191
              ],
              [
                14.654524,
                50.06136
              ],
              [
                14.655961,
                50.06126
              ],
              [
                14.657874,
                50.061277
              ],
              [
                14.658102,
                50.061066
              ],
              [
                14.658314,
                50.061463
              ],
              [
                14.658789,
                50.061427
              ],
              [
                14.658944,
                50.06174
              ],
              [
                14.658415,
                50.06169
              ],
              [
                14.658435,
                50.061957
              ],
              [
                14.658021,
                50.061926
              ],
              [
                14.657796,
                50.062122
              ],
              [
                14.658169,
                50.062284
              ],
              [
                14.660441,
                50.062702
              ],
              [
                14.661794,
                50.063084
              ],
              [
                14.66354,
                50.063194
              ],
              [
                14.666334,
                50.063788
              ],
              [
                14.667022,
                50.063861
              ],
              [
                14.667136,
                50.063785
              ],
              [
                14.668878,
                50.064997
              ],
              [
                14.669696,
                50.065438
              ],
              [
                14.673023,
                50.066918
              ],
              [
                14.674765,
                50.067558
              ],
              [
                14.675624,
                50.067754
              ],
              [
                14.676692,
                50.068185
              ],
              [
                14.677184,
                50.067967
              ],
              [
                14.679907,
                50.069097
              ],
              [
                14.680023,
                50.06904
              ],
              [
                14.682081,
                50.069136
              ],
              [
                14.682786,
                50.069327
              ],
              [
                14.683407,
                50.069669
              ],
              [
                14.683607,
                50.069602
              ],
              [
                14.689137,
                50.071182
              ],
              [
                14.689311,
                50.071323
              ],
              [
                14.690861,
                50.072018
              ],
              [
                14.693443,
                50.071832
              ],
              [
                14.699992,
                50.072129
              ],
              [
                14.701757,
                50.076568
              ],
              [
                14.702592,
                50.07655
              ],
              [
                14.705196,
                50.082894
              ],
              [
                14.706787,
                50.087019
              ],
              [
                14.706103,
                50.087405
              ],
              [
                14.705327,
                50.088305
              ],
              [
                14.705369,
                50.08885
              ],
              [
                14.705271,
                50.089334
              ],
              [
                14.705346,
                50.090171
              ],
              [
                14.705099,
                50.090685
              ],
              [
                14.704742,
                50.090866
              ],
              [
                14.704693,
                50.091037
              ],
              [
                14.703917,
                50.091743
              ],
              [
                14.698403,
                50.093415
              ],
              [
                14.696128,
                50.094332
              ],
              [
                14.695443,
                50.094408
              ],
              [
                14.694194,
                50.094286
              ],
              [
                14.694082,
                50.094503
              ],
              [
                14.692692,
                50.095461
              ],
              [
                14.69053,
                50.095804
              ],
              [
                14.688694,
                50.0963
              ],
              [
                14.688555,
                50.098147
              ],
              [
                14.688646,
                50.098844
              ],
              [
                14.691196,
                50.099895
              ],
              [
                14.690329,
                50.100628
              ],
              [
                14.676803,
                50.101645
              ],
              [
                14.67189,
                50.103109
              ],
              [
                14.671804,
                50.102979
              ],
              [
                14.670761,
                50.103193
              ],
              [
                14.66898,
                50.103272
              ],
              [
                14.668843,
                50.103648
              ],
              [
                14.668594,
                50.103972
              ],
              [
                14.66736,
                50.103296
              ],
              [
                14.665884,
                50.102652
              ],
              [
                14.664646,
                50.103712
              ],
              [
                14.66444,
                50.103589
              ],
              [
                14.661553,
                50.105153
              ],
              [
                14.660621,
                50.106535
              ],
              [
                14.657436,
                50.106501
              ],
              [
                14.657406,
                50.106281
              ],
              [
                14.656634,
                50.105243
              ],
              [
                14.655832,
                50.104336
              ],
              [
                14.658301,
                50.10338
              ],
              [
                14.655436,
                50.101588
              ],
              [
                14.654525,
                50.101159
              ],
              [
                14.649835,
                50.100345
              ],
              [
                14.649851,
                50.099213
              ],
              [
                14.649721,
                50.098497
              ],
              [
                14.649772,
                50.098501
              ],
              [
                14.648708,
                50.09697
              ],
              [
                14.646562,
                50.097206
              ],
              [
                14.643521,
                50.097735
              ],
              [
                14.642796,
                50.092374
              ],
              [
                14.64253,
                50.092259
              ],
              [
                14.642513,
                50.092055
              ],
              [
                14.637686,
                50.090075
              ],
              [
                14.637634,
                50.09011
              ],
              [
                14.637797,
                50.090549
              ],
              [
                14.637719,
                50.091102
              ],
              [
                14.637861,
                50.091643
              ],
              [
                14.638002,
                50.091874
              ],
              [
                14.637921,
                50.092417
              ],
              [
                14.636081,
                50.092008
              ],
              [
                14.633162,
                50.091593
              ],
              [
                14.632917,
                50.092131
              ],
              [
                14.632337,
                50.092069
              ],
              [
                14.631177,
                50.092541
              ],
              [
                14.630452,
                50.092919
              ],
              [
                14.630428,
                50.093004
              ],
              [
                14.629061,
                50.093372
              ],
              [
                14.628063,
                50.093777
              ],
              [
                14.626811,
                50.094441
              ],
              [
                14.625914,
                50.094804
              ],
              [
                14.625964,
                50.095187
              ],
              [
                14.624434,
                50.095637
              ],
              [
                14.623985,
                50.094986
              ],
              [
                14.623306,
                50.093646
              ],
              [
                14.622557,
                50.093518
              ],
              [
                14.620537,
                50.093585
              ],
              [
                14.619011,
                50.09347
              ],
              [
                14.618866,
                50.093305
              ],
              [
                14.614332,
                50.09323
              ],
              [
                14.610849,
                50.092932
              ],
              [
                14.609736,
                50.092649
              ],
              [
                14.606529,
                50.092549
              ],
              [
                14.605919,
                50.092392
              ],
              [
                14.604107,
                50.092175
              ],
              [
                14.603921,
                50.089195
              ],
              [
                14.60465,
                50.089161
              ],
              [
                14.604691,
                50.087999
              ],
              [
                14.605134,
                50.086768
              ],
              [
                14.604385,
                50.086661
              ],
              [
                14.603706,
                50.08646
              ],
              [
                14.602331,
                50.086307
              ],
              [
                14.601349,
                50.085943
              ],
              [
                14.601447,
                50.085704
              ],
              [
                14.601445,
                50.085222
              ],
              [
                14.60125,
                50.083994
              ],
              [
                14.601583,
                50.083811
              ],
              [
                14.601577,
                50.08344
              ],
              [
                14.596907,
                50.082898
              ],
              [
                14.595856,
                50.082697
              ],
              [
                14.595591,
                50.082341
              ],
              [
                14.594037,
                50.081566
              ],
              [
                14.593058,
                50.081482
              ],
              [
                14.590787,
                50.08165
              ],
              [
                14.585502,
                50.082493
              ]
            ]
          ]
        ]
      }
    },
    {
      "type": "Feature",
      "properties": {
        "name": "Praha 22",
        "slug": "praha-22",
        "osm_relation": 19999135,
        "in": {
          "en": "in Prague 22",
          "cs": "v Praze 22"
        }
      },
      "geometry": {
        "type": "MultiPolygon",
        "coordinates": [
          [
            [
              [
                14.569166,
                50.038077
              ],
              [
                14.570807,
                50.037369
              ],
              [
                14.572041,
                50.036683
              ],
              [
                14.571946,
                50.036614
              ],
              [
                14.57336,
                50.035759
              ],
              [
                14.57392,
                50.035245
              ],
              [
                14.573267,
                50.034967
              ],
              [
                14.574386,
                50.033918
              ],
              [
                14.575394,
                50.034309
              ],
              [
                14.576108,
                50.033911
              ],
              [
                14.576215,
                50.033989
              ],
              [
                14.577685,
                50.033132
              ],
              [
                14.579372,
                50.032486
              ],
              [
                14.578603,
                50.032011
              ],
              [
                14.577742,
                50.031635
              ],
              [
                14.577549,
                50.03216
              ],
              [
                14.577392,
                50.03221
              ],
              [
                14.576508,
                50.031817
              ],
              [
                14.575152,
                50.030638
              ],
              [
                14.572846,
                50.029756
              ],
              [
                14.572686,
                50.029925
              ],
              [
                14.570081,
                50.029275
              ],
              [
                14.570853,
                50.027472
              ],
              [
                14.570972,
                50.026321
              ],
              [
                14.571079,
                50.026002
              ],
              [
                14.571338,
                50.026061
              ],
              [
                14.571715,
                50.025977
              ],
              [
                14.572099,
                50.026001
              ],
              [
                14.572156,
                50.025922
              ],
              [
                14.572325,
                50.026052
              ],
              [
                14.57255,
                50.026014
              ],
              [
                14.572697,
                50.025911
              ],
              [
                14.572554,
                50.02572
              ],
              [
                14.572836,
                50.025482
              ],
              [
                14.57273,
                50.025373
              ],
              [
                14.572742,
                50.025184
              ],
              [
                14.572646,
                50.02512
              ],
              [
                14.572504,
                50.025209
              ],
              [
                14.572267,
                50.025156
              ],
              [
                14.572418,
                50.024963
              ],
              [
                14.572337,
                50.024861
              ],
              [
                14.572177,
                50.024847
              ],
              [
                14.572036,
                50.024554
              ],
              [
                14.571754,
                50.02462
              ],
              [
                14.571474,
                50.024577
              ],
              [
                14.571435,
                50.02467
              ],
              [
                14.571326,
                50.024622
              ],
              [
                14.571265,
                50.024548
              ],
              [
                14.571437,
                50.024447
              ],
              [
                14.57106,
                50.024305
              ],
              [
                14.57073,
                50.023932
              ],
              [
                14.571088,
                50.023289
              ],
              [
                14.571902,
                50.023038
              ],
              [
                14.573628,
                50.022939
              ],
              [
                14.573383,
                50.022198
              ],
              [
                14.57352,
                50.022132
              ],
              [
                14.573412,
                50.022054
              ],
              [
                14.572146,
                50.0225
              ],
              [
                14.571968,
                50.022215
              ],
              [
                14.57141,
                50.019266
              ],
              [
                14.571311,
                50.018104
              ],
              [
                14.57133,
                50.017861
              ],
              [
                14.573883,
                50.017571
              ],
              [
                14.573878,
                50.016304
              ],
              [
                14.574163,
                50.016285
              ],
              [
                14.574099,
                50.015861
              ],
              [
                14.573757,
                50.015043
              ],
              [
                14.573421,
                50.014754
              ],
              [
                14.573093,
                50.014702
              ],
              [
                14.573492,
                50.013718
              ],
              [
                14.57331,
                50.013699
              ],
              [
                14.573305,
                50.01319
              ],
              [
                14.573589,
                50.012696
              ],
              [
                14.573915,
                50.012374
              ],
              [
                14.575176,
                50.012605
              ],
              [
                14.575919,
                50.013374
              ],
              [
                14.576279,
                50.013597
              ],
              [
                14.582393,
                50.016363
              ],
              [
                14.581945,
                50.014085
              ],
              [
                14.58204,
                50.012563
              ],
              [
                14.581714,
                50.010951
              ],
              [
                14.581993,
                50.010979
              ],
              [
                14.582039,
                50.011048
              ],
              [
                14.584559,
                50.011135
              ],
              [
                14.587087,
                50.011453
              ],
              [
                14.588427,
                50.009168
              ],
              [
                14.588578,
                50.009
              ],
              [
                14.589162,
                50.008657
              ],
              [
                14.59109,
                50.009549
              ],
              [
                14.591751,
                50.009739
              ],
              [
                14.591933,
                50.009743
              ],
              [
                14.59256,
                50.009412
              ],
              [
                14.592878,
                50.009374
              ],
              [
                14.593852,
                50.009668
              ],
              [
                14.594408,
                50.010051
              ],
              [
                14.594964,
                50.009348
              ],
              [
                14.594694,
                50.008863
              ],
              [
                14.594625,
                50.008105
              ],
              [
                14.594675,
                50.007746
              ],
              [
                14.594972,
                50.007143
              ],
              [
                14.595699,
                50.007379
              ],
              [
                14.596236,
                50.007886
              ],
              [
                14.59664,
                50.008078
              ],
              [
                14.599157,
                50.00875
              ],
              [
                14.602264,
                50.009431
              ],
              [
                14.602345,
                50.007928
              ],
              [
                14.602944,
                50.006293
              ],
              [
                14.603901,
                50.001926
              ],
              [
                14.605632,
                50.002515
              ],
              [
                14.607831,
                50.002937
              ],
              [
                14.607958,
                50.002782
              ],
              [
                14.60795,
                50.00239
              ],
              [
                14.60869,
                50.001998
              ],
              [
                14.609243,
                50.001833
              ],
              [
                14.609329,
                50.001573
              ],
              [
                14.608799,
                50.001364
              ],
              [
                14.608612,
                50.001146
              ],
              [
                14.608253,
                50.000987
              ],
              [
                14.608258,
                50.000697
              ],
              [
                14.60859,
                50.000106
              ],
              [
                14.60948,
                49.999553
              ],
              [
                14.609673,
                49.999265
              ],
              [
                14.610087,
                49.998956
              ],
              [
                14.610085,
                49.998776
              ],
              [
                14.61083,
                49.998493
              ],
              [
                14.611222,
                49.998524
              ],
              [
                14.611443,
                49.998753
              ],
              [
                14.611689,
                49.998677
              ],
              [
                14.612267,
                49.998903
              ],
              [
                14.611351,
                49.999753
              ],
              [
                14.61141,
                49.999709
              ],
              [
                14.612724,
                50.000043
              ],
              [
                14.613489,
                49.999998
              ],
              [
                14.613856,
                49.999856
              ],
              [
                14.61479,
                49.99907
              ],
              [
                14.615533,
                49.998625
              ],
              [
                14.616829,
                49.998251
              ],
              [
                14.616983,
                49.998519
              ],
              [
                14.617778,
                49.998239
              ],
              [
                14.619194,
                49.997525
              ],
              [
                14.619409,
                49.997988
              ],
              [
                14.619491,
                49.998615
              ],
              [
                14.621324,
                49.998393
              ],
              [
                14.621409,
                49.9987
              ],
              [
                14.622347,
                49.998616
              ],
              [
                14.628184,
                49.996182
              ],
              [
                14.62916,
                49.995537
              ],
              [
                14.630177,
                49.995609
              ],
              [
                14.633996,
                49.99613
              ],
              [
                14.634775,
                49.995989
              ],
              [
                14.636622,
                49.995418
              ],
              [
                14.638706,
                49.995224
              ],
              [
                14.640152,
                49.994441
              ],
              [
                14.645321,
                49.997798
              ],
              [
                14.646923,
                49.998755
              ],
              [
                14.643207,
                50.001283
              ],
              [
                14.639218,
                50.005294
              ],
              [
                14.638728,
                50.005625
              ],
              [
                14.638289,
                50.005783
              ],
              [
                14.639655,
                50.006357
              ],
              [
                14.640889,
                50.006143
              ],
              [
                14.642416,
                50.006065
              ],
              [
                14.642941,
                50.006127
              ],
              [
                14.642696,
                50.006481
              ],
              [
                14.643814,
                50.006539
              ],
              [
                14.645105,
                50.005545
              ],
              [
                14.645357,
                50.005156
              ],
              [
                14.6452,
                50.004784
              ],
              [
                14.645496,
                50.004734
              ],
              [
                14.645803,
                50.005303
              ],
              [
                14.646256,
                50.005669
              ],
              [
                14.64681,
                50.005902
              ],
              [
                14.649804,
                50.008794
              ],
              [
                14.657785,
                50.004349
              ],
              [
                14.660521,
                50.006607
              ],
              [
                14.661214,
                50.007061
              ],
              [
                14.661811,
                50.007301
              ],
              [
                14.662619,
                50.008401
              ],
              [
                14.661962,
                50.008571
              ],
              [
                14.661619,
                50.009301
              ],
              [
                14.662864,
                50.010509
              ],
              [
                14.662895,
                50.010659
              ],
              [
                14.662669,
                50.010867
              ],
              [
                14.662878,
                50.011212
              ],
              [
                14.662784,
                50.011641
              ],
              [
                14.662199,
                50.012053
              ],
              [
                14.661277,
                50.012399
              ],
              [
                14.661585,
                50.012783
              ],
              [
                14.662537,
                50.012947
              ],
              [
                14.662705,
                50.013173
              ],
              [
                14.663039,
                50.01316
              ],
              [
                14.663194,
                50.013589
              ],
              [
                14.664195,
                50.013607
              ],
              [
                14.665303,
                50.013411
              ],
              [
                14.66601,
                50.01282
              ],
              [
                14.666723,
                50.013212
              ],
              [
                14.667078,
                50.013203
              ],
              [
                14.667276,
                50.013572
              ],
              [
                14.668548,
                50.013435
              ],
              [
                14.668544,
                50.014332
              ],
              [
                14.668876,
                50.015777
              ],
              [
                14.669017,
                50.01724
              ],
              [
                14.669438,
                50.018307
              ],
              [
                14.669537,
                50.018841
              ],
              [
                14.668034,
                50.018949
              ],
              [
                14.656127,
                50.030955
              ],
              [
                14.656701,
                50.034047
              ],
              [
                14.656957,
                50.037817
              ],
              [
                14.660824,
                50.037802
              ],
              [
                14.664409,
                50.038176
              ],
              [
                14.666851,
                50.038528
              ],
              [
                14.663077,
                50.041392
              ],
              [
                14.66148,
                50.043018
              ],
              [
                14.660664,
                50.04404
              ],
              [
                14.660147,
                50.044958
              ],
              [
                14.656999,
                50.046875
              ],
              [
                14.656492,
                50.047222
              ],
              [
                14.654839,
                50.048638
              ],
              [
                14.653867,
                50.049254
              ],
              [
                14.65304,
                50.048671
              ],
              [
                14.652529,
                50.047946
              ],
              [
                14.651977,
                50.047375
              ],
              [
                14.650362,
                50.046322
              ],
              [
                14.649607,
                50.045651
              ],
              [
                14.649074,
                50.045082
              ],
              [
                14.64849,
                50.044156
              ],
              [
                14.647946,
                50.043668
              ],
              [
                14.647488,
                50.043378
              ],
              [
                14.646363,
                50.042868
              ],
              [
                14.64491,
                50.042373
              ],
              [
                14.644039,
                50.042183
              ],
              [
                14.643708,
                50.0432
              ],
              [
                14.643685,
                50.044168
              ],
              [
                14.642937,
                50.045195
              ],
              [
                14.641278,
                50.047045
              ],
              [
                14.64022,
                50.048413
              ],
              [
                14.640785,
                50.048616
              ],
              [
                14.640984,
                50.048848
              ],
              [
                14.640733,
                50.049697
              ],
              [
                14.640629,
                50.05124
              ],
              [
                14.641214,
                50.052757
              ],
              [
                14.641349,
                50.054131
              ],
              [
                14.641328,
                50.054632
              ],
              [
                14.641259,
                50.054758
              ],
              [
                14.640764,
                50.054787
              ],
              [
                14.640601,
                50.054988
              ],
              [
                14.640192,
                50.056895
              ],
              [
                14.639969,
                50.057165
              ],
              [
                14.639762,
                50.057354
              ],
              [
                14.639582,
                50.057396
              ],
              [
                14.638551,
                50.057294
              ],
              [
                14.638682,
                50.057019
              ],
              [
                14.637828,
                50.057097
              ],
              [
                14.6376,
                50.056113
              ],
              [
                14.632883,
                50.05493
              ],
              [
                14.631242,
                50.05352
              ],
              [
                14.627952,
                50.054961
              ],
              [
                14.627945,
                50.054903
              ],
              [
                14.625391,
                50.055562
              ],
              [
                14.625065,
                50.057292
              ],
              [
                14.625334,
                50.057772
              ],
              [
                14.625273,
                50.057765
              ],
              [
                14.624521,
                50.059111
              ],
              [
                14.62595,
                50.059339
              ],
              [
                14.62639,
                50.059335
              ],
              [
                14.627247,
                50.060573
              ],
              [
                14.623371,
                50.060917
              ],
              [
                14.624273,
                50.062357
              ],
              [
                14.624372,
                50.06269
              ],
              [
                14.622034,
                50.062815
              ],
              [
                14.622061,
                50.06291
              ],
              [
                14.619904,
                50.062881
              ],
              [
                14.620783,
                50.061158
              ],
              [
                14.620961,
                50.060257
              ],
              [
                14.621029,
                50.058148
              ],
              [
                14.621242,
                50.057128
              ],
              [
                14.621228,
                50.056842
              ],
              [
                14.617253,
                50.057192
              ],
              [
                14.615729,
                50.057541
              ],
              [
                14.615673,
                50.057116
              ],
              [
                14.615712,
                50.055656
              ],
              [
                14.614342,
                50.055826
              ],
              [
                14.612448,
                50.056252
              ],
              [
                14.611801,
                50.05632
              ],
              [
                14.611783,
                50.056402
              ],
              [
                14.608186,
                50.056136
              ],
              [
                14.605834,
                50.055841
              ],
              [
                14.602405,
                50.055174
              ],
              [
                14.602336,
                50.055252
              ],
              [
                14.60211,
                50.055211
              ],
              [
                14.603115,
                50.053599
              ],
              [
                14.602901,
                50.053393
              ],
              [
                14.602601,
                50.053317
              ],
              [
                14.601736,
                50.053406
              ],
              [
                14.601071,
                50.053227
              ],
              [
                14.599766,
                50.053091
              ],
              [
                14.598973,
                50.054032
              ],
              [
                14.59788,
                50.053966
              ],
              [
                14.595741,
                50.05357
              ],
              [
                14.595942,
                50.052093
              ],
              [
                14.596484,
                50.05154
              ],
              [
                14.596694,
                50.05044
              ],
              [
                14.596118,
                50.04949
              ],
              [
                14.596437,
                50.048984
              ],
              [
                14.596264,
                50.04848
              ],
              [
                14.595972,
                50.04853
              ],
              [
                14.595887,
                50.048695
              ],
              [
                14.595548,
                50.048783
              ],
              [
                14.594483,
                50.048902
              ],
              [
                14.593077,
                50.048641
              ],
              [
                14.592733,
                50.048938
              ],
              [
                14.590813,
                50.048626
              ],
              [
                14.587195,
                50.048408
              ],
              [
                14.586386,
                50.04823
              ],
              [
                14.584958,
                50.04719
              ],
              [
                14.584339,
                50.046995
              ],
              [
                14.584214,
                50.047014
              ],
              [
                14.584035,
                50.047739
              ],
              [
                14.583726,
                50.04837
              ],
              [
                14.583335,
                50.048774
              ],
              [
                14.58211,
                50.049116
              ],
              [
                14.581924,
                50.049334
              ],
              [
                14.580186,
                50.049082
              ],
              [
                14.580112,
                50.049315
              ],
              [
                14.580071,
                50.048812
              ],
              [
                14.58092,
                50.048196
              ],
              [
                14.580618,
                50.047991
              ],
              [
                14.580788,
                50.047786
              ],
              [
                14.578669,
                50.045694
              ],
              [
                14.575762,
                50.043494
              ],
              [
                14.57627,
                50.04315
              ],
              [
                14.576826,
                50.042662
              ],
              [
                14.576834,
                50.042574
              ],
              [
                14.575563,
                50.041935
              ],
              [
                14.57417,
                50.041443
              ],
              [
                14.574127,
                50.041503
              ],
              [
                14.571451,
                50.041003
              ],
              [
                14.571325,
                50.040621
              ],
              [
                14.570678,
                50.040507
              ],
              [
                14.569887,
                50.04021
              ],
              [
                14.569493,
                50.039956
              ],
              [
                14.569018,
                50.03943
              ],
              [
                14.569206,
                50.038386
              ],
              [
                14.569166,
                50.038077
              ]
            ]
          ]
        ]
      }
    }
  ]
}
