{
  "type": "FeatureCollection",
  "source": "Stadt Wien – data.wien.gv.at (Creative Commons Namensnennung 4.0 International - CC BY 4.0)",
  "features": [
    {
      "type": "Feature",
      "properties": {
        "name": "Innere Stadt",
        "slug": "innere-stadt",
        "district_number": 1,
        "code": 1010,
        "in": {
          "en": "in the 1st district",
          "de": "im 1. Bezirk"
        }
      },
      "geometry": {
        "type": "MultiPolygon",
        "coordinates": [
          [
            [
              [
                16.369846,
                48.200579
              ],
              [
                16.373726,
                48.199632
              ],
              [
                16.373961,
                48.199635
              ],
              [
                16.376652,
                48.200314
              ],
              [
                16.378944,
                48.2026
              ],
              [
                16.380592,
                48.203976
              ],
              [
                16.381119,
                48.204548
              ],
              [
                16.384401,
                48.209067
              ],
              [
                16.384539,
                48.209443
              ],
              [
                16.384901,
                48.211355
              ],
              [
                16.384482,
                48.211392
              ],
              [
                16.384397,
                48.211675
              ],
              [
                16.384024,
                48.211826
              ],
              [
                16.38149,
                48.211672
              ],
              [
                16.379229,
                48.211843
              ],
              [
                16.377703,
                48.212152
              ],
              [
                16.376498,
                48.212603
              ],
              [
                16.375688,
                48.21307
              ],
              [
                16.375118,
                48.213559
              ],
              [
                16.373566,
                48.215757
              ],
              [
                16.373217,
                48.216144
              ],
              [
                16.370152,
                48.218495
              ],
              [
                16.369435,
                48.217955
              ],
              [
                16.360434,
                48.213811
              ],
              [
                16.356513,
                48.214343
              ],
              [
                16.355199,
                48.208604
              ],
              [
                16.355507,
                48.207463
              ],
              [
                16.355724,
                48.207058
              ],
              [
                16.361753,
                48.202504
              ],
              [
                16.363967,
                48.201367
              ],
              [
                16.364068,
                48.201173
              ],
              [
                16.36497,
                48.200667
              ],
              [
                16.366006,
                48.19985
              ],
              [
                16.365916,
                48.199802
              ],
              [
                16.365974,
                48.199527
              ],
              [
                16.367536,
                48.200407
              ],
              [
                16.36806,
                48.200608
              ],
              [
                16.369047,
                48.200721
              ],
              [
                16.369846,
                48.200579
              ]
            ]
          ]
        ]
      }
    },
    {
      "type": "Feature",
      "properties": {
        "name": "Leopoldstadt",
        "slug": "leopoldstadt",
        "district_number": 2,
        "code": 1020,
        "in": {
          "en": "in the 2nd district",
          "de": "im 2. Bezirk"
        }
      },
      "geometry": {
        "type": "MultiPolygon",
        "coordinates": [
          [
            [
              [
                16.403453,
                48.231919
              ],
              [
                16.398135,
                48.236348
              ],
              [
                16.386785,
                48.230369
              ],
              [
                16.387913,
                48.229373
              ],
              [
                16.388181,
                48.228166
              ],
              [
                16.388049,
                48.228072
              ],
              [
                16.387965,
                48.227831
              ],
              [
                16.384699,
                48.226085
              ],
              [
                16.383349,
                48.22561
              ],
              [
                16.38312,
                48.225627
              ],
              [
                16.381307,
                48.227913
              ],
              [
                16.38047,
                48.228314
              ],
              [
                16.380139,
                48.228301
              ],
              [
                16.37752,
                48.229572
              ],
              [
                16.372161,
                48.227835
              ],
              [
                16.370418,
                48.226169
              ],
              [
                16.370369,
                48.225822
              ],
              [
                16.369754,
                48.225614
              ],
              [
                16.369341,
                48.225683
              ],
              [
                16.367459,
                48.225107
              ],
              [
                16.367826,
                48.224108
              ],
              [
                16.36797,
                48.221564
              ],
              [
                16.368186,
                48.220547
              ],
              [
                16.368412,
                48.220007
              ],
              [
                16.369308,
                48.21906
              ],
              [
                16.370461,
                48.218284
              ],
              [
                16.373252,
                48.216112
              ],
              [
                16.374979,
                48.213719
              ],
              [
                16.375709,
                48.213055
              ],
              [
                16.377074,
                48.212357
              ],
              [
                16.378693,
                48.211932
              ],
              [
                16.379936,
                48.211754
              ],
              [
                16.381226,
                48.211676
              ],
              [
                16.384029,
                48.211825
              ],
              [
                16.3844,
                48.211673
              ],
              [
                16.384482,
                48.211392
              ],
              [
                16.384901,
                48.211355
              ],
              [
                16.385092,
                48.211843
              ],
              [
                16.385278,
                48.212004
              ],
              [
                16.386488,
                48.212466
              ],
              [
                16.386659,
                48.212643
              ],
              [
                16.387079,
                48.21281
              ],
              [
                16.388564,
                48.213137
              ],
              [
                16.389628,
                48.213176
              ],
              [
                16.39067,
                48.213065
              ],
              [
                16.392334,
                48.212683
              ],
              [
                16.393335,
                48.212278
              ],
              [
                16.394012,
                48.211858
              ],
              [
                16.394548,
                48.211362
              ],
              [
                16.39584,
                48.209409
              ],
              [
                16.396503,
                48.207863
              ],
              [
                16.397175,
                48.204839
              ],
              [
                16.397671,
                48.204049
              ],
              [
                16.398447,
                48.203335
              ],
              [
                16.399167,
                48.202889
              ],
              [
                16.400012,
                48.20256
              ],
              [
                16.404873,
                48.201613
              ],
              [
                16.405779,
                48.201326
              ],
              [
                16.406593,
                48.200935
              ],
              [
                16.407257,
                48.20048
              ],
              [
                16.407795,
                48.199956
              ],
              [
                16.410156,
                48.196749
              ],
              [
                16.411688,
                48.195508
              ],
              [
                16.413182,
                48.194534
              ],
              [
                16.421013,
                48.189919
              ],
              [
                16.422588,
                48.189112
              ],
              [
                16.42425,
                48.188419
              ],
              [
                16.430181,
                48.186604
              ],
              [
                16.460195,
                48.177877
              ],
              [
                16.467318,
                48.175722
              ],
              [
                16.475537,
                48.172597
              ],
              [
                16.479762,
                48.170747
              ],
              [
                16.479732,
                48.170693
              ],
              [
                16.482721,
                48.169643
              ],
              [
                16.484475,
                48.168858
              ],
              [
                16.490969,
                48.16674
              ],
              [
                16.495231,
                48.165089
              ],
              [
                16.498473,
                48.167179
              ],
              [
                16.491507,
                48.171324
              ],
              [
                16.485537,
                48.175043
              ],
              [
                16.478054,
                48.179843
              ],
              [
                16.455657,
                48.194624
              ],
              [
                16.450121,
                48.198353
              ],
              [
                16.437036,
                48.207329
              ],
              [
                16.425883,
                48.215161
              ],
              [
                16.416258,
                48.222124
              ],
              [
                16.407277,
                48.228927
              ],
              [
                16.403453,
                48.231919
              ]
            ]
          ]
        ]
      }
    },
    {
      "type": "Feature",
      "properties": {
        "name": "Landstraße",
        "slug": "landstrasse",
        "district_number": 3,
        "code": 1030,
        "in": {
          "en": "in the 3rd district",
          "de": "im 3. Bezirk"
        }
      },
      "geometry": {
        "type": "MultiPolygon",
        "coordinates": [
          [
            [
              [
                16.396617,
                48.207387
              ],
              [
                16.3964,
                48.208185
              ],
              [
                16.396043,
                48.20903
              ],
              [
                16.394789,
                48.211046
              ],
              [
                16.394214,
                48.211694
              ],
              [
                16.393416,
                48.212236
              ],
              [
                16.391915,
                48.2128
              ],
              [
                16.389841,
                48.213166
              ],
              [
                16.388226,
                48.213093
              ],
              [
                16.386713,
                48.21267
              ],
              [
                16.386488,
                48.212466
              ],
              [
                16.385296,
                48.212013
              ],
              [
                16.385105,
                48.211863
              ],
              [
                16.384905,
                48.211421
              ],
              [
                16.384539,
                48.209443
              ],
              [
                16.384401,
                48.209067
              ],
              [
                16.380902,
                48.204284
              ],
              [
                16.378944,
                48.2026
              ],
              [
                16.376652,
                48.200314
              ],
              [
                16.375214,
                48.199952
              ],
              [
                16.37545,
                48.199526
              ],
              [
                16.375054,
                48.198052
              ],
              [
                16.375135,
                48.197728
              ],
              [
                16.376997,
                48.194703
              ],
              [
                16.378503,
                48.192909
              ],
              [
                16.379217,
                48.191839
              ],
              [
                16.381136,
                48.188471
              ],
              [
                16.380993,
                48.188114
              ],
              [
                16.381047,
                48.188128
              ],
              [
                16.381434,
                48.18723
              ],
              [
                16.381704,
                48.186842
              ],
              [
                16.384136,
                48.184729
              ],
              [
                16.384874,
                48.183594
              ],
              [
                16.385506,
                48.182918
              ],
              [
                16.391287,
                48.17834
              ],
              [
                16.393468,
                48.176798
              ],
              [
                16.395452,
                48.175528
              ],
              [
                16.39707,
                48.175375
              ],
              [
                16.397742,
                48.178512
              ],
              [
                16.400235,
                48.179871
              ],
              [
                16.401375,
                48.181011
              ],
              [
                16.401618,
                48.181009
              ],
              [
                16.402263,
                48.181804
              ],
              [
                16.402706,
                48.18157
              ],
              [
                16.403448,
                48.182237
              ],
              [
                16.40299,
                48.182548
              ],
              [
                16.40415,
                48.183452
              ],
              [
                16.402828,
                48.184792
              ],
              [
                16.404618,
                48.185693
              ],
              [
                16.405688,
                48.184757
              ],
              [
                16.406263,
                48.185067
              ],
              [
                16.412842,
                48.183153
              ],
              [
                16.415055,
                48.185453
              ],
              [
                16.416014,
                48.185206
              ],
              [
                16.416945,
                48.184792
              ],
              [
                16.417273,
                48.18544
              ],
              [
                16.41781,
                48.185923
              ],
              [
                16.419746,
                48.185577
              ],
              [
                16.420447,
                48.187286
              ],
              [
                16.421426,
                48.186729
              ],
              [
                16.422437,
                48.186356
              ],
              [
                16.427121,
                48.18533
              ],
              [
                16.428289,
                48.18516
              ],
              [
                16.428802,
                48.185257
              ],
              [
                16.429494,
                48.185834
              ],
              [
                16.429789,
                48.185972
              ],
              [
                16.430243,
                48.186009
              ],
              [
                16.430801,
                48.185867
              ],
              [
                16.431112,
                48.18634
              ],
              [
                16.425119,
                48.188112
              ],
              [
                16.422697,
                48.189062
              ],
              [
                16.420887,
                48.18999
              ],
              [
                16.413253,
                48.194491
              ],
              [
                16.411644,
                48.195539
              ],
              [
                16.410335,
                48.196569
              ],
              [
                16.409838,
                48.197125
              ],
              [
                16.407752,
                48.200006
              ],
              [
                16.407133,
                48.200577
              ],
              [
                16.406365,
                48.201059
              ],
              [
                16.405613,
                48.201388
              ],
              [
                16.404808,
                48.201628
              ],
              [
                16.400155,
                48.20252
              ],
              [
                16.399452,
                48.202759
              ],
              [
                16.398811,
                48.203084
              ],
              [
                16.397857,
                48.203845
              ],
              [
                16.397256,
                48.204668
              ],
              [
                16.39705,
                48.2052
              ],
              [
                16.396617,
                48.207387
              ]
            ]
          ]
        ]
      }
    },
    {
      "type": "Feature",
      "properties": {
        "name": "Wieden",
        "slug": "wieden",
        "district_number": 4,
        "code": 1040,
        "in": {
          "en": "in the 4th district",
          "de": "im 4. Bezirk"
        }
      },
      "geometry": {
        "type": "MultiPolygon",
        "coordinates": [
          [
            [
              [
                16.373457,
                48.199691
              ],
              [
                16.369352,
                48.200687
              ],
              [
                16.368221,
                48.200647
              ],
              [
                16.367566,
                48.200422
              ],
              [
                16.365974,
                48.199527
              ],
              [
                16.365941,
                48.199684
              ],
              [
                16.361697,
                48.197363
              ],
              [
                16.35937,
                48.196712
              ],
              [
                16.360915,
                48.194848
              ],
              [
                16.362005,
                48.194198
              ],
              [
                16.36171,
                48.19393
              ],
              [
                16.364017,
                48.192162
              ],
              [
                16.363385,
                48.191327
              ],
              [
                16.362193,
                48.190139
              ],
              [
                16.364768,
                48.187986
              ],
              [
                16.368841,
                48.18383
              ],
              [
                16.371683,
                48.184764
              ],
              [
                16.372419,
                48.184794
              ],
              [
                16.373557,
                48.185141
              ],
              [
                16.373535,
                48.185707
              ],
              [
                16.373735,
                48.185973
              ],
              [
                16.37396,
                48.186079
              ],
              [
                16.380993,
                48.188114
              ],
              [
                16.381136,
                48.188471
              ],
              [
                16.379141,
                48.191962
              ],
              [
                16.378489,
                48.192926
              ],
              [
                16.377016,
                48.194675
              ],
              [
                16.375118,
                48.197759
              ],
              [
                16.375075,
                48.19825
              ],
              [
                16.37545,
                48.199526
              ],
              [
                16.375214,
                48.199952
              ],
              [
                16.373961,
                48.199635
              ],
              [
                16.373457,
                48.199691
              ]
            ]
          ]
        ]
      }
    },
    {
      "type": "Feature",
      "properties": {
        "name": "Margareten",
        "slug": "margareten",
        "district_number": 5,
        "code": 1050,
        "in": {
          "en": "in the 5th district",
          "de": "im 5. Bezirk"
        }
      },
      "geometry": {
        "type": "MultiPolygon",
        "coordinates": [
          [
            [
              [
                16.359449,
                48.196617
              ],
              [
                16.359193,
                48.196926
              ],
              [
                16.356662,
                48.196434
              ],
              [
                16.355695,
                48.196091
              ],
              [
                16.354845,
                48.195532
              ],
              [
                16.354514,
                48.195152
              ],
              [
                16.354343,
                48.194733
              ],
              [
                16.354452,
                48.193094
              ],
              [
                16.354141,
                48.192125
              ],
              [
                16.353285,
                48.190973
              ],
              [
                16.352578,
                48.190358
              ],
              [
                16.351954,
                48.189995
              ],
              [
                16.350673,
                48.189623
              ],
              [
                16.345542,
                48.188754
              ],
              [
                16.341743,
                48.188466
              ],
              [
                16.346679,
                48.182903
              ],
              [
                16.349475,
                48.179648
              ],
              [
                16.349736,
                48.17922
              ],
              [
                16.350555,
                48.179356
              ],
              [
                16.350822,
                48.179323
              ],
              [
                16.354715,
                48.179665
              ],
              [
                16.356925,
                48.180022
              ],
              [
                16.361259,
                48.181206
              ],
              [
                16.367027,
                48.183263
              ],
              [
                16.368841,
                48.18383
              ],
              [
                16.364768,
                48.187986
              ],
              [
                16.362193,
                48.190139
              ],
              [
                16.363385,
                48.191327
              ],
              [
                16.364017,
                48.192162
              ],
              [
                16.36171,
                48.19393
              ],
              [
                16.362005,
                48.194198
              ],
              [
                16.360915,
                48.194848
              ],
              [
                16.359449,
                48.196617
              ]
            ]
          ]
        ]
      }
    },
    {
      "type": "Feature",
      "properties": {
        "name": "Mariahilf",
        "slug": "mariahilf",
        "district_number": 6,
        "code": 1060,
        "in": {
          "en": "in the 6th district",
          "de": "im 6. Bezirk"
        }
      },
      "geometry": {
        "type": "MultiPolygon",
        "coordinates": [
          [
            [
              [
                16.363064,
                48.201827
              ],
              [
                16.361542,
                48.202662
              ],
              [
                16.36034,
                48.201628
              ],
              [
                16.359513,
                48.20119
              ],
              [
                16.355677,
                48.200271
              ],
              [
                16.35356,
                48.199631
              ],
              [
                16.348527,
                48.197747
              ],
              [
                16.347409,
                48.197421
              ],
              [
                16.344245,
                48.196721
              ],
              [
                16.339177,
                48.195848
              ],
              [
                16.339402,
                48.195056
              ],
              [
                16.339338,
                48.194754
              ],
              [
                16.339096,
                48.194293
              ],
              [
                16.3392,
                48.194266
              ],
              [
                16.337985,
                48.192088
              ],
              [
                16.337482,
                48.191356
              ],
              [
                16.337414,
                48.190871
              ],
              [
                16.337321,
                48.190863
              ],
              [
                16.33737,
                48.190575
              ],
              [
                16.337501,
                48.190593
              ],
              [
                16.338189,
                48.188992
              ],
              [
                16.338729,
                48.188649
              ],
              [
                16.339065,
                48.188309
              ],
              [
                16.340001,
                48.188429
              ],
              [
                16.341743,
                48.188466
              ],
              [
                16.345427,
                48.188738
              ],
              [
                16.350673,
                48.189623
              ],
              [
                16.351897,
                48.189969
              ],
              [
                16.35255,
                48.190338
              ],
              [
                16.353253,
                48.190942
              ],
              [
                16.354085,
                48.192022
              ],
              [
                16.354325,
                48.192548
              ],
              [
                16.354449,
                48.193056
              ],
              [
                16.35432,
                48.194445
              ],
              [
                16.354366,
                48.194825
              ],
              [
                16.354653,
                48.195341
              ],
              [
                16.355197,
                48.195799
              ],
              [
                16.355872,
                48.196173
              ],
              [
                16.356648,
                48.196431
              ],
              [
                16.359193,
                48.196926
              ],
              [
                16.35937,
                48.196712
              ],
              [
                16.361697,
                48.197363
              ],
              [
                16.365941,
                48.199684
              ],
              [
                16.365916,
                48.199802
              ],
              [
                16.366006,
                48.19985
              ],
              [
                16.364979,
                48.20066
              ],
              [
                16.364068,
                48.201173
              ],
              [
                16.364031,
                48.20133
              ],
              [
                16.363064,
                48.201827
              ]
            ]
          ]
        ]
      }
    },
    {
      "type": "Feature",
      "properties": {
        "name": "Neubau",
        "slug": "neubau",
        "district_number": 7,
        "code": 1070,
        "in": {
          "en": "in the 7th district",
          "de": "im 7. Bezirk"
        }
      },
      "geometry": {
        "type": "MultiPolygon",
        "coordinates": [
          [
            [
              [
                16.338725,
                48.208537
              ],
              [
                16.338448,
                48.208584
              ],
              [
                16.338335,
                48.208419
              ],
              [
                16.33827,
                48.208438
              ],
              [
                16.337403,
                48.20711
              ],
              [
                16.337469,
                48.207091
              ],
              [
                16.336997,
                48.206269
              ],
              [
                16.336896,
                48.20558
              ],
              [
                16.337268,
                48.20165
              ],
              [
                16.338578,
                48.198018
              ],
              [
                16.3386,
                48.197654
              ],
              [
                16.339252,
                48.195878
              ],
              [
                16.344245,
                48.196721
              ],
              [
                16.347409,
                48.197421
              ],
              [
                16.348527,
                48.197747
              ],
              [
                16.35356,
                48.199631
              ],
              [
                16.355677,
                48.200271
              ],
              [
                16.359513,
                48.20119
              ],
              [
                16.36034,
                48.201628
              ],
              [
                16.361542,
                48.202662
              ],
              [
                16.355879,
                48.206912
              ],
              [
                16.351442,
                48.206317
              ],
              [
                16.349253,
                48.206413
              ],
              [
                16.338725,
                48.208537
              ]
            ]
          ]
        ]
      }
    },
    {
      "type": "Feature",
      "properties": {
        "name": "Josefstadt",
        "slug": "josefstadt",
        "district_number": 8,
        "code": 1080,
        "in": {
          "en": "in the 8th district",
          "de": "im 8. Bezirk"
        }
      },
      "geometry": {
        "type": "MultiPolygon",
        "coordinates": [
          [
            [
              [
                16.349147,
                48.215158
              ],
              [
                16.34608,
                48.215369
              ],
              [
                16.340881,
                48.215175
              ],
              [
                16.339372,
                48.21242
              ],
              [
                16.339079,
                48.211654
              ],
              [
                16.339017,
                48.211652
              ],
              [
                16.33897,
                48.21131
              ],
              [
                16.339052,
                48.211193
              ],
              [
                16.338832,
                48.209476
              ],
              [
                16.338705,
                48.209051
              ],
              [
                16.338448,
                48.208584
              ],
              [
                16.349253,
                48.206413
              ],
              [
                16.351442,
                48.206317
              ],
              [
                16.355879,
                48.206912
              ],
              [
                16.355533,
                48.207393
              ],
              [
                16.355199,
                48.208604
              ],
              [
                16.356513,
                48.214343
              ],
              [
                16.35582,
                48.214616
              ],
              [
                16.355832,
                48.214741
              ],
              [
                16.350988,
                48.214968
              ],
              [
                16.349147,
                48.215158
              ]
            ]
          ]
        ]
      }
    },
    {
      "type": "Feature",
      "properties": {
        "name": "Alsergrund",
        "slug": "alsergrund",
        "district_number": 9,
        "code": 1090,
        "in": {
          "en": "in the 9th district",
          "de": "im 9. Bezirk"
        }
      },
      "geometry": {
        "type": "MultiPolygon",
        "coordinates": [
          [
            [
              [
                16.361652,
                48.231918
              ],
              [
                16.361211,
                48.233039
              ],
              [
                16.361111,
                48.233812
              ],
              [
                16.361269,
                48.235039
              ],
              [
                16.361622,
                48.236309
              ],
              [
                16.356749,
                48.236123
              ],
              [
                16.355959,
                48.233418
              ],
              [
                16.355369,
                48.232484
              ],
              [
                16.354955,
                48.232155
              ],
              [
                16.354461,
                48.231904
              ],
              [
                16.35406,
                48.232182
              ],
              [
                16.353077,
                48.231631
              ],
              [
                16.352122,
                48.231336
              ],
              [
                16.351021,
                48.23071
              ],
              [
                16.35058,
                48.230252
              ],
              [
                16.35036,
                48.229745
              ],
              [
                16.349522,
                48.225994
              ],
              [
                16.349333,
                48.225628
              ],
              [
                16.349298,
                48.225212
              ],
              [
                16.349349,
                48.225194
              ],
              [
                16.349097,
                48.224063
              ],
              [
                16.348758,
                48.223452
              ],
              [
                16.348305,
                48.223077
              ],
              [
                16.347732,
                48.222805
              ],
              [
                16.347295,
                48.222678
              ],
              [
                16.347197,
                48.222772
              ],
              [
                16.347031,
                48.222781
              ],
              [
                16.343966,
                48.221967
              ],
              [
                16.34357,
                48.221669
              ],
              [
                16.342319,
                48.218548
              ],
              [
                16.342598,
                48.218479
              ],
              [
                16.342448,
                48.21811
              ],
              [
                16.341942,
                48.217146
              ],
              [
                16.34178,
                48.217044
              ],
              [
                16.341652,
                48.216822
              ],
              [
                16.341561,
                48.216644
              ],
              [
                16.341599,
                48.216496
              ],
              [
                16.340881,
                48.215175
              ],
              [
                16.34608,
                48.215369
              ],
              [
                16.348637,
                48.215211
              ],
              [
                16.350988,
                48.214968
              ],
              [
                16.355832,
                48.214741
              ],
              [
                16.35582,
                48.214616
              ],
              [
                16.356565,
                48.214327
              ],
              [
                16.360434,
                48.213811
              ],
              [
                16.369435,
                48.217955
              ],
              [
                16.370152,
                48.218495
              ],
              [
                16.369693,
                48.218757
              ],
              [
                16.369104,
                48.219237
              ],
              [
                16.368446,
                48.219959
              ],
              [
                16.368283,
                48.220244
              ],
              [
                16.367937,
                48.221814
              ],
              [
                16.367823,
                48.224123
              ],
              [
                16.367628,
                48.224751
              ],
              [
                16.367312,
                48.22536
              ],
              [
                16.366652,
                48.226182
              ],
              [
                16.364405,
                48.227804
              ],
              [
                16.363465,
                48.228731
              ],
              [
                16.362902,
                48.229531
              ],
              [
                16.361652,
                48.231918
              ]
            ]
          ]
        ]
      }
    },
    {
      "type": "Feature",
      "properties": {
        "name": "Favoriten",
        "slug": "favoriten",
        "district_number": 10,
        "code": 1100,
        "in": {
          "en": "in the 10th district",
          "de": "im 10. Bezirk"
        }
      },
      "geometry": {
        "type": "MultiPolygon",
        "coordinates": [
          [
            [
              [
                16.383507,
                48.185301
              ],
              [
                16.381678,
                48.186871
              ],
              [
                16.381428,
                48.187243
              ],
              [
                16.381047,
                48.188128
              ],
              [
                16.37396,
                48.186079
              ],
              [
                16.373735,
                48.185973
              ],
              [
                16.373535,
                48.185707
              ],
              [
                16.373557,
                48.185141
              ],
              [
                16.372419,
                48.184794
              ],
              [
                16.371683,
                48.184764
              ],
              [
                16.367027,
                48.183263
              ],
              [
                16.360452,
                48.180952
              ],
              [
                16.356096,
                48.179851
              ],
              [
                16.353901,
                48.179588
              ],
              [
                16.350315,
                48.179334
              ],
              [
                16.34781,
                48.178818
              ],
              [
                16.347204,
                48.178662
              ],
              [
                16.346326,
                48.178183
              ],
              [
                16.34529,
                48.177789
              ],
              [
                16.343884,
                48.177067
              ],
              [
                16.342506,
                48.176611
              ],
              [
                16.341603,
                48.176419
              ],
              [
                16.342113,
                48.175285
              ],
              [
                16.343403,
                48.175369
              ],
              [
                16.343602,
                48.174939
              ],
              [
                16.34525,
                48.175033
              ],
              [
                16.345373,
                48.174308
              ],
              [
                16.345589,
                48.174038
              ],
              [
                16.346072,
                48.174203
              ],
              [
                16.346353,
                48.173904
              ],
              [
                16.347087,
                48.172906
              ],
              [
                16.347548,
                48.171878
              ],
              [
                16.345578,
                48.171703
              ],
              [
                16.345552,
                48.170787
              ],
              [
                16.345115,
                48.169893
              ],
              [
                16.343048,
                48.170312
              ],
              [
                16.337362,
                48.171042
              ],
              [
                16.335813,
                48.168576
              ],
              [
                16.331952,
                48.163372
              ],
              [
                16.333237,
                48.162433
              ],
              [
                16.334427,
                48.161192
              ],
              [
                16.336422,
                48.158051
              ],
              [
                16.338064,
                48.155198
              ],
              [
                16.338373,
                48.154794
              ],
              [
                16.338639,
                48.154492
              ],
              [
                16.339504,
                48.153875
              ],
              [
                16.341159,
                48.153219
              ],
              [
                16.344797,
                48.15252
              ],
              [
                16.348194,
                48.152
              ],
              [
                16.348172,
                48.151893
              ],
              [
                16.348434,
                48.151775
              ],
              [
                16.349175,
                48.151903
              ],
              [
                16.350318,
                48.151892
              ],
              [
                16.359026,
                48.15161
              ],
              [
                16.360373,
                48.151476
              ],
              [
                16.361982,
                48.151188
              ],
              [
                16.374047,
                48.148161
              ],
              [
                16.374533,
                48.148112
              ],
              [
                16.377118,
                48.147524
              ],
              [
                16.375758,
                48.144687
              ],
              [
                16.374174,
                48.142086
              ],
              [
                16.372777,
                48.142397
              ],
              [
                16.371349,
                48.143101
              ],
              [
                16.370925,
                48.141961
              ],
              [
                16.371927,
                48.141775
              ],
              [
                16.370088,
                48.138594
              ],
              [
                16.370763,
                48.138533
              ],
              [
                16.369177,
                48.135767
              ],
              [
                16.368958,
                48.135708
              ],
              [
                16.368131,
                48.134322
              ],
              [
                16.367815,
                48.133561
              ],
              [
                16.367719,
                48.133577
              ],
              [
                16.366849,
                48.131435
              ],
              [
                16.366567,
                48.131486
              ],
              [
                16.365637,
                48.128673
              ],
              [
                16.365985,
                48.128636
              ],
              [
                16.36589,
                48.1284
              ],
              [
                16.367514,
                48.128167
              ],
              [
                16.367507,
                48.127964
              ],
              [
                16.371557,
                48.127292
              ],
              [
                16.378207,
                48.126905
              ],
              [
                16.379396,
                48.126708
              ],
              [
                16.384488,
                48.12619
              ],
              [
                16.390643,
                48.124905
              ],
              [
                16.391057,
                48.124722
              ],
              [
                16.391019,
                48.124497
              ],
              [
                16.394417,
                48.123891
              ],
              [
                16.39576,
                48.123779
              ],
              [
                16.403389,
                48.122224
              ],
              [
                16.405122,
                48.121984
              ],
              [
                16.404849,
                48.120936
              ],
              [
                16.406507,
                48.120523
              ],
              [
                16.407127,
                48.120212
              ],
              [
                16.407532,
                48.119528
              ],
              [
                16.408292,
                48.117903
              ],
              [
                16.410524,
                48.118153
              ],
              [
                16.412823,
                48.118243
              ],
              [
                16.411705,
                48.120361
              ],
              [
                16.420495,
                48.120634
              ],
              [
                16.422102,
                48.121817
              ],
              [
                16.422907,
                48.123066
              ],
              [
                16.425517,
                48.122156
              ],
              [
                16.427957,
                48.121539
              ],
              [
                16.431409,
                48.120899
              ],
              [
                16.435131,
                48.120416
              ],
              [
                16.437022,
                48.119932
              ],
              [
                16.436312,
                48.121289
              ],
              [
                16.434497,
                48.124173
              ],
              [
                16.434285,
                48.124716
              ],
              [
                16.434094,
                48.126085
              ],
              [
                16.434031,
                48.127337
              ],
              [
                16.434079,
                48.129812
              ],
              [
                16.433918,
                48.130981
              ],
              [
                16.433905,
                48.131038
              ],
              [
                16.433562,
                48.130909
              ],
              [
                16.433321,
                48.130976
              ],
              [
                16.433261,
                48.131101
              ],
              [
                16.433484,
                48.13142
              ],
              [
                16.433438,
                48.131557
              ],
              [
                16.432807,
                48.131608
              ],
              [
                16.432782,
                48.131713
              ],
              [
                16.432815,
                48.134011
              ],
              [
                16.433127,
                48.137875
              ],
              [
                16.436224,
                48.137979
              ],
              [
                16.429965,
                48.147341
              ],
              [
                16.407172,
                48.167066
              ],
              [
                16.40551,
                48.16835
              ],
              [
                16.397149,
                48.174059
              ],
              [
                16.39721,
                48.174473
              ],
              [
                16.397122,
                48.174488
              ],
              [
                16.397075,
                48.174365
              ],
              [
                16.395758,
                48.175177
              ],
              [
                16.39579,
                48.175336
              ],
              [
                16.395503,
                48.175334
              ],
              [
                16.395282,
                48.175469
              ],
              [
                16.395462,
                48.175477
              ],
              [
                16.395425,
                48.175561
              ],
              [
                16.393468,
                48.176798
              ],
              [
                16.39011,
                48.179234
              ],
              [
                16.385506,
                48.182918
              ],
              [
                16.384874,
                48.183594
              ],
              [
                16.38417,
                48.184691
              ],
              [
                16.383507,
                48.185301
              ]
            ]
          ]
        ]
      }
    },
    {
      "type": "Feature",
      "properties": {
        "name": "Simmering",
        "slug": "simmering",
        "district_number": 11,
        "code": 1110,
        "in": {
          "en": "in the 11th district",
          "de": "im 11. Bezirk"
        }
      },
      "geometry": {
        "type": "MultiPolygon",
        "coordinates": [
          [
            [
              [
                16.425986,
                48.185575
              ],
              [
                16.422205,
                48.186423
              ],
              [
                16.421316,
                48.186782
              ],
              [
                16.420447,
                48.187286
              ],
              [
                16.419746,
                48.185577
              ],
              [
                16.41781,
                48.185923
              ],
              [
                16.417273,
                48.18544
              ],
              [
                16.416945,
                48.184792
              ],
              [
                16.416014,
                48.185206
              ],
              [
                16.415055,
                48.185453
              ],
              [
                16.412842,
                48.183153
              ],
              [
                16.406263,
                48.185067
              ],
              [
                16.405688,
                48.184757
              ],
              [
                16.404618,
                48.185693
              ],
              [
                16.402828,
                48.184792
              ],
              [
                16.40415,
                48.183452
              ],
              [
                16.40299,
                48.182548
              ],
              [
                16.403448,
                48.182237
              ],
              [
                16.402706,
                48.18157
              ],
              [
                16.402263,
                48.181804
              ],
              [
                16.401618,
                48.181009
              ],
              [
                16.401375,
                48.181011
              ],
              [
                16.400235,
                48.179871
              ],
              [
                16.397742,
                48.178512
              ],
              [
                16.39707,
                48.175375
              ],
              [
                16.395655,
                48.175534
              ],
              [
                16.395282,
                48.175469
              ],
              [
                16.395503,
                48.175334
              ],
              [
                16.39579,
                48.175336
              ],
              [
                16.395758,
                48.175177
              ],
              [
                16.397075,
                48.174365
              ],
              [
                16.397122,
                48.174488
              ],
              [
                16.39721,
                48.174473
              ],
              [
                16.397149,
                48.174059
              ],
              [
                16.40551,
                48.16835
              ],
              [
                16.407172,
                48.167066
              ],
              [
                16.429965,
                48.147341
              ],
              [
                16.436224,
                48.137979
              ],
              [
                16.445631,
                48.138485
              ],
              [
                16.451016,
                48.138681
              ],
              [
                16.453721,
                48.138982
              ],
              [
                16.454887,
                48.139341
              ],
              [
                16.456065,
                48.13985
              ],
              [
                16.458423,
                48.141387
              ],
              [
                16.458825,
                48.141435
              ],
              [
                16.461016,
                48.142788
              ],
              [
                16.461918,
                48.142902
              ],
              [
                16.466702,
                48.146263
              ],
              [
                16.466078,
                48.14654
              ],
              [
                16.466272,
                48.146721
              ],
              [
                16.467582,
                48.147623
              ],
              [
                16.467954,
                48.14778
              ],
              [
                16.468118,
                48.147936
              ],
              [
                16.468036,
                48.147982
              ],
              [
                16.468382,
                48.148238
              ],
              [
                16.471765,
                48.150423
              ],
              [
                16.473164,
                48.151404
              ],
              [
                16.473075,
                48.151462
              ],
              [
                16.473234,
                48.151574
              ],
              [
                16.477111,
                48.154142
              ],
              [
                16.477487,
                48.154561
              ],
              [
                16.477807,
                48.155139
              ],
              [
                16.477955,
                48.155555
              ],
              [
                16.478024,
                48.156097
              ],
              [
                16.478151,
                48.156129
              ],
              [
                16.477624,
                48.157436
              ],
              [
                16.477698,
                48.157442
              ],
              [
                16.477954,
                48.156814
              ],
              [
                16.478486,
                48.156562
              ],
              [
                16.479255,
                48.15649
              ],
              [
                16.480182,
                48.156122
              ],
              [
                16.480311,
                48.156138
              ],
              [
                16.480057,
                48.156555
              ],
              [
                16.488141,
                48.155178
              ],
              [
                16.489828,
                48.156267
              ],
              [
                16.492013,
                48.158027
              ],
              [
                16.493438,
                48.158815
              ],
              [
                16.496232,
                48.157321
              ],
              [
                16.497972,
                48.156624
              ],
              [
                16.49843,
                48.156208
              ],
              [
                16.506793,
                48.157615
              ],
              [
                16.513789,
                48.158928
              ],
              [
                16.497073,
                48.166274
              ],
              [
                16.495231,
                48.165089
              ],
              [
                16.490969,
                48.16674
              ],
              [
                16.484475,
                48.168858
              ],
              [
                16.482721,
                48.169643
              ],
              [
                16.479732,
                48.170693
              ],
              [
                16.479762,
                48.170747
              ],
              [
                16.47548,
                48.17262
              ],
              [
                16.468799,
                48.175203
              ],
              [
                16.466487,
                48.175984
              ],
              [
                16.431112,
                48.18634
              ],
              [
                16.430801,
                48.185867
              ],
              [
                16.43023,
                48.18601
              ],
              [
                16.429758,
                48.185963
              ],
              [
                16.429485,
                48.185828
              ],
              [
                16.428842,
                48.185281
              ],
              [
                16.428522,
                48.185167
              ],
              [
                16.427433,
                48.185273
              ],
              [
                16.425986,
                48.185575
              ]
            ]
          ]
        ]
      }
    },
    {
      "type": "Feature",
      "properties": {
        "name": "Meidling",
        "slug": "meidling",
        "district_number": 12,
        "code": 1120,
        "in": {
          "en": "in the 12th district",
          "de": "im 12. Bezirk"
        }
      },
      "geometry": {
        "type": "MultiPolygon",
        "coordinates": [
          [
            [
              [
                16.341743,
                48.188466
              ],
              [
                16.339529,
                48.188397
              ],
              [
                16.338363,
                48.188076
              ],
              [
                16.337198,
                48.187265
              ],
              [
                16.335962,
                48.185827
              ],
              [
                16.334563,
                48.184775
              ],
              [
                16.333559,
                48.184294
              ],
              [
                16.332573,
                48.183986
              ],
              [
                16.331851,
                48.183851
              ],
              [
                16.330143,
                48.183746
              ],
              [
                16.327998,
                48.183757
              ],
              [
                16.327159,
                48.18384
              ],
              [
                16.325838,
                48.184143
              ],
              [
                16.320141,
                48.185818
              ],
              [
                16.31932,
                48.184158
              ],
              [
                16.319024,
                48.182316
              ],
              [
                16.313846,
                48.175024
              ],
              [
                16.31303,
                48.174538
              ],
              [
                16.308002,
                48.170452
              ],
              [
                16.30208,
                48.171856
              ],
              [
                16.301121,
                48.172677
              ],
              [
                16.299139,
                48.171237
              ],
              [
                16.298881,
                48.170949
              ],
              [
                16.298625,
                48.170347
              ],
              [
                16.296422,
                48.170528
              ],
              [
                16.295651,
                48.168872
              ],
              [
                16.295711,
                48.16886
              ],
              [
                16.292908,
                48.163991
              ],
              [
                16.292207,
                48.162996
              ],
              [
                16.291837,
                48.162299
              ],
              [
                16.29601,
                48.161831
              ],
              [
                16.295118,
                48.161023
              ],
              [
                16.29436,
                48.160148
              ],
              [
                16.292815,
                48.157603
              ],
              [
                16.297475,
                48.156339
              ],
              [
                16.301021,
                48.158643
              ],
              [
                16.302892,
                48.159781
              ],
              [
                16.304094,
                48.160408
              ],
              [
                16.306026,
                48.159858
              ],
              [
                16.308711,
                48.159448
              ],
              [
                16.311104,
                48.158877
              ],
              [
                16.316518,
                48.158129
              ],
              [
                16.316338,
                48.157515
              ],
              [
                16.316406,
                48.157493
              ],
              [
                16.316607,
                48.157472
              ],
              [
                16.31878,
                48.157863
              ],
              [
                16.319101,
                48.15667
              ],
              [
                16.319255,
                48.156689
              ],
              [
                16.319302,
                48.156615
              ],
              [
                16.32147,
                48.156894
              ],
              [
                16.32183,
                48.157328
              ],
              [
                16.322843,
                48.157288
              ],
              [
                16.324254,
                48.157116
              ],
              [
                16.327093,
                48.15655
              ],
              [
                16.329134,
                48.155998
              ],
              [
                16.330585,
                48.155402
              ],
              [
                16.332652,
                48.157154
              ],
              [
                16.335106,
                48.158832
              ],
              [
                16.335645,
                48.159279
              ],
              [
                16.334735,
                48.160766
              ],
              [
                16.334056,
                48.161625
              ],
              [
                16.332931,
                48.162692
              ],
              [
                16.331952,
                48.163372
              ],
              [
                16.335813,
                48.168576
              ],
              [
                16.337362,
                48.171042
              ],
              [
                16.343048,
                48.170312
              ],
              [
                16.345115,
                48.169893
              ],
              [
                16.345552,
                48.170787
              ],
              [
                16.345578,
                48.171703
              ],
              [
                16.347548,
                48.171878
              ],
              [
                16.347087,
                48.172906
              ],
              [
                16.346353,
                48.173904
              ],
              [
                16.346072,
                48.174203
              ],
              [
                16.345589,
                48.174038
              ],
              [
                16.345373,
                48.174308
              ],
              [
                16.34525,
                48.175033
              ],
              [
                16.343602,
                48.174939
              ],
              [
                16.343403,
                48.175369
              ],
              [
                16.342113,
                48.175285
              ],
              [
                16.341603,
                48.176419
              ],
              [
                16.342506,
                48.176611
              ],
              [
                16.343884,
                48.177067
              ],
              [
                16.34529,
                48.177789
              ],
              [
                16.346326,
                48.178183
              ],
              [
                16.347204,
                48.178662
              ],
              [
                16.349736,
                48.17922
              ],
              [
                16.349475,
                48.179648
              ],
              [
                16.346679,
                48.182903
              ],
              [
                16.341743,
                48.188466
              ]
            ]
          ]
        ]
      }
    },
    {
      "type": "Feature",
      "properties": {
        "name": "Hietzing",
        "slug": "hietzing",
        "district_number": 13,
        "code": 1130,
        "in": {
          "en": "in the 13th district",
          "de": "im 13. Bezirk"
        }
      },
      "geometry": {
        "type": "MultiPolygon",
        "coordinates": [
          [
            [
              [
                16.214202,
                48.206546
              ],
              [
                16.213483,
                48.207052
              ],
              [
                16.210115,
                48.204703
              ],
              [
                16.209255,
                48.20478
              ],
              [
                16.208924,
                48.204151
              ],
              [
                16.207807,
                48.20307
              ],
              [
                16.205918,
                48.199737
              ],
              [
                16.205277,
                48.197739
              ],
              [
                16.203963,
                48.196379
              ],
              [
                16.20394,
                48.193873
              ],
              [
                16.203046,
                48.19095
              ],
              [
                16.199814,
                48.186165
              ],
              [
                16.195912,
                48.183813
              ],
              [
                16.193249,
                48.180634
              ],
              [
                16.190113,
                48.178887
              ],
              [
                16.187792,
                48.177105
              ],
              [
                16.187556,
                48.173868
              ],
              [
                16.187243,
                48.173608
              ],
              [
                16.18183,
                48.171121
              ],
              [
                16.182922,
                48.169754
              ],
              [
                16.184251,
                48.16923
              ],
              [
                16.184574,
                48.168943
              ],
              [
                16.193732,
                48.166355
              ],
              [
                16.196199,
                48.163951
              ],
              [
                16.197448,
                48.160916
              ],
              [
                16.1967,
                48.156556
              ],
              [
                16.198228,
                48.154138
              ],
              [
                16.201448,
                48.154791
              ],
              [
                16.203461,
                48.155507
              ],
              [
                16.224744,
                48.153003
              ],
              [
                16.227738,
                48.150907
              ],
              [
                16.230064,
                48.149463
              ],
              [
                16.232273,
                48.150817
              ],
              [
                16.246693,
                48.156402
              ],
              [
                16.252498,
                48.157658
              ],
              [
                16.256443,
                48.16002
              ],
              [
                16.257823,
                48.160227
              ],
              [
                16.257846,
                48.160178
              ],
              [
                16.258843,
                48.160327
              ],
              [
                16.262986,
                48.159935
              ],
              [
                16.26677,
                48.158533
              ],
              [
                16.273047,
                48.155864
              ],
              [
                16.279168,
                48.162689
              ],
              [
                16.280981,
                48.161457
              ],
              [
                16.279333,
                48.159645
              ],
              [
                16.281209,
                48.158769
              ],
              [
                16.285067,
                48.159269
              ],
              [
                16.285563,
                48.1586
              ],
              [
                16.286489,
                48.156878
              ],
              [
                16.286841,
                48.156572
              ],
              [
                16.286706,
                48.156343
              ],
              [
                16.286987,
                48.15636
              ],
              [
                16.287382,
                48.156494
              ],
              [
                16.287173,
                48.156771
              ],
              [
                16.291183,
                48.158143
              ],
              [
                16.291368,
                48.161542
              ],
              [
                16.291521,
                48.162162
              ],
              [
                16.291607,
                48.162347
              ],
              [
                16.291837,
                48.162299
              ],
              [
                16.292207,
                48.162996
              ],
              [
                16.292908,
                48.163991
              ],
              [
                16.295711,
                48.16886
              ],
              [
                16.295651,
                48.168872
              ],
              [
                16.296422,
                48.170528
              ],
              [
                16.298625,
                48.170347
              ],
              [
                16.298881,
                48.170949
              ],
              [
                16.299139,
                48.171237
              ],
              [
                16.301121,
                48.172677
              ],
              [
                16.30208,
                48.171856
              ],
              [
                16.308002,
                48.170452
              ],
              [
                16.31303,
                48.174538
              ],
              [
                16.313846,
                48.175024
              ],
              [
                16.319024,
                48.182316
              ],
              [
                16.31932,
                48.184158
              ],
              [
                16.320141,
                48.185818
              ],
              [
                16.316771,
                48.186726
              ],
              [
                16.313231,
                48.187372
              ],
              [
                16.304377,
                48.187706
              ],
              [
                16.292687,
                48.19014
              ],
              [
                16.289815,
                48.190651
              ],
              [
                16.283517,
                48.191573
              ],
              [
                16.279751,
                48.191993
              ],
              [
                16.269816,
                48.192915
              ],
              [
                16.26826,
                48.193144
              ],
              [
                16.265431,
                48.193848
              ],
              [
                16.264617,
                48.194394
              ],
              [
                16.26443,
                48.194423
              ],
              [
                16.26205,
                48.195598
              ],
              [
                16.260662,
                48.196196
              ],
              [
                16.251507,
                48.200582
              ],
              [
                16.249873,
                48.201129
              ],
              [
                16.249058,
                48.201293
              ],
              [
                16.24784,
                48.2014
              ],
              [
                16.246618,
                48.201089
              ],
              [
                16.246517,
                48.201473
              ],
              [
                16.246633,
                48.201469
              ],
              [
                16.246638,
                48.201532
              ],
              [
                16.243371,
                48.201674
              ],
              [
                16.241059,
                48.202014
              ],
              [
                16.239648,
                48.202367
              ],
              [
                16.238297,
                48.202826
              ],
              [
                16.237095,
                48.203351
              ],
              [
                16.235708,
                48.204091
              ],
              [
                16.234175,
                48.202366
              ],
              [
                16.232675,
                48.201897
              ],
              [
                16.232415,
                48.201865
              ],
              [
                16.232275,
                48.203057
              ],
              [
                16.22912,
                48.202477
              ],
              [
                16.228131,
                48.202463
              ],
              [
                16.225932,
                48.201853
              ],
              [
                16.223936,
                48.20268
              ],
              [
                16.22102,
                48.203745
              ],
              [
                16.220851,
                48.203719
              ],
              [
                16.21938,
                48.204227
              ],
              [
                16.219607,
                48.204252
              ],
              [
                16.215405,
                48.205808
              ],
              [
                16.214496,
                48.206487
              ],
              [
                16.214202,
                48.206546
              ]
            ]
          ]
        ]
      }
    },
    {
      "type": "Feature",
      "properties": {
        "name": "Penzing",
        "slug": "penzing",
        "district_number": 14,
        "code": 1140,
        "in": {
          "en": "in the 14th district",
          "de": "im 14. Bezirk"
        }
      },
      "geometry": {
        "type": "MultiPolygon",
        "coordinates": [
          [
            [
              [
                16.209138,
                48.264112
              ],
              [
                16.208633,
                48.264209
              ],
              [
                16.208186,
                48.264132
              ],
              [
                16.207476,
                48.263916
              ],
              [
                16.207418,
                48.263782
              ],
              [
                16.206751,
                48.263561
              ],
              [
                16.206491,
                48.263325
              ],
              [
                16.20601,
                48.263081
              ],
              [
                16.205825,
                48.262907
              ],
              [
                16.205817,
                48.262697
              ],
              [
                16.205631,
                48.26239
              ],
              [
                16.205227,
                48.262202
              ],
              [
                16.205157,
                48.262064
              ],
              [
                16.205492,
                48.261745
              ],
              [
                16.20568,
                48.261396
              ],
              [
                16.205625,
                48.261266
              ],
              [
                16.205663,
                48.260628
              ],
              [
                16.20548,
                48.2604
              ],
              [
                16.20566,
                48.260098
              ],
              [
                16.205361,
                48.259991
              ],
              [
                16.205394,
                48.259794
              ],
              [
                16.20523,
                48.259514
              ],
              [
                16.20493,
                48.259264
              ],
              [
                16.204761,
                48.259222
              ],
              [
                16.204723,
                48.259046
              ],
              [
                16.20494,
                48.259012
              ],
              [
                16.204922,
                48.258907
              ],
              [
                16.204703,
                48.258762
              ],
              [
                16.204822,
                48.258683
              ],
              [
                16.204933,
                48.258235
              ],
              [
                16.204851,
                48.257604
              ],
              [
                16.205339,
                48.257364
              ],
              [
                16.205264,
                48.257235
              ],
              [
                16.205716,
                48.256585
              ],
              [
                16.205673,
                48.256258
              ],
              [
                16.205589,
                48.256173
              ],
              [
                16.204797,
                48.256165
              ],
              [
                16.204846,
                48.255904
              ],
              [
                16.20479,
                48.255776
              ],
              [
                16.204062,
                48.255615
              ],
              [
                16.203843,
                48.255397
              ],
              [
                16.203404,
                48.255356
              ],
              [
                16.20331,
                48.255176
              ],
              [
                16.202909,
                48.254953
              ],
              [
                16.202837,
                48.254696
              ],
              [
                16.20219,
                48.25465
              ],
              [
                16.202068,
                48.254602
              ],
              [
                16.202015,
                48.254386
              ],
              [
                16.201883,
                48.254244
              ],
              [
                16.201649,
                48.254175
              ],
              [
                16.201371,
                48.254203
              ],
              [
                16.200967,
                48.253928
              ],
              [
                16.200501,
                48.253864
              ],
              [
                16.200193,
                48.253489
              ],
              [
                16.200041,
                48.253524
              ],
              [
                16.199897,
                48.253452
              ],
              [
                16.199865,
                48.253156
              ],
              [
                16.19976,
                48.253059
              ],
              [
                16.199409,
                48.252957
              ],
              [
                16.199022,
                48.252595
              ],
              [
                16.198884,
                48.252388
              ],
              [
                16.198929,
                48.252079
              ],
              [
                16.198759,
                48.251985
              ],
              [
                16.198733,
                48.251853
              ],
              [
                16.198115,
                48.251482
              ],
              [
                16.197831,
                48.250957
              ],
              [
                16.197106,
                48.250551
              ],
              [
                16.196317,
                48.249917
              ],
              [
                16.195978,
                48.249319
              ],
              [
                16.196096,
                48.249125
              ],
              [
                16.195934,
                48.248516
              ],
              [
                16.195959,
                48.248338
              ],
              [
                16.196108,
                48.248161
              ],
              [
                16.195934,
                48.247998
              ],
              [
                16.196277,
                48.247649
              ],
              [
                16.195353,
                48.246057
              ],
              [
                16.195236,
                48.245632
              ],
              [
                16.195048,
                48.245398
              ],
              [
                16.194788,
                48.245247
              ],
              [
                16.194566,
                48.244754
              ],
              [
                16.194089,
                48.244551
              ],
              [
                16.193933,
                48.244399
              ],
              [
                16.193611,
                48.243558
              ],
              [
                16.193552,
                48.243168
              ],
              [
                16.193837,
                48.242966
              ],
              [
                16.193683,
                48.24242
              ],
              [
                16.193791,
                48.242208
              ],
              [
                16.193894,
                48.242073
              ],
              [
                16.194482,
                48.24187
              ],
              [
                16.194364,
                48.241658
              ],
              [
                16.193879,
                48.241371
              ],
              [
                16.194149,
                48.241088
              ],
              [
                16.193894,
                48.241061
              ],
              [
                16.193852,
                48.240737
              ],
              [
                16.193907,
                48.240653
              ],
              [
                16.194097,
                48.240621
              ],
              [
                16.194447,
                48.240674
              ],
              [
                16.194483,
                48.240499
              ],
              [
                16.194383,
                48.24026
              ],
              [
                16.194406,
                48.239943
              ],
              [
                16.193952,
                48.239027
              ],
              [
                16.193933,
                48.238887
              ],
              [
                16.194061,
                48.238602
              ],
              [
                16.194299,
                48.23846
              ],
              [
                16.194019,
                48.238113
              ],
              [
                16.194181,
                48.23796
              ],
              [
                16.194072,
                48.237649
              ],
              [
                16.193561,
                48.237188
              ],
              [
                16.193448,
                48.236879
              ],
              [
                16.192891,
                48.236865
              ],
              [
                16.192515,
                48.236767
              ],
              [
                16.19255,
                48.236652
              ],
              [
                16.192949,
                48.236654
              ],
              [
                16.192974,
                48.236461
              ],
              [
                16.192769,
                48.236301
              ],
              [
                16.193638,
                48.235963
              ],
              [
                16.193344,
                48.235249
              ],
              [
                16.193114,
                48.235114
              ],
              [
                16.192994,
                48.234738
              ],
              [
                16.193213,
                48.234695
              ],
              [
                16.193197,
                48.234584
              ],
              [
                16.193414,
                48.234318
              ],
              [
                16.19356,
                48.234441
              ],
              [
                16.19367,
                48.234437
              ],
              [
                16.193491,
                48.234232
              ],
              [
                16.193628,
                48.234097
              ],
              [
                16.193652,
                48.23394
              ],
              [
                16.193594,
                48.233409
              ],
              [
                16.195956,
                48.232443
              ],
              [
                16.198064,
                48.23144
              ],
              [
                16.198055,
                48.231383
              ],
              [
                16.19826,
                48.231365
              ],
              [
                16.199553,
                48.230859
              ],
              [
                16.199505,
                48.230707
              ],
              [
                16.198923,
                48.230807
              ],
              [
                16.198272,
                48.230391
              ],
              [
                16.19889,
                48.229809
              ],
              [
                16.199088,
                48.229178
              ],
              [
                16.199101,
                48.228585
              ],
              [
                16.198318,
                48.229113
              ],
              [
                16.197777,
                48.229751
              ],
              [
                16.196726,
                48.229877
              ],
              [
                16.196424,
                48.229642
              ],
              [
                16.196395,
                48.229467
              ],
              [
                16.196187,
                48.229329
              ],
              [
                16.195412,
                48.229026
              ],
              [
                16.195309,
                48.229054
              ],
              [
                16.194482,
                48.228628
              ],
              [
                16.194477,
                48.228489
              ],
              [
                16.193967,
                48.228203
              ],
              [
                16.193482,
                48.22737
              ],
              [
                16.193204,
                48.227123
              ],
              [
                16.19303,
                48.227177
              ],
              [
                16.192639,
                48.226992
              ],
              [
                16.192073,
                48.22634
              ],
              [
                16.191526,
                48.226029
              ],
              [
                16.190984,
                48.225896
              ],
              [
                16.190925,
                48.225759
              ],
              [
                16.190715,
                48.225714
              ],
              [
                16.190695,
                48.225612
              ],
              [
                16.190435,
                48.225559
              ],
              [
                16.190408,
                48.225429
              ],
              [
                16.190233,
                48.225456
              ],
              [
                16.190034,
                48.225337
              ],
              [
                16.189728,
                48.225363
              ],
              [
                16.189233,
                48.225107
              ],
              [
                16.189015,
                48.225182
              ],
              [
                16.18858,
                48.225042
              ],
              [
                16.187675,
                48.225105
              ],
              [
                16.187117,
                48.224812
              ],
              [
                16.186405,
                48.224569
              ],
              [
                16.185873,
                48.224055
              ],
              [
                16.185456,
                48.223804
              ],
              [
                16.185169,
                48.223207
              ],
              [
                16.185507,
                48.223008
              ],
              [
                16.186077,
                48.223283
              ],
              [
                16.18782,
                48.223291
              ],
              [
                16.189975,
                48.223084
              ],
              [
                16.192446,
                48.223503
              ],
              [
                16.196116,
                48.223372
              ],
              [
                16.197771,
                48.222885
              ],
              [
                16.198287,
                48.222352
              ],
              [
                16.19823,
                48.22181
              ],
              [
                16.197663,
                48.221407
              ],
              [
                16.197071,
                48.221217
              ],
              [
                16.196551,
                48.220674
              ],
              [
                16.195276,
                48.219864
              ],
              [
                16.19504,
                48.219556
              ],
              [
                16.195459,
                48.219033
              ],
              [
                16.195494,
                48.218783
              ],
              [
                16.195863,
                48.218501
              ],
              [
                16.196221,
                48.21797
              ],
              [
                16.196202,
                48.217742
              ],
              [
                16.196378,
                48.217464
              ],
              [
                16.196236,
                48.217331
              ],
              [
                16.196361,
                48.217166
              ],
              [
                16.196306,
                48.217053
              ],
              [
                16.196133,
                48.217046
              ],
              [
                16.196096,
                48.216852
              ],
              [
                16.196346,
                48.216492
              ],
              [
                16.196858,
                48.216086
              ],
              [
                16.196719,
                48.215857
              ],
              [
                16.19707,
                48.215748
              ],
              [
                16.197123,
                48.215451
              ],
              [
                16.197349,
                48.215306
              ],
              [
                16.197691,
                48.214618
              ],
              [
                16.19759,
                48.214571
              ],
              [
                16.19773,
                48.214495
              ],
              [
                16.19778,
                48.21428
              ],
              [
                16.198344,
                48.214004
              ],
              [
                16.198665,
                48.213661
              ],
              [
                16.199183,
                48.213477
              ],
              [
                16.199198,
                48.213359
              ],
              [
                16.199436,
                48.2133
              ],
              [
                16.199481,
                48.21317
              ],
              [
                16.199862,
                48.213131
              ],
              [
                16.200155,
                48.212964
              ],
              [
                16.200345,
                48.213016
              ],
              [
                16.200435,
                48.212876
              ],
              [
                16.201548,
                48.212506
              ],
              [
                16.202238,
                48.212392
              ],
              [
                16.202999,
                48.212429
              ],
              [
                16.204735,
                48.212091
              ],
              [
                16.205082,
                48.21211
              ],
              [
                16.205295,
                48.21195
              ],
              [
                16.205333,
                48.211754
              ],
              [
                16.205696,
                48.211433
              ],
              [
                16.206229,
                48.211288
              ],
              [
                16.206468,
                48.211512
              ],
              [
                16.206926,
                48.211432
              ],
              [
                16.207131,
                48.211273
              ],
              [
                16.207657,
                48.2112
              ],
              [
                16.208017,
                48.211033
              ],
              [
                16.20844,
                48.210986
              ],
              [
                16.208985,
                48.210119
              ],
              [
                16.209622,
                48.209628
              ],
              [
                16.207537,
                48.208539
              ],
              [
                16.206754,
                48.207469
              ],
              [
                16.206297,
                48.207026
              ],
              [
                16.205389,
                48.206438
              ],
              [
                16.204593,
                48.206149
              ],
              [
                16.203815,
                48.205982
              ],
              [
                16.203091,
                48.205924
              ],
              [
                16.20265,
                48.20604
              ],
              [
                16.20297,
                48.205673
              ],
              [
                16.202998,
                48.205514
              ],
              [
                16.203347,
                48.205008
              ],
              [
                16.201931,
                48.204797
              ],
              [
                16.202013,
                48.204498
              ],
              [
                16.202332,
                48.204022
              ],
              [
                16.202633,
                48.203935
              ],
              [
                16.203362,
                48.203409
              ],
              [
                16.203947,
                48.203134
              ],
              [
                16.204792,
                48.202939
              ],
              [
                16.205493,
                48.202511
              ],
              [
                16.205897,
                48.202417
              ],
              [
                16.20679,
                48.202506
              ],
              [
                16.207393,
                48.20234
              ],
              [
                16.207807,
                48.20307
              ],
              [
                16.208924,
                48.204151
              ],
              [
                16.209255,
                48.20478
              ],
              [
                16.210115,
                48.204703
              ],
              [
                16.213483,
                48.207052
              ],
              [
                16.214234,
                48.206524
              ],
              [
                16.214319,
                48.206567
              ],
              [
                16.214496,
                48.206487
              ],
              [
                16.215405,
                48.205808
              ],
              [
                16.219607,
                48.204252
              ],
              [
                16.21938,
                48.204227
              ],
              [
                16.220851,
                48.203719
              ],
              [
                16.22102,
                48.203745
              ],
              [
                16.223936,
                48.20268
              ],
              [
                16.225932,
                48.201853
              ],
              [
                16.228131,
                48.202463
              ],
              [
                16.22912,
                48.202477
              ],
              [
                16.232275,
                48.203057
              ],
              [
                16.232415,
                48.201865
              ],
              [
                16.232675,
                48.201897
              ],
              [
                16.234175,
                48.202366
              ],
              [
                16.235708,
                48.204091
              ],
              [
                16.237095,
                48.203351
              ],
              [
                16.238297,
                48.202826
              ],
              [
                16.239648,
                48.202367
              ],
              [
                16.241059,
                48.202014
              ],
              [
                16.243371,
                48.201674
              ],
              [
                16.246638,
                48.201532
              ],
              [
                16.246633,
                48.201469
              ],
              [
                16.246517,
                48.201473
              ],
              [
                16.246618,
                48.201089
              ],
              [
                16.24784,
                48.2014
              ],
              [
                16.249058,
                48.201293
              ],
              [
                16.249873,
                48.201129
              ],
              [
                16.251507,
                48.200582
              ],
              [
                16.260662,
                48.196196
              ],
              [
                16.26205,
                48.195598
              ],
              [
                16.26443,
                48.194423
              ],
              [
                16.264617,
                48.194394
              ],
              [
                16.265431,
                48.193848
              ],
              [
                16.267452,
                48.193319
              ],
              [
                16.26885,
                48.193042
              ],
              [
                16.281542,
                48.191805
              ],
              [
                16.289518,
                48.190696
              ],
              [
                16.292834,
                48.190112
              ],
              [
                16.304056,
                48.187763
              ],
              [
                16.305038,
                48.187637
              ],
              [
                16.312635,
                48.187428
              ],
              [
                16.314218,
                48.187197
              ],
              [
                16.314442,
                48.187613
              ],
              [
                16.314694,
                48.187635
              ],
              [
                16.314871,
                48.187899
              ],
              [
                16.314474,
                48.188426
              ],
              [
                16.315435,
                48.190193
              ],
              [
                16.319455,
                48.18998
              ],
              [
                16.320342,
                48.190007
              ],
              [
                16.320312,
                48.190222
              ],
              [
                16.320544,
                48.190751
              ],
              [
                16.317514,
                48.191656
              ],
              [
                16.316929,
                48.191964
              ],
              [
                16.316373,
                48.192447
              ],
              [
                16.316916,
                48.193438
              ],
              [
                16.312781,
                48.194427
              ],
              [
                16.313927,
                48.196522
              ],
              [
                16.314356,
                48.19905
              ],
              [
                16.31863,
                48.199092
              ],
              [
                16.311406,
                48.202698
              ],
              [
                16.309371,
                48.203185
              ],
              [
                16.308916,
                48.203073
              ],
              [
                16.309027,
                48.203468
              ],
              [
                16.309011,
                48.20373
              ],
              [
                16.304775,
                48.204753
              ],
              [
                16.303624,
                48.204781
              ],
              [
                16.303555,
                48.204648
              ],
              [
                16.298883,
                48.205379
              ],
              [
                16.293945,
                48.207326
              ],
              [
                16.292142,
                48.207046
              ],
              [
                16.289993,
                48.206526
              ],
              [
                16.28917,
                48.206413
              ],
              [
                16.287244,
                48.206503
              ],
              [
                16.284557,
                48.206889
              ],
              [
                16.285208,
                48.207162
              ],
              [
                16.285888,
                48.207593
              ],
              [
                16.285591,
                48.21
              ],
              [
                16.285927,
                48.212383
              ],
              [
                16.285594,
                48.212552
              ],
              [
                16.285379,
                48.212837
              ],
              [
                16.285373,
                48.213928
              ],
              [
                16.285289,
                48.21399
              ],
              [
                16.28347,
                48.214187
              ],
              [
                16.282156,
                48.214699
              ],
              [
                16.281299,
                48.214909
              ],
              [
                16.27857,
                48.215003
              ],
              [
                16.278376,
                48.214781
              ],
              [
                16.278059,
                48.214717
              ],
              [
                16.277796,
                48.21478
              ],
              [
                16.277885,
                48.214961
              ],
              [
                16.277276,
                48.21507
              ],
              [
                16.276621,
                48.215107
              ],
              [
                16.27548,
                48.215033
              ],
              [
                16.27335,
                48.215457
              ],
              [
                16.273113,
                48.21552
              ],
              [
                16.271715,
                48.216339
              ],
              [
                16.271535,
                48.216516
              ],
              [
                16.271442,
                48.216777
              ],
              [
                16.270373,
                48.217414
              ],
              [
                16.27001,
                48.217507
              ],
              [
                16.269934,
                48.217442
              ],
              [
                16.269069,
                48.217426
              ],
              [
                16.26874,
                48.217557
              ],
              [
                16.268565,
                48.217507
              ],
              [
                16.267181,
                48.217744
              ],
              [
                16.266968,
                48.217859
              ],
              [
                16.265828,
                48.217807
              ],
              [
                16.264734,
                48.21758
              ],
              [
                16.26474,
                48.217517
              ],
              [
                16.263634,
                48.217837
              ],
              [
                16.263264,
                48.218327
              ],
              [
                16.262726,
                48.218668
              ],
              [
                16.260864,
                48.219246
              ],
              [
                16.26029,
                48.21951
              ],
              [
                16.25989,
                48.219565
              ],
              [
                16.258946,
                48.219496
              ],
              [
                16.25714,
                48.219793
              ],
              [
                16.256613,
                48.220059
              ],
              [
                16.256289,
                48.22033
              ],
              [
                16.255576,
                48.220473
              ],
              [
                16.253629,
                48.221449
              ],
              [
                16.252961,
                48.220805
              ],
              [
                16.252528,
                48.220597
              ],
              [
                16.252589,
                48.220433
              ],
              [
                16.252207,
                48.220357
              ],
              [
                16.252347,
                48.220269
              ],
              [
                16.252294,
                48.220221
              ],
              [
                16.251879,
                48.220315
              ],
              [
                16.251745,
                48.220186
              ],
              [
                16.251409,
                48.220133
              ],
              [
                16.251309,
                48.220217
              ],
              [
                16.250898,
                48.220114
              ],
              [
                16.250447,
                48.219792
              ],
              [
                16.250531,
                48.219621
              ],
              [
                16.249858,
                48.219303
              ],
              [
                16.249927,
                48.219184
              ],
              [
                16.2497,
                48.219049
              ],
              [
                16.249388,
                48.219289
              ],
              [
                16.250922,
                48.220687
              ],
              [
                16.251949,
                48.221967
              ],
              [
                16.253161,
                48.222994
              ],
              [
                16.253717,
                48.223907
              ],
              [
                16.254676,
                48.22524
              ],
              [
                16.25492,
                48.225739
              ],
              [
                16.255438,
                48.227235
              ],
              [
                16.255346,
                48.227931
              ],
              [
                16.255459,
                48.228451
              ],
              [
                16.255824,
                48.229104
              ],
              [
                16.256464,
                48.229857
              ],
              [
                16.256884,
                48.230138
              ],
              [
                16.260274,
                48.23148
              ],
              [
                16.261399,
                48.232047
              ],
              [
                16.262446,
                48.232739
              ],
              [
                16.263501,
                48.233852
              ],
              [
                16.267368,
                48.236112
              ],
              [
                16.269044,
                48.237665
              ],
              [
                16.26921,
                48.237991
              ],
              [
                16.268504,
                48.237537
              ],
              [
                16.268487,
                48.237412
              ],
              [
                16.26811,
                48.237167
              ],
              [
                16.267655,
                48.237211
              ],
              [
                16.267164,
                48.237367
              ],
              [
                16.266849,
                48.237252
              ],
              [
                16.266736,
                48.237419
              ],
              [
                16.266424,
                48.237448
              ],
              [
                16.266101,
                48.237372
              ],
              [
                16.266053,
                48.23769
              ],
              [
                16.265955,
                48.237673
              ],
              [
                16.265686,
                48.237842
              ],
              [
                16.265385,
                48.237795
              ],
              [
                16.265383,
                48.237701
              ],
              [
                16.265207,
                48.237821
              ],
              [
                16.264993,
                48.237773
              ],
              [
                16.264821,
                48.237992
              ],
              [
                16.264105,
                48.238245
              ],
              [
                16.26345,
                48.238208
              ],
              [
                16.26342,
                48.23828
              ],
              [
                16.262671,
                48.238567
              ],
              [
                16.262662,
                48.238746
              ],
              [
                16.262565,
                48.238808
              ],
              [
                16.262281,
                48.238808
              ],
              [
                16.26156,
                48.239014
              ],
              [
                16.261381,
                48.239137
              ],
              [
                16.261052,
                48.239071
              ],
              [
                16.260752,
                48.239239
              ],
              [
                16.259956,
                48.239336
              ],
              [
                16.259624,
                48.239442
              ],
              [
                16.259563,
                48.239601
              ],
              [
                16.259208,
                48.239746
              ],
              [
                16.25844,
                48.239648
              ],
              [
                16.257657,
                48.23985
              ],
              [
                16.255934,
                48.239881
              ],
              [
                16.255774,
                48.239961
              ],
              [
                16.254798,
                48.240074
              ],
              [
                16.254548,
                48.240232
              ],
              [
                16.251085,
                48.240362
              ],
              [
                16.250616,
                48.240225
              ],
              [
                16.250104,
                48.240297
              ],
              [
                16.248026,
                48.239463
              ],
              [
                16.24664,
                48.239068
              ],
              [
                16.245831,
                48.238943
              ],
              [
                16.245062,
                48.238939
              ],
              [
                16.244534,
                48.239026
              ],
              [
                16.243642,
                48.238829
              ],
              [
                16.242381,
                48.238778
              ],
              [
                16.241538,
                48.238318
              ],
              [
                16.241122,
                48.238786
              ],
              [
                16.240696,
                48.238823
              ],
              [
                16.240229,
                48.239283
              ],
              [
                16.239903,
                48.239301
              ],
              [
                16.239813,
                48.239521
              ],
              [
                16.239966,
                48.239709
              ],
              [
                16.239285,
                48.239877
              ],
              [
                16.239262,
                48.239954
              ],
              [
                16.238712,
                48.240013
              ],
              [
                16.238296,
                48.240259
              ],
              [
                16.238233,
                48.240417
              ],
              [
                16.238026,
                48.240492
              ],
              [
                16.237766,
                48.240785
              ],
              [
                16.237479,
                48.241568
              ],
              [
                16.237309,
                48.242778
              ],
              [
                16.237532,
                48.243367
              ],
              [
                16.238683,
                48.24402
              ],
              [
                16.238831,
                48.244871
              ],
              [
                16.23908,
                48.245465
              ],
              [
                16.239746,
                48.245855
              ],
              [
                16.239744,
                48.246395
              ],
              [
                16.241029,
                48.248114
              ],
              [
                16.241046,
                48.248378
              ],
              [
                16.239271,
                48.249074
              ],
              [
                16.239346,
                48.249214
              ],
              [
                16.238665,
                48.249317
              ],
              [
                16.236265,
                48.249986
              ],
              [
                16.235171,
                48.25004
              ],
              [
                16.233837,
                48.250278
              ],
              [
                16.233589,
                48.250711
              ],
              [
                16.232759,
                48.251201
              ],
              [
                16.231435,
                48.25163
              ],
              [
                16.229944,
                48.253042
              ],
              [
                16.227804,
                48.25401
              ],
              [
                16.226987,
                48.254493
              ],
              [
                16.226162,
                48.254588
              ],
              [
                16.226139,
                48.254765
              ],
              [
                16.226474,
                48.255026
              ],
              [
                16.223617,
                48.256263
              ],
              [
                16.221344,
                48.258193
              ],
              [
                16.220531,
                48.258569
              ],
              [
                16.219733,
                48.258613
              ],
              [
                16.217856,
                48.25924
              ],
              [
                16.216886,
                48.259402
              ],
              [
                16.216584,
                48.259644
              ],
              [
                16.216011,
                48.259715
              ],
              [
                16.215488,
                48.259936
              ],
              [
                16.214538,
                48.259818
              ],
              [
                16.21442,
                48.259895
              ],
              [
                16.214428,
                48.260041
              ],
              [
                16.214642,
                48.260245
              ],
              [
                16.214721,
                48.260475
              ],
              [
                16.214528,
                48.260807
              ],
              [
                16.212965,
                48.26156
              ],
              [
                16.209959,
                48.263752
              ],
              [
                16.209138,
                48.264112
              ]
            ]
          ]
        ]
      }
    },
    {
      "type": "Feature",
      "properties": {
        "name": "Rudolfsheim-Fünfhaus",
        "slug": "rudolfsheim-fuenfhaus",
        "district_number": 15,
        "code": 1150,
        "in": {
          "en": "in the 15th district",
          "de": "im 15. Bezirk"
        }
      },
      "geometry": {
        "type": "MultiPolygon",
        "coordinates": [
          [
            [
              [
                16.327324,
                48.205005
              ],
              [
                16.312727,
                48.207231
              ],
              [
                16.312514,
                48.206611
              ],
              [
                16.312553,
                48.206052
              ],
              [
                16.312387,
                48.205473
              ],
              [
                16.312506,
                48.205455
              ],
              [
                16.312609,
                48.20433
              ],
              [
                16.311605,
                48.204546
              ],
              [
                16.310695,
                48.202867
              ],
              [
                16.311406,
                48.202698
              ],
              [
                16.31863,
                48.199092
              ],
              [
                16.314356,
                48.19905
              ],
              [
                16.313927,
                48.196522
              ],
              [
                16.312781,
                48.194427
              ],
              [
                16.316916,
                48.193438
              ],
              [
                16.316373,
                48.192447
              ],
              [
                16.316929,
                48.191964
              ],
              [
                16.317514,
                48.191656
              ],
              [
                16.320544,
                48.190751
              ],
              [
                16.320312,
                48.190222
              ],
              [
                16.320342,
                48.190007
              ],
              [
                16.319455,
                48.18998
              ],
              [
                16.315435,
                48.190193
              ],
              [
                16.314474,
                48.188426
              ],
              [
                16.314871,
                48.187899
              ],
              [
                16.314694,
                48.187635
              ],
              [
                16.314442,
                48.187613
              ],
              [
                16.314218,
                48.187197
              ],
              [
                16.31698,
                48.186676
              ],
              [
                16.326697,
                48.183927
              ],
              [
                16.327926,
                48.18376
              ],
              [
                16.330631,
                48.183758
              ],
              [
                16.332439,
                48.183953
              ],
              [
                16.33362,
                48.184315
              ],
              [
                16.334257,
                48.184595
              ],
              [
                16.335908,
                48.185777
              ],
              [
                16.336976,
                48.187046
              ],
              [
                16.337403,
                48.187436
              ],
              [
                16.338363,
                48.188076
              ],
              [
                16.339065,
                48.188309
              ],
              [
                16.338729,
                48.188649
              ],
              [
                16.338189,
                48.188992
              ],
              [
                16.337501,
                48.190593
              ],
              [
                16.33737,
                48.190575
              ],
              [
                16.337321,
                48.190863
              ],
              [
                16.337414,
                48.190871
              ],
              [
                16.337482,
                48.191356
              ],
              [
                16.337985,
                48.192088
              ],
              [
                16.3392,
                48.194266
              ],
              [
                16.339096,
                48.194293
              ],
              [
                16.339339,
                48.194756
              ],
              [
                16.339402,
                48.195061
              ],
              [
                16.339168,
                48.195844
              ],
              [
                16.339252,
                48.195878
              ],
              [
                16.3386,
                48.197654
              ],
              [
                16.338578,
                48.198018
              ],
              [
                16.337268,
                48.20165
              ],
              [
                16.337019,
                48.204191
              ],
              [
                16.333663,
                48.204055
              ],
              [
                16.327324,
                48.205005
              ]
            ]
          ]
        ]
      }
    },
    {
      "type": "Feature",
      "properties": {
        "name": "Ottakring",
        "slug": "ottakring",
        "district_number": 16,
        "code": 1160,
        "in": {
          "en": "in the 16th district",
          "de": "im 16. Bezirk"
        }
      },
      "geometry": {
        "type": "MultiPolygon",
        "coordinates": [
          [
            [
              [
                16.276206,
                48.227037
              ],
              [
                16.27147,
                48.226829
              ],
              [
                16.271211,
                48.226725
              ],
              [
                16.269832,
                48.22659
              ],
              [
                16.269268,
                48.226585
              ],
              [
                16.268775,
                48.226674
              ],
              [
                16.268012,
                48.226541
              ],
              [
                16.266538,
                48.226539
              ],
              [
                16.265427,
                48.226062
              ],
              [
                16.26502,
                48.22601
              ],
              [
                16.264069,
                48.225659
              ],
              [
                16.263781,
                48.225663
              ],
              [
                16.263752,
                48.225499
              ],
              [
                16.263637,
                48.225449
              ],
              [
                16.262978,
                48.225392
              ],
              [
                16.262287,
                48.225065
              ],
              [
                16.26095,
                48.22468
              ],
              [
                16.260201,
                48.224714
              ],
              [
                16.259874,
                48.224912
              ],
              [
                16.259154,
                48.224805
              ],
              [
                16.258636,
                48.224869
              ],
              [
                16.258529,
                48.224777
              ],
              [
                16.258258,
                48.224874
              ],
              [
                16.258147,
                48.224715
              ],
              [
                16.257369,
                48.224232
              ],
              [
                16.257366,
                48.224067
              ],
              [
                16.257035,
                48.223986
              ],
              [
                16.257077,
                48.223865
              ],
              [
                16.256868,
                48.22373
              ],
              [
                16.256612,
                48.223237
              ],
              [
                16.25625,
                48.223167
              ],
              [
                16.256182,
                48.223024
              ],
              [
                16.255717,
                48.222838
              ],
              [
                16.255597,
                48.222638
              ],
              [
                16.255096,
                48.22254
              ],
              [
                16.254954,
                48.222327
              ],
              [
                16.254516,
                48.221982
              ],
              [
                16.253915,
                48.221718
              ],
              [
                16.253629,
                48.221449
              ],
              [
                16.255576,
                48.220473
              ],
              [
                16.256289,
                48.22033
              ],
              [
                16.256613,
                48.220059
              ],
              [
                16.25714,
                48.219793
              ],
              [
                16.258946,
                48.219496
              ],
              [
                16.25989,
                48.219565
              ],
              [
                16.26029,
                48.21951
              ],
              [
                16.260864,
                48.219246
              ],
              [
                16.262726,
                48.218668
              ],
              [
                16.263264,
                48.218327
              ],
              [
                16.263634,
                48.217837
              ],
              [
                16.26474,
                48.217517
              ],
              [
                16.264734,
                48.21758
              ],
              [
                16.265828,
                48.217807
              ],
              [
                16.266968,
                48.217859
              ],
              [
                16.267181,
                48.217744
              ],
              [
                16.268565,
                48.217507
              ],
              [
                16.26874,
                48.217557
              ],
              [
                16.269069,
                48.217426
              ],
              [
                16.269934,
                48.217442
              ],
              [
                16.27001,
                48.217507
              ],
              [
                16.270373,
                48.217414
              ],
              [
                16.271442,
                48.216777
              ],
              [
                16.271535,
                48.216516
              ],
              [
                16.271715,
                48.216339
              ],
              [
                16.273113,
                48.21552
              ],
              [
                16.27335,
                48.215457
              ],
              [
                16.27548,
                48.215033
              ],
              [
                16.276621,
                48.215107
              ],
              [
                16.277276,
                48.21507
              ],
              [
                16.277885,
                48.214961
              ],
              [
                16.277796,
                48.21478
              ],
              [
                16.278059,
                48.214717
              ],
              [
                16.278376,
                48.214781
              ],
              [
                16.27857,
                48.215003
              ],
              [
                16.281299,
                48.214909
              ],
              [
                16.282156,
                48.214699
              ],
              [
                16.28347,
                48.214187
              ],
              [
                16.285289,
                48.21399
              ],
              [
                16.285373,
                48.213928
              ],
              [
                16.285379,
                48.212837
              ],
              [
                16.285594,
                48.212552
              ],
              [
                16.285927,
                48.212383
              ],
              [
                16.285591,
                48.21
              ],
              [
                16.285888,
                48.207593
              ],
              [
                16.285208,
                48.207162
              ],
              [
                16.284557,
                48.206889
              ],
              [
                16.287244,
                48.206503
              ],
              [
                16.28917,
                48.206413
              ],
              [
                16.289993,
                48.206526
              ],
              [
                16.292142,
                48.207046
              ],
              [
                16.293945,
                48.207326
              ],
              [
                16.298883,
                48.205379
              ],
              [
                16.303555,
                48.204648
              ],
              [
                16.303624,
                48.204781
              ],
              [
                16.304919,
                48.204726
              ],
              [
                16.309011,
                48.20373
              ],
              [
                16.309027,
                48.203468
              ],
              [
                16.308916,
                48.203073
              ],
              [
                16.309371,
                48.203185
              ],
              [
                16.310695,
                48.202867
              ],
              [
                16.311605,
                48.204546
              ],
              [
                16.312609,
                48.20433
              ],
              [
                16.312506,
                48.205455
              ],
              [
                16.312387,
                48.205473
              ],
              [
                16.312553,
                48.206052
              ],
              [
                16.312514,
                48.206611
              ],
              [
                16.312727,
                48.207231
              ],
              [
                16.333663,
                48.204055
              ],
              [
                16.337019,
                48.204191
              ],
              [
                16.336896,
                48.20558
              ],
              [
                16.336997,
                48.206269
              ],
              [
                16.337469,
                48.207091
              ],
              [
                16.337403,
                48.20711
              ],
              [
                16.33827,
                48.208438
              ],
              [
                16.338335,
                48.208419
              ],
              [
                16.338503,
                48.208671
              ],
              [
                16.338789,
                48.209286
              ],
              [
                16.339036,
                48.211016
              ],
              [
                16.339031,
                48.2113
              ],
              [
                16.33897,
                48.21131
              ],
              [
                16.339017,
                48.211652
              ],
              [
                16.339079,
                48.211654
              ],
              [
                16.33926,
                48.212145
              ],
              [
                16.338417,
                48.212216
              ],
              [
                16.338581,
                48.215083
              ],
              [
                16.331691,
                48.214247
              ],
              [
                16.32562,
                48.213158
              ],
              [
                16.325316,
                48.21529
              ],
              [
                16.322269,
                48.215251
              ],
              [
                16.322553,
                48.216092
              ],
              [
                16.32079,
                48.21616
              ],
              [
                16.321165,
                48.217285
              ],
              [
                16.319883,
                48.217424
              ],
              [
                16.32091,
                48.220523
              ],
              [
                16.312754,
                48.223405
              ],
              [
                16.312134,
                48.222647
              ],
              [
                16.310363,
                48.222809
              ],
              [
                16.310367,
                48.222909
              ],
              [
                16.30973,
                48.223095
              ],
              [
                16.309553,
                48.22287
              ],
              [
                16.309123,
                48.22302
              ],
              [
                16.309184,
                48.223097
              ],
              [
                16.308427,
                48.22336
              ],
              [
                16.308242,
                48.223061
              ],
              [
                16.308284,
                48.222733
              ],
              [
                16.306802,
                48.222564
              ],
              [
                16.306203,
                48.224449
              ],
              [
                16.305789,
                48.224535
              ],
              [
                16.303904,
                48.224726
              ],
              [
                16.302454,
                48.224647
              ],
              [
                16.302845,
                48.224144
              ],
              [
                16.3028,
                48.223619
              ],
              [
                16.301277,
                48.223405
              ],
              [
                16.300046,
                48.223861
              ],
              [
                16.29907,
                48.224072
              ],
              [
                16.298989,
                48.224202
              ],
              [
                16.298736,
                48.224128
              ],
              [
                16.298457,
                48.224157
              ],
              [
                16.297372,
                48.224622
              ],
              [
                16.296356,
                48.224605
              ],
              [
                16.295673,
                48.224515
              ],
              [
                16.291441,
                48.223553
              ],
              [
                16.289946,
                48.222643
              ],
              [
                16.289262,
                48.222282
              ],
              [
                16.289185,
                48.222318
              ],
              [
                16.288697,
                48.221952
              ],
              [
                16.287949,
                48.22165
              ],
              [
                16.285952,
                48.221552
              ],
              [
                16.286648,
                48.222684
              ],
              [
                16.28677,
                48.223258
              ],
              [
                16.286886,
                48.223407
              ],
              [
                16.286772,
                48.223604
              ],
              [
                16.286822,
                48.224239
              ],
              [
                16.286316,
                48.224036
              ],
              [
                16.285609,
                48.224016
              ],
              [
                16.285305,
                48.223886
              ],
              [
                16.284374,
                48.223754
              ],
              [
                16.283162,
                48.224102
              ],
              [
                16.282281,
                48.224619
              ],
              [
                16.282003,
                48.225019
              ],
              [
                16.280307,
                48.225977
              ],
              [
                16.27995,
                48.225992
              ],
              [
                16.279121,
                48.22622
              ],
              [
                16.278805,
                48.22646
              ],
              [
                16.278415,
                48.226503
              ],
              [
                16.278114,
                48.226651
              ],
              [
                16.276961,
                48.226682
              ],
              [
                16.276702,
                48.226789
              ],
              [
                16.276456,
                48.226779
              ],
              [
                16.276206,
                48.227037
              ]
            ]
          ]
        ]
      }
    },
    {
      "type": "Feature",
      "properties": {
        "name": "Hernals",
        "slug": "hernals",
        "district_number": 17,
        "code": 1170,
        "in": {
          "en": "in the 17th district",
          "de": "im 17. Bezirk"
        }
      },
      "geometry": {
        "type": "MultiPolygon",
        "coordinates": [
          [
            [
              [
                16.285159,
                48.2568
              ],
              [
                16.285074,
                48.257116
              ],
              [
                16.285398,
                48.258069
              ],
              [
                16.285562,
                48.258325
              ],
              [
                16.284498,
                48.257904
              ],
              [
                16.282185,
                48.257632
              ],
              [
                16.281182,
                48.257216
              ],
              [
                16.280787,
                48.257138
              ],
              [
                16.280059,
                48.256766
              ],
              [
                16.279429,
                48.256651
              ],
              [
                16.27879,
                48.256659
              ],
              [
                16.277299,
                48.256915
              ],
              [
                16.276825,
                48.256892
              ],
              [
                16.275522,
                48.257019
              ],
              [
                16.272263,
                48.256189
              ],
              [
                16.270516,
                48.25536
              ],
              [
                16.269958,
                48.255156
              ],
              [
                16.268719,
                48.254883
              ],
              [
                16.264961,
                48.255033
              ],
              [
                16.264058,
                48.254923
              ],
              [
                16.264201,
                48.254536
              ],
              [
                16.26536,
                48.254402
              ],
              [
                16.265753,
                48.254438
              ],
              [
                16.26746,
                48.253991
              ],
              [
                16.268754,
                48.254045
              ],
              [
                16.269526,
                48.253923
              ],
              [
                16.269904,
                48.253621
              ],
              [
                16.270607,
                48.252837
              ],
              [
                16.270447,
                48.252356
              ],
              [
                16.270425,
                48.25194
              ],
              [
                16.269439,
                48.251475
              ],
              [
                16.268909,
                48.251317
              ],
              [
                16.266494,
                48.250046
              ],
              [
                16.26472,
                48.249296
              ],
              [
                16.264717,
                48.249174
              ],
              [
                16.265343,
                48.2483
              ],
              [
                16.265195,
                48.247921
              ],
              [
                16.264979,
                48.247717
              ],
              [
                16.264506,
                48.247429
              ],
              [
                16.263792,
                48.247215
              ],
              [
                16.263809,
                48.246856
              ],
              [
                16.263662,
                48.246823
              ],
              [
                16.263492,
                48.246897
              ],
              [
                16.263454,
                48.246811
              ],
              [
                16.26335,
                48.246973
              ],
              [
                16.263001,
                48.247061
              ],
              [
                16.262926,
                48.246663
              ],
              [
                16.262534,
                48.246306
              ],
              [
                16.261986,
                48.245989
              ],
              [
                16.261521,
                48.246163
              ],
              [
                16.26101,
                48.245487
              ],
              [
                16.260333,
                48.245761
              ],
              [
                16.259965,
                48.24577
              ],
              [
                16.259992,
                48.245867
              ],
              [
                16.259812,
                48.245867
              ],
              [
                16.259808,
                48.245776
              ],
              [
                16.259501,
                48.245787
              ],
              [
                16.25909,
                48.245998
              ],
              [
                16.258713,
                48.24607
              ],
              [
                16.258457,
                48.245707
              ],
              [
                16.258168,
                48.243968
              ],
              [
                16.257518,
                48.243388
              ],
              [
                16.256795,
                48.242958
              ],
              [
                16.257013,
                48.241502
              ],
              [
                16.256796,
                48.24107
              ],
              [
                16.256477,
                48.241193
              ],
              [
                16.256619,
                48.239881
              ],
              [
                16.257687,
                48.239847
              ],
              [
                16.25844,
                48.239648
              ],
              [
                16.259208,
                48.239746
              ],
              [
                16.259563,
                48.239601
              ],
              [
                16.259624,
                48.239442
              ],
              [
                16.259956,
                48.239336
              ],
              [
                16.260752,
                48.239239
              ],
              [
                16.261052,
                48.239071
              ],
              [
                16.261381,
                48.239137
              ],
              [
                16.26156,
                48.239014
              ],
              [
                16.262281,
                48.238808
              ],
              [
                16.262565,
                48.238808
              ],
              [
                16.262662,
                48.238746
              ],
              [
                16.262671,
                48.238567
              ],
              [
                16.26342,
                48.23828
              ],
              [
                16.26345,
                48.238208
              ],
              [
                16.264105,
                48.238245
              ],
              [
                16.264821,
                48.237992
              ],
              [
                16.264993,
                48.237773
              ],
              [
                16.265207,
                48.237821
              ],
              [
                16.265383,
                48.237701
              ],
              [
                16.265385,
                48.237795
              ],
              [
                16.265686,
                48.237842
              ],
              [
                16.265955,
                48.237673
              ],
              [
                16.266053,
                48.23769
              ],
              [
                16.266101,
                48.237372
              ],
              [
                16.266424,
                48.237448
              ],
              [
                16.266736,
                48.237419
              ],
              [
                16.266849,
                48.237252
              ],
              [
                16.267164,
                48.237367
              ],
              [
                16.267655,
                48.237211
              ],
              [
                16.26811,
                48.237167
              ],
              [
                16.268487,
                48.237412
              ],
              [
                16.268504,
                48.237537
              ],
              [
                16.269216,
                48.237969
              ],
              [
                16.269044,
                48.237665
              ],
              [
                16.267368,
                48.236112
              ],
              [
                16.263501,
                48.233852
              ],
              [
                16.262446,
                48.232739
              ],
              [
                16.261399,
                48.232047
              ],
              [
                16.260274,
                48.23148
              ],
              [
                16.256884,
                48.230138
              ],
              [
                16.256464,
                48.229857
              ],
              [
                16.255824,
                48.229104
              ],
              [
                16.255459,
                48.228451
              ],
              [
                16.255346,
                48.227931
              ],
              [
                16.255438,
                48.227235
              ],
              [
                16.25492,
                48.225739
              ],
              [
                16.254676,
                48.22524
              ],
              [
                16.253717,
                48.223907
              ],
              [
                16.253332,
                48.223215
              ],
              [
                16.252972,
                48.222803
              ],
              [
                16.251899,
                48.221917
              ],
              [
                16.250922,
                48.220687
              ],
              [
                16.249388,
                48.219289
              ],
              [
                16.2497,
                48.219049
              ],
              [
                16.249927,
                48.219184
              ],
              [
                16.249858,
                48.219303
              ],
              [
                16.250531,
                48.219621
              ],
              [
                16.250447,
                48.219792
              ],
              [
                16.250898,
                48.220114
              ],
              [
                16.251309,
                48.220217
              ],
              [
                16.251409,
                48.220133
              ],
              [
                16.251745,
                48.220186
              ],
              [
                16.251879,
                48.220315
              ],
              [
                16.252294,
                48.220221
              ],
              [
                16.252347,
                48.220269
              ],
              [
                16.252207,
                48.220357
              ],
              [
                16.252589,
                48.220433
              ],
              [
                16.252528,
                48.220597
              ],
              [
                16.253235,
                48.221021
              ],
              [
                16.253377,
                48.221251
              ],
              [
                16.253915,
                48.221718
              ],
              [
                16.254516,
                48.221982
              ],
              [
                16.254954,
                48.222327
              ],
              [
                16.255096,
                48.22254
              ],
              [
                16.255597,
                48.222638
              ],
              [
                16.255717,
                48.222838
              ],
              [
                16.256182,
                48.223024
              ],
              [
                16.25625,
                48.223167
              ],
              [
                16.256612,
                48.223237
              ],
              [
                16.256868,
                48.22373
              ],
              [
                16.257077,
                48.223865
              ],
              [
                16.257035,
                48.223986
              ],
              [
                16.257366,
                48.224067
              ],
              [
                16.257369,
                48.224232
              ],
              [
                16.258147,
                48.224715
              ],
              [
                16.258258,
                48.224874
              ],
              [
                16.258529,
                48.224777
              ],
              [
                16.258636,
                48.224869
              ],
              [
                16.259154,
                48.224805
              ],
              [
                16.259874,
                48.224912
              ],
              [
                16.260201,
                48.224714
              ],
              [
                16.26095,
                48.22468
              ],
              [
                16.262287,
                48.225065
              ],
              [
                16.262978,
                48.225392
              ],
              [
                16.263637,
                48.225449
              ],
              [
                16.263752,
                48.225499
              ],
              [
                16.263781,
                48.225663
              ],
              [
                16.264069,
                48.225659
              ],
              [
                16.26502,
                48.22601
              ],
              [
                16.265427,
                48.226062
              ],
              [
                16.266538,
                48.226539
              ],
              [
                16.268012,
                48.226541
              ],
              [
                16.268775,
                48.226674
              ],
              [
                16.269268,
                48.226585
              ],
              [
                16.269832,
                48.22659
              ],
              [
                16.271211,
                48.226725
              ],
              [
                16.27147,
                48.226829
              ],
              [
                16.276206,
                48.227037
              ],
              [
                16.276456,
                48.226779
              ],
              [
                16.276702,
                48.226789
              ],
              [
                16.276961,
                48.226682
              ],
              [
                16.278114,
                48.226651
              ],
              [
                16.278415,
                48.226503
              ],
              [
                16.278805,
                48.22646
              ],
              [
                16.279121,
                48.22622
              ],
              [
                16.27995,
                48.225992
              ],
              [
                16.280307,
                48.225977
              ],
              [
                16.282003,
                48.225019
              ],
              [
                16.282281,
                48.224619
              ],
              [
                16.283162,
                48.224102
              ],
              [
                16.284374,
                48.223754
              ],
              [
                16.285305,
                48.223886
              ],
              [
                16.285609,
                48.224016
              ],
              [
                16.286316,
                48.224036
              ],
              [
                16.286822,
                48.224239
              ],
              [
                16.286772,
                48.223604
              ],
              [
                16.286886,
                48.223407
              ],
              [
                16.28677,
                48.223258
              ],
              [
                16.286648,
                48.222684
              ],
              [
                16.285952,
                48.221552
              ],
              [
                16.287949,
                48.22165
              ],
              [
                16.288697,
                48.221952
              ],
              [
                16.289185,
                48.222318
              ],
              [
                16.289262,
                48.222282
              ],
              [
                16.289946,
                48.222643
              ],
              [
                16.291441,
                48.223553
              ],
              [
                16.295673,
                48.224515
              ],
              [
                16.296356,
                48.224605
              ],
              [
                16.297372,
                48.224622
              ],
              [
                16.298457,
                48.224157
              ],
              [
                16.298736,
                48.224128
              ],
              [
                16.298989,
                48.224202
              ],
              [
                16.29907,
                48.224072
              ],
              [
                16.300046,
                48.223861
              ],
              [
                16.301277,
                48.223405
              ],
              [
                16.3028,
                48.223619
              ],
              [
                16.302845,
                48.224144
              ],
              [
                16.302454,
                48.224647
              ],
              [
                16.303904,
                48.224726
              ],
              [
                16.305789,
                48.224535
              ],
              [
                16.306203,
                48.224449
              ],
              [
                16.306802,
                48.222564
              ],
              [
                16.308284,
                48.222733
              ],
              [
                16.308242,
                48.223061
              ],
              [
                16.308427,
                48.22336
              ],
              [
                16.309184,
                48.223097
              ],
              [
                16.309123,
                48.22302
              ],
              [
                16.309553,
                48.22287
              ],
              [
                16.30973,
                48.223095
              ],
              [
                16.310367,
                48.222909
              ],
              [
                16.310363,
                48.222809
              ],
              [
                16.312134,
                48.222647
              ],
              [
                16.312754,
                48.223405
              ],
              [
                16.32091,
                48.220523
              ],
              [
                16.319883,
                48.217424
              ],
              [
                16.321165,
                48.217285
              ],
              [
                16.32079,
                48.21616
              ],
              [
                16.322553,
                48.216092
              ],
              [
                16.322269,
                48.215251
              ],
              [
                16.325316,
                48.21529
              ],
              [
                16.32562,
                48.213158
              ],
              [
                16.331691,
                48.214247
              ],
              [
                16.338581,
                48.215083
              ],
              [
                16.338417,
                48.212216
              ],
              [
                16.33926,
                48.212145
              ],
              [
                16.341599,
                48.216496
              ],
              [
                16.341561,
                48.216644
              ],
              [
                16.341652,
                48.216822
              ],
              [
                16.341996,
                48.217246
              ],
              [
                16.338838,
                48.217691
              ],
              [
                16.339031,
                48.218302
              ],
              [
                16.339649,
                48.219661
              ],
              [
                16.33627,
                48.220362
              ],
              [
                16.3366,
                48.220752
              ],
              [
                16.335749,
                48.221116
              ],
              [
                16.336788,
                48.222442
              ],
              [
                16.336522,
                48.222614
              ],
              [
                16.336713,
                48.222846
              ],
              [
                16.332087,
                48.22512
              ],
              [
                16.331204,
                48.225311
              ],
              [
                16.328628,
                48.22644
              ],
              [
                16.328681,
                48.227153
              ],
              [
                16.327992,
                48.227462
              ],
              [
                16.327564,
                48.227749
              ],
              [
                16.326851,
                48.227279
              ],
              [
                16.326801,
                48.226992
              ],
              [
                16.326429,
                48.226793
              ],
              [
                16.32554,
                48.226527
              ],
              [
                16.325131,
                48.226495
              ],
              [
                16.324989,
                48.226567
              ],
              [
                16.324017,
                48.226657
              ],
              [
                16.322987,
                48.226639
              ],
              [
                16.322336,
                48.226754
              ],
              [
                16.323052,
                48.228211
              ],
              [
                16.3216,
                48.228437
              ],
              [
                16.321887,
                48.22926
              ],
              [
                16.318827,
                48.229649
              ],
              [
                16.317147,
                48.229983
              ],
              [
                16.316229,
                48.229985
              ],
              [
                16.316624,
                48.231469
              ],
              [
                16.315611,
                48.231586
              ],
              [
                16.315595,
                48.232543
              ],
              [
                16.312992,
                48.232165
              ],
              [
                16.312395,
                48.232159
              ],
              [
                16.311679,
                48.232179
              ],
              [
                16.310346,
                48.23238
              ],
              [
                16.309017,
                48.232704
              ],
              [
                16.308579,
                48.233047
              ],
              [
                16.308116,
                48.233268
              ],
              [
                16.306543,
                48.233657
              ],
              [
                16.305426,
                48.234115
              ],
              [
                16.304399,
                48.234381
              ],
              [
                16.302579,
                48.235068
              ],
              [
                16.302413,
                48.235031
              ],
              [
                16.302308,
                48.235223
              ],
              [
                16.302089,
                48.236457
              ],
              [
                16.301193,
                48.236452
              ],
              [
                16.30117,
                48.2364
              ],
              [
                16.300314,
                48.2372
              ],
              [
                16.299108,
                48.237735
              ],
              [
                16.296855,
                48.23782
              ],
              [
                16.296635,
                48.237484
              ],
              [
                16.296203,
                48.237183
              ],
              [
                16.295071,
                48.236795
              ],
              [
                16.294145,
                48.236652
              ],
              [
                16.2943,
                48.237946
              ],
              [
                16.294314,
                48.238825
              ],
              [
                16.294204,
                48.239613
              ],
              [
                16.292873,
                48.239579
              ],
              [
                16.291723,
                48.239665
              ],
              [
                16.288678,
                48.239404
              ],
              [
                16.285173,
                48.240029
              ],
              [
                16.283805,
                48.240586
              ],
              [
                16.283849,
                48.24086
              ],
              [
                16.284179,
                48.241166
              ],
              [
                16.284942,
                48.241502
              ],
              [
                16.285074,
                48.241455
              ],
              [
                16.285229,
                48.241618
              ],
              [
                16.285449,
                48.241581
              ],
              [
                16.285743,
                48.241774
              ],
              [
                16.287182,
                48.242158
              ],
              [
                16.288782,
                48.24228
              ],
              [
                16.289013,
                48.242407
              ],
              [
                16.289419,
                48.242448
              ],
              [
                16.289359,
                48.243281
              ],
              [
                16.290018,
                48.24336
              ],
              [
                16.290341,
                48.243536
              ],
              [
                16.290457,
                48.243763
              ],
              [
                16.290898,
                48.244129
              ],
              [
                16.29109,
                48.244514
              ],
              [
                16.291595,
                48.24452
              ],
              [
                16.292101,
                48.244301
              ],
              [
                16.293971,
                48.244701
              ],
              [
                16.293283,
                48.245816
              ],
              [
                16.291489,
                48.245662
              ],
              [
                16.288575,
                48.245692
              ],
              [
                16.287686,
                48.245808
              ],
              [
                16.284914,
                48.245568
              ],
              [
                16.283812,
                48.245668
              ],
              [
                16.283415,
                48.245805
              ],
              [
                16.282366,
                48.245862
              ],
              [
                16.282585,
                48.245965
              ],
              [
                16.282632,
                48.246193
              ],
              [
                16.282521,
                48.246247
              ],
              [
                16.282573,
                48.246387
              ],
              [
                16.282388,
                48.247227
              ],
              [
                16.282386,
                48.247622
              ],
              [
                16.28399,
                48.248545
              ],
              [
                16.286153,
                48.249433
              ],
              [
                16.286016,
                48.249593
              ],
              [
                16.286343,
                48.249945
              ],
              [
                16.288045,
                48.250546
              ],
              [
                16.288291,
                48.250713
              ],
              [
                16.28841,
                48.250977
              ],
              [
                16.287559,
                48.251045
              ],
              [
                16.287277,
                48.252729
              ],
              [
                16.286984,
                48.253178
              ],
              [
                16.286695,
                48.253094
              ],
              [
                16.286285,
                48.253731
              ],
              [
                16.286072,
                48.253718
              ],
              [
                16.285773,
                48.254942
              ],
              [
                16.286023,
                48.255602
              ],
              [
                16.285445,
                48.256026
              ],
              [
                16.285189,
                48.25632
              ],
              [
                16.285159,
                48.2568
              ]
            ]
          ]
        ]
      }
    },
    {
      "type": "Feature",
      "properties": {
        "name": "Währing",
        "slug": "waehring",
        "district_number": 18,
        "code": 1180,
        "in": {
          "en": "in the 18th district",
          "de": "im 18. Bezirk"
        }
      },
      "geometry": {
        "type": "MultiPolygon",
        "coordinates": [
          [
            [
              [
                16.295017,
                48.249609
              ],
              [
                16.291236,
                48.250402
              ],
              [
                16.289706,
                48.250515
              ],
              [
                16.28841,
                48.250977
              ],
              [
                16.288291,
                48.250713
              ],
              [
                16.288045,
                48.250546
              ],
              [
                16.286343,
                48.249945
              ],
              [
                16.286016,
                48.249593
              ],
              [
                16.286153,
                48.249433
              ],
              [
                16.28399,
                48.248545
              ],
              [
                16.282386,
                48.247622
              ],
              [
                16.282388,
                48.247227
              ],
              [
                16.282573,
                48.246387
              ],
              [
                16.282521,
                48.246247
              ],
              [
                16.282632,
                48.246193
              ],
              [
                16.282585,
                48.245965
              ],
              [
                16.282366,
                48.245862
              ],
              [
                16.283415,
                48.245805
              ],
              [
                16.283812,
                48.245668
              ],
              [
                16.284914,
                48.245568
              ],
              [
                16.287686,
                48.245808
              ],
              [
                16.288575,
                48.245692
              ],
              [
                16.291489,
                48.245662
              ],
              [
                16.293283,
                48.245816
              ],
              [
                16.293971,
                48.244701
              ],
              [
                16.292101,
                48.244301
              ],
              [
                16.291595,
                48.24452
              ],
              [
                16.29109,
                48.244514
              ],
              [
                16.290898,
                48.244129
              ],
              [
                16.290457,
                48.243763
              ],
              [
                16.290341,
                48.243536
              ],
              [
                16.290018,
                48.24336
              ],
              [
                16.289359,
                48.243281
              ],
              [
                16.289419,
                48.242448
              ],
              [
                16.289013,
                48.242407
              ],
              [
                16.288782,
                48.24228
              ],
              [
                16.287182,
                48.242158
              ],
              [
                16.285743,
                48.241774
              ],
              [
                16.285449,
                48.241581
              ],
              [
                16.285229,
                48.241618
              ],
              [
                16.285074,
                48.241455
              ],
              [
                16.284942,
                48.241502
              ],
              [
                16.284179,
                48.241166
              ],
              [
                16.283849,
                48.24086
              ],
              [
                16.283805,
                48.240586
              ],
              [
                16.285173,
                48.240029
              ],
              [
                16.288678,
                48.239404
              ],
              [
                16.291723,
                48.239665
              ],
              [
                16.292873,
                48.239579
              ],
              [
                16.294204,
                48.239613
              ],
              [
                16.294314,
                48.238825
              ],
              [
                16.2943,
                48.237946
              ],
              [
                16.294145,
                48.236652
              ],
              [
                16.295071,
                48.236795
              ],
              [
                16.296203,
                48.237183
              ],
              [
                16.296635,
                48.237484
              ],
              [
                16.296855,
                48.23782
              ],
              [
                16.299108,
                48.237735
              ],
              [
                16.300314,
                48.2372
              ],
              [
                16.30117,
                48.2364
              ],
              [
                16.301193,
                48.236452
              ],
              [
                16.302089,
                48.236457
              ],
              [
                16.302308,
                48.235223
              ],
              [
                16.302413,
                48.235031
              ],
              [
                16.302579,
                48.235068
              ],
              [
                16.304399,
                48.234381
              ],
              [
                16.305426,
                48.234115
              ],
              [
                16.306543,
                48.233657
              ],
              [
                16.308116,
                48.233268
              ],
              [
                16.308579,
                48.233047
              ],
              [
                16.309017,
                48.232704
              ],
              [
                16.310346,
                48.23238
              ],
              [
                16.311679,
                48.232179
              ],
              [
                16.312395,
                48.232159
              ],
              [
                16.312992,
                48.232165
              ],
              [
                16.315595,
                48.232543
              ],
              [
                16.315611,
                48.231586
              ],
              [
                16.316624,
                48.231469
              ],
              [
                16.316229,
                48.229985
              ],
              [
                16.317147,
                48.229983
              ],
              [
                16.318827,
                48.229649
              ],
              [
                16.321887,
                48.22926
              ],
              [
                16.3216,
                48.228437
              ],
              [
                16.323052,
                48.228211
              ],
              [
                16.322336,
                48.226754
              ],
              [
                16.322987,
                48.226639
              ],
              [
                16.324017,
                48.226657
              ],
              [
                16.324989,
                48.226567
              ],
              [
                16.325131,
                48.226495
              ],
              [
                16.32554,
                48.226527
              ],
              [
                16.326429,
                48.226793
              ],
              [
                16.326801,
                48.226992
              ],
              [
                16.326851,
                48.227279
              ],
              [
                16.327559,
                48.227751
              ],
              [
                16.327992,
                48.227462
              ],
              [
                16.328681,
                48.227153
              ],
              [
                16.328628,
                48.22644
              ],
              [
                16.331204,
                48.225311
              ],
              [
                16.332087,
                48.22512
              ],
              [
                16.336713,
                48.222846
              ],
              [
                16.336522,
                48.222614
              ],
              [
                16.336788,
                48.222442
              ],
              [
                16.335749,
                48.221116
              ],
              [
                16.3366,
                48.220752
              ],
              [
                16.33627,
                48.220362
              ],
              [
                16.339649,
                48.219661
              ],
              [
                16.339031,
                48.218302
              ],
              [
                16.338838,
                48.217691
              ],
              [
                16.341996,
                48.217246
              ],
              [
                16.342598,
                48.218479
              ],
              [
                16.342319,
                48.218548
              ],
              [
                16.343633,
                48.221727
              ],
              [
                16.343966,
                48.221967
              ],
              [
                16.347031,
                48.222781
              ],
              [
                16.347197,
                48.222772
              ],
              [
                16.347295,
                48.222678
              ],
              [
                16.347671,
                48.222785
              ],
              [
                16.3482,
                48.223014
              ],
              [
                16.348653,
                48.223338
              ],
              [
                16.348948,
                48.223699
              ],
              [
                16.349095,
                48.224055
              ],
              [
                16.349349,
                48.225194
              ],
              [
                16.349298,
                48.225212
              ],
              [
                16.349333,
                48.225628
              ],
              [
                16.349566,
                48.226163
              ],
              [
                16.35036,
                48.229745
              ],
              [
                16.350507,
                48.230132
              ],
              [
                16.350867,
                48.230582
              ],
              [
                16.351247,
                48.230864
              ],
              [
                16.352122,
                48.231336
              ],
              [
                16.352938,
                48.231574
              ],
              [
                16.353765,
                48.231992
              ],
              [
                16.353332,
                48.232159
              ],
              [
                16.352204,
                48.231934
              ],
              [
                16.350436,
                48.231948
              ],
              [
                16.350733,
                48.233033
              ],
              [
                16.350831,
                48.233696
              ],
              [
                16.349287,
                48.233808
              ],
              [
                16.349124,
                48.233134
              ],
              [
                16.34754,
                48.233358
              ],
              [
                16.347367,
                48.233101
              ],
              [
                16.344563,
                48.233515
              ],
              [
                16.344316,
                48.233791
              ],
              [
                16.343886,
                48.233613
              ],
              [
                16.342237,
                48.233856
              ],
              [
                16.337789,
                48.233853
              ],
              [
                16.337779,
                48.23709
              ],
              [
                16.330469,
                48.237078
              ],
              [
                16.330052,
                48.237142
              ],
              [
                16.323057,
                48.23953
              ],
              [
                16.322173,
                48.23973
              ],
              [
                16.320554,
                48.239937
              ],
              [
                16.320086,
                48.240076
              ],
              [
                16.319861,
                48.24019
              ],
              [
                16.320005,
                48.240291
              ],
              [
                16.320994,
                48.240593
              ],
              [
                16.321363,
                48.240844
              ],
              [
                16.3198,
                48.24111
              ],
              [
                16.317161,
                48.241845
              ],
              [
                16.316821,
                48.241811
              ],
              [
                16.316582,
                48.241609
              ],
              [
                16.314311,
                48.242408
              ],
              [
                16.311689,
                48.243185
              ],
              [
                16.310953,
                48.243557
              ],
              [
                16.310422,
                48.244023
              ],
              [
                16.309124,
                48.244735
              ],
              [
                16.309302,
                48.245267
              ],
              [
                16.307449,
                48.245519
              ],
              [
                16.307722,
                48.246933
              ],
              [
                16.305201,
                48.247974
              ],
              [
                16.304364,
                48.248254
              ],
              [
                16.302719,
                48.248616
              ],
              [
                16.296738,
                48.249145
              ],
              [
                16.295017,
                48.249609
              ]
            ]
          ]
        ]
      }
    },
    {
      "type": "Feature",
      "properties": {
        "name": "Döbling",
        "slug": "doebling",
        "district_number": 19,
        "code": 1190,
        "in": {
          "en": "in the 19th district",
          "de": "im 19. Bezirk"
        }
      },
      "geometry": {
        "type": "MultiPolygon",
        "coordinates": [
          [
            [
              [
                16.319933,
                48.240244
              ],
              [
                16.319861,
                48.24019
              ],
              [
                16.319915,
                48.240159
              ],
              [
                16.320453,
                48.239958
              ],
              [
                16.322223,
                48.239722
              ],
              [
                16.323135,
                48.239507
              ],
              [
                16.330222,
                48.237102
              ],
              [
                16.337779,
                48.23709
              ],
              [
                16.337789,
                48.233853
              ],
              [
                16.342237,
                48.233856
              ],
              [
                16.343886,
                48.233613
              ],
              [
                16.344316,
                48.233791
              ],
              [
                16.344563,
                48.233515
              ],
              [
                16.347367,
                48.233101
              ],
              [
                16.34754,
                48.233358
              ],
              [
                16.349124,
                48.233134
              ],
              [
                16.349287,
                48.233808
              ],
              [
                16.350831,
                48.233696
              ],
              [
                16.350733,
                48.233033
              ],
              [
                16.350436,
                48.231948
              ],
              [
                16.352204,
                48.231934
              ],
              [
                16.353332,
                48.232159
              ],
              [
                16.353765,
                48.231992
              ],
              [
                16.35406,
                48.232182
              ],
              [
                16.354461,
                48.231904
              ],
              [
                16.355336,
                48.232453
              ],
              [
                16.355844,
                48.23318
              ],
              [
                16.356749,
                48.236123
              ],
              [
                16.361622,
                48.236309
              ],
              [
                16.362233,
                48.237678
              ],
              [
                16.363028,
                48.239162
              ],
              [
                16.364704,
                48.241587
              ],
              [
                16.366256,
                48.243673
              ],
              [
                16.369429,
                48.246949
              ],
              [
                16.370458,
                48.248223
              ],
              [
                16.371265,
                48.249444
              ],
              [
                16.371609,
                48.250149
              ],
              [
                16.371786,
                48.250737
              ],
              [
                16.371852,
                48.251402
              ],
              [
                16.371798,
                48.251913
              ],
              [
                16.371433,
                48.252928
              ],
              [
                16.369048,
                48.257139
              ],
              [
                16.368913,
                48.257784
              ],
              [
                16.36908,
                48.257894
              ],
              [
                16.368993,
                48.258583
              ],
              [
                16.369109,
                48.258763
              ],
              [
                16.368964,
                48.2593
              ],
              [
                16.368825,
                48.259406
              ],
              [
                16.368231,
                48.261338
              ],
              [
                16.372389,
                48.262724
              ],
              [
                16.355959,
                48.283349
              ],
              [
                16.353508,
                48.283689
              ],
              [
                16.348125,
                48.290478
              ],
              [
                16.341203,
                48.288969
              ],
              [
                16.343157,
                48.287614
              ],
              [
                16.345176,
                48.285574
              ],
              [
                16.344578,
                48.28532
              ],
              [
                16.344632,
                48.285264
              ],
              [
                16.344476,
                48.285115
              ],
              [
                16.336675,
                48.281825
              ],
              [
                16.334284,
                48.281109
              ],
              [
                16.333157,
                48.281136
              ],
              [
                16.332234,
                48.280905
              ],
              [
                16.331728,
                48.280529
              ],
              [
                16.331669,
                48.280323
              ],
              [
                16.33132,
                48.280015
              ],
              [
                16.331146,
                48.279642
              ],
              [
                16.33053,
                48.278979
              ],
              [
                16.330347,
                48.278486
              ],
              [
                16.330314,
                48.278019
              ],
              [
                16.330179,
                48.277769
              ],
              [
                16.328963,
                48.277201
              ],
              [
                16.328134,
                48.277124
              ],
              [
                16.325449,
                48.277403
              ],
              [
                16.324082,
                48.27765
              ],
              [
                16.323126,
                48.278013
              ],
              [
                16.322555,
                48.278138
              ],
              [
                16.320719,
                48.2782
              ],
              [
                16.320329,
                48.278006
              ],
              [
                16.319305,
                48.277701
              ],
              [
                16.317861,
                48.277053
              ],
              [
                16.317553,
                48.276666
              ],
              [
                16.316896,
                48.276111
              ],
              [
                16.316762,
                48.275772
              ],
              [
                16.316247,
                48.275558
              ],
              [
                16.315147,
                48.274323
              ],
              [
                16.31458,
                48.273984
              ],
              [
                16.31229,
                48.273866
              ],
              [
                16.311593,
                48.273914
              ],
              [
                16.310578,
                48.273608
              ],
              [
                16.308366,
                48.27244
              ],
              [
                16.30721,
                48.272338
              ],
              [
                16.305859,
                48.271749
              ],
              [
                16.305412,
                48.271684
              ],
              [
                16.30451,
                48.271783
              ],
              [
                16.303583,
                48.272133
              ],
              [
                16.301197,
                48.272677
              ],
              [
                16.301665,
                48.273129
              ],
              [
                16.300345,
                48.273308
              ],
              [
                16.300321,
                48.273221
              ],
              [
                16.299736,
                48.273129
              ],
              [
                16.29929,
                48.272882
              ],
              [
                16.298905,
                48.27239
              ],
              [
                16.297284,
                48.271991
              ],
              [
                16.294484,
                48.272175
              ],
              [
                16.293783,
                48.271806
              ],
              [
                16.293328,
                48.271673
              ],
              [
                16.292187,
                48.271431
              ],
              [
                16.291307,
                48.271365
              ],
              [
                16.290643,
                48.270899
              ],
              [
                16.289018,
                48.270511
              ],
              [
                16.288681,
                48.270324
              ],
              [
                16.288312,
                48.269838
              ],
              [
                16.287728,
                48.26854
              ],
              [
                16.286998,
                48.268035
              ],
              [
                16.285997,
                48.267621
              ],
              [
                16.285885,
                48.26743
              ],
              [
                16.28617,
                48.266707
              ],
              [
                16.286503,
                48.266477
              ],
              [
                16.286801,
                48.266413
              ],
              [
                16.288691,
                48.266342
              ],
              [
                16.290151,
                48.266635
              ],
              [
                16.291316,
                48.266696
              ],
              [
                16.292521,
                48.265598
              ],
              [
                16.294082,
                48.264525
              ],
              [
                16.294096,
                48.263996
              ],
              [
                16.293228,
                48.263348
              ],
              [
                16.292692,
                48.262733
              ],
              [
                16.292098,
                48.262228
              ],
              [
                16.290872,
                48.262049
              ],
              [
                16.289498,
                48.261735
              ],
              [
                16.288578,
                48.261177
              ],
              [
                16.287948,
                48.260635
              ],
              [
                16.287115,
                48.260283
              ],
              [
                16.286282,
                48.259685
              ],
              [
                16.285844,
                48.25898
              ],
              [
                16.285761,
                48.258397
              ],
              [
                16.285562,
                48.258325
              ],
              [
                16.285398,
                48.258069
              ],
              [
                16.285074,
                48.257116
              ],
              [
                16.285189,
                48.25632
              ],
              [
                16.285445,
                48.256026
              ],
              [
                16.286023,
                48.255602
              ],
              [
                16.285773,
                48.254942
              ],
              [
                16.286072,
                48.253718
              ],
              [
                16.286285,
                48.253731
              ],
              [
                16.286695,
                48.253094
              ],
              [
                16.286984,
                48.253178
              ],
              [
                16.287168,
                48.252932
              ],
              [
                16.2874,
                48.25228
              ],
              [
                16.287559,
                48.251045
              ],
              [
                16.288391,
                48.250984
              ],
              [
                16.289706,
                48.250515
              ],
              [
                16.291236,
                48.250402
              ],
              [
                16.292872,
                48.250083
              ],
              [
                16.294015,
                48.24978
              ],
              [
                16.295576,
                48.249496
              ],
              [
                16.296738,
                48.249145
              ],
              [
                16.302404,
                48.248657
              ],
              [
                16.304645,
                48.248164
              ],
              [
                16.307722,
                48.246933
              ],
              [
                16.307449,
                48.245519
              ],
              [
                16.309302,
                48.245267
              ],
              [
                16.309124,
                48.244735
              ],
              [
                16.310422,
                48.244023
              ],
              [
                16.311107,
                48.243471
              ],
              [
                16.311689,
                48.243185
              ],
              [
                16.314311,
                48.242408
              ],
              [
                16.316582,
                48.241609
              ],
              [
                16.316821,
                48.241811
              ],
              [
                16.317161,
                48.241845
              ],
              [
                16.3198,
                48.24111
              ],
              [
                16.321363,
                48.240844
              ],
              [
                16.321007,
                48.240598
              ],
              [
                16.320306,
                48.240428
              ],
              [
                16.319933,
                48.240244
              ]
            ]
          ]
        ]
      }
    },
    {
      "type": "Feature",
      "properties": {
        "name": "Brigittenau",
        "slug": "brigittenau",
        "district_number": 20,
        "code": 1200,
        "in": {
          "en": "in the 20th district",
          "de": "im 20. Bezirk"
        }
      },
      "geometry": {
        "type": "MultiPolygon",
        "coordinates": [
          [
            [
              [
                16.373612,
                48.261269
              ],
              [
                16.372389,
                48.262724
              ],
              [
                16.368231,
                48.261338
              ],
              [
                16.368825,
                48.259406
              ],
              [
                16.368964,
                48.2593
              ],
              [
                16.369109,
                48.258763
              ],
              [
                16.368993,
                48.258583
              ],
              [
                16.36908,
                48.257894
              ],
              [
                16.368913,
                48.257784
              ],
              [
                16.369048,
                48.257139
              ],
              [
                16.371433,
                48.252928
              ],
              [
                16.371829,
                48.251758
              ],
              [
                16.371761,
                48.250624
              ],
              [
                16.371364,
                48.249628
              ],
              [
                16.370458,
                48.248223
              ],
              [
                16.369021,
                48.246484
              ],
              [
                16.366205,
                48.243613
              ],
              [
                16.363961,
                48.240556
              ],
              [
                16.363028,
                48.239162
              ],
              [
                16.361891,
                48.236969
              ],
              [
                16.361486,
                48.23589
              ],
              [
                16.361132,
                48.234157
              ],
              [
                16.361192,
                48.233108
              ],
              [
                16.361652,
                48.231918
              ],
              [
                16.362871,
                48.229587
              ],
              [
                16.363282,
                48.228951
              ],
              [
                16.364405,
                48.227804
              ],
              [
                16.366691,
                48.226148
              ],
              [
                16.367459,
                48.225107
              ],
              [
                16.369341,
                48.225683
              ],
              [
                16.369754,
                48.225614
              ],
              [
                16.370369,
                48.225822
              ],
              [
                16.370418,
                48.226169
              ],
              [
                16.372161,
                48.227835
              ],
              [
                16.37752,
                48.229572
              ],
              [
                16.380139,
                48.228301
              ],
              [
                16.38047,
                48.228314
              ],
              [
                16.381307,
                48.227913
              ],
              [
                16.383064,
                48.225666
              ],
              [
                16.383343,
                48.225608
              ],
              [
                16.384699,
                48.226085
              ],
              [
                16.387965,
                48.227831
              ],
              [
                16.388049,
                48.228072
              ],
              [
                16.388181,
                48.228166
              ],
              [
                16.387913,
                48.229373
              ],
              [
                16.386785,
                48.230369
              ],
              [
                16.398135,
                48.236348
              ],
              [
                16.395401,
                48.238708
              ],
              [
                16.391845,
                48.24195
              ],
              [
                16.384005,
                48.249608
              ],
              [
                16.378746,
                48.255191
              ],
              [
                16.373612,
                48.261269
              ]
            ]
          ]
        ]
      }
    },
    {
      "type": "Feature",
      "properties": {
        "name": "Floridsdorf",
        "slug": "floridsdorf",
        "district_number": 21,
        "code": 1210,
        "in": {
          "en": "in the 21st district",
          "de": "im 21. Bezirk"
        }
      },
      "geometry": {
        "type": "MultiPolygon",
        "coordinates": [
          [
            [
              [
                16.437762,
                48.316811
              ],
              [
                16.434323,
                48.317916
              ],
              [
                16.431094,
                48.319118
              ],
              [
                16.426632,
                48.320964
              ],
              [
                16.424818,
                48.321818
              ],
              [
                16.421796,
                48.322456
              ],
              [
                16.419902,
                48.322655
              ],
              [
                16.418619,
                48.322667
              ],
              [
                16.416822,
                48.322529
              ],
              [
                16.412871,
                48.321675
              ],
              [
                16.404221,
                48.319324
              ],
              [
                16.402881,
                48.316762
              ],
              [
                16.397407,
                48.318122
              ],
              [
                16.394121,
                48.319262
              ],
              [
                16.394502,
                48.319981
              ],
              [
                16.395154,
                48.319957
              ],
              [
                16.395298,
                48.320277
              ],
              [
                16.395303,
                48.321549
              ],
              [
                16.395174,
                48.322563
              ],
              [
                16.394381,
                48.322539
              ],
              [
                16.393443,
                48.322332
              ],
              [
                16.391775,
                48.322288
              ],
              [
                16.391012,
                48.322358
              ],
              [
                16.391324,
                48.320923
              ],
              [
                16.388818,
                48.321032
              ],
              [
                16.388821,
                48.320364
              ],
              [
                16.390099,
                48.320318
              ],
              [
                16.389381,
                48.319043
              ],
              [
                16.387295,
                48.319521
              ],
              [
                16.386249,
                48.319649
              ],
              [
                16.385183,
                48.319457
              ],
              [
                16.38169,
                48.317106
              ],
              [
                16.381312,
                48.316362
              ],
              [
                16.380424,
                48.315058
              ],
              [
                16.380549,
                48.314639
              ],
              [
                16.380584,
                48.312869
              ],
              [
                16.381198,
                48.312112
              ],
              [
                16.381397,
                48.31163
              ],
              [
                16.38263,
                48.311484
              ],
              [
                16.382454,
                48.310445
              ],
              [
                16.383473,
                48.308616
              ],
              [
                16.38384,
                48.307184
              ],
              [
                16.383697,
                48.306893
              ],
              [
                16.383636,
                48.306296
              ],
              [
                16.38307,
                48.305308
              ],
              [
                16.384843,
                48.303922
              ],
              [
                16.38416,
                48.303372
              ],
              [
                16.383902,
                48.302718
              ],
              [
                16.38511,
                48.302305
              ],
              [
                16.386233,
                48.301746
              ],
              [
                16.38506,
                48.301282
              ],
              [
                16.384773,
                48.301276
              ],
              [
                16.38307,
                48.301503
              ],
              [
                16.380866,
                48.301929
              ],
              [
                16.37982,
                48.302008
              ],
              [
                16.378718,
                48.300022
              ],
              [
                16.377727,
                48.298546
              ],
              [
                16.376323,
                48.29675
              ],
              [
                16.375562,
                48.295926
              ],
              [
                16.376962,
                48.29476
              ],
              [
                16.378453,
                48.292852
              ],
              [
                16.378888,
                48.292045
              ],
              [
                16.379082,
                48.291038
              ],
              [
                16.379007,
                48.290157
              ],
              [
                16.378951,
                48.289844
              ],
              [
                16.378342,
                48.288751
              ],
              [
                16.377849,
                48.288315
              ],
              [
                16.377435,
                48.28822
              ],
              [
                16.376535,
                48.288151
              ],
              [
                16.374846,
                48.288182
              ],
              [
                16.371771,
                48.287735
              ],
              [
                16.370669,
                48.287817
              ],
              [
                16.369905,
                48.287738
              ],
              [
                16.368628,
                48.287459
              ],
              [
                16.36767,
                48.287183
              ],
              [
                16.367302,
                48.287003
              ],
              [
                16.366991,
                48.286549
              ],
              [
                16.366765,
                48.285853
              ],
              [
                16.366797,
                48.285429
              ],
              [
                16.367222,
                48.284188
              ],
              [
                16.367838,
                48.283209
              ],
              [
                16.368546,
                48.282491
              ],
              [
                16.36923,
                48.282058
              ],
              [
                16.370595,
                48.281697
              ],
              [
                16.368467,
                48.281203
              ],
              [
                16.368087,
                48.281209
              ],
              [
                16.368036,
                48.281093
              ],
              [
                16.367669,
                48.28113
              ],
              [
                16.366889,
                48.281036
              ],
              [
                16.366437,
                48.281238
              ],
              [
                16.365865,
                48.281332
              ],
              [
                16.365808,
                48.281479
              ],
              [
                16.363187,
                48.282302
              ],
              [
                16.355959,
                48.283349
              ],
              [
                16.372389,
                48.262724
              ],
              [
                16.378746,
                48.255191
              ],
              [
                16.384005,
                48.249608
              ],
              [
                16.38612,
                48.247489
              ],
              [
                16.392636,
                48.241212
              ],
              [
                16.398135,
                48.236348
              ],
              [
                16.403392,
                48.239149
              ],
              [
                16.402975,
                48.239567
              ],
              [
                16.402435,
                48.240414
              ],
              [
                16.402469,
                48.24082
              ],
              [
                16.402784,
                48.241158
              ],
              [
                16.403334,
                48.241304
              ],
              [
                16.40467,
                48.241256
              ],
              [
                16.405957,
                48.241344
              ],
              [
                16.407719,
                48.241658
              ],
              [
                16.40896,
                48.242047
              ],
              [
                16.410179,
                48.242631
              ],
              [
                16.411289,
                48.243329
              ],
              [
                16.413213,
                48.245304
              ],
              [
                16.417852,
                48.245821
              ],
              [
                16.418017,
                48.246004
              ],
              [
                16.420467,
                48.245824
              ],
              [
                16.423285,
                48.246075
              ],
              [
                16.424003,
                48.24602
              ],
              [
                16.424413,
                48.245898
              ],
              [
                16.427382,
                48.246336
              ],
              [
                16.427763,
                48.246477
              ],
              [
                16.427888,
                48.246704
              ],
              [
                16.427925,
                48.248931
              ],
              [
                16.428158,
                48.251891
              ],
              [
                16.429535,
                48.251434
              ],
              [
                16.430406,
                48.251252
              ],
              [
                16.431525,
                48.253521
              ],
              [
                16.43176,
                48.25372
              ],
              [
                16.432695,
                48.255259
              ],
              [
                16.4355,
                48.259092
              ],
              [
                16.437059,
                48.259173
              ],
              [
                16.43844,
                48.259509
              ],
              [
                16.436948,
                48.26163
              ],
              [
                16.440541,
                48.262008
              ],
              [
                16.443561,
                48.261771
              ],
              [
                16.446738,
                48.261699
              ],
              [
                16.446881,
                48.261961
              ],
              [
                16.447073,
                48.262037
              ],
              [
                16.450171,
                48.259187
              ],
              [
                16.451465,
                48.261085
              ],
              [
                16.452885,
                48.262986
              ],
              [
                16.466913,
                48.271431
              ],
              [
                16.470642,
                48.273257
              ],
              [
                16.472144,
                48.274401
              ],
              [
                16.473234,
                48.275088
              ],
              [
                16.473512,
                48.275043
              ],
              [
                16.474205,
                48.2753
              ],
              [
                16.47471,
                48.275315
              ],
              [
                16.474303,
                48.275478
              ],
              [
                16.474389,
                48.275798
              ],
              [
                16.472283,
                48.276388
              ],
              [
                16.470933,
                48.277243
              ],
              [
                16.467323,
                48.278823
              ],
              [
                16.46373,
                48.280786
              ],
              [
                16.462853,
                48.281152
              ],
              [
                16.461867,
                48.281749
              ],
              [
                16.460884,
                48.282113
              ],
              [
                16.460631,
                48.282464
              ],
              [
                16.454201,
                48.285267
              ],
              [
                16.452207,
                48.286357
              ],
              [
                16.440405,
                48.291921
              ],
              [
                16.440226,
                48.299923
              ],
              [
                16.440309,
                48.301467
              ],
              [
                16.440275,
                48.303457
              ],
              [
                16.439545,
                48.306489
              ],
              [
                16.438607,
                48.308687
              ],
              [
                16.438095,
                48.309407
              ],
              [
                16.43786,
                48.311935
              ],
              [
                16.438066,
                48.313498
              ],
              [
                16.438299,
                48.314487
              ],
              [
                16.438269,
                48.31525
              ],
              [
                16.438042,
                48.316267
              ],
              [
                16.437762,
                48.316811
              ]
            ]
          ]
        ]
      }
    },
    {
      "type": "Feature",
      "properties": {
        "name": "Donaustadt",
        "slug": "donaustadt",
        "district_number": 22,
        "code": 1220,
        "in": {
          "en": "in the 22nd district",
          "de": "im 22. Bezirk"
        }
      },
      "geometry": {
        "type": "MultiPolygon",
        "coordinates": [
          [
            [
              [
                16.507839,
                48.273447
              ],
              [
                16.506679,
                48.273602
              ],
              [
                16.508297,
                48.276454
              ],
              [
                16.508863,
                48.277349
              ],
              [
                16.511556,
                48.2807
              ],
              [
                16.512822,
                48.281279
              ],
              [
                16.514259,
                48.284044
              ],
              [
                16.514899,
                48.285533
              ],
              [
                16.512875,
                48.286352
              ],
              [
                16.513217,
                48.287177
              ],
              [
                16.507764,
                48.288458
              ],
              [
                16.504253,
                48.289843
              ],
              [
                16.496153,
                48.29189
              ],
              [
                16.496458,
                48.292489
              ],
              [
                16.495209,
                48.292654
              ],
              [
                16.490806,
                48.292783
              ],
              [
                16.483783,
                48.293175
              ],
              [
                16.481208,
                48.293532
              ],
              [
                16.481383,
                48.29317
              ],
              [
                16.481062,
                48.291979
              ],
              [
                16.48095,
                48.291213
              ],
              [
                16.480923,
                48.290606
              ],
              [
                16.481036,
                48.289545
              ],
              [
                16.48144,
                48.287563
              ],
              [
                16.481462,
                48.286982
              ],
              [
                16.481906,
                48.285846
              ],
              [
                16.482244,
                48.284459
              ],
              [
                16.482803,
                48.284312
              ],
              [
                16.482595,
                48.283584
              ],
              [
                16.482889,
                48.283515
              ],
              [
                16.482937,
                48.282695
              ],
              [
                16.482657,
                48.281744
              ],
              [
                16.482882,
                48.281442
              ],
              [
                16.483503,
                48.279697
              ],
              [
                16.48339,
                48.279075
              ],
              [
                16.483181,
                48.278555
              ],
              [
                16.482504,
                48.27725
              ],
              [
                16.481617,
                48.275972
              ],
              [
                16.481329,
                48.275224
              ],
              [
                16.481097,
                48.274282
              ],
              [
                16.481238,
                48.273432
              ],
              [
                16.478119,
                48.273985
              ],
              [
                16.47471,
                48.275315
              ],
              [
                16.474205,
                48.2753
              ],
              [
                16.473512,
                48.275043
              ],
              [
                16.473234,
                48.275088
              ],
              [
                16.472144,
                48.274401
              ],
              [
                16.470642,
                48.273257
              ],
              [
                16.466913,
                48.271431
              ],
              [
                16.452885,
                48.262986
              ],
              [
                16.451465,
                48.261085
              ],
              [
                16.450171,
                48.259187
              ],
              [
                16.447073,
                48.262037
              ],
              [
                16.446881,
                48.261961
              ],
              [
                16.446738,
                48.261699
              ],
              [
                16.443561,
                48.261771
              ],
              [
                16.440541,
                48.262008
              ],
              [
                16.436948,
                48.26163
              ],
              [
                16.43844,
                48.259509
              ],
              [
                16.437059,
                48.259173
              ],
              [
                16.4355,
                48.259092
              ],
              [
                16.432695,
                48.255259
              ],
              [
                16.43176,
                48.25372
              ],
              [
                16.431525,
                48.253521
              ],
              [
                16.430406,
                48.251252
              ],
              [
                16.429535,
                48.251434
              ],
              [
                16.428158,
                48.251891
              ],
              [
                16.427925,
                48.248931
              ],
              [
                16.427888,
                48.246704
              ],
              [
                16.427763,
                48.246477
              ],
              [
                16.427382,
                48.246336
              ],
              [
                16.424413,
                48.245898
              ],
              [
                16.424003,
                48.24602
              ],
              [
                16.423285,
                48.246075
              ],
              [
                16.420467,
                48.245824
              ],
              [
                16.418017,
                48.246004
              ],
              [
                16.417852,
                48.245821
              ],
              [
                16.413213,
                48.245304
              ],
              [
                16.411289,
                48.243329
              ],
              [
                16.410179,
                48.242631
              ],
              [
                16.40896,
                48.242047
              ],
              [
                16.407719,
                48.241658
              ],
              [
                16.405957,
                48.241344
              ],
              [
                16.40467,
                48.241256
              ],
              [
                16.403334,
                48.241304
              ],
              [
                16.402784,
                48.241158
              ],
              [
                16.402469,
                48.24082
              ],
              [
                16.402435,
                48.240414
              ],
              [
                16.402975,
                48.239567
              ],
              [
                16.403392,
                48.239149
              ],
              [
                16.398135,
                48.236348
              ],
              [
                16.402038,
                48.23306
              ],
              [
                16.405033,
                48.230665
              ],
              [
                16.416258,
                48.222124
              ],
              [
                16.425883,
                48.215161
              ],
              [
                16.442108,
                48.203822
              ],
              [
                16.455657,
                48.194624
              ],
              [
                16.478054,
                48.179843
              ],
              [
                16.485537,
                48.175043
              ],
              [
                16.491507,
                48.171324
              ],
              [
                16.498473,
                48.167179
              ],
              [
                16.497073,
                48.166274
              ],
              [
                16.513789,
                48.158928
              ],
              [
                16.516567,
                48.158446
              ],
              [
                16.522278,
                48.156059
              ],
              [
                16.5254,
                48.154599
              ],
              [
                16.526767,
                48.153806
              ],
              [
                16.540206,
                48.144648
              ],
              [
                16.542833,
                48.1434
              ],
              [
                16.544479,
                48.142845
              ],
              [
                16.54667,
                48.142291
              ],
              [
                16.559645,
                48.139568
              ],
              [
                16.566291,
                48.137887
              ],
              [
                16.576032,
                48.135219
              ],
              [
                16.576467,
                48.137029
              ],
              [
                16.576852,
                48.142733
              ],
              [
                16.577514,
                48.150391
              ],
              [
                16.577455,
                48.15132
              ],
              [
                16.577039,
                48.152039
              ],
              [
                16.575965,
                48.15327
              ],
              [
                16.574878,
                48.154135
              ],
              [
                16.573915,
                48.154525
              ],
              [
                16.573937,
                48.155025
              ],
              [
                16.573311,
                48.155172
              ],
              [
                16.573588,
                48.155502
              ],
              [
                16.573966,
                48.15572
              ],
              [
                16.574697,
                48.156358
              ],
              [
                16.57541,
                48.157244
              ],
              [
                16.575952,
                48.158293
              ],
              [
                16.576373,
                48.158918
              ],
              [
                16.576388,
                48.159256
              ],
              [
                16.576129,
                48.160244
              ],
              [
                16.575899,
                48.160787
              ],
              [
                16.575159,
                48.161822
              ],
              [
                16.574357,
                48.16247
              ],
              [
                16.573059,
                48.163194
              ],
              [
                16.571087,
                48.163724
              ],
              [
                16.57047,
                48.163755
              ],
              [
                16.569794,
                48.16347
              ],
              [
                16.568144,
                48.163612
              ],
              [
                16.567282,
                48.163393
              ],
              [
                16.565295,
                48.162524
              ],
              [
                16.563673,
                48.161995
              ],
              [
                16.562464,
                48.160724
              ],
              [
                16.561619,
                48.160366
              ],
              [
                16.559984,
                48.161855
              ],
              [
                16.559366,
                48.162825
              ],
              [
                16.557863,
                48.164103
              ],
              [
                16.557395,
                48.16427
              ],
              [
                16.556418,
                48.164447
              ],
              [
                16.555656,
                48.164459
              ],
              [
                16.554217,
                48.164161
              ],
              [
                16.554,
                48.163667
              ],
              [
                16.55629,
                48.16171
              ],
              [
                16.555255,
                48.162013
              ],
              [
                16.553053,
                48.162059
              ],
              [
                16.552022,
                48.162924
              ],
              [
                16.551257,
                48.163725
              ],
              [
                16.550237,
                48.164168
              ],
              [
                16.5499,
                48.16446
              ],
              [
                16.549774,
                48.164649
              ],
              [
                16.550223,
                48.166042
              ],
              [
                16.549607,
                48.166605
              ],
              [
                16.548341,
                48.16707
              ],
              [
                16.547967,
                48.16849
              ],
              [
                16.547392,
                48.169978
              ],
              [
                16.546861,
                48.170729
              ],
              [
                16.546646,
                48.171632
              ],
              [
                16.54713,
                48.171394
              ],
              [
                16.547579,
                48.171332
              ],
              [
                16.548661,
                48.171464
              ],
              [
                16.549701,
                48.171399
              ],
              [
                16.550281,
                48.171515
              ],
              [
                16.550647,
                48.171726
              ],
              [
                16.55096,
                48.173052
              ],
              [
                16.550481,
                48.173997
              ],
              [
                16.55,
                48.174737
              ],
              [
                16.54963,
                48.176222
              ],
              [
                16.549775,
                48.176753
              ],
              [
                16.549452,
                48.177058
              ],
              [
                16.548589,
                48.177409
              ],
              [
                16.54786,
                48.177818
              ],
              [
                16.547471,
                48.177853
              ],
              [
                16.546403,
                48.177716
              ],
              [
                16.545757,
                48.177889
              ],
              [
                16.545403,
                48.177694
              ],
              [
                16.545282,
                48.177294
              ],
              [
                16.545008,
                48.177063
              ],
              [
                16.544603,
                48.176905
              ],
              [
                16.544051,
                48.176823
              ],
              [
                16.541666,
                48.176947
              ],
              [
                16.541025,
                48.176575
              ],
              [
                16.540937,
                48.176073
              ],
              [
                16.541127,
                48.175815
              ],
              [
                16.541647,
                48.175442
              ],
              [
                16.541932,
                48.17532
              ],
              [
                16.543796,
                48.175034
              ],
              [
                16.543997,
                48.174821
              ],
              [
                16.544127,
                48.174059
              ],
              [
                16.544752,
                48.172857
              ],
              [
                16.543221,
                48.173264
              ],
              [
                16.541825,
                48.173405
              ],
              [
                16.541324,
                48.173534
              ],
              [
                16.540934,
                48.173448
              ],
              [
                16.540065,
                48.172838
              ],
              [
                16.539547,
                48.172728
              ],
              [
                16.538975,
                48.172822
              ],
              [
                16.536686,
                48.173456
              ],
              [
                16.536381,
                48.174612
              ],
              [
                16.53948,
                48.17392
              ],
              [
                16.540816,
                48.173765
              ],
              [
                16.539115,
                48.174758
              ],
              [
                16.536284,
                48.177075
              ],
              [
                16.536305,
                48.177544
              ],
              [
                16.537692,
                48.182521
              ],
              [
                16.538862,
                48.181821
              ],
              [
                16.541162,
                48.1808
              ],
              [
                16.541835,
                48.182078
              ],
              [
                16.541492,
                48.182475
              ],
              [
                16.541182,
                48.182652
              ],
              [
                16.54029,
                48.182919
              ],
              [
                16.537984,
                48.183383
              ],
              [
                16.538322,
                48.18539
              ],
              [
                16.538637,
                48.186671
              ],
              [
                16.539694,
                48.188838
              ],
              [
                16.540239,
                48.189558
              ],
              [
                16.541053,
                48.190361
              ],
              [
                16.54177,
                48.191439
              ],
              [
                16.54133,
                48.19254
              ],
              [
                16.539833,
                48.194715
              ],
              [
                16.539194,
                48.196418
              ],
              [
                16.538817,
                48.197139
              ],
              [
                16.538045,
                48.198289
              ],
              [
                16.536275,
                48.200441
              ],
              [
                16.536632,
                48.200815
              ],
              [
                16.537364,
                48.202641
              ],
              [
                16.53753,
                48.203519
              ],
              [
                16.538051,
                48.204729
              ],
              [
                16.539131,
                48.206066
              ],
              [
                16.540123,
                48.206973
              ],
              [
                16.540386,
                48.207335
              ],
              [
                16.540428,
                48.20754
              ],
              [
                16.543582,
                48.211623
              ],
              [
                16.544235,
                48.212624
              ],
              [
                16.544873,
                48.213812
              ],
              [
                16.545991,
                48.216221
              ],
              [
                16.546591,
                48.21872
              ],
              [
                16.546656,
                48.220029
              ],
              [
                16.546449,
                48.221154
              ],
              [
                16.546901,
                48.223375
              ],
              [
                16.547945,
                48.226514
              ],
              [
                16.548896,
                48.229762
              ],
              [
                16.549938,
                48.23268
              ],
              [
                16.551166,
                48.235263
              ],
              [
                16.552745,
                48.239
              ],
              [
                16.547849,
                48.240282
              ],
              [
                16.548204,
                48.242695
              ],
              [
                16.5456,
                48.242798
              ],
              [
                16.539416,
                48.242838
              ],
              [
                16.539933,
                48.245035
              ],
              [
                16.541139,
                48.247757
              ],
              [
                16.541341,
                48.249053
              ],
              [
                16.542325,
                48.253413
              ],
              [
                16.542685,
                48.254501
              ],
              [
                16.544549,
                48.258507
              ],
              [
                16.545516,
                48.260407
              ],
              [
                16.546982,
                48.262999
              ],
              [
                16.541891,
                48.263814
              ],
              [
                16.538602,
                48.264241
              ],
              [
                16.53859,
                48.26418
              ],
              [
                16.537045,
                48.264025
              ],
              [
                16.535847,
                48.263757
              ],
              [
                16.53304,
                48.262897
              ],
              [
                16.532631,
                48.262102
              ],
              [
                16.530229,
                48.262423
              ],
              [
                16.527496,
                48.262918
              ],
              [
                16.523211,
                48.263883
              ],
              [
                16.52194,
                48.264247
              ],
              [
                16.521716,
                48.264409
              ],
              [
                16.520821,
                48.264591
              ],
              [
                16.519171,
                48.266985
              ],
              [
                16.512852,
                48.267839
              ],
              [
                16.514121,
                48.271027
              ],
              [
                16.513571,
                48.271101
              ],
              [
                16.509297,
                48.273109
              ],
              [
                16.507839,
                48.273447
              ]
            ]
          ]
        ]
      }
    },
    {
      "type": "Feature",
      "properties": {
        "name": "Liesing",
        "slug": "liesing",
        "district_number": 23,
        "code": 1230,
        "in": {
          "en": "in the 23rd district",
          "de": "im 23. Bezirk"
        }
      },
      "geometry": {
        "type": "MultiPolygon",
        "coordinates": [
          [
            [
              [
                16.280553,
                48.159055
              ],
              [
                16.279333,
                48.159645
              ],
              [
                16.280981,
                48.161457
              ],
              [
                16.279168,
                48.162689
              ],
              [
                16.273047,
                48.155864
              ],
              [
                16.26677,
                48.158533
              ],
              [
                16.262986,
                48.159935
              ],
              [
                16.258843,
                48.160327
              ],
              [
                16.257846,
                48.160178
              ],
              [
                16.25783,
                48.160228
              ],
              [
                16.256443,
                48.16002
              ],
              [
                16.252498,
                48.157658
              ],
              [
                16.246693,
                48.156402
              ],
              [
                16.232273,
                48.150817
              ],
              [
                16.230064,
                48.149463
              ],
              [
                16.227738,
                48.150907
              ],
              [
                16.224744,
                48.153003
              ],
              [
                16.223205,
                48.153184
              ],
              [
                16.223214,
                48.152705
              ],
              [
                16.223525,
                48.152537
              ],
              [
                16.223547,
                48.152166
              ],
              [
                16.223347,
                48.152032
              ],
              [
                16.222995,
                48.15212
              ],
              [
                16.222869,
                48.152284
              ],
              [
                16.222625,
                48.152371
              ],
              [
                16.222231,
                48.152316
              ],
              [
                16.221809,
                48.152595
              ],
              [
                16.221435,
                48.152584
              ],
              [
                16.22127,
                48.152761
              ],
              [
                16.220761,
                48.152808
              ],
              [
                16.220467,
                48.153037
              ],
              [
                16.21946,
                48.153341
              ],
              [
                16.219325,
                48.153257
              ],
              [
                16.21919,
                48.152971
              ],
              [
                16.219106,
                48.152218
              ],
              [
                16.218278,
                48.151615
              ],
              [
                16.21776,
                48.151544
              ],
              [
                16.216896,
                48.151237
              ],
              [
                16.214302,
                48.151052
              ],
              [
                16.213969,
                48.151269
              ],
              [
                16.213278,
                48.150984
              ],
              [
                16.213229,
                48.150886
              ],
              [
                16.21308,
                48.150886
              ],
              [
                16.212954,
                48.150731
              ],
              [
                16.212725,
                48.150724
              ],
              [
                16.212467,
                48.150554
              ],
              [
                16.212541,
                48.150487
              ],
              [
                16.211578,
                48.149681
              ],
              [
                16.210461,
                48.149276
              ],
              [
                16.210147,
                48.148079
              ],
              [
                16.209859,
                48.147623
              ],
              [
                16.211068,
                48.147357
              ],
              [
                16.211355,
                48.147172
              ],
              [
                16.212005,
                48.146941
              ],
              [
                16.212333,
                48.146665
              ],
              [
                16.212564,
                48.145848
              ],
              [
                16.212915,
                48.145433
              ],
              [
                16.213085,
                48.145043
              ],
              [
                16.213251,
                48.144987
              ],
              [
                16.213609,
                48.144542
              ],
              [
                16.213964,
                48.144385
              ],
              [
                16.214155,
                48.14424
              ],
              [
                16.214128,
                48.144158
              ],
              [
                16.21446,
                48.143931
              ],
              [
                16.21456,
                48.143785
              ],
              [
                16.214527,
                48.143553
              ],
              [
                16.214657,
                48.143053
              ],
              [
                16.214796,
                48.142894
              ],
              [
                16.214726,
                48.142782
              ],
              [
                16.215161,
                48.142664
              ],
              [
                16.215983,
                48.142096
              ],
              [
                16.215986,
                48.141376
              ],
              [
                16.216406,
                48.140973
              ],
              [
                16.217402,
                48.140762
              ],
              [
                16.217582,
                48.140655
              ],
              [
                16.218743,
                48.140529
              ],
              [
                16.21908,
                48.14029
              ],
              [
                16.219038,
                48.140194
              ],
              [
                16.219711,
                48.139656
              ],
              [
                16.220045,
                48.139054
              ],
              [
                16.220287,
                48.138253
              ],
              [
                16.220911,
                48.137952
              ],
              [
                16.221176,
                48.137128
              ],
              [
                16.221078,
                48.13713
              ],
              [
                16.221508,
                48.136559
              ],
              [
                16.221694,
                48.136081
              ],
              [
                16.221515,
                48.136133
              ],
              [
                16.221227,
                48.136032
              ],
              [
                16.221046,
                48.136238
              ],
              [
                16.22073,
                48.136016
              ],
              [
                16.220788,
                48.135557
              ],
              [
                16.221517,
                48.135467
              ],
              [
                16.222546,
                48.135485
              ],
              [
                16.224133,
                48.135746
              ],
              [
                16.224815,
                48.135947
              ],
              [
                16.226054,
                48.135955
              ],
              [
                16.227545,
                48.136279
              ],
              [
                16.230052,
                48.136408
              ],
              [
                16.232872,
                48.136806
              ],
              [
                16.234799,
                48.136763
              ],
              [
                16.237334,
                48.137172
              ],
              [
                16.238436,
                48.137158
              ],
              [
                16.237668,
                48.135628
              ],
              [
                16.23617,
                48.134834
              ],
              [
                16.236691,
                48.134457
              ],
              [
                16.238697,
                48.133971
              ],
              [
                16.23846,
                48.133421
              ],
              [
                16.238399,
                48.132818
              ],
              [
                16.238617,
                48.132048
              ],
              [
                16.232124,
                48.131007
              ],
              [
                16.228946,
                48.130054
              ],
              [
                16.226858,
                48.129572
              ],
              [
                16.222061,
                48.128891
              ],
              [
                16.220243,
                48.128308
              ],
              [
                16.218098,
                48.128068
              ],
              [
                16.217713,
                48.127194
              ],
              [
                16.215581,
                48.126202
              ],
              [
                16.214933,
                48.126116
              ],
              [
                16.214665,
                48.125887
              ],
              [
                16.214885,
                48.125666
              ],
              [
                16.214867,
                48.125348
              ],
              [
                16.216086,
                48.125173
              ],
              [
                16.216946,
                48.124581
              ],
              [
                16.218027,
                48.124191
              ],
              [
                16.218913,
                48.123762
              ],
              [
                16.219242,
                48.124086
              ],
              [
                16.221037,
                48.124672
              ],
              [
                16.222147,
                48.124815
              ],
              [
                16.223818,
                48.124868
              ],
              [
                16.225278,
                48.12533
              ],
              [
                16.227437,
                48.126602
              ],
              [
                16.23055,
                48.127637
              ],
              [
                16.231154,
                48.127666
              ],
              [
                16.231617,
                48.128063
              ],
              [
                16.232786,
                48.128731
              ],
              [
                16.236055,
                48.130009
              ],
              [
                16.236877,
                48.130101
              ],
              [
                16.237409,
                48.130251
              ],
              [
                16.237944,
                48.13026
              ],
              [
                16.238708,
                48.130496
              ],
              [
                16.240003,
                48.13058
              ],
              [
                16.244199,
                48.131176
              ],
              [
                16.24677,
                48.131311
              ],
              [
                16.247172,
                48.131432
              ],
              [
                16.247647,
                48.131172
              ],
              [
                16.248567,
                48.131019
              ],
              [
                16.248791,
                48.131177
              ],
              [
                16.249278,
                48.131122
              ],
              [
                16.24952,
                48.130999
              ],
              [
                16.250179,
                48.131015
              ],
              [
                16.250947,
                48.130748
              ],
              [
                16.251314,
                48.130657
              ],
              [
                16.251369,
                48.130703
              ],
              [
                16.251888,
                48.130455
              ],
              [
                16.253159,
                48.130038
              ],
              [
                16.25325,
                48.129918
              ],
              [
                16.253508,
                48.129822
              ],
              [
                16.253742,
                48.130031
              ],
              [
                16.25422,
                48.130054
              ],
              [
                16.255957,
                48.129742
              ],
              [
                16.257384,
                48.129642
              ],
              [
                16.257625,
                48.129713
              ],
              [
                16.257772,
                48.129926
              ],
              [
                16.258536,
                48.129958
              ],
              [
                16.258882,
                48.13007
              ],
              [
                16.259635,
                48.130003
              ],
              [
                16.26017,
                48.130338
              ],
              [
                16.260681,
                48.130418
              ],
              [
                16.261745,
                48.130837
              ],
              [
                16.262193,
                48.131111
              ],
              [
                16.262514,
                48.131519
              ],
              [
                16.263885,
                48.132334
              ],
              [
                16.265419,
                48.132839
              ],
              [
                16.267202,
                48.133579
              ],
              [
                16.268674,
                48.133789
              ],
              [
                16.271114,
                48.133653
              ],
              [
                16.271143,
                48.13385
              ],
              [
                16.273987,
                48.133521
              ],
              [
                16.277339,
                48.132442
              ],
              [
                16.278388,
                48.132188
              ],
              [
                16.280768,
                48.131972
              ],
              [
                16.283884,
                48.130156
              ],
              [
                16.28452,
                48.130225
              ],
              [
                16.285273,
                48.130624
              ],
              [
                16.28754,
                48.13086
              ],
              [
                16.297857,
                48.129492
              ],
              [
                16.297858,
                48.129032
              ],
              [
                16.298051,
                48.128953
              ],
              [
                16.298211,
                48.128532
              ],
              [
                16.298397,
                48.12722
              ],
              [
                16.299035,
                48.12687
              ],
              [
                16.299047,
                48.126664
              ],
              [
                16.298705,
                48.126088
              ],
              [
                16.298801,
                48.125879
              ],
              [
                16.298765,
                48.125644
              ],
              [
                16.298555,
                48.125323
              ],
              [
                16.299488,
                48.125077
              ],
              [
                16.300667,
                48.124603
              ],
              [
                16.301791,
                48.123664
              ],
              [
                16.30354,
                48.122478
              ],
              [
                16.304814,
                48.121754
              ],
              [
                16.307316,
                48.120521
              ],
              [
                16.308139,
                48.120157
              ],
              [
                16.308891,
                48.119997
              ],
              [
                16.309655,
                48.119633
              ],
              [
                16.311804,
                48.119447
              ],
              [
                16.312591,
                48.119633
              ],
              [
                16.312548,
                48.120044
              ],
              [
                16.312656,
                48.121062
              ],
              [
                16.313033,
                48.122909
              ],
              [
                16.313927,
                48.12559
              ],
              [
                16.314292,
                48.125656
              ],
              [
                16.31478,
                48.125439
              ],
              [
                16.315404,
                48.125309
              ],
              [
                16.315639,
                48.125442
              ],
              [
                16.317424,
                48.12483
              ],
              [
                16.318284,
                48.124873
              ],
              [
                16.318502,
                48.124562
              ],
              [
                16.319049,
                48.125783
              ],
              [
                16.322725,
                48.132718
              ],
              [
                16.324896,
                48.135976
              ],
              [
                16.324881,
                48.136075
              ],
              [
                16.325031,
                48.13631
              ],
              [
                16.324604,
                48.137792
              ],
              [
                16.328708,
                48.137057
              ],
              [
                16.341067,
                48.13451
              ],
              [
                16.345958,
                48.133342
              ],
              [
                16.347718,
                48.133226
              ],
              [
                16.349961,
                48.132722
              ],
              [
                16.350714,
                48.13263
              ],
              [
                16.351118,
                48.132486
              ],
              [
                16.352599,
                48.131696
              ],
              [
                16.357911,
                48.129429
              ],
              [
                16.359585,
                48.129204
              ],
              [
                16.365637,
                48.128673
              ],
              [
                16.366567,
                48.131486
              ],
              [
                16.366849,
                48.131435
              ],
              [
                16.367719,
                48.133577
              ],
              [
                16.367815,
                48.133561
              ],
              [
                16.368131,
                48.134322
              ],
              [
                16.368958,
                48.135708
              ],
              [
                16.369177,
                48.135767
              ],
              [
                16.370763,
                48.138533
              ],
              [
                16.370088,
                48.138594
              ],
              [
                16.371927,
                48.141775
              ],
              [
                16.370925,
                48.141961
              ],
              [
                16.371349,
                48.143101
              ],
              [
                16.372777,
                48.142397
              ],
              [
                16.374174,
                48.142086
              ],
              [
                16.375758,
                48.144687
              ],
              [
                16.377118,
                48.147524
              ],
              [
                16.374533,
                48.148112
              ],
              [
                16.374047,
                48.148161
              ],
              [
                16.361982,
                48.151188
              ],
              [
                16.36057,
                48.151446
              ],
              [
                16.359026,
                48.15161
              ],
              [
                16.350318,
                48.151892
              ],
              [
                16.349175,
                48.151903
              ],
              [
                16.348434,
                48.151775
              ],
              [
                16.348172,
                48.151893
              ],
              [
                16.348194,
                48.152
              ],
              [
                16.344797,
                48.15252
              ],
              [
                16.341159,
                48.153219
              ],
              [
                16.339504,
                48.153875
              ],
              [
                16.338524,
                48.154616
              ],
              [
                16.338064,
                48.155198
              ],
              [
                16.335645,
                48.159279
              ],
              [
                16.335106,
                48.158832
              ],
              [
                16.332652,
                48.157154
              ],
              [
                16.330585,
                48.155402
              ],
              [
                16.329134,
                48.155998
              ],
              [
                16.327093,
                48.15655
              ],
              [
                16.324254,
                48.157116
              ],
              [
                16.322843,
                48.157288
              ],
              [
                16.32183,
                48.157328
              ],
              [
                16.32147,
                48.156894
              ],
              [
                16.319302,
                48.156615
              ],
              [
                16.319255,
                48.156689
              ],
              [
                16.319101,
                48.15667
              ],
              [
                16.31878,
                48.157863
              ],
              [
                16.316607,
                48.157472
              ],
              [
                16.316406,
                48.157493
              ],
              [
                16.316338,
                48.157515
              ],
              [
                16.316518,
                48.158129
              ],
              [
                16.311104,
                48.158877
              ],
              [
                16.308711,
                48.159448
              ],
              [
                16.306026,
                48.159858
              ],
              [
                16.304094,
                48.160408
              ],
              [
                16.302892,
                48.159781
              ],
              [
                16.301021,
                48.158643
              ],
              [
                16.297475,
                48.156339
              ],
              [
                16.292815,
                48.157603
              ],
              [
                16.29436,
                48.160148
              ],
              [
                16.295118,
                48.161023
              ],
              [
                16.29601,
                48.161831
              ],
              [
                16.292344,
                48.162192
              ],
              [
                16.291607,
                48.162347
              ],
              [
                16.291371,
                48.161573
              ],
              [
                16.291183,
                48.158143
              ],
              [
                16.287173,
                48.156771
              ],
              [
                16.287382,
                48.156494
              ],
              [
                16.28701,
                48.156367
              ],
              [
                16.286706,
                48.156343
              ],
              [
                16.286841,
                48.156572
              ],
              [
                16.286489,
                48.156878
              ],
              [
                16.285563,
                48.1586
              ],
              [
                16.285067,
                48.159269
              ],
              [
                16.281209,
                48.158769
              ],
              [
                16.280553,
                48.159055
              ]
            ]
          ]
        ]
      }
    }
  ]
}
