category,name,google_maps_url,google_rating_count,website,notes
VET_CLINIC,Przychodnia Weterynaryjna Salamandra,https://www.google.com/maps/place/Przychodnia+Weterynaryjna+Salamandra/data=!4m7!3m6!1s0x47165bae569dc9e3:0xdff63ec6655d8827!8m2!3d50.0734588!4d19.9181771!16s%2Fg%2F11b76kr069!19sChIJ48mdVq5bFkcRJ4hdZcY-9t8?hl=pl,1603,http://salamandra-vet.pl/,maps type: Weterynarz
VET_CLINIC,Klinika Weterynaryjna Arka,https://www.google.com/maps/place/Klinika+Weterynaryjna+Arka/data=!4m7!3m6!1s0x47164358b40ff5b5:0x566710a5bb68a09f!8m2!3d50.0253086!4d19.9839887!16s%2Fg%2F1hc6gn6_k!19sChIJtfUPtFhDFkcRn6Bou6UQZ1Y?hl=pl,1369,http://www.arka-vet.pl/,maps type: Weterynarz
VET_CLINIC,Amavet,https://www.google.com/maps/place/Amavet/data=!4m7!3m6!1s0x4716452695c4618f:0x87c76173cb0ee976!8m2!3d50.0684163!4d20.0133054!16s%2Fg%2F1tg66v99!19sChIJj2HElSZFFkcRdukOy3Nhx4c?hl=pl,1293,http://www.amavet.pl/,maps type: Weterynarz
VET_CLINIC,Przychodnia Weterynaryjna Retina,https://www.google.com/maps/place/Przychodnia+Weterynaryjna+Retina/data=!4m7!3m6!1s0x47165b708e556ed1:0xef6275b0d1592afd!8m2!3d50.0060893!4d19.9268392!16s%2Fg%2F1hc4hbgm4!19sChIJ0W5VjnBbFkcR_SpZ0bB1Yu8?hl=pl,1172,http://www.weterynarz-okulista.pl/,maps type: Weterynarz
VET_CLINIC,Lecznica Weterynaryjna Luxvet24 | Grupa EDINA,https://www.google.com/maps/place/Lecznica+Weterynaryjna+Luxvet24+%7C+Grupa+EDINA/data=!4m7!3m6!1s0x47165bb78853a37b:0xce840e85ee350f98!8m2!3d50.0737393!4d19.9012374!16s%2Fg%2F12lkxlssb!19sChIJe6NTiLdbFkcRmA817oUOhM4?hl=pl,911,http://www.luxvet24.pl/,maps type: Weterynarz
VET_CLINIC,Przychodnia Weterynaryjna Bajeczna | Weterynarz Kraków,https://www.google.com/maps/place/Przychodnia+Weterynaryjna+Bajeczna+%7C+Weterynarz+Krak%C3%B3w/data=!4m7!3m6!1s0x47165b3188085c6f:0xed5f77df10ec3906!8m2!3d50.0579832!4d19.9756484!16s%2Fg%2F1vqtfjjq!19sChIJb1wIiDFbFkcRBjnsEN93X-0?hl=pl,879,http://www.bajeczna.com.pl/,maps type: Weterynarz
VET_CLINIC,Przychodnia weterynaryjna Krak-vet,https://www.google.com/maps/place/Przychodnia+weterynaryjna+Krak-vet/data=!4m7!3m6!1s0x47165cb31741a3d3:0x3a8ca3cbd227c280!8m2!3d50.0180541!4d19.9511839!16s%2Fg%2F1v1tlt_l!19sChIJ06NBF7NcFkcRgMIn0sujjDo?hl=pl,852,http://www.krakvet.eu/,maps type: Weterynarz
VET_CLINIC,"Przychodnia weterynaryjna ""Greg-Wet""",https://www.google.com/maps/place/Przychodnia+weterynaryjna+%22Greg-Wet%22/data=!4m7!3m6!1s0x47165cde4583880b:0x1ef58fbfa4d77376!8m2!3d49.9962795!4d19.9141454!16s%2Fg%2F11b5pjs23h!19sChIJC4iDRd5cFkcRdnPXpL-P9R4?hl=pl,834,http://weterynarz.krakow.pl/,maps type: Weterynarz
VET_CLINIC,Przychodnia Weterynaryjna DR HAU,https://www.google.com/maps/place/Przychodnia+Weterynaryjna+DR+HAU/data=!4m7!3m6!1s0x47164384b725d3f5:0x72d3e0dc9a2d3e36!8m2!3d50.0271854!4d19.9695605!16s%2Fg%2F1hc6mvk3h!19sChIJ9dMlt4RDFkcRNj4tmtzg03I?hl=pl,827,http://www.drhau.pl/,maps type: Weterynarz
VET_CLINIC,Przychodnia Weterynaryjna Animals Service,https://www.google.com/maps/place/Przychodnia+Weterynaryjna+Animals+Service/data=!4m7!3m6!1s0x47165b96ddda92b9:0xcc18c1b322f88994!8m2!3d50.0587909!4d19.8993609!16s%2Fg%2F1v93ztdn!19sChIJuZLa3ZZbFkcRlIn4IrPBGMw?hl=pl,713,http://lecznica-krakow.pl/,maps type: Weterynarz
VET_CLINIC,Przychodnia weterynaryjna.Sławomir Szpeyer,https://www.google.com/maps/place/Przychodnia+weterynaryjna.S%C5%82awomir+Szpeyer/data=!4m7!3m6!1s0x41731523c33aade1:0xdec1bdcdb27819e3!8m2!3d50.0607102!4d19.9628583!16s%2Fg%2F1tdh75k2!19sChIJ4a06wyMVc0ER4xl4ss29wd4?hl=pl,712,https://www.wettermin.pl/lecznice/krakow/2593,maps type: Weterynarz
VET_CLINIC,Oaza. Przychodnia weterynaryjna.,https://www.google.com/maps/place/Oaza.+Przychodnia+weterynaryjna./data=!4m7!3m6!1s0x47165b5eddcb22a5:0x8dc4d6feef6ef50c!8m2!3d50.0742468!4d19.9321212!16s%2Fg%2F1tzgmz8s!19sChIJpSLL3V5bFkcRDPVu7_7WxI0?hl=pl,710,http://lecznica-oaza.pl/,maps type: Weterynarz
VET_CLINIC,Przychodnia Weterynaryjna Multivet,https://www.google.com/maps/place/Przychodnia+Weterynaryjna+Multivet/data=!4m7!3m6!1s0x47165af9054c16a1:0x231dadff8cfed97d!8m2!3d50.0840027!4d19.9434405!16s%2Fg%2F1tg5ycc7!19sChIJoRZMBflaFkcRfdn-jP-tHSM?hl=pl,706,http://www.lecznicazabiniec.pl/,maps type: Weterynarz
VET_CLINIC,Alphavet Centrum Małych Zwierząt,https://www.google.com/maps/place/Alphavet+Centrum+Ma%C5%82ych+Zwierz%C4%85t/data=!4m7!3m6!1s0x47165cec2bb3c515:0xa212eb013d0a98da!8m2!3d50.0141263!4d19.8959754!16s%2Fg%2F11c74g0zfp!19sChIJFcWzK-xcFkcR2pgKPQHrEqI?hl=pl,698,http://www.alphavet.pl/,maps type: Weterynarz
VET_CLINIC,Cztery Łapy. Gabinet weterynaryjny. Weterynarz Kraków Nowa Huta,https://www.google.com/maps/place/Cztery+%C5%81apy.+Gabinet+weterynaryjny.+Weterynarz+Krak%C3%B3w+Nowa+Huta/data=!4m7!3m6!1s0x47164516475cf3cf:0x76434713453529bc!8m2!3d50.0753753!4d20.0310295!16s%2Fg%2F1tgn_jsl!19sChIJz_NcRxZFFkcRvCk1RRNHQ3Y?hl=pl,697,http://wettermin.pl/151,maps type: Weterynarz
VET_CLINIC,Przychodnia Weterynaryjna AMVET Kraków,https://www.google.com/maps/place/Przychodnia+Weterynaryjna+AMVET+Krak%C3%B3w/data=!4m7!3m6!1s0x471659269b398665:0x6ec9353f06cb7880!8m2!3d50.0883494!4d19.8914928!16s%2Fg%2F11kjpdsdtm!19sChIJZYY5myZZFkcRgHjLBj81yW4?hl=pl,688,https://krakow.amvet.pl/,maps type: Weterynarz
VET_CLINIC,Hyrax Przychodnia Weterynaryjna | Grupa EDINA,https://www.google.com/maps/place/Hyrax+Przychodnia+Weterynaryjna+%7C+Grupa+EDINA/data=!4m7!3m6!1s0x47165c8c6901d7c7:0x63fa49788faba598!8m2!3d50.0156266!4d19.8851246!16s%2Fg%2F1tfphk0h!19sChIJx9cBaYxcFkcRmKWrj3hJ-mM?hl=pl,673,https://www.hyrax.pl/?camp=gmaps,maps type: Weterynarz
VET_CLINIC,KordianaVet - Przychodnia Weterynaryjna,https://www.google.com/maps/place/KordianaVet+-+Przychodnia+Weterynaryjna/data=!4m7!3m6!1s0x471643481e62374d:0x2fd064db89694ed3!8m2!3d50.0092274!4d19.9633331!16s%2Fg%2F1wz51fyz!19sChIJTTdiHkhDFkcR005pidtk0C8?hl=pl,610,http://kordianavet.pl/,maps type: Weterynarz
VET_CLINIC,VetiCor Przychodnia Weterynaryjna,https://www.google.com/maps/place/VetiCor+Przychodnia+Weterynaryjna/data=!4m7!3m6!1s0x47165adb74ea6183:0xc1ebd7b3f4c6c2b2!8m2!3d50.0792502!4d19.9739498!16s%2Fg%2F11c3kldkfd!19sChIJg2HqdNtaFkcRssLG9LPX68E?hl=pl,589,http://www.veticor.pl/,maps type: Weterynarz
VET_CLINIC,Przychodnia Weterynaryjna Uniwet Dominik Gąsiorowski spec. chirurg,https://www.google.com/maps/place/Przychodnia+Weterynaryjna+Uniwet+Dominik+G%C4%85siorowski+spec.+chirurg/data=!4m7!3m6!1s0x4716434426d15fb9:0xd57daa1eac9679b6!8m2!3d50.0127179!4d19.972056!16s%2Fg%2F11bvcvpr9s!19sChIJuV_RJkRDFkcRtnmWrB6qfdU?hl=pl,509,http://www.przychodniauniwet.pl/,maps type: Weterynarz
VET_CLINIC,Przychodnia weterynaryjna Med-Vet s.c.,https://www.google.com/maps/place/Przychodnia+weterynaryjna+Med-Vet+s.c./data=!4m7!3m6!1s0x471645442df66bff:0x43f11b35e9632852!8m2!3d50.0855311!4d20.0405864!16s%2Fg%2F1pv2bsht6!19sChIJ_2v2LURFFkcRUihj6TUb8UM?hl=pl,487,http://med-weterynarz.pl/,maps type: Weterynarz
VET_CLINIC,Zdrowy Zwierzak Przychodnia Weterynaryjna,https://www.google.com/maps/place/Zdrowy+Zwierzak+Przychodnia+Weterynaryjna/data=!4m7!3m6!1s0x4716435de2a99127:0xb9c8ab5d4ffc990f!8m2!3d50.0205306!4d19.9876425!16s%2Fg%2F1q5bsqxwy!19sChIJJ5Gp4l1DFkcRD5n8T12ryLk?hl=pl,473,http://przychodnia-zwierzak.pl/,maps type: Weterynarz
VET_CLINIC,Abwet,https://www.google.com/maps/place/Abwet/data=!4m7!3m6!1s0x471643785b6cbae9:0xeebb4a8607f2fd!8m2!3d50.0128865!4d20.0122446!16s%2Fg%2F1pw3x2bw0!19sChIJ6bpsW3hDFkcR_fIHhkq77gA?hl=pl,460,http://abwet.pl/,maps type: Weterynarz
VET_CLINIC,Przychodnia dla zwierząt WNUK,https://www.google.com/maps/place/Przychodnia+dla+zwierz%C4%85t+WNUK/data=!4m7!3m6!1s0x47165d342a804d6b:0xc82c4f47127eb9f0!8m2!3d50.0144445!4d19.9014184!16s%2Fg%2F11my1w87t_!19sChIJa02AKjRdFkcR8Ll-EkdPLMg?hl=pl,456,https://www.przychodniawnuk.pl/,maps type: Weterynarz
VET_CLINIC,Przychodnia weterynaryjna,https://www.google.com/maps/place/Przychodnia+weterynaryjna/data=!4m7!3m6!1s0x47165cde853c074d:0xb69f25b2e57a8292!8m2!3d50.0009723!4d19.9144908!16s%2Fg%2F1w4vhnr_!19sChIJTQc8hd5cFkcRkoJ65bIln7Y?hl=pl,434,https://www.facebook.com/vetmorgan/,maps type: Weterynarz
VET_CLINIC,Nasze Zwierzaki Gabinet Weterynaryjny,https://www.google.com/maps/place/Nasze+Zwierzaki+Gabinet+Weterynaryjny/data=!4m7!3m6!1s0x47165aed97f09dc3:0x3d69e3afc560ff3c!8m2!3d50.0902905!4d19.9651145!16s%2Fg%2F1tg_86nv!19sChIJw53wl-1aFkcRPP9gxa_jaT0?hl=pl,419,http://naszezwierzaki.net/,maps type: Weterynarz
VET_CLINIC,Gabinet Weterynaryjny BurekVet - Weterynarz Kraków,https://www.google.com/maps/place/Gabinet+Weterynaryjny+BurekVet+-+Weterynarz+Krak%C3%B3w/data=!4m7!3m6!1s0x47165bdba088a11b:0x5b5ff0b8d93e5402!8m2!3d50.0453014!4d19.92913!16s%2Fg%2F11g4j71l80!19sChIJG6GIoNtbFkcRAlQ-2bjwX1s?hl=pl,402,https://www.burekvet.pl/,maps type: Weterynarz
VET_CLINIC,Okulistyka-Onkologia. Praska Przychodnia Weterynaryjna,https://www.google.com/maps/place/Okulistyka-Onkologia.+Praska+Przychodnia+Weterynaryjna/data=!4m7!3m6!1s0x47165b565bda3957:0xfa0b7a476ea3068!8m2!3d50.0472259!4d19.9149512!16s%2Fg%2F11j5sd6gd4!19sChIJVznaW1ZbFkcRaDDqdqS3oA8?hl=pl,401,http://www.weterynarzpraska.pl/,maps type: Weterynarz
VET_CLINIC,Modern Vet,https://www.google.com/maps/place/Modern+Vet/data=!4m7!3m6!1s0x47165b49c44f8155:0x34fedcd53d443721!8m2!3d50.0106293!4d19.8738877!16s%2Fg%2F1ydpvckg1!19sChIJVYFPxElbFkcRITdEPdXc_jQ?hl=pl,400,http://www.modernvet.pl/,maps type: Weterynarz
VET_CLINIC,Centrum Weterynaryjne G. Zalewski,https://www.google.com/maps/place/Centrum+Weterynaryjne+G.+Zalewski/data=!4m7!3m6!1s0x47165a4f5486ef53:0x89d0acf651610475!8m2!3d50.091246!4d19.9193248!16s%2Fg%2F11bw3dq6xm!19sChIJU--GVE9aFkcRdQRhUfas0Ik?hl=pl,399,http://www.wet-centrum.pl/,maps type: Weterynarz
VET_CLINIC,Przychodnia weterynaryjna Zdrowie Czterołapa s.c.,https://www.google.com/maps/place/Przychodnia+weterynaryjna+Zdrowie+Cztero%C5%82apa+s.c./data=!4m7!3m6!1s0x47165bb5d706d591:0x22de39d35770ba74!8m2!3d50.0789069!4d19.9252305!16s%2Fg%2F1tfpnfhh!19sChIJkdUG17VbFkcRdLpwV9M53iI?hl=pl,396,http://zdrowieczterolapa.pl/,maps type: Weterynarz
VET_CLINIC,Lecznica weterynaryjna DOKTORWET,https://www.google.com/maps/place/Lecznica+weterynaryjna+DOKTORWET/data=!4m7!3m6!1s0x47165b0b41ec578b:0xd93c1d8a1daf7528!8m2!3d50.0593637!4d19.9267038!16s%2Fg%2F1th273vw!19sChIJi1fsQQtbFkcRKHWvHYodPNk?hl=pl,394,http://www.doktorwet.pl/,maps type: Weterynarz
VET_CLINIC,Vetika - Specjalistyczna Przychodnia Weterynaryjna dla Zwierząt Egzotycznych.,https://www.google.com/maps/place/Vetika+-+Specjalistyczna+Przychodnia+Weterynaryjna+dla+Zwierz%C4%85t+Egzotycznych./data=!4m7!3m6!1s0x471644be67112d19:0x21c900f3f8c04e76!8m2!3d50.0407923!4d19.9998948!16s%2Fg%2F1pp2v01qq!19sChIJGS0RZ75EFkcRdk7A-PMAySE?hl=pl,394,https://www.vetika.com.pl/,maps type: Weterynarz
VET_CLINIC,Lecznica weterynaryjna S.C.,https://www.google.com/maps/place/Lecznica+weterynaryjna+S.C./data=!4m7!3m6!1s0x47165bd2287aec71:0x723c3bd57ac59879!8m2!3d50.0810494!4d19.8852225!16s%2Fg%2F12lkg4bl7!19sChIJcex6KNJbFkcReZjFetU7PHI?hl=pl,377,http://www.vetopedia.pl/weterynarz-krakow/1250/lecznica_weterynaryjna/lecznica_weterynaryjna/,maps type: Weterynarz
VET_CLINIC,Gabinet Weterynaryjny Krak-Vet,https://www.google.com/maps/place/Gabinet+Weterynaryjny+Krak-Vet/data=!4m7!3m6!1s0x47165ab092ccfbcf:0xba783f0510863854!8m2!3d50.0956008!4d19.9974625!16s%2Fg%2F11c58rt8gh!19sChIJz_vMkrBaFkcRVDiGEAU_eLo?hl=pl,375,http://www.krakvet.eu/,maps type: Weterynarz
VET_CLINIC,"Weterynarz, Przychodnia Weterynaryjna NOWY VitalVet Nowa Huta","https://www.google.com/maps/place/Weterynarz,+Przychodnia+Weterynaryjna+NOWY+VitalVet+Nowa+Huta/data=!4m7!3m6!1s0x47165aad2a27a3db:0x2b48abba1a753c8a!8m2!3d50.0990112!4d20.0138012!16s%2Fg%2F11bv2l6kc6!19sChIJ26MnKq1aFkcRijx1GrqrSCs?hl=pl",373,https://nowyvitalvet.com/,maps type: Weterynarz
VET_CLINIC,Azory Gabinet Weterynaryjny,https://www.google.com/maps/place/Azory+Gabinet+Weterynaryjny/data=!4m7!3m6!1s0x47165a35f53f143d:0x6ea59c0371b869b7!8m2!3d50.087119!4d19.908135!16s%2Fg%2F1tf646mz!19sChIJPRQ_9TVaFkcRt2m4cQOcpW4?hl=pl,360,http://azorywet.pl/,maps type: Weterynarz
VET_CLINIC,Gabinet Weterynaryjny Nowa Huta,https://www.google.com/maps/place/Gabinet+Weterynaryjny+Nowa+Huta/data=!4m7!3m6!1s0x4716455f321cb167:0x6e1a8e3a8be77493!8m2!3d50.0967343!4d20.0217264!16s%2Fg%2F11qq9pz9xj!19sChIJZ7EcMl9FFkcRk3TnizqOGm4?hl=pl,353,https://www.gabwetnowahuta.pl/,maps type: Weterynarz
VET_CLINIC,"Przychodnia weterynaryjna ""Z pazurem""",https://www.google.com/maps/place/Przychodnia+weterynaryjna+%22Z+pazurem%22/data=!4m7!3m6!1s0x47165bcb2fd91605:0xb8aba7fb9716bab1!8m2!3d50.083843!4d19.9010167!16s%2Fg%2F11b6gdwc_x!19sChIJBRbZL8tbFkcRsboWl_unq7g?hl=pl,346,http://www.weterynarz-psycholog.com/,maps type: Weterynarz
VET_CLINIC,Przychodnia Weterynaryjna ALVET Olga Jaworska,https://www.google.com/maps/place/Przychodnia+Weterynaryjna+ALVET+Olga+Jaworska/data=!4m7!3m6!1s0x47165bc912921323:0x92935412dd95550a!8m2!3d50.0800898!4d19.8931639!16s%2Fg%2F1hc5g9cmk!19sChIJIxOSEslbFkcRClWV3RJUk5I?hl=pl,333,http://alvet.com.pl/,maps type: Weterynarz
VET_CLINIC,Przychodnia Weterynaryjna Vetamicor,https://www.google.com/maps/place/Przychodnia+Weterynaryjna+Vetamicor/data=!4m7!3m6!1s0x47165b44e87fa4e7:0xf9ddc86ee1d42c12!8m2!3d50.0443259!4d19.9526625!16s%2Fg%2F1q5d61tdz!19sChIJ56R_6ERbFkcREizU4W7I3fk?hl=pl,329,http://vetamicor.pl/,maps type: Weterynarz
VET_CLINIC,"Gabinet Weterynaryjny ""Centaur""",https://www.google.com/maps/place/Gabinet+Weterynaryjny+%22Centaur%22/data=!4m7!3m6!1s0x47165cbc4d66ede1:0x469ab331ae36463d!8m2!3d50.0223253!4d19.9294894!16s%2Fg%2F1tdm71hc!19sChIJ4e1mTbxcFkcRPUY2rjGzmkY?hl=pl,326,http://www.centaurvet.pl/,maps type: Weterynarz
VET_CLINIC,Rajvet,https://www.google.com/maps/place/Rajvet/data=!4m7!3m6!1s0x4716432073aa1ff1:0xf5586d898a03d31!8m2!3d49.9886532!4d19.9450012!16s%2Fg%2F11cmj1h9yp!19sChIJ8R-qcyBDFkcRMT2gmNiGVQ8?hl=pl,321,http://rajvet.pl/,maps type: Weterynarz
VET_CLINIC,Małys Mirosław. Lecznica weterynaryjna,https://www.google.com/maps/place/Ma%C5%82ys+Miros%C5%82aw.+Lecznica+weterynaryjna/data=!4m7!3m6!1s0x47165c91e883f753:0x779847bbfcdd0d85!8m2!3d50.024347!4d19.9115135!16s%2Fg%2F1thbvdc8!19sChIJU_eD6JFcFkcRhQ3d_LtHmHc?hl=pl,318,,maps type: Weterynarz; website: none (no Witryna button in the Maps search list; full card not opened in batch 0)
VET_CLINIC,Przychodnia weterynaryjna Lupus,https://www.google.com/maps/place/Przychodnia+weterynaryjna+Lupus/data=!4m7!3m6!1s0x47165c43f4530f2d:0x1c07036dcd921cba!8m2!3d50.0219973!4d19.8679369!16s%2Fg%2F11b5pkw2s3!19sChIJLQ9T9ENcFkcRuhySzW0DBxw?hl=pl,311,http://lupusvet.pl/,maps type: Weterynarz
VET_CLINIC,"Lis Paweł, lek. wet. Gabinet weterynaryjny","https://www.google.com/maps/place/Lis+Pawe%C5%82,+lek.+wet.+Gabinet+weterynaryjny/data=!4m7!3m6!1s0x4716453122c7ece3:0x78ddc0fbb8941de3!8m2!3d50.0802205!4d20.0069467!16s%2Fg%2F1tt1fz8d!19sChIJ4-zHIjFFFkcR4x2UuPvA3Xg?hl=pl",293,https://www.facebook.com/p/Gabinet-Weterynaryjny-Doktora-Lisa-100066475946823,maps type: Weterynarz
VET_CLINIC,Przystaś Janina. Gabinet weterynaryjny,https://www.google.com/maps/place/Przysta%C5%9B+Janina.+Gabinet+weterynaryjny/data=!4m7!3m6!1s0x4716435ca835f36b:0xa33326cfe7119edc!8m2!3d50.017472!4d19.978012!16s%2Fg%2F1tkc0vmx!19sChIJa_M1qFxDFkcR3J4R588mM6M?hl=pl,291,http://gabinetweterynaryjny.krakow.pl/,maps type: Weterynarz
VET_CLINIC,Przychodnia Weterynaryjna Mruczek,https://www.google.com/maps/place/Przychodnia+Weterynaryjna+Mruczek/data=!4m7!3m6!1s0x47165ab2d9f14f9f:0x51fe3a9e82c42523!8m2!3d50.0946201!4d20.0094818!16s%2Fg%2F11dzt04syx!19sChIJn0_x2bJaFkcRIyXEgp46_lE?hl=pl,290,http://mruczekwet.wixsite.com/przychodniamruczek,maps type: Weterynarz
VET_CLINIC,Przychodnia Weterynaryjna Wibrys Joanna Szklarska-Piotrowska,https://www.google.com/maps/place/Przychodnia+Weterynaryjna+Wibrys+Joanna+Szklarska-Piotrowska/data=!4m7!3m6!1s0x47165b2a3c1d7cc3:0x26333a8a73bdd2e7!8m2!3d50.067656!4d19.9844674!16s%2Fg%2F11c0_91gxd!19sChIJw3wdPCpbFkcR59K9c4o6MyY?hl=pl,289,http://www.przychodniawibrys.pl/,maps type: Weterynarz
VET_CLINIC,Iris. Przychodnia weterynaryjna. Sierpniowska-Saładyga S.,https://www.google.com/maps/place/Iris.+Przychodnia+weterynaryjna.+Sierpniowska-Sa%C5%82adyga+S./data=!4m7!3m6!1s0x47165b759b9fad4f:0x1aff3d4297fa71b1!8m2!3d50.0549403!4d19.9173434!16s%2Fg%2F1tr169c7!19sChIJT62fm3VbFkcRsXH6l0I9_xo?hl=pl,277,http://przychodniawetiris.pl/,maps type: Weterynarz
VET_CLINIC,"Gabinet Weterynaryjny, Andrzej Wandas","https://www.google.com/maps/place/Gabinet+Weterynaryjny,+Andrzej+Wandas/data=!4m7!3m6!1s0x47165b88c4f7780b:0x4401670d8818d15!8m2!3d50.0504913!4d19.9503028!16s%2Fg%2F11ghs2v3fd!19sChIJC3j3xIhbFkcRFY2B2HAWQAQ?hl=pl",276,http://weterynarz.info/,maps type: Weterynarz
VET_CLINIC,PROTON Rezonans dla Zwierząt w Krakowie,https://www.google.com/maps/place/PROTON+Rezonans+dla+Zwierz%C4%85t+w+Krakowie/data=!4m7!3m6!1s0x47165bf264736815:0xbb4e2fa6a019d3fc!8m2!3d50.0593124!4d19.9261357!16s%2Fg%2F11pzbmhqtq!19sChIJFWhzZPJbFkcR_NMZoKYvTrs?hl=pl,269,https://proton.vet/,maps type: Weterynarz
VET_CLINIC,"Przychodnia Weterynaryjna Folwark Zwierzęcy, GRUPA EDINA","https://www.google.com/maps/place/Przychodnia+Weterynaryjna+Folwark+Zwierz%C4%99cy,+GRUPA+EDINA/data=!4m7!3m6!1s0x47165a1ad4bf6b21:0x2c266814ae6289c2!8m2!3d50.116188!4d19.9028452!16s%2Fg%2F1tjbqx9r!19sChIJIWu_1BpaFkcRwolirhRoJiw?hl=pl",263,https://wetfolwark.pl/,maps type: Weterynarz
VET_CLINIC,Zwierzęca Przystań Przychodnia Weterynaryjna,https://www.google.com/maps/place/Zwierz%C4%99ca+Przysta%C5%84+Przychodnia+Weterynaryjna/data=!4m7!3m6!1s0x47165976a8ef3a5f:0x3151315a0c11be7!8m2!3d50.0842943!4d19.8511982!16s%2Fg%2F11cr_ry29h!19sChIJXzrvqHZZFkcR5xvBoBUTFQM?hl=pl,261,http://przystanwet.pl/,maps type: Weterynarz
VET_CLINIC,"Przychodnia Weterynaryjna ""Nasza"" | Weterynarz Kraków",https://www.google.com/maps/place/Przychodnia+Weterynaryjna+%22Nasza%22+%7C+Weterynarz+Krak%C3%B3w/data=!4m7!3m6!1s0x47165b0d14c37e47:0x7bc00664958ce49a!8m2!3d50.083559!4d19.9106878!16s%2Fg%2F11g0g1nq9x!19sChIJR37DFA1bFkcRmuSMlWQGwHs?hl=pl,254,http://przychodnia-nasza.pl/,maps type: Weterynarz
VET_CLINIC,Lessie Gabinet Weterynaryjny,https://www.google.com/maps/place/Lessie+Gabinet+Weterynaryjny/data=!4m7!3m6!1s0x471644bca2430f83:0xbe1926850ccee366!8m2!3d50.0370551!4d19.993478!16s%2Fg%2F1tf85tpv!19sChIJgw9DorxEFkcRZuPODIUmGb4?hl=pl,251,,maps type: Weterynarz; website: none (no Witryna button in the Maps search list; full card not opened in batch 0)
VET_CLINIC,Medicavet Przychodnia Weterynaryjna,https://www.google.com/maps/place/Medicavet+Przychodnia+Weterynaryjna/data=!4m7!3m6!1s0x47165b5259b3291f:0xd2c96b7dc8508bba!8m2!3d50.040197!4d19.9255499!16s%2Fg%2F11g1ny68hx!19sChIJHymzWVJbFkcRuotQyH1rydI?hl=pl,237,http://medicavet-krakow.pl/,maps type: Weterynarz
VET_CLINIC,Gabinet weterynaryjny Modrzewiowa,https://www.google.com/maps/place/Gabinet+weterynaryjny+Modrzewiowa/data=!4m7!3m6!1s0x47165b41e1549c5d:0xc7c778b4080a56a!8m2!3d50.063669!4d19.8659908!16s%2Fg%2F11hdjhlrsp!19sChIJXZxU4UFbFkcRaqWAQIt3fAw?hl=pl,226,http://www.modrzewiowavet.pl/,maps type: Weterynarz
VET_CLINIC,VetGo - Wizyta Weterynarza w Twoim Domu,https://www.google.com/maps/place/VetGo+-+Wizyta+Weterynarza+w+Twoim+Domu/data=!4m7!3m6!1s0xabe177b3a6a24b45:0xc3f5962e107ee39!8m2!3d50.0698594!4d19.9215712!16s%2Fg%2F11q1qc8jbj!19sChIJRUuiprN34asROe4H4WJZPww?hl=pl,226,http://www.wizytaweterynarza.pl/,maps type: Weterynarz
VET_CLINIC,Gabinet weterynaryjny,https://www.google.com/maps/place/Gabinet+weterynaryjny/data=!4m7!3m6!1s0x47164508b65d1bc1:0x771897191017cb08!8m2!3d50.0695083!4d20.049785!16s%2Fg%2F1tzgmz7d!19sChIJwRtdtghFFkcRCMsXEBmXGHc?hl=pl,222,,maps type: Weterynarz; website: none (no Witryna button in the Maps search list; full card not opened in batch 0)
VET_CLINIC,Gabinet Weterynaryjny Dobry Weterynarz,https://www.google.com/maps/place/Gabinet+Weterynaryjny+Dobry+Weterynarz/data=!4m7!3m6!1s0x47165ab842ae77b1:0xd834350b9e63cc0!8m2!3d50.0908811!4d19.989752!16s%2Fg%2F11bc73rpf9!19sChIJsXeuQrhaFkcRwDzmuVBDgw0?hl=pl,219,http://dobry-weterynarz-krakow.pl/,maps type: Weterynarz
VET_CLINIC,Gabinet Weterynaryjny Biały Kieł,https://www.google.com/maps/place/Gabinet+Weterynaryjny+Bia%C5%82y+Kie%C5%82/data=!4m7!3m6!1s0x4716434f769ee73d:0x92c82207353ebfc1!8m2!3d50.015868!4d19.9675404!16s%2Fg%2F11c3k2x1dc!19sChIJPeeedk9DFkcRwb8-NQciyJI?hl=pl,217,,maps type: Weterynarz; website: none (no Witryna button in the Maps search list; full card not opened in batch 0)
VET_CLINIC,Miau Hau Gabinet Weterynaryjny - Sklep Zoologiczny,https://www.google.com/maps/place/Miau+Hau+Gabinet+Weterynaryjny+-+Sklep+Zoologiczny/data=!4m7!3m6!1s0x47165b82203c5fcf:0x463260e196165943!8m2!3d50.0928211!4d19.9576868!16s%2Fg%2F11gjx1b8yj!19sChIJz188IIJbFkcRQ1kWluFgMkY?hl=pl,211,https://www.facebook.com/gabinetmiauhau/?modal=admin_todo_tour,maps type: Weterynarz
VET_CLINIC,Madvet Gabinet weterynaryjny,https://www.google.com/maps/place/Madvet+Gabinet+weterynaryjny/data=!4m7!3m6!1s0x4716437ce2ce4c9b:0x27649f2d778b3267!8m2!3d50.0182706!4d20.0045391!16s%2Fg%2F11bw46zmxy!19sChIJm0zO4nxDFkcRZzKLdy2fZCc?hl=pl,210,https://www.facebook.com/gabinetmadvet,maps type: Weterynarz
VET_CLINIC,Przychodnia Weterynaryjna ZWIERZYNIEC,https://www.google.com/maps/place/Przychodnia+Weterynaryjna+ZWIERZYNIEC/data=!4m7!3m6!1s0x471659a1b0644d35:0xe7b5fc856686c85!8m2!3d50.0695211!4d19.8574502!16s%2Fg%2F11kphlf4gk!19sChIJNU1ksKFZFkcRhWxoVshfew4?hl=pl,209,https://zwierzynieckrakow.pl/,maps type: Weterynarz
VET_CLINIC,Weterynarz Kraków Advet lek.wet Marcin Adamczyk,https://www.google.com/maps/place/Weterynarz+Krak%C3%B3w+Advet+lek.wet+Marcin+Adamczyk/data=!4m7!3m6!1s0x47165ca2b939b609:0x4a7fa4926dfc8675!8m2!3d50.026543!4d19.9299767!16s%2Fg%2F1tj908gm!19sChIJCbY5uaJcFkcRdYb8bZKkf0o?hl=pl,204,,maps type: Weterynarz; website: none (no Witryna button in the Maps search list; full card not opened in batch 0)
VET_CLINIC,Gabinet Weterynaryjny Krzysztof Klimas,https://www.google.com/maps/place/Gabinet+Weterynaryjny+Krzysztof+Klimas/data=!4m7!3m6!1s0x471645403ed74119:0x60fcc90efa30ae2!8m2!3d50.0835329!4d20.033399!16s%2Fg%2F11bvt5xp48!19sChIJGUHXPkBFFkcR4gqj75DMDwY?hl=pl,202,,maps type: Weterynarz; website: none (no Witryna button in the Maps search list; full card not opened in batch 0)
VET_CLINIC,Help. Przychodnia weterynaryjna. Usługi weterynaryjne,https://www.google.com/maps/place/Help.+Przychodnia+weterynaryjna.+Us%C5%82ugi+weterynaryjne/data=!4m7!3m6!1s0x47165a49cb3bed3f:0x89b8bcef42f3f9d4!8m2!3d50.090078!4d19.91229!16s%2Fg%2F1tpc6q0b!19sChIJP-07y0laFkcR1PnzQu-8uIk?hl=pl,201,https://krakowweterynarz.pl/,maps type: Weterynarz
VET_CLINIC,Klinika Weterynaryjna Skotnicka 24h | Grupa EDINA,https://www.google.com/maps/place/Klinika+Weterynaryjna+Skotnicka+24h+%7C+Grupa+EDINA/data=!4m7!3m6!1s0x47165dfeb1692147:0xa027de56022a6735!8m2!3d50.0025573!4d19.8684157!16s%2Fg%2F11y01vg59_!19sChIJRyFpsf5dFkcRNWcqAlbeJ6A?hl=pl,200,https://www.skotnicka24.pl/,maps type: Weterynarz
VET_CLINIC,Przychodnia Weterynaryjna Tomasz Kutrzuba,https://www.google.com/maps/place/Przychodnia+Weterynaryjna+Tomasz+Kutrzuba/data=!4m7!3m6!1s0x4716454fdd42f611:0x556fb528a5d5307a!8m2!3d50.0933847!4d20.0244415!16s%2Fg%2F1tf22tyj!19sChIJEfZC3U9FFkcRejDVpSi1b1U?hl=pl,194,https://fiolkowet.pl/,maps type: Weterynarz
VET_CLINIC,"Przychodnia Weterynaryjna Lovet - onkologia, ortopedia","https://www.google.com/maps/place/Przychodnia+Weterynaryjna+Lovet+-+onkologia,+ortopedia/data=!4m7!3m6!1s0x4716458711223fc3:0x16b8e445757baadd!8m2!3d50.023261!4d20.0508823!16s%2Fg%2F11h_4v5yf6!19sChIJwz8iEYdFFkcR3ap7dUXkuBY?hl=pl",191,http://lovet-przychodnia.com/,maps type: Weterynarz
VET_CLINIC,NevaVet Przychodnia Weterynaryjna,https://www.google.com/maps/place/NevaVet+Przychodnia+Weterynaryjna/data=!4m7!3m6!1s0x4716457eebf427ab:0xb0d5f262544eef4e!8m2!3d50.035383!4d19.9997829!16s%2Fg%2F11q4h26y0g!19sChIJqyf0635FFkcRTu9OVGLy1bA?hl=pl,187,https://nevavet.pl/,maps type: Weterynarz
VET_CLINIC,Przychodnia Weterynaryjna OrtoWet Kraków,https://www.google.com/maps/place/Przychodnia+Weterynaryjna+OrtoWet+Krak%C3%B3w/data=!4m7!3m6!1s0x47165b837e041691:0xc63e549cc5bf63ea!8m2!3d50.0367455!4d19.9673233!16s%2Fg%2F11txgj6ldb!19sChIJkRYEfoNbFkcR6mO_xZxUPsY?hl=pl,187,https://ortowetkrakow.pl/,maps type: Weterynarz
VET_CLINIC,Rydlówka Przychodnia Weterynaryjna Kardiologia Onkologia,https://www.google.com/maps/place/Rydl%C3%B3wka+Przychodnia+Weterynaryjna+Kardiologia+Onkologia/data=!4m7!3m6!1s0x47165b2d20c2e69f:0x9556691fada856d!8m2!3d50.0357885!4d19.9345975!16s%2Fg%2F11khrk17mp!19sChIJn-bCIC1bFkcRbYXa-pFmVQk?hl=pl,186,http://rydlowkaprzychodnia.pl/,maps type: Weterynarz
VET_CLINIC,Gabinet Weterynaryjny DermVet Alina Borkowska,https://www.google.com/maps/place/Gabinet+Weterynaryjny+DermVet+Alina+Borkowska/data=!4m7!3m6!1s0x47165bc3e9b076cf:0x2b1c26e4f7f53960!8m2!3d50.0370804!4d19.9425225!16s%2Fg%2F11jtvxhqcd!19sChIJz3aw6cNbFkcRYDn19-QmHCs?hl=pl,185,http://www.dermvet.pl/,maps type: Weterynarz
VET_CLINIC,Podgórskie Centrum Weterynaryjne Kraków Zabłocie Weterynarz,https://www.google.com/maps/place/Podg%C3%B3rskie+Centrum+Weterynaryjne+Krak%C3%B3w+Zab%C5%82ocie+Weterynarz/data=!4m7!3m6!1s0x47165bfd451ae049:0xc07c01a1fb0d5655!8m2!3d50.0461395!4d19.9685197!16s%2Fg%2F11vwp1_ydf!19sChIJSeAaRf1bFkcRVVYN-6EBfMA?hl=pl,166,http://podgorskiwet.pl/,maps type: Weterynarz
VET_CLINIC,Gabinet weterynaryjny Ambuvet,https://www.google.com/maps/place/Gabinet+weterynaryjny+Ambuvet/data=!4m7!3m6!1s0x47165a4fe5de827f:0xf293bcd28e6ed084!8m2!3d50.0834122!4d19.9304645!16s%2Fg%2F1tfkv138!19sChIJf4Le5U9aFkcRhNBujtK8k_I?hl=pl,163,,maps type: Weterynarz; website: none (no Witryna button in the Maps search list; full card not opened in batch 0)
VET_CLINIC,ROYAL-VET,https://www.google.com/maps/place/ROYAL-VET/data=!4m7!3m6!1s0x4716451076f92e43:0x75cc4cd7de6dfd79!8m2!3d50.0704135!4d20.0390731!16s%2Fg%2F11gzrqc5z!19sChIJQy75dhBFFkcRef1t3tdMzHU?hl=pl,158,http://www.weterynarzkrakow.com.pl/,maps type: Weterynarz
VET_CLINIC,"Reksvet s.c. Przychodnia weterynaryjna Paweł Krok , Adam Opalski","https://www.google.com/maps/place/Reksvet+s.c.+Przychodnia+weterynaryjna+Pawe%C5%82+Krok+,+Adam+Opalski/data=!4m7!3m6!1s0x47165ae789e80cd5:0xa696569a3d9b02cc!8m2!3d50.0827928!4d19.958623!16s%2Fg%2F1tykt3bp!19sChIJ1QzoiedaFkcRzAKbPZpWlqY?hl=pl",152,https://www.reksvet.pl/,maps type: Weterynarz
VET_CLINIC,Klinika Weterynaryjna TENVET Kraków 24/7,https://www.google.com/maps/place/Klinika+Weterynaryjna+TENVET+Krak%C3%B3w+24%2F7/data=!4m7!3m6!1s0x47164504ca0f7ab7:0xc5bb68d0539c9f34!8m2!3d50.0626966!4d20.0065567!16s%2Fg%2F11yx__6s6_!19sChIJt3oPygRFFkcRNJ-cU9Bou8U?hl=pl,146,https://kwt24.pl/,maps type: Weterynarz
VET_CLINIC,Powiatowy Inspektorat Weterynarii w Krakowie,https://www.google.com/maps/place/Powiatowy+Inspektorat+Weterynarii+w+Krakowie/data=!4m7!3m6!1s0x47165aef3a0f8b4b:0x682902e91fc56be!8m2!3d50.0855927!4d19.9628993!16s%2Fg%2F1tgj7kkj!19sChIJS4sPOu9aFkcRvlb8kS6QggY?hl=pl,145,http://krakow.piw.gov.pl/,maps type: Weterynarz
VET_CLINIC,Vet Premium Balicka - Specjalistyczna Przychodnia Weterynaryjna,https://www.google.com/maps/place/Vet+Premium+Balicka+-+Specjalistyczna+Przychodnia+Weterynaryjna/data=!4m7!3m6!1s0x47165b8d2352289b:0x5942adbca8665e18!8m2!3d50.0823217!4d19.8840401!16s%2Fg%2F11kpdl6smz!19sChIJmyhSI41bFkcRGF5mqLytQlk?hl=pl,145,http://www.lux-vet.pl/,maps type: Weterynarz
VET_CLINIC,Przychodnia Weterynaryjna Animali lek.wet. Damian Przędzik,https://www.google.com/maps/place/Przychodnia+Weterynaryjna+Animali+lek.wet.+Damian+Prz%C4%99dzik/data=!4m7!3m6!1s0x47165bdb79b69f09:0x646bf5ed47d4a22a!8m2!3d50.072706!4d19.877932!16s%2Fg%2F1v41z5qp!19sChIJCZ-2edtbFkcRKqLUR-31a2Q?hl=pl,143,https://animali.pl/,maps type: Weterynarz
VET_CLINIC,Specjalistyczne Centrum Weterynaryjne,https://www.google.com/maps/place/Specjalistyczne+Centrum+Weterynaryjne/data=!4m7!3m6!1s0x47165addf29318b9:0x1bfbbcb32f5a61c1!8m2!3d50.0788977!4d19.9693356!16s%2Fg%2F1thl44t3!19sChIJuRiT8t1aFkcRwWFaL7O8-xs?hl=pl,143,http://centrumweterynaryjnetarabula.pl/,maps type: Weterynarz
VET_CLINIC,Przychodnia Weterynaryjna Vet Complex Daria Łukasik,https://www.google.com/maps/place/Przychodnia+Weterynaryjna+Vet+Complex+Daria+%C5%81ukasik/data=!4m7!3m6!1s0x47165be3b874c06b:0x2239d73409607104!8m2!3d50.0813387!4d19.9148655!16s%2Fg%2F11kj79xzkk!19sChIJa8B0uONbFkcRBHFgCTTXOSI?hl=pl,137,http://vetcomplex.eu/,maps type: Weterynarz
VET_CLINIC,Zwierzogród Przychodnia Weterynaryjna,https://www.google.com/maps/place/Zwierzogr%C3%B3d+Przychodnia+Weterynaryjna/data=!4m7!3m6!1s0x47165b0e46f86fe1:0x5642cee5764ac510!8m2!3d50.0572962!4d19.9657169!16s%2Fg%2F11q86hz2bn!19sChIJ4W_4Rg5bFkcREMVKduXOQlY?hl=pl,137,https://zwierzogrod.vet/,maps type: Weterynarz
VET_CLINIC,Przychodnia weterynaryjna FIGARO,https://www.google.com/maps/place/Przychodnia+weterynaryjna+FIGARO/data=!4m7!3m6!1s0x47165b82a0d16797:0x7d315694a4614217!8m2!3d50.0482448!4d19.9591545!16s%2Fg%2F11vhqrj517!19sChIJl2fRoIJbFkcRF0JhpJRWMX0?hl=pl,134,https://www.przychodniafigaro.pl/,maps type: Weterynarz
VET_CLINIC,Maxvet Centrum Weterynaryjne Kraków – Szafirowa,https://www.google.com/maps/place/Maxvet+Centrum+Weterynaryjne+Krak%C3%B3w+%E2%80%93+Szafirowa/data=!4m7!3m6!1s0x47165af16d8d27e5:0x2b97b25a6cde7355!8m2!3d50.0910331!4d19.9538234!16s%2Fg%2F1v1vby8z!19sChIJ5SeNbfFaFkcRVXPebFqylys?hl=pl,133,http://www.maxvet.com.pl/,maps type: Weterynarz
VET_CLINIC,Gabinet Weterynaryjny Pupil,https://www.google.com/maps/place/Gabinet+Weterynaryjny+Pupil/data=!4m7!3m6!1s0x47165ce6f03f4dc1:0xa08de6a5d84124a9!8m2!3d50.0049843!4d19.9073568!16s%2Fg%2F1hc2ppcqp!19sChIJwU0_8OZcFkcRqSRB2KXmjaA?hl=pl,124,,maps type: Weterynarz; website: none (no Witryna button in the Maps search list; full card not opened in batch 0)
VET_CLINIC,Sklep zoologiczny Rafa,https://www.google.com/maps/place/Sklep+zoologiczny+Rafa/data=!4m7!3m6!1s0x47164335c54c0457:0xb59bce27d4ee2163!8m2!3d50.0082773!4d19.954021!16s%2Fg%2F1tfrqnkm!19sChIJVwRMxTVDFkcRYyHu1CfOm7U?hl=pl,119,http://www.skleprafa.com.pl/,maps type: Weterynarz
VET_CLINIC,"Zalewski Zdzisław, lek. wet. Ambulatorium weterynaryjne","https://www.google.com/maps/place/Zalewski+Zdzis%C5%82aw,+lek.+wet.+Ambulatorium+weterynaryjne/data=!4m7!3m6!1s0x47165b219ded0bd3:0x54c77bc2371a3f40!8m2!3d50.068667!4d19.9633337!16s%2Fg%2F1tfz8y94!19sChIJ0wvtnSFbFkcRQD8aN8J7x1Q?hl=pl",116,,maps type: Weterynarz; website: none (no Witryna button in the Maps search list; full card not opened in batch 0)
VET_CLINIC,Gabinet Czwórnóg weterynarz,https://www.google.com/maps/place/Gabinet+Czw%C3%B3rn%C3%B3g+weterynarz/data=!4m7!3m6!1s0x47165b3368819a5d:0xc4cb51cbf40fc700!8m2!3d50.0788062!4d19.8776039!16s%2Fg%2F11np6nfk3q!19sChIJXZqBaDNbFkcRAMcP9MtRy8Q?hl=pl,109,https://gabinet-czwornog.pl/,maps type: Weterynarz
VET_CLINIC,Gabinet Weterynaryjny,https://www.google.com/maps/place/Gabinet+Weterynaryjny/data=!4m7!3m6!1s0x47165ba884c73a9f:0x411a2c2abf51921e!8m2!3d50.0709112!4d19.9222195!16s%2Fg%2F11cn9rc7h0!19sChIJnzrHhKhbFkcRHpJRvyosGkE?hl=pl,107,,maps type: Weterynarz; website: none (no Witryna button in the Maps search list; full card not opened in batch 0)
VET_CLINIC,"Gabinet Weterynaryjny ""Agouti 2",https://www.google.com/maps/place/Gabinet+Weterynaryjny+%22Agouti+2/data=!4m7!3m6!1s0x47165d1d7895a2e3:0x6fa32dbf3c1f49cf!8m2!3d49.9990797!4d19.8960514!16s%2Fg%2F1hhk5db1h!19sChIJ46KVeB1dFkcRz0kfPL8to28?hl=pl,104,http://www.agouti2.eu/,maps type: Weterynarz
VET_CLINIC,Gabinet Weterynaryjny S.c. Lekarz Wet. Anna Kułyk Lekarz Wet. Olga Kułyk,https://www.google.com/maps/place/Gabinet+Weterynaryjny+S.c.+Lekarz+Wet.+Anna+Ku%C5%82yk+Lekarz+Wet.+Olga+Ku%C5%82yk/data=!4m7!3m6!1s0x47165a4c6d68a8d7:0xd7664542751c5410!8m2!3d50.0853316!4d19.9163157!16s%2Fg%2F11h0vpyvns!19sChIJ16hobUxaFkcREFQcdUJFZtc?hl=pl,104,,maps type: Opieka weterynaryjna; website: none (no Witryna button in the Maps search list; full card not opened in batch 0)
VET_CLINIC,Przychodnia Weterynaryjna MS VET,https://www.google.com/maps/place/Przychodnia+Weterynaryjna+MS+VET/data=!4m7!3m6!1s0x47165ba788cebb91:0x14110d8085fe2cfc!8m2!3d50.0671015!4d19.9256582!16s%2Fg%2F1tkkslyj!19sChIJkbvOiKdbFkcR_Cz-hYANERQ?hl=pl,99,http://www.weterynarz-krakow.com.pl/,maps type: Weterynarz
VET_CLINIC,Przychodnia Weterynaryjna,https://www.google.com/maps/place/Przychodnia+Weterynaryjna/data=!4m7!3m6!1s0x4716434b8b7778db:0xaa1f4379e410e4ad!8m2!3d50.0148969!4d19.9578767!16s%2Fg%2F1wn32dh4!19sChIJ23h3i0tDFkcRreQQ5HlDH6o?hl=pl,98,,maps type: Weterynarz; website: none (no Witryna button in the Maps search list; full card not opened in batch 0)
VET_CLINIC,Zdrowie Pupila Gabinet Weterynaryjny,https://www.google.com/maps/place/Zdrowie+Pupila+Gabinet+Weterynaryjny/data=!4m7!3m6!1s0x47165c8dfa91b557:0x78e40dba89e6702a!8m2!3d50.004382!4d19.904951!16s%2Fg%2F11bwythzkn!19sChIJV7WR-o1cFkcRKnDmiboN5Hg?hl=pl,98,http://www.zdrowiepupila.pl/,maps type: Weterynarz
VET_CLINIC,Przychodnia Weterynaryjna Zakrzówek,https://www.google.com/maps/place/Przychodnia+Weterynaryjna+Zakrz%C3%B3wek/data=!4m7!3m6!1s0x47165b61ff9b5243:0x7b412d2ffe82fd7d!8m2!3d50.0430609!4d19.9211601!16s%2Fg%2F11kk8f3d_8!19sChIJQ1Kb_2FbFkcRff2C_i8tQXs?hl=pl,90,https://weterynaria-zakrzowek.pl/,maps type: Weterynarz
VET_CLINIC,Przychodnia Weterynaryjna ANIMALS Lek. Wet. Anna Cendrowska,https://www.google.com/maps/place/Przychodnia+Weterynaryjna+ANIMALS+Lek.+Wet.+Anna+Cendrowska/data=!4m7!3m6!1s0x47164535be0609cb:0xfae7768701009dcd!8m2!3d50.084807!4d20.0092739!16s%2Fg%2F1tkkslx4!19sChIJywkGvjVFFkcRzZ0AAYd25_o?hl=pl,81,http://www.przychodniaanimals.pl/,maps type: Weterynarz
VET_CLINIC,DreamVet Przychodnia Weterynaryjna,https://www.google.com/maps/place/DreamVet+Przychodnia+Weterynaryjna/data=!4m7!3m6!1s0x4716439ed6b619e7:0x3abb19a266abde0a!8m2!3d50.0095884!4d20.0225344!16s%2Fg%2F11xfd2wq9x!19sChIJ5xm21p5DFkcRCt6rZqIZuzo?hl=pl,80,https://dreamvet.pl/,maps type: Weterynarz
VET_CLINIC,Lek. Wet. Diana Tarabuła,https://www.google.com/maps/place/Lek.+Wet.+Diana+Tarabu%C5%82a/data=!4m7!3m6!1s0x47165addbd03906b:0xc46f14966ba464e3!8m2!3d50.079169!4d19.969481!16s%2Fg%2F11h6g0_bzj!19sChIJa5ADvd1aFkcR42Ska5YUb8Q?hl=pl,80,http://www.centrumweterynaryjnetarabula.pl/,maps type: Weterynarz; possible duplicate of 'Specjalistyczne Centrum Weterynaryjne' (same address on Maps: Henryka Wieniawskiego 64a)
VET_CLINIC,Pro Vivo Animali,https://www.google.com/maps/place/Pro+Vivo+Animali/data=!4m7!3m6!1s0x47165ac9d3637e65:0x48a04a509a0a2966!8m2!3d50.0883897!4d19.9948966!16s%2Fg%2F11h42pzp19!19sChIJZX5j08laFkcRZikKmlBKoEg?hl=pl,77,"https://krakow.naszemiasto.pl/firma/gabinet-weterynaryjny-pro-vivo-animali,110707,t,id.html",maps type: Weterynarz
VET_CLINIC,Gabinet Weterynaryjny Barbara Kaproń,https://www.google.com/maps/place/Gabinet+Weterynaryjny+Barbara+Kapro%C5%84/data=!4m7!3m6!1s0x47164548a1c2e921:0x291ece029cfdcaee!8m2!3d50.0941404!4d20.0533604!16s%2Fg%2F11kb2yy00r!19sChIJIenCoUhFFkcR7sr9nALOHik?hl=pl,76,http://www.gabinetwetbk.pl/,maps type: Weterynarz
VET_CLINIC,Klinika Weterynaryjna Arka Piotr Derkowski Jerzy Gawor,https://www.google.com/maps/place/Klinika+Weterynaryjna+Arka+Piotr+Derkowski+Jerzy+Gawor/data=!4m7!3m6!1s0x4716435f4ab2bf43:0x5a7b7ff663361875!8m2!3d50.025303!4d19.983991!16s%2Fg%2F11h6g190ms!19sChIJQ7-ySl9DFkcRdRg2Y_Z_e1o?hl=pl,73,http://www.arka-vet.pl/,maps type: Weterynarz; possible duplicate of 'Klinika Weterynaryjna Arka' (same address on Maps: Chłopska 2a)
VET_CLINIC,Lecznica Weterynaryjna Agnieszka Barabaś Alicja Kowalik,https://www.google.com/maps/place/Lecznica+Weterynaryjna+Agnieszka+Baraba%C5%9B+Alicja+Kowalik/data=!4m7!3m6!1s0x47165bd2265aaaab:0x24186b6afecc8975!8m2!3d50.0817368!4d19.8853656!16s%2Fg%2F11h0vqpg51!19sChIJq6paJtJbFkcRdYnM_mprGCQ?hl=pl,73,,maps type: Opieka weterynaryjna; website: none (no Witryna button in the Maps search list; full card not opened in batch 0)
VET_CLINIC,Gabinet Weterynaryjny HorusVet,https://www.google.com/maps/place/Gabinet+Weterynaryjny+HorusVet/data=!4m7!3m6!1s0x47165a44913e9a3d:0x5e73ab7125fe5ffe!8m2!3d50.0938085!4d19.9279506!16s%2Fg%2F11b75jb8nd!19sChIJPZo-kURaFkcR_l_-JXGrc14?hl=pl,72,http://www.horusvet.pl/,maps type: Weterynarz
VET_CLINIC,Weterynarz na Szlaku,https://www.google.com/maps/place/Weterynarz+na+Szlaku/data=!4m7!3m6!1s0x47165bbed5db3dbf:0x448935795c924988!8m2!3d50.0712992!4d19.9384304!16s%2Fg%2F11vhscn4yk!19sChIJvz3b1b5bFkcRiEmSXHk1iUQ?hl=pl,64,https://weterynarznaszlaku.pl/,maps type: Weterynarz
VET_CLINIC,Gabinet Weterynaryjny lek.wet. J.Klich,https://www.google.com/maps/place/Gabinet+Weterynaryjny+lek.wet.+J.Klich/data=!4m7!3m6!1s0x47165a3922bb2525:0xec37d21b9f3e45c5!8m2!3d50.0970083!4d19.9116227!16s%2Fg%2F1vj5yyxp!19sChIJJSW7IjlaFkcRxUU-nxvSN-w?hl=pl,61,https://sites.google.com/o2.pl/gabinet-weterynaryjny-j-klich/strona-g%C5%82%C3%B3wna,maps type: Weterynarz
VET_CLINIC,Gabinet Weterynaryjny Andrzej Szkarłat,https://www.google.com/maps/place/Gabinet+Weterynaryjny+Andrzej+Szkar%C5%82at/data=!4m7!3m6!1s0x47165aebfb7a741f:0xfdb53b7dc70d03d3!8m2!3d50.088921!4d19.9671677!16s%2Fg%2F11g6xddmyt!19sChIJH3R6--taFkcR0wMNx307tf0?hl=pl,60,http://weterynarz.eniroweb.pl/,maps type: Weterynarz
VET_CLINIC,Vet Care Przychodnia Weterynaryjna,https://www.google.com/maps/place/Vet+Care+Przychodnia+Weterynaryjna/data=!4m7!3m6!1s0x47165d0018de8a37:0x5be2489c9935ca9c!8m2!3d50.0096708!4d19.9322599!16s%2Fg%2F11zjs40hd5!19sChIJN4reGABdFkcRnMo1mZxI4ls?hl=pl,60,http://www.vetcare-krakow.pl/,maps type: Weterynarz
VET_CLINIC,Vetmedica Gabinet Weterynaryjny Agnieszka Wrona Wronawet,https://www.google.com/maps/place/Vetmedica+Gabinet+Weterynaryjny+Agnieszka+Wrona+Wronawet/data=!4m7!3m6!1s0x47165d8149d8ab27:0xc57e805a6ec25863!8m2!3d50.0275576!4d19.9232044!16s%2Fg%2F11srl056sq!19sChIJJ6vYSYFdFkcRY1jCblqAfsU?hl=pl,60,https://www.facebook.com/VetmedicaGabinetWeterynaryjnyAgnieszkaWrona,maps type: Weterynarz
VET_CLINIC,Amavet. Lecznica dla zwierząt,https://www.google.com/maps/place/Amavet.+Lecznica+dla+zwierz%C4%85t/data=!4m7!3m6!1s0x47165badb4dad947:0xa433a0f8b60c65b!8m2!3d50.0767379!4d19.9210148!16s%2Fg%2F1tdp_w9m!19sChIJR9natK1bFkcRW8Zgiw86Qwo?hl=pl,57,http://www.amavet.pl/,maps type: Opieka weterynaryjna
VET_CLINIC,ApiVet,https://www.google.com/maps/place/ApiVet/data=!4m7!3m6!1s0x47165b594852d2d1:0x50bfd55c70d7e183!8m2!3d50.0831967!4d19.9740623!16s%2Fg%2F11yk2g60jj!19sChIJ0dJSSFlbFkcRg-HXcFzVv1A?hl=pl,53,,maps type: Weterynarz; website: none (no Witryna button in the Maps search list; full card not opened in batch 0)
VET_CLINIC,"Radwan Paweł, lek. wet. specjalista chirurg - Gabinet Weterynaryjny","https://www.google.com/maps/place/Radwan+Pawe%C5%82,+lek.+wet.+specjalista+chirurg+-+Gabinet+Weterynaryjny/data=!4m7!3m6!1s0x47165be8504e226b:0xe1bd68cabac2a050!8m2!3d50.0645669!4d19.878792!16s%2Fg%2F1tjz6pp_!19sChIJayJOUOhbFkcRUKDCuspoveE?hl=pl",53,http://www.weterynaria.krakow.pl/,maps type: Weterynarz
VET_CLINIC,Agnieszka Klepacka-Durłak lekarz weterynarii,https://www.google.com/maps/place/Agnieszka+Klepacka-Dur%C5%82ak+lekarz+weterynarii/data=!4m7!3m6!1s0x47165aadc9240001:0x3adc2959f6bdaa11!8m2!3d50.083559!4d19.9106878!16s%2Fg%2F11b6d2vtjc!19sChIJAQAkya1aFkcREaq99lkp3Do?hl=pl,47,http://przychodnia-nasza.pl/,"maps type: Weterynarz; possible duplicate of 'Przychodnia Weterynaryjna ""Nasza"" | Weterynarz Kraków' (same address on Maps: Murarska 3b)"
VET_CLINIC,"AMICUS - Przychodnia Weterynaryjna, weterynarz, leczenie zwierząt egzotycznych","https://www.google.com/maps/place/AMICUS+-+Przychodnia+Weterynaryjna,+weterynarz,+leczenie+zwierz%C4%85t+egzotycznych/data=!4m7!3m6!1s0x47165b30766be8ab:0x9f2473c1249d1814!8m2!3d50.0964587!4d19.936296!16s%2Fg%2F11vqscvf86!19sChIJq-hrdjBbFkcRFBidJMFzJJ8?hl=pl",36,https://www.amicusweterynaria.pl/,maps type: Weterynarz
VET_CLINIC,Przychodnia Weterynaryjna NEOVET,https://www.google.com/maps/place/Przychodnia+Weterynaryjna+NEOVET/data=!4m7!3m6!1s0x47165b003c228919:0x1653041e65cd0696!8m2!3d50.100778!4d19.9281781!16s%2Fg%2F11wwqrsg0l!19sChIJGYkiPABbFkcRlgbNZR4EUxY?hl=pl,36,http://www.neovet.pl/,maps type: Weterynarz
VET_CLINIC,"AMICUS - Przychodnia Weterynaryjna, weterynarz, leczenie zwierząt egzotycznych","https://www.google.com/maps/place/AMICUS+-+Przychodnia+Weterynaryjna,+weterynarz,+leczenie+zwierz%C4%85t+egzotycznych/data=!4m7!3m6!1s0x47165a92631998b1:0x8965c9285d7c3d2c!8m2!3d50.0993751!4d19.965015!16s%2Fg%2F1ptzvvbv1!19sChIJsZgZY5JaFkcRLD18XSjJZYk?hl=pl",31,http://www.amicusweterynaria.pl/,maps type: Weterynarz
VET_CLINIC,Chow Chow. Laboratorium weterynaryjne,https://www.google.com/maps/place/Chow+Chow.+Laboratorium+weterynaryjne/data=!4m7!3m6!1s0x47165ac2e6085edf:0x90cc3a9bbacee23!8m2!3d50.0835365!4d19.9737152!16s%2Fg%2F1vf9b2pw!19sChIJ314I5sJaFkcRI-6su6nDDAk?hl=pl,30,,maps type: Opieka weterynaryjna; website: none (no Witryna button in the Maps search list; full card not opened in batch 0)
VET_CLINIC,Przychodnia Weterynaryjna CHIRON,https://www.google.com/maps/place/Przychodnia+Weterynaryjna+CHIRON/data=!4m7!3m6!1s0x47165bc68549e78f:0x792262d6236bc499!8m2!3d50.0953889!4d19.9881494!16s%2Fg%2F11h6g50r8j!19sChIJj-dJhcZbFkcRmcRrI9ZiInk?hl=pl,30,http://chiron.krakow.pl/,maps type: Weterynarz
VET_CLINIC,"Weterynarz mobilny, GabinetPoduszka","https://www.google.com/maps/place/Weterynarz+mobilny,+GabinetPoduszka/data=!4m7!3m6!1s0x471659b3ae5fbc7d:0xd2272f6cada34005!8m2!3d50.0712407!4d19.9384487!16s%2Fg%2F11hswr0sy_!19sChIJfbxfrrNZFkcRBUCjrWwvJ9I?hl=pl",27,https://gabinetpoduszka.pl/,maps type: Weterynarz; possible duplicate of 'Weterynarz na Szlaku' (same address on Maps: Szlak 41)
VET_CLINIC,Wojewódzki Inspektorat Weterynarii,https://www.google.com/maps/place/Wojew%C3%B3dzki+Inspektorat+Weterynarii/data=!4m7!3m6!1s0x47165b2043a1d093:0xd085cd7f19591835!8m2!3d50.0712297!4d19.9641485!16s%2Fg%2F113hml_lq!19sChIJk9ChQyBbFkcRNRhZGX_NhdA?hl=pl,16,http://www.wiw.krakow.pl/,maps type: Weterynarz
VET_CLINIC,"Paweł Stefanowicz USUWANIE ZAĆMY U PSA I KOTA. Operacja zaćmy, echo serca psa Kraków Kielce Rzeszów Katowice","https://www.google.com/maps/place/Pawe%C5%82+Stefanowicz+USUWANIE+ZA%C4%86MY+U+PSA+I+KOTA.+Operacja+za%C4%87my,+echo+serca+psa+Krak%C3%B3w+Kielce+Rzesz%C3%B3w+Katowice/data=!4m7!3m6!1s0x47165be86d226edb:0xeec56d61d866435c!8m2!3d50.006093!4d19.926828!16s%2Fg%2F11h32y8_52!19sChIJ224ibehbFkcRXENm2GFtxe4?hl=pl",14,https://www.pawel-stefanowicz.pl/,maps type: Weterynarz; possible duplicate of 'Przychodnia Weterynaryjna Retina' (same address on Maps: Antoniego Szyllinga 3)
VET_CLINIC,Gabinet Weterynaryjny,https://www.google.com/maps/place/Gabinet+Weterynaryjny/data=!4m7!3m6!1s0x471645403ed72dcb:0x746e89daa8b752e5!8m2!3d50.0835095!4d20.0333881!16s%2Fg%2F1260lzrzf!19sChIJyy3XPkBFFkcR5VK3qNqJbnQ?hl=pl,11,http://www.ozon-weterynarz.com/,maps type: Weterynarz
VET_CLINIC,Kris-Vet,https://www.google.com/maps/place/Kris-Vet/data=!4m7!3m6!1s0x47165a52f7d8d271:0x39693c50f77b7ede!8m2!3d50.0826999!4d19.924246!16s%2Fg%2F11h196tspj!19sChIJcdLY91JaFkcR3n5791A8aTk?hl=pl,11,http://kris-vet.pl/,maps type: Opieka weterynaryjna
VET_CLINIC,Uniwersyteckie Centrum Medycyny Weterynaryjnej Uniwersytetu Rolniczego w Krakowie,https://www.google.com/maps/place/Uniwersyteckie+Centrum+Medycyny+Weterynaryjnej+Uniwersytetu+Rolniczego+w+Krakowie/data=!4m7!3m6!1s0x47165ba0bc2eaf5d:0x69909b8445720827!8m2!3d50.0629079!4d19.9221155!16s%2Fg%2F11c2jwz_85!19sChIJXa8uvKBbFkcRJwhyRYSbkGk?hl=pl,10,https://ucmw.urk.edu.pl/,maps type: Wydział uniwersytecki
VET_CLINIC,Lecznica dla zwierząt,https://www.google.com/maps/place/Lecznica+dla+zwierz%C4%85t/data=!4m7!3m6!1s0x471645403ed72dcb:0xeb9e62a0d488b2e8!8m2!3d50.0835095!4d20.0333881!16s%2Fg%2F1tkqy_hj!19sChIJyy3XPkBFFkcR6LKI1KBinus?hl=pl,9,,maps type: Weterynarz; website: none (no Witryna button in the Maps search list; full card not opened in batch 0); possible duplicate of 'Gabinet Weterynaryjny' (same address on Maps: Szybka 29)
VET_CLINIC,Cardio4pet,https://www.google.com/maps/place/Cardio4pet/data=!4m7!3m6!1s0x47165bb057a498df:0x7197abb817976461!8m2!3d50.0738141!4d19.9109975!16s%2Fg%2F11hy9jmklj!19sChIJ35ikV7BbFkcRYWSXF7irl3E?hl=pl,5,http://cardio4pet.pl/,maps type: Opieka weterynaryjna
VET_CLINIC,Dieta-Karma s.c. Praktyka weterynaryjna,https://www.google.com/maps/place/Dieta-Karma+s.c.+Praktyka+weterynaryjna/data=!4m7!3m6!1s0x47165b15eabbbc41:0xb188f235a26b4da0!8m2!3d50.0575327!4d19.9496223!16s%2Fg%2F1tf5cgyv!19sChIJQby76hVbFkcRoE1rojXyiLE?hl=pl,2,,maps type: Opieka weterynaryjna; website: none (no Witryna button in the Maps search list; full card not opened in batch 0)
VET_CLINIC,Lek. Wet. Magdalena Chmielarz,https://www.google.com/maps/place/Lek.+Wet.+Magdalena+Chmielarz/data=!4m7!3m6!1s0x47165bcb32866c41:0xba3e85468855ff14!8m2!3d50.0840113!4d19.9010974!16s%2Fg%2F11h6g0zdrm!19sChIJQWyGMstbFkcRFP9ViEaFPro?hl=pl,1,,"maps type: Weterynarz; website: none (no Witryna button in the Maps search list; full card not opened in batch 0); possible duplicate of 'Przychodnia weterynaryjna ""Z pazurem""' (same address on Maps: Walerego Eljasza-Radzikowskiego 47c)"
VET_CLINIC,Lek. Wet. Karolina Ptak,https://www.google.com/maps/place/Lek.+Wet.+Karolina+Ptak/data=!4m7!3m6!1s0x471644be6379e3cb:0x5c2014c6d72910fa!8m2!3d50.0406161!4d19.99978!16s%2Fg%2F11h0vq08dh!19sChIJy-N5Y75EFkcR-hAp18YUIFw?hl=pl,,,maps type: Opieka weterynaryjna; rating count: none (no ratings shown in the Maps search list); website: none (no Witryna button in the Maps search list; full card not opened in batch 0); possible duplicate of 'Vetika - Specjalistyczna Przychodnia Weterynaryjna dla Zwierząt Egzotycznych.' (same address on Maps: Lipska 49)
VET_CLINIC,Przychodnia Weterynaryjna Retina - oddział ul. Zakopiańska,https://www.google.com/maps/place/Przychodnia+Weterynaryjna+Retina+-+oddzia%C5%82+ul.+Zakopia%C5%84ska/data=!4m7!3m6!1s0x47165db61fffc7cf:0x7772398ae5bcee32!8m2!3d50.0053599!4d19.9244453!16s%2Fg%2F11zx2nq10l!19sChIJz8f_H7ZdFkcRMu685Yo5cnc?hl=pl,,https://www.weterynarz-okulista.pl/,maps type: Weterynarz; rating count: none (no ratings shown in the Maps search list)
VET_CLINIC,Tomasz Wojnar,https://www.google.com/maps/place/Tomasz+Wojnar/data=!4m7!3m6!1s0x47165abbfd642daf:0x61e3b64a0c0ce4d6!8m2!3d50.0953889!4d19.9881494!16s%2Fg%2F11h0vqjkxy!19sChIJry1k_btaFkcR1uQMDEq242E?hl=pl,,,maps type: Opieka weterynaryjna; rating count: none (no ratings shown in the Maps search list); website: none (no Witryna button in the Maps search list; full card not opened in batch 0)
GROOMING,Dog House fryzjer dla psów Wola Duchacka,https://www.google.com/maps/place/Dog+House+fryzjer+dla+ps%C3%B3w+Wola+Duchacka/data=!4m7!3m6!1s0x47165d869de148f1:0x9b8177ea8c7784f5!8m2!3d50.0167086!4d19.9508339!16s%2Fg%2F11j8pm0976!19sChIJ8UjhnYZdFkcR9YR3jOp3gZs?hl=pl,356,http://www.doghouse.info.pl/,maps type: Fryzjer dla zwierząt
GROOMING,Pracownia groomingu Champion,https://www.google.com/maps/place/Pracownia+groomingu+Champion/data=!4m7!3m6!1s0x47165c9a5064ffbf:0xeeea0f1e53565481!8m2!3d50.033255!4d19.9331213!16s%2Fg%2F11f57szbw5!19sChIJv_9kUJpcFkcRgVRWUx4P6u4?hl=pl,258,https://championspa.pl/,maps type: Fryzjer dla zwierząt
GROOMING,"MYDOG. Fryzjer dla psów, sklep zoologiczny","https://www.google.com/maps/place/MYDOG.+Fryzjer+dla+ps%C3%B3w,+sklep+zoologiczny/data=!4m7!3m6!1s0x47165a5a9cd983f9:0x99dd8c75be7795f7!8m2!3d50.0899774!4d19.929859!16s%2Fg%2F1q2wfl70q!19sChIJ-YPZnFpaFkcR95V3vnWM3Zk?hl=pl",249,https://mydog24.pl/,maps type: Fryzjer dla zwierząt
GROOMING,"Mokry Nosek - Salon pielęgnacji dla psów i kotów, psi fryzjer","https://www.google.com/maps/place/Mokry+Nosek+-+Salon+piel%C4%99gnacji+dla+ps%C3%B3w+i+kot%C3%B3w,+psi+fryzjer/data=!4m7!3m6!1s0x47165b70677b0eb3:0xe1cfc334e2e6b8b1!8m2!3d50.0582634!4d19.9756781!16s%2Fg%2F11f621x6x5!19sChIJsw57Z3BbFkcRsbjm4jTDz-E?hl=pl",226,http://www.salonmokrynosek.pl/,maps type: Fryzjer dla zwierząt
GROOMING,"""Le Chien"" Salon Strzyżenia Psów i Domowy Hotel dla Zwierząt Kraków",https://www.google.com/maps/place/%22Le+Chien%22+Salon+Strzy%C5%BCenia+Ps%C3%B3w+i+Domowy+Hotel+dla+Zwierz%C4%85t+Krak%C3%B3w/data=!4m7!3m6!1s0x4716595fddafc5af:0x7318436839ee8ab3!8m2!3d50.0694347!4d19.8610334!16s%2Fg%2F1xb2c99n!19sChIJr8Wv3V9ZFkcRs4ruOWhDGHM?hl=pl,213,http://www.lechien.pl/,maps type: Fryzjer dla zwierząt
GROOMING,Perros - Salon Pielęgnacji Psów i Sklep Zoologiczny,https://www.google.com/maps/place/Perros+-+Salon+Piel%C4%99gnacji+Ps%C3%B3w+i+Sklep+Zoologiczny/data=!4m7!3m6!1s0x47165a4bc1f02a47:0xa729fe208fca13e7!8m2!3d50.0862047!4d19.9138154!16s%2Fg%2F1tdqs851!19sChIJRyrwwUtaFkcR5xPKjyD-Kac?hl=pl,191,,maps type: Fryzjer dla zwierząt; website: none (no Witryna button in the Maps search list; full card not opened in batch 0)
GROOMING,Dog House fryzjer dla psów Piastów,https://www.google.com/maps/place/Dog+House+fryzjer+dla+ps%C3%B3w+Piast%C3%B3w/data=!4m7!3m6!1s0x47165bc499a5651b:0x2018253f02db6d79!8m2!3d50.1012907!4d20.0122373!16s%2Fg%2F11sgvbqn98!19sChIJG2WlmcRbFkcReW3bAj8lGCA?hl=pl,169,http://www.doghouse.info.pl/,maps type: Fryzjer dla zwierząt
GROOMING,Groomer Vision- psi fryzjer Kraków,https://www.google.com/maps/place/Groomer+Vision-+psi+fryzjer+Krak%C3%B3w/data=!4m7!3m6!1s0x47165b18a5c9477b:0xba3162e46fa34329!8m2!3d50.0866696!4d19.9259074!16s%2Fg%2F11kblf62bh!19sChIJe0fJpRhbFkcRKUOjb-RiMbo?hl=pl,159,https://www.groomervision.pl/,maps type: Fryzjer dla zwierząt
GROOMING,Salon pielęgnacji psów i kotów Karusek | Groomer,https://www.google.com/maps/place/Salon+piel%C4%99gnacji+ps%C3%B3w+i+kot%C3%B3w+Karusek+%7C+Groomer/data=!4m7!3m6!1s0x47165a45913768f1:0x1e3309938e09bc92!8m2!3d50.0919597!4d19.9227747!16s%2Fg%2F1vbnn3zs!19sChIJ8Wg3kUVaFkcRkrwJjpMJMx4?hl=pl,147,https://salon.karusek.com.pl/,maps type: Fryzjer dla zwierząt
GROOMING,Dog House - fryzjer dla psów Żabiniec,https://www.google.com/maps/place/Dog+House+-+fryzjer+dla+ps%C3%B3w+%C5%BBabiniec/data=!4m7!3m6!1s0x47165b22599def0b:0xeeb6c68eaf091c1c!8m2!3d50.0841147!4d19.9429764!16s%2Fg%2F11q4g8x2rc!19sChIJC--dWSJbFkcRHBwJr47Gtu4?hl=pl,139,http://www.doghouse.info.pl/,maps type: Fryzjer dla zwierząt
GROOMING,Amigo,https://www.google.com/maps/place/Amigo/data=!4m7!3m6!1s0x4716436027b23679:0xed31122d6607429a!8m2!3d50.0249113!4d19.9864325!16s%2Fg%2F11btxmfqjx!19sChIJeTayJ2BDFkcRmkIHZi0SMe0?hl=pl,134,https://www.facebook.com/SalonAmigoKrakow/,maps type: Fryzjer dla zwierząt
GROOMING,Doglamour Salon Strzyżenia Psów,https://www.google.com/maps/place/Doglamour+Salon+Strzy%C5%BCenia+Ps%C3%B3w/data=!4m7!3m6!1s0x47165b9e42353835:0xa49368a3ca22dee3!8m2!3d50.0730805!4d19.9577253!16s%2Fg%2F11h51jhwl1!19sChIJNTg1Qp5bFkcR494iyqNok6Q?hl=pl,134,https://m.facebook.com/salondoglamour/,maps type: Fryzjer dla zwierząt
GROOMING,LAPka MOMENT. Salon groomerski,https://www.google.com/maps/place/LAPka+MOMENT.+Salon+groomerski/data=!4m7!3m6!1s0x471643924851ff77:0xe4c8875290980d41!8m2!3d50.0097516!4d20.022649!16s%2Fg%2F11qqlcxf7l!19sChIJd_9RSJJDFkcRQQ2YkFKHyOQ?hl=pl,131,https://booksy.com/pl-pl/dl/show-business/129336,maps type: Fryzjer dla zwierząt
GROOMING,SPAzurem - Salon pielęgnacji zwierząt,https://www.google.com/maps/place/SPAzurem+-+Salon+piel%C4%99gnacji+zwierz%C4%85t/data=!4m7!3m6!1s0x47164339be757b3b:0xc207d11d135bd2b3!8m2!3d50.0232698!4d20.0012397!16s%2Fg%2F11tnwtc5_z!19sChIJO3t1vjlDFkcRs9JbEx3RB8I?hl=pl,130,http://spazuremsalonpielegnacjizwierzat.booksy.com/a,maps type: Fryzjer dla zwierząt
GROOMING,Północne SPA,https://www.google.com/maps/place/P%C3%B3%C5%82nocne+SPA/data=!4m7!3m6!1s0x47165bc277ea08bb:0xe08f5cad376ecd83!8m2!3d50.0733196!4d19.9179555!16s%2Fg%2F11gk5f4d3z!19sChIJuwjqd8JbFkcRg81uN61cj-A?hl=pl,122,,maps type: Fryzjer dla zwierząt; website: none (no Witryna button in the Maps search list; full card not opened in batch 0)
GROOMING,Wystrzyżone - Salon Pielęgnacji Psów i Kotów,https://www.google.com/maps/place/Wystrzy%C5%BCone+-+Salon+Piel%C4%99gnacji+Ps%C3%B3w+i+Kot%C3%B3w/data=!4m7!3m6!1s0x47165b4a87f8689f:0x2c795b38bfbfa02e!8m2!3d50.1006519!4d19.9637984!16s%2Fg%2F11v5_y018n!19sChIJn2j4h0pbFkcRLqC_vzhbeSw?hl=pl,116,http://wystrzyzone.booksy.com/h,maps type: Fryzjer dla zwierząt
GROOMING,Wyczesane Łapy,https://www.google.com/maps/place/Wyczesane+%C5%81apy/data=!4m7!3m6!1s0x47165df9145df6ab:0x7eae8bc6397df87!8m2!3d50.001463!4d19.9012992!16s%2Fg%2F11lq47qn2p!19sChIJq_ZdFPldFkcRh9-XY7zo6gc?hl=pl,114,http://wyczesanelapy.pl/,maps type: Fryzjer dla zwierząt
GROOMING,"Salon ""Pies i Kot""",https://www.google.com/maps/place/Salon+%22Pies+i+Kot%22/data=!4m7!3m6!1s0x471644a988f91169:0x5a27dad4ce988515!8m2!3d50.0305313!4d19.9717991!16s%2Fg%2F11gzh8drh!19sChIJaRH5iKlEFkcRFYWYztTaJ1o?hl=pl,112,https://piesikot.net.pl/,maps type: Fryzjer dla zwierząt
GROOMING,Pracownia Groomerska - Natalia Czarkowska,https://www.google.com/maps/place/Pracownia+Groomerska+-+Natalia+Czarkowska/data=!4m7!3m6!1s0x47165bbd96d23131:0x19710aae0e0d291f!8m2!3d50.0721598!4d19.922256!16s%2Fg%2F11srhdwys4!19sChIJMTHSlr1bFkcRHykNDq4KcRk?hl=pl,109,https://pracownia-groomerska-natalia.localo.site/,maps type: Fryzjer dla zwierząt
GROOMING,"Pet Spa Dorota Sitko - fryzjer dla psów i kotów, salon groomerski","https://www.google.com/maps/place/Pet+Spa+Dorota+Sitko+-+fryzjer+dla+ps%C3%B3w+i+kot%C3%B3w,+salon+groomerski/data=!4m7!3m6!1s0x47165bce6b866803:0x77d09fb70a31cb19!8m2!3d50.09075!4d20.0004257!16s%2Fg%2F11p66w0ttx!19sChIJA2iGa85bFkcRGcsxCref0Hc?hl=pl",101,https://www.facebook.com/Pet-Spa-Dorota-Sitko-105112645276100/,maps type: Fryzjer dla zwierząt
GROOMING,Show Dog Salon Pielęgnacji Psów i Kotów Kraków,https://www.google.com/maps/place/Show+Dog+Salon+Piel%C4%99gnacji+Ps%C3%B3w+i+Kot%C3%B3w+Krak%C3%B3w/data=!4m7!3m6!1s0x47165dc5c16d0663:0x828411d982a0040a!8m2!3d50.0313225!4d19.9203068!16s%2Fg%2F11kqhbqs6x!19sChIJYwZtwcVdFkcRCgSggtkRhII?hl=pl,100,https://www.facebook.com/profile.php?id=100094196825602,maps type: Fryzjer dla zwierząt
GROOMING,Psia Łapa,https://www.google.com/maps/place/Psia+%C5%81apa/data=!4m7!3m6!1s0x47165b05b7d97b7b:0x835fa89494af2051!8m2!3d50.0717871!4d19.9599822!16s%2Fg%2F11tp16tvd6!19sChIJe3vZtwVbFkcRUSCvlJSoX4M?hl=pl,98,https://www.facebook.com/profile.php?id=100082341850943,maps type: Fryzjer dla zwierząt
GROOMING,HauStyle-psi fryzjer,https://www.google.com/maps/place/HauStyle-psi+fryzjer/data=!4m7!3m6!1s0x47165d7e37d0ad99:0xcd84d49131f46b97!8m2!3d50.0231161!4d19.9098835!16s%2Fg%2F11jdbcncx5!19sChIJma3QN35dFkcRl2v0MZHUhM0?hl=pl,91,,maps type: Fryzjer dla zwierząt; website: none (no Witryna button in the Maps search list; full card not opened in batch 0)
GROOMING,"URODA CZTEROŁAPA fryzjer dla psów, salon pielęgnacji psów","https://www.google.com/maps/place/URODA+CZTERO%C5%81APA+fryzjer+dla+ps%C3%B3w,+salon+piel%C4%99gnacji+ps%C3%B3w/data=!4m7!3m6!1s0x47165b39d458f0c9:0xd30fb19e8067fed7!8m2!3d50.0751562!4d19.9127808!16s%2Fg%2F1tf80bb4!19sChIJyfBY1DlbFkcR1_5ngJ6xD9M?hl=pl",90,,maps type: Fryzjer dla zwierząt; website: none (no Witryna button in the Maps search list; full card not opened in batch 0)
GROOMING,Zwierzakomania. Salon piękności psów i kotów.,https://www.google.com/maps/place/Zwierzakomania.+Salon+pi%C4%99kno%C5%9Bci+ps%C3%B3w+i+kot%C3%B3w./data=!4m7!3m6!1s0x47165baed9f76b3b:0x6a6b8d857687c58e!8m2!3d50.0729018!4d19.9211457!16s%2Fg%2F11g8kvzlvb!19sChIJO2v32a5bFkcRjsWHdoWNa2o?hl=pl,90,https://www.facebook.com/ZwierzakomaniaSalon/,maps type: Fryzjer dla zwierząt
GROOMING,Psia Paczka Spa dla Psa,https://www.google.com/maps/place/Psia+Paczka+Spa+dla+Psa/data=!4m7!3m6!1s0x471645963f32256b:0x6492caf1378e87c!8m2!3d50.0805069!4d20.0124784!16s%2Fg%2F11nnwb93ly!19sChIJayUyP5ZFFkcRfOh4E68sSQY?hl=pl,87,http://www.psiapaczkaspa.pl/,maps type: Fryzjer dla zwierząt
GROOMING,Salon Pielęgnacji Psów i Kotów ScoobyDoo,https://www.google.com/maps/place/Salon+Piel%C4%99gnacji+Ps%C3%B3w+i+Kot%C3%B3w+ScoobyDoo/data=!4m7!3m6!1s0x47165b4632c73929:0xd0ace4caef75c637!8m2!3d50.0816141!4d19.892544!16s%2Fg%2F11qm3v2nrp!19sChIJKTnHMkZbFkcRN8Z178rkrNA?hl=pl,85,http://www.facebook.com/SalonGroomerski/,maps type: Fryzjer dla zwierząt
GROOMING,Studio Pięknego Psa,https://www.google.com/maps/place/Studio+Pi%C4%99knego+Psa/data=!4m7!3m6!1s0x47165b5f332d8be7:0xa5c00b1c55c95a61!8m2!3d50.0240305!4d19.9394156!16s%2Fg%2F1td57byg!19sChIJ54stM19bFkcRYVrJVRwLwKU?hl=pl,85,https://studiopieknegopsa.pl/,maps type: Fryzjer dla zwierząt
GROOMING,Fafel Grooming Salon,https://www.google.com/maps/place/Fafel+Grooming+Salon/data=!4m7!3m6!1s0x4716456e4b4577e9:0x8b7359a252026791!8m2!3d50.0848763!4d20.0092822!16s%2Fg%2F11f9y5n2zw!19sChIJ6XdFS25FFkcRkWcCUqJZc4s?hl=pl,84,,maps type: Fryzjer dla zwierząt; website: none (no Witryna button in the Maps search list; full card not opened in batch 0)
GROOMING,"Wyczesani - Salon Pielęgnacji Psów, fryzjer dla psów","https://www.google.com/maps/place/Wyczesani+-+Salon+Piel%C4%99gnacji+Ps%C3%B3w,+fryzjer+dla+ps%C3%B3w/data=!4m7!3m6!1s0x4716455be1b09afd:0x84f02f08af697a55!8m2!3d50.0773956!4d20.0386149!16s%2Fg%2F11fn2g3j2d!19sChIJ_Zqw4VtFFkcRVXpprwgv8IQ?hl=pl",82,,maps type: Fryzjer dla zwierząt; website: none (no Witryna button in the Maps search list; full card not opened in batch 0)
GROOMING,"Fryzjer i SPA dla Psów, Hotel dla Zwierząt "" CENTRUM MAŁEGO ZWIERZAKA """"","https://www.google.com/maps/place/Fryzjer+i+SPA+dla+Ps%C3%B3w,+Hotel+dla+Zwierz%C4%85t+%22+CENTRUM+MA%C5%81EGO+ZWIERZAKA+%22%22/data=!4m7!3m6!1s0x47165b56ea534ef9:0x21058a04434b3645!8m2!3d50.0881722!4d19.9679186!16s%2Fg%2F11ft2xxfhs!19sChIJ-U5T6lZbFkcRRTZLQwSKBSE?hl=pl",81,,maps type: Fryzjer dla zwierząt; website: none (no Witryna button in the Maps search list; full card not opened in batch 0)
GROOMING,PsiaFunfela - salon pielęgnacji psów Kraków,https://www.google.com/maps/place/PsiaFunfela+-+salon+piel%C4%99gnacji+ps%C3%B3w+Krak%C3%B3w/data=!4m7!3m6!1s0x47165b0c4a05d8f7:0x41d4f571b056349c!8m2!3d50.0735997!4d19.9300035!16s%2Fg%2F11pz32phkn!19sChIJ99gFSgxbFkcRnDRWsHH11EE?hl=pl,72,https://www.facebook.com/PsiaFunfela,maps type: Fryzjer dla zwierząt
GROOMING,"Salon Piękności Psów ""Fafik""",https://www.google.com/maps/place/Salon+Pi%C4%99kno%C5%9Bci+Ps%C3%B3w+%22Fafik%22/data=!4m7!3m6!1s0x4716434988f07011:0x91d62c7c05beb8a9!8m2!3d50.0118449!4d19.9578452!16s%2Fg%2F1td1c4j9!19sChIJEXDwiElDFkcRqbi-BXws1pE?hl=pl,72,http://www.salon-fafik.pl/,maps type: Fryzjer dla zwierząt
GROOMING,Top Dog,https://www.google.com/maps/place/Top+Dog/data=!4m7!3m6!1s0x47165b8f2802b50b:0x71be175ec954861c!8m2!3d50.0981261!4d19.9120103!16s%2Fg%2F11h1dmnw1l!19sChIJC7UCKI9bFkcRHIZUyV4XvnE?hl=pl,72,https://www.facebook.com/Salonpieknoscidlapsow/,maps type: Fryzjer dla zwierząt
GROOMING,Cztery łapy,https://www.google.com/maps/place/Cztery+%C5%82apy/data=!4m7!3m6!1s0x471643c3a40308c7:0xc62633e266d8b2a5!8m2!3d50.0184925!4d19.9814994!16s%2Fg%2F11vwf4tmz8!19sChIJxwgDpMNDFkcRpbLYZuIzJsY?hl=pl,71,,maps type: Fryzjer dla zwierząt; website: none (no Witryna button in the Maps search list; full card not opened in batch 0)
GROOMING,Fryzjernia Charlie. Salon Pielęgnacji dla Psów i Kotów,https://www.google.com/maps/place/Fryzjernia+Charlie.+Salon+Piel%C4%99gnacji+dla+Ps%C3%B3w+i+Kot%C3%B3w/data=!4m7!3m6!1s0x471645403ed72dcb:0xf0c3526d8b629cb8!8m2!3d50.083569!4d20.0334491!16s%2Fg%2F11xsqm3h7!19sChIJyy3XPkBFFkcRuJxii21Sw_A?hl=pl,70,https://fryzjerniacharlie.pl/,maps type: Fryzjer dla zwierząt
GROOMING,Salon Pielęgnacji Psów JACK,https://www.google.com/maps/place/Salon+Piel%C4%99gnacji+Ps%C3%B3w+JACK/data=!4m7!3m6!1s0x47165dbec70d8ce9:0x76b750b54bfa5f39!8m2!3d50.0230392!4d19.9089675!16s%2Fg%2F11rfd1htck!19sChIJ6YwNx75dFkcROV_6S7VQt3Y?hl=pl,70,http://www.salonjack.pl/,maps type: Fryzjer dla zwierząt
GROOMING,STRZYŻEŁ,https://www.google.com/maps/place/STRZY%C5%BBE%C5%81/data=!4m7!3m6!1s0x47165b09999df0c3:0x5e231e2c2a2958a6!8m2!3d50.0494111!4d19.9433601!16s%2Fg%2F11fx3g8dnf!19sChIJw_CdmQlbFkcRplgpKiweI14?hl=pl,69,http://web.facebook.com/strzyzel/,maps type: Fryzjer dla zwierząt
GROOMING,🐕 🩷💜 Psi Fryzjer WaszaAnna Dla Psa i Kota,https://www.google.com/maps/place/%F0%9F%90%95+%F0%9F%A9%B7%F0%9F%92%9C+Psi+Fryzjer+WaszaAnna+Dla+Psa+i+Kota/data=!4m7!3m6!1s0x471643dfefdfb815:0x3160f9d65ac8b64e!8m2!3d49.9906645!4d19.9420858!16s%2Fg%2F11s5nnhf2b!19sChIJFbjf799DFkcRTrbIWtb5YDE?hl=pl,68,https://waszaanna.pl/oferta,maps type: Fryzjer dla zwierząt
GROOMING,Psialon - Studio Psich Fryzur,https://www.google.com/maps/place/Psialon+-+Studio+Psich+Fryzur/data=!4m7!3m6!1s0x47165b209ff8fd8b:0x599401d4009b3c13!8m2!3d50.0663325!4d19.9673359!16s%2Fg%2F11vpf9x2lz!19sChIJi_34nyBbFkcREzybANQBlFk?hl=pl,66,http://psialonstudiopsichfryzur.booksy.com/,maps type: Fryzjer dla zwierząt
GROOMING,"Salon pielęgnacji psów, sklep zoologiczny PERROS","https://www.google.com/maps/place/Salon+piel%C4%99gnacji+ps%C3%B3w,+sklep+zoologiczny+PERROS/data=!4m7!3m6!1s0x471643458546a7c5:0x68447fd463f5bcdf!8m2!3d50.01538!4d19.9691866!16s%2Fg%2F11c59rr8yv!19sChIJxadGhUVDFkcR37z1Y9R_RGg?hl=pl",61,,maps type: Fryzjer dla zwierząt; website: none (no Witryna button in the Maps search list; full card not opened in batch 0)
GROOMING,Psubratek&Sejutek,https://www.google.com/maps/place/Psubratek%26Sejutek/data=!4m7!3m6!1s0x47165bc6bcca3e79:0xaa125e2be1c9e02d!8m2!3d50.0574934!4d19.9780466!16s%2Fg%2F11jgr9yhyl!19sChIJeT7KvMZbFkcRLeDJ4SteEqo?hl=pl,60,,maps type: Fryzjer dla zwierząt; website: none (no Witryna button in the Maps search list; full card not opened in batch 0)
GROOMING,S.O.S. Czysty Zwierz,https://www.google.com/maps/place/S.O.S.+Czysty+Zwierz/data=!4m7!3m6!1s0x47164396f24b7433:0xb3bcec7a972ace28!8m2!3d50.017225!4d20.0104652!16s%2Fg%2F11ftvy0h5c!19sChIJM3RL8pZDFkcRKM4ql3rsvLM?hl=pl,60,http://www.sosczystyzwierz.pl/,maps type: Fryzjer dla zwierząt
GROOMING,Les' Amis - Fryzjer dla zwierząt,https://www.google.com/maps/place/Les%27+Amis+-+Fryzjer+dla+zwierz%C4%85t/data=!4m7!3m6!1s0x47165d1f82340117:0x5d9722d2f01978ab!8m2!3d50.023566!4d19.9088619!16s%2Fg%2F11h5vf_ctx!19sChIJFwE0gh9dFkcRq3gZ8NIil10?hl=pl,59,https://www.facebook.com/LesAmis-Salon-piel%C4%99gnacji-dla-ps%C3%B3w-i-kot%C3%B3w-1968232813479777/,maps type: Fryzjer dla zwierząt
GROOMING,Salon Piękności dla psów Sugar Star,https://www.google.com/maps/place/Salon+Pi%C4%99kno%C5%9Bci+dla+ps%C3%B3w+Sugar+Star/data=!4m7!3m6!1s0x47165aa643afc2bb:0xe9424323f2a87ffe!8m2!3d50.1054598!4d20.0001326!16s%2Fg%2F11c1nt5xyw!19sChIJu8KvQ6ZaFkcR_n-o8iNDQuk?hl=pl,57,http://www.salon.sugarstar.pl/,maps type: Fryzjer dla zwierząt
GROOMING,Dog Studio Kraków,https://www.google.com/maps/place/Dog+Studio+Krak%C3%B3w/data=!4m7!3m6!1s0x2a2b5a21764803b5:0x1af7be0dd47bb45a!8m2!3d50.079338!4d19.8973513!16s%2Fg%2F11s7jsk0x5!19sChIJtQNIdiFaKyoRWrR71A2-9xo?hl=pl,56,https://www.facebook.com/profile.php?id=100084906511595,maps type: Fryzjer dla zwierząt
GROOMING,Panda SPA Kraków - salon pielęgnacji psów. Fryzjer dla psów,https://www.google.com/maps/place/Panda+SPA+Krak%C3%B3w+-+salon+piel%C4%99gnacji+ps%C3%B3w.+Fryzjer+dla+ps%C3%B3w/data=!4m7!3m6!1s0x47165b3340e7cc9f:0xa05f247417b2526c!8m2!3d50.0949605!4d19.9999538!16s%2Fg%2F11yqhbgtf_!19sChIJn8znQDNbFkcRbFKyF3QkX6A?hl=pl,55,https://www.instagram.com/pandaspa_psifryzjer?igsh=MXNuZXJibmw1Y3FtMQ==,maps type: Fryzjer dla zwierząt
GROOMING,"""Psi Styl"" Salon Pielegnacji Zwierzat",https://www.google.com/maps/place/%22Psi+Styl%22+Salon+Pielegnacji+Zwierzat/data=!4m7!3m6!1s0x471645378c2fffff:0x3a8b8b4a50633545!8m2!3d50.0830382!4d20.018083!16s%2Fg%2F11h9rpyl8c!19sChIJ__8vjDdFFkcRRTVjUEqLizo?hl=pl,54,http://www.psi-styl.com.pl/,maps type: Fryzjer dla zwierząt
GROOMING,"Salon Pielęgnacji Psów ""Nowy York""",https://www.google.com/maps/place/Salon+Piel%C4%99gnacji+Ps%C3%B3w+%22Nowy+York%22/data=!4m7!3m6!1s0x4716435a4dddaa5d:0x2560026c7c684751!8m2!3d50.0205014!4d19.9769586!16s%2Fg%2F11c6vk2ml1!19sChIJXardTVpDFkcRUUdofGwCYCU?hl=pl,51,,maps type: Fryzjer dla zwierząt; website: none (no Witryna button in the Maps search list; full card not opened in batch 0)
GROOMING,GROOM4DOG Salon pielęgnacji psów i kotów,https://www.google.com/maps/place/GROOM4DOG+Salon+piel%C4%99gnacji+ps%C3%B3w+i+kot%C3%B3w/data=!4m7!3m6!1s0x47165dc9a01a3cd9:0xb86646824f56874a!8m2!3d50.0229746!4d19.9322148!16s%2Fg%2F11tm_963j0!19sChIJ2TwaoMldFkcRSodWT4JGZrg?hl=pl,50,,maps type: Fryzjer dla zwierząt; website: none (no Witryna button in the Maps search list; full card not opened in batch 0)
GROOMING,Wyczesany Zwierz,https://www.google.com/maps/place/Wyczesany+Zwierz/data=!4m7!3m6!1s0x47165d208119c5c3:0x5052b906486b046b!8m2!3d50.024802!4d19.9121313!16s%2Fg%2F11pyc3bq_d!19sChIJw8UZgSBdFkcRawRrSAa5UlA?hl=pl,45,https://wyczesanyzwierz.pl/,maps type: Fryzjer dla zwierząt
GROOMING,Dog Time Salon Pielęgnacji Psów,https://www.google.com/maps/place/Dog+Time+Salon+Piel%C4%99gnacji+Ps%C3%B3w/data=!4m7!3m6!1s0x47165a44c14414d1:0x1f89e971dfb9bf60!8m2!3d50.0938115!4d19.9277371!16s%2Fg%2F11bt_hfsbq!19sChIJ0RREwURaFkcRYL-533HpiR8?hl=pl,39,https://m.facebook.com/salondogtime/?locale2=pl_PL,maps type: Fryzjer dla zwierząt
GROOMING,Studio Animal,https://www.google.com/maps/place/Studio+Animal/data=!4m7!3m6!1s0x47165bce039c9579:0x43cce41a7cfa4ee!8m2!3d50.080658!4d19.888022!16s%2Fg%2F1q5gjp7dn!19sChIJeZWcA85bFkcR7qTPp0HOPAQ?hl=pl,39,https://www.facebook.com/profile.php?id=100054480039145,maps type: Fryzjer dla zwierząt
GROOMING,Centrum Psiej Urody,https://www.google.com/maps/place/Centrum+Psiej+Urody/data=!4m7!3m6!1s0x47165a936a785db1:0x444237273c84ff8d!8m2!3d50.0947642!4d19.9690393!16s%2Fg%2F11c5h3sg2k!19sChIJsV14apNaFkcRjf-EPCc3QkQ?hl=pl,38,https://www.facebook.com/centrumpsiejurody/,maps type: Fryzjer dla zwierząt
GROOMING,Daisy Wash Dog samoobsługowa myjnia dla psów,https://www.google.com/maps/place/Daisy+Wash+Dog+samoobs%C5%82ugowa+myjnia+dla+ps%C3%B3w/data=!4m7!3m6!1s0x47165baa68fcb4f5:0x7f744404c58d45c2!8m2!3d50.057146!4d19.907242!16s%2Fg%2F11x8w9xj_k!19sChIJ9bT8aKpbFkcRwkWNxQREdH8?hl=pl,38,https://www.instagram.com/daisy_washdog?igsh=MXQ4MHNyY3VpMnF0NA==,maps type: Fryzjer dla zwierząt
GROOMING,Beautiful Dog,https://www.google.com/maps/place/Beautiful+Dog/data=!4m7!3m6!1s0x47165b391293d329:0x28400957beb807a2!8m2!3d50.0644539!4d19.8873176!16s%2Fg%2F11jcvnd7zy!19sChIJKdOTEjlbFkcRoge4vlcJQCg?hl=pl,37,http://www.beautifuldog.pl/,maps type: Fryzjer dla zwierząt
GROOMING,PAWRE Groomer – Strzyżenie psów Kraków,https://www.google.com/maps/place/PAWRE+Groomer+%E2%80%93+Strzy%C5%BCenie+ps%C3%B3w+Krak%C3%B3w/data=!4m7!3m6!1s0x4716457b53786fd3:0xfdd1bfdd7ea122d4!8m2!3d50.0349519!4d19.9919232!16s%2Fg%2F11nb2nyg32!19sChIJ0294U3tFFkcR1CKhft2_0f0?hl=pl,37,http://pawregroomingsalondlapsowkrakow.booksy.com/a,maps type: Fryzjer dla zwierząt
GROOMING,Sara. Strzyżenie psów,https://www.google.com/maps/place/Sara.+Strzy%C5%BCenie+ps%C3%B3w/data=!4m7!3m6!1s0x471645172804ccd9:0xefae0fdafffc3496!8m2!3d50.0737168!4d20.0344548!16s%2Fg%2F1vlz92ny!19sChIJ2cwEKBdFFkcRljT8_9oPru8?hl=pl,37,,maps type: Fryzjer dla zwierząt; website: none (no Witryna button in the Maps search list; full card not opened in batch 0)
GROOMING,Wanna Dog KRK | samoobsługowa myjnia dla psów,https://www.google.com/maps/place/Wanna+Dog+KRK+%7C+samoobs%C5%82ugowa+myjnia+dla+ps%C3%B3w/data=!4m7!3m6!1s0x47165b40addea66f:0xf53bb85077b577bb!8m2!3d50.0877295!4d19.9653888!16s%2Fg%2F11w7fzkhf8!19sChIJb6berUBbFkcRu3e1d1C4O_U?hl=pl,37,http://www.wannadog.pl/,maps type: Fryzjer dla zwierząt
GROOMING,Salon strzyżenia i pielęgnacji psów,https://www.google.com/maps/place/Salon+strzy%C5%BCenia+i+piel%C4%99gnacji+ps%C3%B3w/data=!4m7!3m6!1s0x471643a529230e03:0x9e37d2505766616a!8m2!3d50.0047881!4d20.0518072!16s%2Fg%2F11t1sjh4rx!19sChIJAw4jKaVDFkcRamFmV1DSN54?hl=pl,36,,maps type: Fryzjer dla zwierząt; website: none (no Witryna button in the Maps search list; full card not opened in batch 0)
GROOMING,Loca Groomer,https://www.google.com/maps/place/Loca+Groomer/data=!4m7!3m6!1s0x47165b86462cc2ad:0xc233102dcb2b8b41!8m2!3d50.0449655!4d19.9262515!16s%2Fg%2F11npwf_3m4!19sChIJrcIsRoZbFkcRQYsryy0QM8I?hl=pl,34,,maps type: Fryzjer dla zwierząt; website: none (no Witryna button in the Maps search list; full card not opened in batch 0)
GROOMING,RoyalPetSpa,https://www.google.com/maps/place/RoyalPetSpa/data=!4m7!3m6!1s0x47165b1ebec6af75:0x9804b10b8b2810b0!8m2!3d50.0813771!4d19.8854324!16s%2Fg%2F11t73cqdg7!19sChIJda_Gvh5bFkcRsBAoiwuxBJg?hl=pl,34,https://royalpetspa.pl/,maps type: Fryzjer dla zwierząt
GROOMING,Woof Look - Salon Pielęgnacji Psów,https://www.google.com/maps/place/Woof+Look+-+Salon+Piel%C4%99gnacji+Ps%C3%B3w/data=!4m7!3m6!1s0x47165bc9e969b189:0x12fd9dc5fb9e02a!8m2!3d50.0439513!4d19.9204716!16s%2Fg%2F11xtpvwlnm!19sChIJibFp6clbFkcRKuC5X9zZLwE?hl=pl,34,https://booksy.com/pl-pl/dl/show-business/303254,maps type: Fryzjer dla zwierząt
GROOMING,Dogland,https://www.google.com/maps/place/Dogland/data=!4m7!3m6!1s0x4716451e0c319e9b:0x51a7dc946523e09f!8m2!3d50.0930739!4d20.0084456!16s%2Fg%2F11h0t1vhxt!19sChIJm54xDB5FFkcRn-AjZZTcp1E?hl=pl,33,http://dogland.pl/,maps type: Fryzjer dla zwierząt
GROOMING,Lillu Pets Groomer Fryzjer dla psów/pielęgnacja zwierząt Kraków,https://www.google.com/maps/place/Lillu+Pets+Groomer+Fryzjer+dla+ps%C3%B3w%2Fpiel%C4%99gnacja+zwierz%C4%85t+Krak%C3%B3w/data=!4m7!3m6!1s0x47165d7f753a2b05:0xbae9cb77d12e3275!8m2!3d50.0103768!4d19.9246854!16s%2Fg%2F11t0q6kn34!19sChIJBSs6dX9dFkcRdTIu0XfL6bo?hl=pl,33,https://www.facebook.com/profile.php?id=100081682364163,maps type: Fryzjer dla zwierząt
GROOMING,FHUP Bedlington - Pielęgnacja sierści psów,https://www.google.com/maps/place/FHUP+Bedlington+-+Piel%C4%99gnacja+sier%C5%9Bci+ps%C3%B3w/data=!4m7!3m6!1s0x47165b7a86b79239:0xb9f59e4ba2f7f9e!8m2!3d50.047596!4d19.9240835!16s%2Fg%2F1tvrygbl!19sChIJOZK3hnpbFkcRnn8vuuRZnws?hl=pl,32,http://www.strzyzenie-psow-krakow.pl/,maps type: Fryzjer dla zwierząt
GROOMING,DogLove fryzjer (groomer) i hotelik dla psów,https://www.google.com/maps/place/DogLove+fryzjer+%28groomer%29+i+hotelik+dla+ps%C3%B3w/data=!4m7!3m6!1s0xa394aee956eb930f:0xf64878109e8d3a6!8m2!3d50.071367!4d20.0503631!16s%2Fg%2F11yr8y_tms!19sChIJD5PrVumulKMRptPoCYGHZA8?hl=pl,30,http://doglove.booksy.com/a/,maps type: Fryzjer dla zwierząt
GROOMING,Papilot - fryzjer dla Twojego pupila,https://www.google.com/maps/place/Papilot+-+fryzjer+dla+Twojego+pupila/data=!4m7!3m6!1s0x47165b370e8c0057:0x1ff666ce29165d07!8m2!3d50.0852377!4d19.916796!16s%2Fg%2F11mm48dzb7!19sChIJVwCMDjdbFkcRB10WKc5m9h8?hl=pl,30,http://papilot-salon.com/,maps type: Fryzjer dla zwierząt
GROOMING,Strzyżenie psów Terrik,https://www.google.com/maps/place/Strzy%C5%BCenie+ps%C3%B3w+Terrik/data=!4m7!3m6!1s0x47165b5d72d53fff:0x2dd6630adeeb44c5!8m2!3d50.0429277!4d19.9415459!16s%2Fg%2F11gv14mw6m!19sChIJ_z_Vcl1bFkcRxUTr3gpj1i0?hl=pl,30,http://strzyzeniepsow-krakow.pl/,maps type: Fryzjer dla zwierząt
GROOMING,Tommy Grooming,https://www.google.com/maps/place/Tommy+Grooming/data=!4m7!3m6!1s0x47165b0043181073:0xda9150a9571d4571!8m2!3d50.094256!4d19.9311191!16s%2Fg%2F11yz7lq0r1!19sChIJcxAYQwBbFkcRcUUdV6lQkdo?hl=pl,30,,maps type: Fryzjer dla zwierząt; website: none (no Witryna button in the Maps search list; full card not opened in batch 0)
GROOMING,Wash Dog EXPRESS Kraków Dębniki Samoobsługowa myjnia dla psów,https://www.google.com/maps/place/Wash+Dog+EXPRESS+Krak%C3%B3w+D%C4%99bniki+Samoobs%C5%82ugowa+myjnia+dla+ps%C3%B3w/data=!4m7!3m6!1s0x47165dd5ae219fdb:0x153fdd0711b0d01!8m2!3d50.033454!4d19.9226575!16s%2Fg%2F11y6lr66vg!19sChIJ258hrtVdFkcRAQ0bcdD9UwE?hl=pl,30,https://washdogexpress.pl/lokalizacja-krakow-debniki,maps type: Fryzjer dla zwierząt
GROOMING,Czysty Pieseł- Psi fryzjer/Groomer,https://www.google.com/maps/place/Czysty+Piese%C5%82-+Psi+fryzjer%2FGroomer/data=!4m7!3m6!1s0x471645c527dc2e3f:0x1fde636acb6b7f13!8m2!3d50.0929966!4d20.014135!16s%2Fg%2F11lnwz6yhp!19sChIJPy7cJ8VFFkcRE39ry2pj3h8?hl=pl,29,https://czystypiesel.netlify.app/,maps type: Fryzjer dla zwierząt
GROOMING,Futrzane Studio,https://www.google.com/maps/place/Futrzane+Studio/data=!4m7!3m6!1s0x47165dc83b771c97:0xc7063a456b05c877!8m2!3d49.996564!4d19.9044899!16s%2Fg%2F11lzhvybx8!19sChIJlxx3O8hdFkcRd8gFa0U6Bsc?hl=pl,29,https://futrzanestudio.pl/,maps type: Fryzjer dla zwierząt
GROOMING,HAPPY DOG,https://www.google.com/maps/place/HAPPY+DOG/data=!4m7!3m6!1s0x47165dd7a9ceb45f:0x4b6277e1a83d0299!8m2!3d49.9775511!4d19.8755971!16s%2Fg%2F11tjv5s8mx!19sChIJX7TOqdddFkcRmQI9qOF3Yks?hl=pl,29,https://www.facebook.com/profile.php?id=100084717504600,maps type: Fryzjer dla zwierząt
GROOMING,Fryzjer dla psa. Salon psiej urody-Dog room,https://www.google.com/maps/place/Fryzjer+dla+psa.+Salon+psiej+urody-Dog+room/data=!4m7!3m6!1s0x471643140aed05e7:0x358354ca632e41de!8m2!3d50.0135873!4d19.9724798!16s%2Fg%2F11ssrcxk6w!19sChIJ5wXtChRDFkcR3kEuY8pUgzU?hl=pl,28,,maps type: Fryzjer dla zwierząt; website: none (no Witryna button in the Maps search list; full card not opened in batch 0)
GROOMING,Salon pielęgnacji psów I kotów Mia Groom - twój osobisty groomer,https://www.google.com/maps/place/Salon+piel%C4%99gnacji+ps%C3%B3w+I+kot%C3%B3w+Mia+Groom+-+tw%C3%B3j+osobisty+groomer/data=!4m7!3m6!1s0x47165b6222cadce5:0xe7b3ac18ce9290f6!8m2!3d50.047487!4d19.957641!16s%2Fg%2F11wpslvq9x!19sChIJ5dzKImJbFkcR9pCSzhiss-c?hl=pl,28,,maps type: Fryzjer dla zwierząt; website: none (no Witryna button in the Maps search list; full card not opened in batch 0)
GROOMING,PRALNIA FUTRZAKA Salonik Urody Twojego Zwierzaka,https://www.google.com/maps/place/PRALNIA+FUTRZAKA+Salonik+Urody+Twojego+Zwierzaka/data=!4m7!3m6!1s0x47165b33c2abf869:0x33a782c171286809!8m2!3d50.0886595!4d19.9474779!16s%2Fg%2F11p_2k6v2l!19sChIJafirwjNbFkcRCWgoccGCpzM?hl=pl,25,https://www.facebook.com/Pralnia-Futrzaka-Salonik-Urody-Twojego-Zwierzaka-109881191621895/,maps type: Fryzjer dla zwierząt
GROOMING,Piękny Pies Salon Groomerski,https://www.google.com/maps/place/Pi%C4%99kny+Pies+Salon+Groomerski/data=!4m7!3m6!1s0x47165bd8a6bc5637:0xe4d77f881e4b5b5b!8m2!3d50.090031!4d19.9618903!16s%2Fg%2F11zbnmyyzq!19sChIJN1a8pthbFkcRW1tLHoh_1-Q?hl=pl,25,https://www.pieknypies48.booksy.com/,maps type: Fryzjer dla zwierząt
GROOMING,Wyczesani Salon Pielęgnacji Psów GRZEGÓRZKI,https://www.google.com/maps/place/Wyczesani+Salon+Piel%C4%99gnacji+Ps%C3%B3w+GRZEG%C3%93RZKI/data=!4m7!3m6!1s0x47165be59ec05bc5:0x1335ff1f118c6c39!8m2!3d50.0589483!4d19.9500149!16s%2Fg%2F11mkx_1vlc!19sChIJxVvAnuVbFkcROWyMER__NRM?hl=pl,25,http://wyczesanisalonpielegnacjipsowikotowgrzegorzki.booksy.com/a/,maps type: Fryzjer dla zwierząt
GROOMING,"PSI SALON PIĘKNOŚCI ""Wyczochrani""",https://www.google.com/maps/place/PSI+SALON+PI%C4%98KNO%C5%9ACI+%22Wyczochrani%22/data=!4m7!3m6!1s0x4716497ce560414b:0x7d9a21c1c96add6e!8m2!3d50.086339!4d20.18102!16s%2Fg%2F11t60t1jhf!19sChIJS0Fg5XxJFkcRbt1qycEhmn0?hl=pl,23,https://www.facebook.com/share/14S16o8NidL/?mibextid=wwXIfr,maps type: Fryzjer dla zwierząt
GROOMING,Wytrzyj Łapki - Salon Groomerski,https://www.google.com/maps/place/Wytrzyj+%C5%81apki+-+Salon+Groomerski/data=!4m7!3m6!1s0x47165b9d8c6b07b1:0xc8c4d123cdc655bb!8m2!3d50.0939857!4d19.9672145!16s%2Fg%2F11yw6yck3z!19sChIJsQdrjJ1bFkcRu1XGzSPRxMg?hl=pl,23,http://wytrzyjlapki.booksy.com/a/,maps type: Fryzjer dla zwierząt
GROOMING,Bacio- Salon psiej urody,https://www.google.com/maps/place/Bacio-+Salon+psiej+urody/data=!4m7!3m6!1s0x4716434d98fdcd17:0x50fe2937d7b29fec!8m2!3d49.9728995!4d19.9473942!16s%2Fg%2F11vz0vdp_w!19sChIJF839mE1DFkcR7J-y1zcp_lA?hl=pl,22,http://www.facebook.com/salon.bacio,maps type: Fryzjer dla zwierząt
GROOMING,Daj Włos - Psi fryzjer Kraków Groomer | Nowa Huta,https://www.google.com/maps/place/Daj+W%C5%82os+-+Psi+fryzjer+Krak%C3%B3w+Groomer+%7C+Nowa+Huta/data=!4m7!3m6!1s0x4716454ff2bb9b03:0x7a0481d83c351170!8m2!3d50.0783645!4d20.0343688!16s%2Fg%2F11x_7sdn15!19sChIJA5u78k9FFkcRcBE1PNiBBHo?hl=pl,22,,maps type: Fryzjer dla zwierząt; website: none (no Witryna button in the Maps search list; full card not opened in batch 0)
GROOMING,Studio Modny Pies,https://www.google.com/maps/place/Studio+Modny+Pies/data=!4m7!3m6!1s0x4716457dd3718db9:0x5b714f9b76e4402e!8m2!3d50.0960399!4d20.0162701!16s%2Fg%2F11hzkdwy6g!19sChIJuY1x031FFkcRLkDkdptPcVs?hl=pl,19,,maps type: Fryzjer dla zwierząt; website: none (no Witryna button in the Maps search list; full card not opened in batch 0)
GROOMING,Kudłate Historie,https://www.google.com/maps/place/Kud%C5%82ate+Historie/data=!4m7!3m6!1s0x47165bee15f62a95:0x60e67560d2c09f74!8m2!3d50.0766611!4d19.9848635!16s%2Fg%2F11x6wkg14r!19sChIJlSr2Fe5bFkcRdJ_A0mB15mA?hl=pl,17,https://kudlatehistorie.pl/,maps type: Fryzjer dla zwierząt
GROOMING,Salon Psa Zwierzyniec,https://www.google.com/maps/place/Salon+Psa+Zwierzyniec/data=!4m7!3m6!1s0x47165d4c57089cf3:0xbe80bc06d5651c69!8m2!3d50.0442338!4d19.8819913!16s%2Fg%2F11y_qm4lmt!19sChIJ85wIV0xdFkcRaRxl1Qa8gL4?hl=pl,17,,maps type: Fryzjer dla zwierząt; website: none (no Witryna button in the Maps search list; full card not opened in batch 0)
GROOMING,Groomer Kraków,https://www.google.com/maps/place/Groomer+Krak%C3%B3w/data=!4m7!3m6!1s0x47164fc566699e57:0xa7eb9a1adad9d15c!8m2!3d50.1011357!4d20.1264767!16s%2Fg%2F11kb4lz5v9!19sChIJV55pZsVPFkcRXNHZ2hqa66c?hl=pl,15,,maps type: Fryzjer dla zwierząt; website: none (no Witryna button in the Maps search list; full card not opened in batch 0)
GROOMING,Hotel i Spa dla psów Holi Home,https://www.google.com/maps/place/Hotel+i+Spa+dla+ps%C3%B3w+Holi+Home/data=!4m7!3m6!1s0x69cc51cbcc45258b:0xaf887c9f0111ad9d!8m2!3d50.06082!4d20.0768331!16s%2Fg%2F11mdqmt7nz!19sChIJiyVFzMtRzGkRna0RAZ98iK8?hl=pl,15,,maps type: Fryzjer dla zwierząt; website: none (no Witryna button in the Maps search list; full card not opened in batch 0)
GROOMING,Kudłaty Raj - Salon Groomerski,https://www.google.com/maps/place/Kud%C5%82aty+Raj+-+Salon+Groomerski/data=!4m7!3m6!1s0x47165b2262f1d703:0x4606fb106c52248f!8m2!3d50.0427882!4d19.9708683!16s%2Fg%2F11mz2gz5h5!19sChIJA9fxYiJbFkcRjyRSbBD7BkY?hl=pl,15,https://booksy.com/pl-pl/326899_kudlaty-raj_zwierzaki_8820_krakow#ba_s=seo,maps type: Fryzjer dla zwierząt
GROOMING,Psi Fryzjer ARES Kraków Czyzyny,https://www.google.com/maps/place/Psi+Fryzjer+ARES+Krak%C3%B3w+Czyzyny/data=!4m7!3m6!1s0x471645d133f99eff:0x2f42b60de099ddb7!8m2!3d50.0552073!4d20.0348859!16s%2Fg%2F11ll_v0613!19sChIJ_575M9FFFkcRt92Z4A22Qi8?hl=pl,15,http://www.psifryzjer.eu/,maps type: Fryzjer dla zwierząt
GROOMING,Paws grooming room,https://www.google.com/maps/place/Paws+grooming+room/data=!4m7!3m6!1s0x47165b7e5bf095a9:0x5487f6c849ce30a1!8m2!3d50.078742!4d19.9805508!16s%2Fg%2F11z1xt2gs4!19sChIJqZXwW35bFkcRoTDOScj2h1Q?hl=pl,14,,maps type: Fryzjer dla zwierząt; website: none (no Witryna button in the Maps search list; full card not opened in batch 0)
GROOMING,Strzyżenie i pielęgnacja psów / kotów GroomerHK,https://www.google.com/maps/place/Strzy%C5%BCenie+i+piel%C4%99gnacja+ps%C3%B3w+%2F+kot%C3%B3w+GroomerHK/data=!4m7!3m6!1s0x47165a4fe666fc6d:0x9ea09c40a1e9d22!8m2!3d50.083419!4d19.9304594!16s%2Fg%2F1tdb7kzm!19sChIJbfxm5k9aFkcRIp0eCsQJ6gk?hl=pl,14,http://groomerhubert.booksy.com/,maps type: Fryzjer dla zwierząt
GROOMING,Fairytail Studio,https://www.google.com/maps/place/Fairytail+Studio/data=!4m7!3m6!1s0x4716430122304f9f:0xa873f272cbf70c69!8m2!3d50.0188246!4d20.0060254!16s%2Fg%2F11y8nb2_hv!19sChIJn08wIgFDFkcRaQz3y3Lyc6g?hl=pl,12,http://fairytailstudio.booksy.com/a,maps type: Fryzjer dla zwierząt
GROOMING,Salon Strzyżenia Psów Iwona Piechówka,https://www.google.com/maps/place/Salon+Strzy%C5%BCenia+Ps%C3%B3w+Iwona+Piech%C3%B3wka/data=!4m7!3m6!1s0x47165b5d0d1e1ad5:0x7195aa0060053371!8m2!3d50.0425779!4d19.9422555!16s%2Fg%2F11bbrl6ht8!19sChIJ1RoeDV1bFkcRcTMFYACqlXE?hl=pl,12,,maps type: Fryzjer dla zwierząt; website: none (no Witryna button in the Maps search list; full card not opened in batch 0)
GROOMING,Groomer u Fircyka,https://www.google.com/maps/place/Groomer+u+Fircyka/data=!4m7!3m6!1s0x47165d00414ac59d:0xaedafc1c9dc09fb3!8m2!3d50.0198861!4d19.9404272!16s%2Fg%2F11zjndpg2h!19sChIJncVKQQBdFkcRs5_AnRz82q4?hl=pl,11,http://groomerufircyka.booksy.com/h/,maps type: Fryzjer dla zwierząt
GROOMING,Uroczy Pupil,https://www.google.com/maps/place/Uroczy+Pupil/data=!4m7!3m6!1s0x471645b9b22fcced:0x7b9707e28250efde!8m2!3d50.0892262!4d20.0274405!16s%2Fg%2F11j1b3h6hq!19sChIJ7cwvsrlFFkcR3u9QguIHl3s?hl=pl,11,http://www.uroczypupil.com.pl/,maps type: Fryzjer dla zwierząt
GROOMING,Pabijan Patrycja. Salon pielęgnacji psów,https://www.google.com/maps/place/Pabijan+Patrycja.+Salon+piel%C4%99gnacji+ps%C3%B3w/data=!4m7!3m6!1s0x47165a4fdd942c43:0xc53f3afa22cc3c04!8m2!3d50.0890908!4d19.9256182!16s%2Fg%2F1ptvt2rd2!19sChIJQyyU3U9aFkcRBDzMIvo6P8U?hl=pl,10,,maps type: Fryzjer dla zwierząt; website: none (no Witryna button in the Maps search list; full card not opened in batch 0)
GROOMING,"Salon strzyżenia dla zwierząt ""Joruś""",https://www.google.com/maps/place/Salon+strzy%C5%BCenia+dla+zwierz%C4%85t+%22Joru%C5%9B%22/data=!4m7!3m6!1s0x4716452732978427:0xaa948189d2d6e4f!8m2!3d50.0956104!4d20.0121138!16s%2Fg%2F11rc0g5ykb!19sChIJJ4SXMidFFkcRT24tnRhIqQo?hl=pl,9,http://www.jorus.pl/,maps type: Fryzjer dla zwierząt
GROOMING,Futro w Formie groomer 🫧,https://www.google.com/maps/place/Futro+w+Formie+groomer+%F0%9F%AB%A7/data=!4m7!3m6!1s0x47165d3086a04cf3:0x720dd7a37246a918!8m2!3d50.0106285!4d19.8738603!16s%2Fg%2F11xp71wz90!19sChIJ80yghjBdFkcRGKlGcqPXDXI?hl=pl,8,https://www.facebook.com/share/1EjUrsCyrC/?mibextid=wwXIfr,maps type: Fryzjer dla zwierząt
GROOMING,Uszata Szeptucha - groomer królików,https://www.google.com/maps/place/Uszata+Szeptucha+-+groomer+kr%C3%B3lik%C3%B3w/data=!4m7!3m6!1s0x47165bbf1423680d:0x2d4e9e94ee3b54ee!8m2!3d50.08023!4d19.897185!16s%2Fg%2F11zh65c9cs!19sChIJDWgjFL9bFkcR7lQ77pSeTi0?hl=pl,8,http://www.uszata.pl/,maps type: Fryzjer dla zwierząt
GROOMING,Psi Look Salon piękności zwierząt,https://www.google.com/maps/place/Psi+Look+Salon+pi%C4%99kno%C5%9Bci+zwierz%C4%85t/data=!4m7!3m6!1s0x47165af361e50239:0x8f0b4e35920bdb43!8m2!3d50.0944446!4d19.954291!16s%2Fg%2F11bxdrrx0k!19sChIJOQLlYfNaFkcRQ9sLkjVOC48?hl=pl,6,,maps type: Fryzjer dla zwierząt; website: none (no Witryna button in the Maps search list; full card not opened in batch 0)
GROOMING,Psi fryzjer Kraków,https://www.google.com/maps/place/Psi+fryzjer+Krak%C3%B3w/data=!4m7!3m6!1s0x47164545b75d2f09:0xa459034bf77837bd!8m2!3d50.0469!4d20.0811012!16s%2Fg%2F11dym8yl7c!19sChIJCS9dt0VFFkcRvTd490sDWaQ?hl=pl,6,https://psifryzjerkrakow.pl/,maps type: Fryzjer dla zwierząt
GROOMING,Groomer Kraków LuckyPuppy,https://www.google.com/maps/place/Groomer+Krak%C3%B3w+LuckyPuppy/data=!4m7!3m6!1s0x2bcd2d8d7b935a77:0x5fc10f0a8aa4fbce!8m2!3d50.1013726!4d20.1273393!16s%2Fg%2F11kb4dy__b!19sChIJd1qTe40tzSsRzvukigoPwV8?hl=pl,5,,maps type: Fryzjer dla zwierząt; website: none (no Witryna button in the Maps search list; full card not opened in batch 0)
GROOMING,Fryzjernia futra- pielęgnacja psów i kotów. Pielęgnacja medyczna,https://www.google.com/maps/place/Fryzjernia+futra-+piel%C4%99gnacja+ps%C3%B3w+i+kot%C3%B3w.+Piel%C4%99gnacja+medyczna/data=!4m7!3m6!1s0x2ff069d23ba42b:0x158c83ef7f94de65!8m2!3d50.010641!4d19.8738946!16s%2Fg%2F11z4df0kn8!19sChIJK6Q70mnwLwARZd6Uf--DjBU?hl=pl,4,https://www.tiktok.com/@edyta.zyla?_r=1&_t=ZN-95GVCQ84LPK,maps type: Fryzjer dla zwierząt; possible duplicate of 'Futro w Formie groomer 🫧' (same address on Maps: Antoniego Dobrowolskiego 42/2)
GROOMING,Flora Dog style,https://www.google.com/maps/place/Flora+Dog+style/data=!4m7!3m6!1s0x47164549c4208917:0xbbefd311ef19355e!8m2!3d50.0860487!4d20.0149058!16s%2Fg%2F11d_tr3t5b!19sChIJF4kgxElFFkcRXjUZ7xHT77s?hl=pl,3,,maps type: Fryzjer dla zwierząt; website: none (no Witryna button in the Maps search list; full card not opened in batch 0)
GROOMING,PUPIL SPA Pracownia Groomerska,https://www.google.com/maps/place/PUPIL+SPA+Pracownia+Groomerska/data=!4m7!3m6!1s0x47165b426b612421:0xd3651879739e1529!8m2!3d50.0480798!4d19.9458725!16s%2Fg%2F11c2nj0szt!19sChIJISRha0JbFkcRKRWec3kYZdM?hl=pl,3,,maps type: Fryzjer dla zwierząt; website: none (no Witryna button in the Maps search list; full card not opened in batch 0)
GROOMING,Psi Fryzjer,https://www.google.com/maps/place/Psi+Fryzjer/data=!4m7!3m6!1s0x4716435a4d100001:0xb40dff179047c033!8m2!3d50.0207051!4d19.976411!16s%2Fg%2F11gnsrdfrz!19sChIJAQAQTVpDFkcRM8BHkBf_DbQ?hl=pl,3,,"maps type: Fryzjer dla zwierząt; website: none (no Witryna button in the Maps search list; full card not opened in batch 0); possible duplicate of 'Salon Pielęgnacji Psów ""Nowy York""' (same address on Maps: Alfreda Dauna 97/lok 2)"
GROOMING,Pets Room,https://www.google.com/maps/place/Pets+Room/data=!4m7!3m6!1s0x471643fc6ac458c3:0x91da4299847fd3ec!8m2!3d50.0164879!4d19.9631269!16s%2Fg%2F11t7j7l2gh!19sChIJw1jEavxDFkcR7NN_hJlC2pE?hl=pl,2,,maps type: Fryzjer dla zwierząt; website: none (no Witryna button in the Maps search list; full card not opened in batch 0)
GROOMING,Strzyżenie psow,https://www.google.com/maps/place/Strzy%C5%BCenie+psow/data=!4m7!3m6!1s0x4716455cc4aa1245:0x5f55169071334ebe!8m2!3d50.0864832!4d20.0123195!16s%2Fg%2F11yk1r42bx!19sChIJRRKqxFxFFkcRvk4zcZAWVV8?hl=pl,2,,maps type: Fryzjer dla zwierząt; website: none (no Witryna button in the Maps search list; full card not opened in batch 0)
GROOMING,"Groomer Hubert Bartla 20 Strzyżenie, pielęgnacja psów i kotów Kraków Kliny","https://www.google.com/maps/place/Groomer+Hubert+Bartla+20+Strzy%C5%BCenie,+piel%C4%99gnacja+ps%C3%B3w+i+kot%C3%B3w+Krak%C3%B3w+Kliny/data=!4m7!3m6!1s0x47165d3c85faebc3:0xe1b3b786478d3057!8m2!3d49.9990741!4d19.8960326!16s%2Fg%2F11ln2bwd55!19sChIJw-v6hTxdFkcRVzCNR4a3s-E?hl=pl",1,http://groomerhubertbartla.booksy.com/,maps type: Fryzjer dla zwierząt
GROOMING,Pooh Salon,https://www.google.com/maps/place/Pooh+Salon/data=!4m7!3m6!1s0x47165bdc5ea3e5d5:0xf46c642e6a8f7c8f!8m2!3d50.1012681!4d20.0122606!16s%2Fg%2F11skwd725_!19sChIJ1eWjXtxbFkcRj3yPai5kbPQ?hl=pl,1,http://www.poohsalon.pl/,maps type: Fryzjer dla zwierząt
GROOMING,"RENATA ŻELAZKO FIRMA HANDLOWA-""RENI""",https://www.google.com/maps/place/RENATA+%C5%BBELAZKO+FIRMA+HANDLOWA-%22RENI%22/data=!4m7!3m6!1s0x471643fcff165177:0x9431cde198f7fdf0!8m2!3d50.0153826!4d20.00881!16s%2Fg%2F11mvp2qjk0!19sChIJd1EW__xDFkcR8P33mOHNMZQ?hl=pl,1,,maps type: Fryzjer dla zwierząt; website: none (no Witryna button in the Maps search list; full card not opened in batch 0)
GROOMING,ANIAMLIS. Salon Piękności Psów,https://www.google.com/maps/place/ANIAMLIS.+Salon+Pi%C4%99kno%C5%9Bci+Ps%C3%B3w/data=!4m7!3m6!1s0x47165d9c903d1249:0x9c4337c6435d06e3!8m2!3d50.0364534!4d19.8867339!16s%2Fg%2F11rql1vqsz!19sChIJSRI9kJxdFkcR4wZdQ8Y3Q5w?hl=pl,,,maps type: Fryzjer dla zwierząt; rating count: none (no ratings shown in the Maps search list); website: none (no Witryna button in the Maps search list; full card not opened in batch 0)
GROOMING,ANIMALIS. Salon piękności psów.,https://www.google.com/maps/place/ANIMALIS.+Salon+pi%C4%99kno%C5%9Bci+ps%C3%B3w./data=!4m7!3m6!1s0x471643469d86bbf9:0xffb76645c1d455e6!8m2!3d50.0364534!4d19.8867339!16s%2Fg%2F1v76yct1!19sChIJ-buGnUZDFkcR5lXUwUVmt_8?hl=pl,,,maps type: Fryzjer dla zwierząt; rating count: none (no ratings shown in the Maps search list); website: none (no Witryna button in the Maps search list; full card not opened in batch 0); possible duplicate of 'ANIAMLIS. Salon Piękności Psów' (same address on Maps: Widłakowa 6h)
GROOMING,Equidog,https://www.google.com/maps/place/Equidog/data=!4m7!3m6!1s0x47165adf73e8348f:0xad130c9f2829fc35!8m2!3d50.0733449!4d19.9676007!16s%2Fg%2F11f4pcqw3t!19sChIJjzToc99aFkcRNfwpKJ8ME60?hl=pl,,,maps type: Fryzjer dla zwierząt; rating count: none (no ratings shown in the Maps search list); website: none (no Witryna button in the Maps search list; full card not opened in batch 0)
GROOMING,PUPILKOWO Salon pielęgnacji psów,https://www.google.com/maps/place/PUPILKOWO+Salon+piel%C4%99gnacji+ps%C3%B3w/data=!4m7!3m6!1s0x47165b763f1127cd:0x4a173f1278e82676!8m2!3d50.0977893!4d19.9681445!16s%2Fg%2F11z1zsl5kv!19sChIJzScRP3ZbFkcRdiboeBI_F0o?hl=pl,,https://www.facebook.com/share/1HD4eJBe7x/,maps type: Fryzjer dla zwierząt; rating count: none (no ratings shown in the Maps search list)
GROOMING,Salon Piękności Psów REKSIO,https://www.google.com/maps/place/Salon+Pi%C4%99kno%C5%9Bci+Ps%C3%B3w+REKSIO/data=!4m7!3m6!1s0x471643f2e9930513:0x78d72cf2576e6aad!8m2!3d49.9919797!4d20.0044403!16s%2Fg%2F11x2382kw9!19sChIJEwWT6fJDFkcRrWpuV_Is13g?hl=pl,,https://www.facebook.com/profile.php?id=61571399086242,maps type: Fryzjer dla zwierząt; rating count: none (no ratings shown in the Maps search list)
GROOMING,Strzyżenie psów kraków,https://www.google.com/maps/place/Strzy%C5%BCenie+ps%C3%B3w+krak%C3%B3w/data=!4m7!3m6!1s0x2800717e3fa08ca3:0x3f3299594fff8381!8m2!3d50.0469!4d20.0047922!16s%2Fg%2F11vyhjt6_3!19sChIJo4ygP35xACgRgYP_T1mZMj8?hl=pl,,https://www.facebook.com/profile.php?id=100063664174073,maps type: Fryzjer dla zwierząt; rating count: none (no ratings shown in the Maps search list)
PET_HOTEL,Hotel psa i kota Pchełka,https://www.google.com/maps/place/Hotel+psa+i+kota+Pche%C5%82ka/data=!4m7!3m6!1s0x471642d7e7082b61:0xde3db3edde3aad4a!8m2!3d49.9898125!4d19.9478026!16s%2Fg%2F11f10gxxsn!19sChIJYSsI59dCFkcRSq063u2zPd4?hl=pl,302,https://hotelpsa.pl/,maps type: Opiekun zwierząt
PET_HOTEL,Hotel dla psów „ Szarikton „,https://www.google.com/maps/place/Hotel+dla+ps%C3%B3w+%E2%80%9E+Szarikton+%E2%80%9E/data=!4m7!3m6!1s0x47164340ecd05abf:0xf3223bba0d3c5439!8m2!3d50.0088962!4d19.9741651!16s%2Fg%2F1thpvkx7!19sChIJv1rQ7EBDFkcROVQ8Dbo7IvM?hl=pl,227,http://www.szarikton.pl/,maps type: Ośrodek opieki nad psami
PET_HOTEL,"Dog's Bay - Domowy Hotel dla psów, Świetlica dla psów, Doradztwo behawioralne","https://www.google.com/maps/place/Dog%27s+Bay+-+Domowy+Hotel+dla+ps%C3%B3w,+%C5%9Awietlica+dla+ps%C3%B3w,+Doradztwo+behawioralne/data=!4m7!3m6!1s0x47165d2b0f9595db:0xb135e4b65bcdd043!8m2!3d49.9869091!4d20.0010392!16s%2Fg%2F1ptx_vjw9!19sChIJ25WVDytdFkcRQ9DNW7bkNbE?hl=pl",179,http://www.dogsbay.pl/,maps type: Opiekun zwierząt
PET_HOTEL,Pączuś hotel dla królików i gryzoni,https://www.google.com/maps/place/P%C4%85czu%C5%9B+hotel+dla+kr%C3%B3lik%C3%B3w+i+gryzoni/data=!4m7!3m6!1s0x471643c988a4bfc9:0x75060beec8c0e51f!8m2!3d50.0111798!4d19.968201!16s%2Fg%2F11l87j7x26!19sChIJyb-kiMlDFkcRH-XAyO4LBnU?hl=pl,97,http://www.facebook.com/hoteldlagryzonikrakow,maps type: Opiekun zwierząt
PET_HOTEL,Psie Nocowanie,https://www.google.com/maps/place/Psie+Nocowanie/data=!4m7!3m6!1s0x47165fa2d6e02fc9:0xc42b2c140bd355ce!8m2!3d50.0171804!4d19.8189672!16s%2Fg%2F1hc40j6yl!19sChIJyS_g1qJfFkcRzlXTCxQsK8Q?hl=pl,84,http://www.psienocowanie.pl/,maps type: Opieka nad zwierzętami
PET_HOTEL,Kotel,https://www.google.com/maps/place/Kotel/data=!4m7!3m6!1s0x471645e86825bbb9:0x92a53dd47b9b19ce!8m2!3d50.0436807!4d20.0580718!16s%2Fg%2F11f6kyxqjb!19sChIJubslaOhFFkcRzhmbe9Q9pZI?hl=pl,77,http://kotel-krakow.pl/,maps type: Hotel dla kotów
PET_HOTEL,Psiemka hotel dla psów Kraków,https://www.google.com/maps/place/Psiemka+hotel+dla+ps%C3%B3w+Krak%C3%B3w/data=!4m7!3m6!1s0x225416bf1fc48eaf:0x1f340e57f470ce72!8m2!3d50.0395!4d19.8721092!16s%2Fg%2F11l5fw2wjv!19sChIJr47EH78WVCIRcs5w9FcONB8?hl=pl,65,https://www.hotelpsiemka.pl/,maps type: Opiekun zwierząt
PET_HOTEL,Petsy - domowy hotel dla psów i kotów Kraków,https://www.google.com/maps/place/Petsy+-+domowy+hotel+dla+ps%C3%B3w+i+kot%C3%B3w+Krak%C3%B3w/data=!4m7!3m6!1s0x47165bf826c2c6f1:0x3269a361d6a9c5b8!8m2!3d50.0388556!4d19.9394569!16s%2Fg%2F11vl94t7sf!19sChIJ8cbCJvhbFkcRuMWp1mGjaTI?hl=pl,60,https://petsy.pl/hotel-dla-psow/krakow/,maps type: Opiekun zwierząt
PET_HOTEL,Hotel dla kotów - Kototel,https://www.google.com/maps/place/Hotel+dla+kot%C3%B3w+-+Kototel/data=!4m7!3m6!1s0x47164587055665c5:0xee4fccf5c37a10b5!8m2!3d50.0796212!4d20.0191685!16s%2Fg%2F11p_8l64lw!19sChIJxWVWBYdFFkcRtRB6w_XMT-4?hl=pl,52,https://kototel.pl/,maps type: Hotel dla kotów
PET_HOTEL,Hotel Kocie Sprawki,https://www.google.com/maps/place/Hotel+Kocie+Sprawki/data=!4m7!3m6!1s0x47165f787b125365:0x77b8580e3e0f5f93!8m2!3d50.041548!4d19.833755!16s%2Fg%2F11gsn3szlv!19sChIJZVMSe3hfFkcRk18PPg5YuHc?hl=pl,42,http://www.kocie-sprawki.pl/,maps type: Hotel dla kotów
PET_HOTEL,"Wyszczekani Psyjaciele - domowy hotel dla psów, petsitter, catsitter, dogwalker, konsultacje trenerskie i behawiorystyczne","https://www.google.com/maps/place/Wyszczekani+Psyjaciele+-+domowy+hotel+dla+ps%C3%B3w,+petsitter,+catsitter,+dogwalker,+konsultacje+trenerskie+i+behawiorystyczne/data=!4m7!3m6!1s0x47165db18eeabab5:0x7be9d3a074806c4!8m2!3d50.0224669!4d19.9099209!16s%2Fg%2F11s9gdknv3!19sChIJtbrqjrFdFkcRxAZIBzqdvgc?hl=pl",33,https://www.facebook.com/wyszczekani.psyjaciele,maps type: Opieka nad zwierzętami
PET_HOTEL,Hotel dla zwierząt ARA,https://www.google.com/maps/place/Hotel+dla+zwierz%C4%85t+ARA/data=!4m7!3m6!1s0x47165d54224e8f2d:0xc6e19485f3c5f327!8m2!3d50.0195435!4d19.9121802!16s%2Fg%2F11y26pllc4!19sChIJLY9OIlRdFkcRJ_PF84WU4cY?hl=pl,30,https://hotel-dla-zwierzat.org/,maps type: Opiekun zwierząt
PET_HOTEL,Hotel dla psów Siedlisko,https://www.google.com/maps/place/Hotel+dla+ps%C3%B3w+Siedlisko/data=!4m7!3m6!1s0x471659e2707ef8bf:0xd9923b50b578209a!8m2!3d50.0977842!4d19.86715!16s%2Fg%2F11t2cl_lv2!19sChIJv_h-cOJZFkcRmiB4tVA7ktk?hl=pl,26,https://hotelsiedlisko.blogspot.com/,maps type: Opiekun zwierząt
PET_HOTEL,Domowy Hotelik dla piesków,https://www.google.com/maps/place/Domowy+Hotelik+dla+piesk%C3%B3w/data=!4m7!3m6!1s0x47165d0be9137111:0x20b497e8c0cbad78!8m2!3d50.0209935!4d19.9203193!16s%2Fg%2F11vws7jd98!19sChIJEXET6QtdFkcReK3LwOiXtCA?hl=pl,7,https://www.facebook.com/profile.php?id=61559101776877&locale=pl_PL,maps type: Opieka nad zwierzętami
PET_HOTEL,Pethomer Domowy Hotel dla psów i kotów Kraków,https://www.google.com/maps/place/Pethomer+Domowy+Hotel+dla+ps%C3%B3w+i+kot%C3%B3w+Krak%C3%B3w/data=!4m7!3m6!1s0x4744f635c935e4e5:0xc99ab3d5c5b345fa!8m2!3d50.0878893!4d19.9530295!16s%2Fg%2F11y3yltqx6!19sChIJ5eQ1yTX2REcR-kWzxdWzmsk?hl=pl,,https://pethomer.com/hotel-dla-psow-krakow/,maps type: Hotel dla kotów; rating count: none (no ratings shown in the Maps search list)
DOG_TRAINING,Psi Ekspert- Profesjonalna szkoła od 2010 roku,https://www.google.com/maps/place/Psi+Ekspert-+Profesjonalna+szko%C5%82a+od+2010+roku/data=!4m7!3m6!1s0x47165ae13c1f3605:0xb971f1455256e18!8m2!3d50.0173714!4d19.9624062!16s%2Fg%2F1hc31q5zg!19sChIJBTYfPOFaFkcRGG4lVRQflws?hl=pl,277,https://psi-ekspert.pl/,maps type: Trener psów
DOG_TRAINING,Hitt Dog. Szkoła tresury psów. Lewkowicz J.,https://www.google.com/maps/place/Hitt+Dog.+Szko%C5%82a+tresury+ps%C3%B3w.+Lewkowicz+J./data=!4m7!3m6!1s0x47165b99979099cb:0x550ae99474d11d15!8m2!3d50.0806366!4d19.870548!16s%2Fg%2F1pty9khzr!19sChIJy5mQl5lbFkcRFR3RdJTpClU?hl=pl,150,https://www.facebook.com/hittdog/,maps type: Trener psów
DOG_TRAINING,DoooBRY PIES,https://www.google.com/maps/place/DoooBRY+PIES/data=!4m7!3m6!1s0x4716458baa6e6007:0xaba6b72451658fc!8m2!3d50.0462106!4d19.9841439!16s%2Fg%2F11ng67btfq!19sChIJB2BuqotFFkcR_FgWRXJrugo?hl=pl,139,,maps type: Trener psów; website: none (no Witryna button in the Maps search list; full card not opened in batch 0)
DOG_TRAINING,PSIA ESKADRA,https://www.google.com/maps/place/PSIA+ESKADRA/data=!4m7!3m6!1s0x47165cbff9160069:0x12826eb5b4a8d97b!8m2!3d50.0059155!4d19.8528452!16s%2Fg%2F1tc_jwn2!19sChIJaQAW-b9cFkcRe9motLVughI?hl=pl,130,http://psiaeskadra.pl/,maps type: Trener psów
DOG_TRAINING,TellMeHau Kraków - behawiorysta psów - trener psów,https://www.google.com/maps/place/TellMeHau+Krak%C3%B3w+-+behawiorysta+ps%C3%B3w+-+trener+ps%C3%B3w/data=!4m7!3m6!1s0x47165ada81ece873:0x6ec8c7bf36ec78ab!8m2!3d50.0779483!4d19.9823777!16s%2Fg%2F11h6lnpbwh!19sChIJc-jsgdpaFkcRq3jsNr_HyG4?hl=pl,120,http://tellmehau.pl/,maps type: Trener psów
DOG_TRAINING,DogFather.pl Behawiorysta Psów Trener Psów,https://www.google.com/maps/place/DogFather.pl+Behawiorysta+Ps%C3%B3w+Trener+Ps%C3%B3w/data=!4m7!3m6!1s0x47165dbf5a1660f3:0x68c232e00919d6f2!8m2!3d50.0309122!4d19.8950465!16s%2Fg%2F11rr1qwx5h!19sChIJ82AWWr9dFkcR8tYZCeAywmg?hl=pl,115,http://www.dogfather.pl/,maps type: Trener psów
DOG_TRAINING,Contact Dogs centrum szkolenia psów,https://www.google.com/maps/place/Contact+Dogs+centrum+szkolenia+ps%C3%B3w/data=!4m7!3m6!1s0x47165dc95a0227db:0xbc40fe10d956092c!8m2!3d50.0816285!4d19.8779444!16s%2Fg%2F11h596yyy1!19sChIJ2ycCWsldFkcRLAlW2RD-QLw?hl=pl,105,https://contactdogs.pl/,maps type: Trener psów
DOG_TRAINING,Akademia Dobrych Manier BIAŁY PIES,https://www.google.com/maps/place/Akademia+Dobrych+Manier+BIA%C5%81Y+PIES/data=!4m7!3m6!1s0x47165be69770dcb7:0x7fd62ce7cb8ab30!8m2!3d50.0637861!4d19.8694348!16s%2Fg%2F11bt_jqrq2!19sChIJt9xwl-ZbFkcRMKu4fM5i_Qc?hl=pl,100,https://www.bialypies.pl/,maps type: Trener psów
DOG_TRAINING,DogTandem - Szkoła dla psów,https://www.google.com/maps/place/DogTandem+-+Szko%C5%82a+dla+ps%C3%B3w/data=!4m7!3m6!1s0x47165b96179441a3:0xf413385f2ec4e01d!8m2!3d50.0668793!4d19.9254116!16s%2Fg%2F11vl5clc05!19sChIJo0GUF5ZbFkcRHeDELl84E_Q?hl=pl,92,https://dogtandem.pl/,maps type: Trener psów
DOG_TRAINING,Dogmydog,https://www.google.com/maps/place/Dogmydog/data=!4m7!3m6!1s0x47165b3dee83ec79:0x23d0651d8aa947ed!8m2!3d50.0969396!4d19.9126198!16s%2Fg%2F11tg801srj!19sChIJeeyD7j1bFkcR7Uepih1l0CM?hl=pl,91,http://www.dogmydog.pl/,maps type: Trener psów
DOG_TRAINING,Pani Pupilowa - Behawiorysta Szkolenie Psów,https://www.google.com/maps/place/Pani+Pupilowa+-+Behawiorysta+Szkolenie+Ps%C3%B3w/data=!4m7!3m6!1s0x823de69f8c5edf8d:0xa8ec944ab333d213!8m2!3d50.0875657!4d20.0128297!16s%2Fg%2F11q9j0l25x!19sChIJjd9ejJ_mPYIRE9Izs0qU7Kg?hl=pl,81,https://panipupilowa.pl/,maps type: Trener psów
DOG_TRAINING,"Kociologia - Magda Chowaniec | Kocia behawiorystka, Opieka nad kotem | Kraków","https://www.google.com/maps/place/Kociologia+-+Magda+Chowaniec+%7C+Kocia+behawiorystka,+Opieka+nad+kotem+%7C+Krak%C3%B3w/data=!4m7!3m6!1s0x4716438b14d9bb1f:0xbf0af34d1d0a9a9d!8m2!3d50.0100295!4d19.9609146!16s%2Fg%2F11jh4qwgcz!19sChIJH7vZFItDFkcRnZoKHU3zCr8?hl=pl",65,http://kociologia.pl/,maps type: Opieka nad zwierzętami
DOG_TRAINING,Z Psem Pod Łapę - Behawiorysta Kraków i okolice,https://www.google.com/maps/place/Z+Psem+Pod+%C5%81ap%C4%99+-+Behawiorysta+Krak%C3%B3w+i+okolice/data=!4m7!3m6!1s0x471651e372551b05:0x5c612fb86897da5e!8m2!3d50.100722!4d19.9575819!16s%2Fg%2F11y6jz0ylp!19sChIJBRtVcuNRFkcRXtqXaLgvYVw?hl=pl,60,https://zpsempodlape.pl/,maps type: Trener psów
DOG_TRAINING,Space4dogs - Szkoła i Hotel dla psów,https://www.google.com/maps/place/Space4dogs+-+Szko%C5%82a+i+Hotel+dla+ps%C3%B3w/data=!4m7!3m6!1s0x4716479bb80f7025:0x50255c254d2f21cb!8m2!3d50.0437863!4d20.1248813!16s%2Fg%2F11s3xh6_5v!19sChIJJXAPuJtHFkcRyyEvTSVcJVA?hl=pl,56,http://www.space4dogs.pl/,maps type: Trener psów
DOG_TRAINING,"Na psi rozum - behawiorysta, trener psów","https://www.google.com/maps/place/Na+psi+rozum+-+behawiorysta,+trener+ps%C3%B3w/data=!4m7!3m6!1s0x4716452ecb403f6d:0x6f6c387304fc592f!8m2!3d50.0806086!4d20.0249486!16s%2Fg%2F11vps3v841!19sChIJbT9Ayy5FFkcRL1n8BHM4bG8?hl=pl",49,https://napsirozum.pl/,maps type: Trener psów
DOG_TRAINING,"Koci Język - Klaudia Chemicz - kocia behawiorystka, zoopsycholog","https://www.google.com/maps/place/Koci+J%C4%99zyk+-+Klaudia+Chemicz+-+kocia+behawiorystka,+zoopsycholog/data=!4m7!3m6!1s0x4d8edf6f2d0d2483:0x463cdb5ad40ea3ac!8m2!3d50.0889817!4d19.9768008!16s%2Fg%2F11q95vp6g9!19sChIJgyQNLW_fjk0RrKMO1FrbPEY?hl=pl",48,https://koci-jezyk.pl/,maps type: Opieka nad zwierzętami
DOG_TRAINING,Hau Clever,https://www.google.com/maps/place/Hau+Clever/data=!4m7!3m6!1s0x47165dfa9f996f25:0x76960fdd2c7a14c!8m2!3d49.9989151!4d19.988407!16s%2Fg%2F11t61dz59s!19sChIJJW-Zn_pdFkcRTKHH0v1gaQc?hl=pl,47,https://www.hauclever.pl/,maps type: Trener psów
DOG_TRAINING,"why not dog? - szkolenie psów, konsultacje behawioralne","https://www.google.com/maps/place/why+not+dog%3F+-+szkolenie+ps%C3%B3w,+konsultacje+behawioralne/data=!4m7!3m6!1s0x4aa88b223df0f0fb:0xaa82f11163a6dd48!8m2!3d50.0469!4d20.0047922!16s%2Fg%2F11rvjh_vn7!19sChIJ-_DwPSKLqEoRSN2mYxHxgqo?hl=pl",46,https://whynotdog.pl/,maps type: Trener psów
DOG_TRAINING,Behawiorysta Twojego Psa,https://www.google.com/maps/place/Behawiorysta+Twojego+Psa/data=!4m7!3m6!1s0x47165dbeaada24c1:0x80541c36e8afa7c9!8m2!3d49.9924509!4d19.9343876!16s%2Fg%2F11v66prp4y!19sChIJwSTaqr5dFkcRyaev6DYcVIA?hl=pl,42,https://angelikagieralt.pl/,maps type: Trener psów
DOG_TRAINING,"Psi Dialog - trener psów, nosework, behawiorysta psów","https://www.google.com/maps/place/Psi+Dialog+-+trener+ps%C3%B3w,+nosework,+behawiorysta+ps%C3%B3w/data=!4m7!3m6!1s0x897119d0af06de8f:0x19ed014ec6552b09!8m2!3d50.038233!4d19.940175!16s%2Fg%2F11sk3pgznj!19sChIJj94Gr9AZcYkRCStVxk4B7Rk?hl=pl",36,https://psidialog.pl/,maps type: Trener psów
DOG_TRAINING,Mobilna PSYchodnia Wychowawcza,https://www.google.com/maps/place/Mobilna+PSYchodnia+Wychowawcza/data=!4m7!3m6!1s0x471645cf94d0cc5f:0x34748e27c33e1488!8m2!3d50.0425934!4d19.9956178!16s%2Fg%2F11x0txczxh!19sChIJX8zQlM9FFkcRiBQ-wyeOdDQ?hl=pl,35,,maps type: Trener psów; website: none (no Witryna button in the Maps search list; full card not opened in batch 0)
DOG_TRAINING,Na Każdą Łapę,https://www.google.com/maps/place/Na+Ka%C5%BCd%C4%85+%C5%81ap%C4%99/data=!4m7!3m6!1s0x4716457a41045133:0x3020df75fbdbfd4c!8m2!3d50.0714161!4d20.0453448!16s%2Fg%2F11rzhc93fg!19sChIJM1EEQXpFFkcRTP3b-3XfIDA?hl=pl,34,http://nakazdalape.pl/,maps type: Trener psów
DOG_TRAINING,Hautotreat- trener psów|behawiorysta|Rally-o,https://www.google.com/maps/place/Hautotreat-+trener+ps%C3%B3w%7Cbehawiorysta%7CRally-o/data=!4m7!3m6!1s0x47a4c7c019fce4e5:0xaf7d26b7d9a3a979!8m2!3d49.9997951!4d19.8980786!16s%2Fg%2F11tgfwfcz0!19sChIJ5eT8GcDHpEcReamj2bcmfa8?hl=pl,32,https://www.facebook.com/profile.php?id=100089577062663,maps type: Trener psów
DOG_TRAINING,Psiemyślenia Natalia Zaczek-Rojek,https://www.google.com/maps/place/Psiemy%C5%9Blenia+Natalia+Zaczek-Rojek/data=!4m7!3m6!1s0x47165b236f947f39:0xc67368b4b82f6604!8m2!3d50.0796402!4d20.0676869!16s%2Fg%2F11n3m5kldf!19sChIJOX-UbyNbFkcRBGYvuLRoc8Y?hl=pl,31,https://psiemyslenia.pl/,maps type: Treser zwierząt domowych
DOG_TRAINING,Krakowska szkoła dla psów i przewodników,https://www.google.com/maps/place/Krakowska+szko%C5%82a+dla+ps%C3%B3w+i+przewodnik%C3%B3w/data=!4m7!3m6!1s0xac3110ef6e0669a1:0xcceaebcb9177ef1c!8m2!3d49.9783687!4d19.9380365!16s%2Fg%2F11thlft7rc!19sChIJoWkGbu8QMawRHO93kcvr6sw?hl=pl,30,,maps type: Trener psów; website: none (no Witryna button in the Maps search list; full card not opened in batch 0)
DOG_TRAINING,Canis Rehab rehabilitacja psów Anna Gruca,https://www.google.com/maps/place/Canis+Rehab+rehabilitacja+ps%C3%B3w+Anna+Gruca/data=!4m7!3m6!1s0xa628edf627c7df9f:0xf432e3b447565a41!8m2!3d50.026375!4d19.8439425!16s%2Fg%2F11tfdc1980!19sChIJn9_HJ_btKKYRQVpWR7TjMvQ?hl=pl,28,http://canisrehab.com/,maps type: Trener psów
DOG_TRAINING,Trener psów Pies w formie • Daniel Płocienniczak,https://www.google.com/maps/place/Trener+ps%C3%B3w+Pies+w+formie+%E2%80%A2+Daniel+P%C5%82ocienniczak/data=!4m7!3m6!1s0x471645bc5b5b2acd:0x4fa0a41a0d9e58cc!8m2!3d50.0975592!4d20.0633502!16s%2Fg%2F11sv0vs3w3!19sChIJzSpbW7xFFkcRzFieDRqkoE8?hl=pl,27,,maps type: Trener psów; website: none (no Witryna button in the Maps search list; full card not opened in batch 0)
DOG_TRAINING,Good Dziob - behawiorystyka i trening psów,https://www.google.com/maps/place/Good+Dziob+-+behawiorystyka+i+trening+ps%C3%B3w/data=!4m7!3m6!1s0x288a380287e2f36f:0xb80c24e540512f4d!8m2!3d50.0158972!4d19.8903471!16s%2Fg%2F11w9r6mlnc!19sChIJb_PihwI4iigRTS9RQOUkDLg?hl=pl,24,https://www.gooddziob.pl/,maps type: Trener psów
DOG_TRAINING,DOGteam szkolenie psów,https://www.google.com/maps/place/DOGteam+szkolenie+ps%C3%B3w/data=!4m7!3m6!1s0x47165be29cabc295:0x3a9ef234919cbcd!8m2!3d50.1077325!4d19.8960683!16s%2Fg%2F11ng6sqrqs!19sChIJlcKrnOJbFkcRzcsZSSPvqQM?hl=pl,23,https://www.dog-team.pl/,maps type: Trener psów
DOG_TRAINING,Opsierwatorium - trenerka i behawiorystka psów | nosework,https://www.google.com/maps/place/Opsierwatorium+-+trenerka+i+behawiorystka+ps%C3%B3w+%7C+nosework/data=!4m7!3m6!1s0x8f2a545f1e8dd0d7:0x503f5357a2bd85b8!8m2!3d50.0599086!4d20.0022903!16s%2Fg%2F11y3mn8j0b!19sChIJ19CNHl9UKo8RuIW9oldTP1A?hl=pl,22,https://opsierwatorium.pl/,maps type: Trener psów
DOG_TRAINING,"Psie Nawyki Kraków - Trener Psów, Behawiorysta psów","https://www.google.com/maps/place/Psie+Nawyki+Krak%C3%B3w+-+Trener+Ps%C3%B3w,+Behawiorysta+ps%C3%B3w/data=!4m7!3m6!1s0x47164b1e1d0a8ecf:0x7c6a2db2f4a466cd!8m2!3d50.066595!4d20.0102686!16s%2Fg%2F11v03kdxwn!19sChIJz44KHR5LFkcRzWak9LItanw?hl=pl",18,https://psienawyki.pl/,maps type: Trener psów
DOG_TRAINING,Psistanek,https://www.google.com/maps/place/Psistanek/data=!4m7!3m6!1s0x47165b8508681f77:0xe0a71d20a97ac015!8m2!3d50.0184924!4d19.9814995!16s%2Fg%2F11ym80r75x!19sChIJdx9oCIVbFkcRFcB6qSAdp-A?hl=pl,16,https://psistanek.pl/,maps type: Trener psów
DOG_TRAINING,Zadowolony Pieseł Trener psów Behawiorysta psów Przemysław Kwaśniewski,https://www.google.com/maps/place/Zadowolony+Piese%C5%82+Trener+ps%C3%B3w+Behawiorysta+ps%C3%B3w+Przemys%C5%82aw+Kwa%C5%9Bniewski/data=!4m7!3m6!1s0xdb5df092bf3b83:0x3029168d8a9163fa!8m2!3d50.0469!4d20.0376533!16s%2Fg%2F11zb2grr4n!19sChIJgzu_kvBd2wAR-mORio0WKTA?hl=pl,15,https://zadowolonypiesel.pl/,maps type: Trener psów
DOG_TRAINING,DoggyCorp - Behawiorysta psów Kraków,https://www.google.com/maps/place/DoggyCorp+-+Behawiorysta+ps%C3%B3w+Krak%C3%B3w/data=!4m7!3m6!1s0x471645181b3f93ad:0x38152f61d90f021a!8m2!3d50.0677903!4d19.9929823!16s%2Fg%2F11txf8c1f2!19sChIJrZM_GxhFFkcRGgIP2WEvFTg?hl=pl,14,https://doggycorp.pl/,maps type: Trener psów
DOG_TRAINING,"La Dolce Kita - Kaja Szymańska. Szkolenia, terapia behawioralna i hotel dla psów","https://www.google.com/maps/place/La+Dolce+Kita+-+Kaja+Szyma%C5%84ska.+Szkolenia,+terapia+behawioralna+i+hotel+dla+ps%C3%B3w/data=!4m7!3m6!1s0x47165b3133a5d951:0xae3133d1bdb51c57!8m2!3d50.0809412!4d19.9743787!16s%2Fg%2F11txgm_6qh!19sChIJUdmlMzFbFkcRVxy1vdEzMa4?hl=pl",12,http://ladolcekita.bookero.pl/,maps type: Trener psów
DOG_TRAINING,Miau Psiuk,https://www.google.com/maps/place/Miau+Psiuk/data=!4m7!3m6!1s0x47165d0a37876f69:0xcf1ee3cd37884677!8m2!3d49.9869867!4d19.8815478!16s%2Fg%2F11yd6vbbcr!19sChIJaW-HNwpdFkcRd0aIN83jHs8?hl=pl,12,https://www.miaupsiuk.pl/,maps type: Trener psów
DOG_TRAINING,Złote Psiątka | Behawiorystka & trenerka psów,https://www.google.com/maps/place/Z%C5%82ote+Psi%C4%85tka+%7C+Behawiorystka+%26+trenerka+ps%C3%B3w/data=!4m7!3m6!1s0x47165b0d285c13cd:0x679c53cd528b9505!8m2!3d50.1015536!4d19.9546301!16s%2Fg%2F11nqbk8100!19sChIJzRNcKA1bFkcRBZWLUs1TnGc?hl=pl,12,https://www.instagram.com/zlote_psiatka,maps type: Trener psów
DOG_TRAINING,Psi Tupet,https://www.google.com/maps/place/Psi+Tupet/data=!4m7!3m6!1s0x471645da88342647:0x545406cfab3b9c68!8m2!3d50.07674!4d20.043708!16s%2Fg%2F11w43r316_!19sChIJRyY0iNpFFkcRaJw7q88GVFQ?hl=pl,11,https://www.psitupet.pl/,maps type: Trener psów
DOG_TRAINING,Złapani - Behawiorystyka psów i kotów,https://www.google.com/maps/place/Z%C5%82apani+-+Behawiorystyka+ps%C3%B3w+i+kot%C3%B3w/data=!4m7!3m6!1s0xad9bd004278aa51d:0x6315a82b7442787d!8m2!3d50.0542839!4d19.9244738!16s%2Fg%2F11yrb164d5!19sChIJHaWKJwTQm60RfXhCdCuoFWM?hl=pl,10,https://www.zlapanibehawiorystyka.com/,maps type: Trener psów
DOG_TRAINING,Adventure and Dog,https://www.google.com/maps/place/Adventure+and+Dog/data=!4m7!3m6!1s0x47165bc287bbd3d1:0xc69ae29012d38b12!8m2!3d50.0930739!4d20.0084456!16s%2Fg%2F11qr3csfy2!19sChIJ0dO7h8JbFkcREovTEpDimsY?hl=pl,8,,maps type: Trener psów; website: none (no Witryna button in the Maps search list; full card not opened in batch 0)
DOG_TRAINING,Agility Kraków,https://www.google.com/maps/place/Agility+Krak%C3%B3w/data=!4m7!3m6!1s0x47165da991db862b:0xe59185472b5e3d5a!8m2!3d50.032587!4d19.9198196!16s%2Fg%2F11w4q9xq9c!19sChIJK4bbkaldFkcRWj1eK0eFkeU?hl=pl,8,https://askthedog.pl/,maps type: Trener psów
DOG_TRAINING,MELAGRACJA - Dogoterapia | Porady Behawioralne | Szkolenie Psów | Kraków,https://www.google.com/maps/place/MELAGRACJA+-+Dogoterapia+%7C+Porady+Behawioralne+%7C+Szkolenie+Ps%C3%B3w+%7C+Krak%C3%B3w/data=!4m7!3m6!1s0x47165d8c6f580b31:0x266b0f60422ce7ff!8m2!3d50.0234816!4d19.9070569!16s%2Fg%2F11gy0848pp!19sChIJMQtYb4xdFkcR_-csQmAPayY?hl=pl,8,https://www.facebook.com/melagracja,maps type: Trener psów
DOG_TRAINING,"Behawiorysta - Calma Katarzyna Staszyńska - konsultacje: pies, kot","https://www.google.com/maps/place/Behawiorysta+-+Calma+Katarzyna+Staszy%C5%84ska+-+konsultacje:+pies,+kot/data=!4m7!3m6!1s0x47165ddf0122c85f:0x240db6c5cd68b59b!8m2!3d50.0349201!4d19.8972815!16s%2Fg%2F11sc71wzt9!19sChIJX8giAd9dFkcRm7VozcW2DSQ?hl=pl",7,https://calma-zwierzaki.pl/,maps type: Trener psów
DOG_TRAINING,QUMAM Pozytywne Szkolenie Psów,https://www.google.com/maps/place/QUMAM+Pozytywne+Szkolenie+Ps%C3%B3w/data=!4m7!3m6!1s0x47165bac599aa571:0xa86de9fc319a0245!8m2!3d50.079546!4d19.9233142!16s%2Fg%2F1hc90llqx!19sChIJcaWaWaxbFkcRRQKaMfzpbag?hl=pl,7,http://qumam.com/,maps type: Trener psów
DOG_TRAINING,Merdaczek – Behawiorysta Psów i Psi Psycholog Kraków,https://www.google.com/maps/place/Merdaczek+%E2%80%93+Behawiorysta+Ps%C3%B3w+i+Psi+Psycholog+Krak%C3%B3w/data=!4m7!3m6!1s0x8e5dcf2c710cdfb:0xb4b5128c2e5cd4f8!8m2!3d50.0469!4d20.0047922!16s%2Fg%2F11nh9qlsrz!19sChIJ-80Qx_Lc5QgR-NRcLowStbQ?hl=pl,5,https://merdaczek.com.pl/,maps type: Trener psów
DOG_TRAINING,Psie.psiestrzenie - trenerka i behawiorystka - Paulina Sztaba,https://www.google.com/maps/place/Psie.psiestrzenie+-+trenerka+i+behawiorystka+-+Paulina+Sztaba/data=!4m7!3m6!1s0x2ba77bc36ebc081d:0xc12dcd45657ef62b!8m2!3d50.1017085!4d20.015345!16s%2Fg%2F11z7v7kgtm!19sChIJHQi8bsN7pysRK_Z-ZUXNLcE?hl=pl,5,https://www.instagram.com/psie.psiestrzenie?igsh=MTUyZ2tsOGhpOTE4aA==,maps type: Trener psów
DOG_TRAINING,Psietłumacz - behawiorysta i trener psów,https://www.google.com/maps/place/Psiet%C5%82umacz+-+behawiorysta+i+trener+ps%C3%B3w/data=!4m7!3m6!1s0x266576ce4b919a63:0xed7df64403515b9d!8m2!3d50.0328989!4d19.9719248!16s%2Fg%2F11xzlfzg12!19sChIJY5qRS852ZSYRnVtRA0T2fe0?hl=pl,5,https://www.instagram.com/psietlumacz/,maps type: Trener psów
DOG_TRAINING,Uśmiechnięty Piesek,https://www.google.com/maps/place/U%C5%9Bmiechni%C4%99ty+Piesek/data=!4m7!3m6!1s0xad960d3b350561f7:0xdfe77b2639c57e4c!8m2!3d50.0469!4d20.0047922!16s%2Fg%2F11yq39z23s!19sChIJ92EFNTsNlq0RTH7FOSZ7598?hl=pl,5,,maps type: Trener psów; website: none (no Witryna button in the Maps search list; full card not opened in batch 0)
DOG_TRAINING,",, Psi Placyk"" Łap psie rady - szkolenie psów","https://www.google.com/maps/place/,,+Psi+Placyk%22+%C5%81ap+psie+rady+-+szkolenie+ps%C3%B3w/data=!4m7!3m6!1s0x4716450e5dde8a6d:0x5b1905502120b3de!8m2!3d50.018475!4d20.0511255!16s%2Fg%2F11kk594zs1!19sChIJbYreXQ5FFkcR3rMgIVAFGVs?hl=pl",4,http://lappsierady.pl/,maps type: Trener psów
DOG_TRAINING,"Kama'n Dog - szkolenie psów, terapia behawioralna","https://www.google.com/maps/place/Kama%27n+Dog+-+szkolenie+ps%C3%B3w,+terapia+behawioralna/data=!4m7!3m6!1s0x410a84674e4187cb:0x45305c71c693111e!8m2!3d50.098336!4d20.0061596!16s%2Fg%2F11t6y4_gnq!19sChIJy4dBTmeECkERHhGTxnFcMEU?hl=pl",4,,"maps type: Trener psów; website: none (no Witryna button in the Maps search list; full card not opened in batch 0); possible duplicate of ',, Psi Placyk"" Łap psie rady - szkolenie psów' (same address on Maps: )"
DOG_TRAINING,Odlotowe Psy,https://www.google.com/maps/place/Odlotowe+Psy/data=!4m7!3m6!1s0x417340cdf1bb4537:0x4ce891e9f361bb14!8m2!3d50.0082611!4d19.9230003!16s%2Fg%2F11b6dxbzz7!19sChIJN0W78c1Ac0ERFLth8-mR6Ew?hl=pl,4,,maps type: Treser zwierząt domowych; website: none (no Witryna button in the Maps search list; full card not opened in batch 0)
DOG_TRAINING,Pieskownik - Katarzyna Kamińska | Trenerka Behawiorystka psów,https://www.google.com/maps/place/Pieskownik+-+Katarzyna+Kami%C5%84ska+%7C+Trenerka+Behawiorystka+ps%C3%B3w/data=!4m7!3m6!1s0x805685d40074004d:0xe3428701da60b7f6!8m2!3d50.0546059!4d19.9260746!16s%2Fg%2F11wvj3lvmp!19sChIJTQB0ANSFVoAR9rdg2gGHQuM?hl=pl,4,https://www.pieskownik.pl/,maps type: Trener psów
DOG_TRAINING,"Psi Harvard. Szkolenie psów, trener psów, behawiorysta","https://www.google.com/maps/place/Psi+Harvard.+Szkolenie+ps%C3%B3w,+trener+ps%C3%B3w,+behawiorysta/data=!4m7!3m6!1s0x471645c8d8b89c77:0xd300dc58080571b4!8m2!3d50.0791048!4d20.0168566!16s%2Fg%2F11k9l9z99b!19sChIJd5y42MhFFkcRtHEFCFjcANM?hl=pl",4,https://psiharvard.pl/,maps type: Trener psów
DOG_TRAINING,"Psi Szpec – behawiorysta, trener psów i petsitter","https://www.google.com/maps/place/Psi+Szpec+%E2%80%93+behawiorysta,+trener+ps%C3%B3w+i+petsitter/data=!4m7!3m6!1s0x47165be07d13ab0d:0xc5bc0415602c932f!8m2!3d50.0667048!4d19.9544132!16s%2Fg%2F11ywnbbry5!19sChIJDasTfeBbFkcRL5MsYBUEvMU?hl=pl",4,,maps type: Trener psów; website: none (no Witryna button in the Maps search list; full card not opened in batch 0)
DOG_TRAINING,Pies w formie Karma dla psa,https://www.google.com/maps/place/Pies+w+formie+Karma+dla+psa/data=!4m7!3m6!1s0x47164511b6203b15:0x52df099bf543ebaa!8m2!3d50.0940656!4d20.061463!16s%2Fg%2F11s6jg0ck4!19sChIJFTsgthFFFkcRqutD9ZsJ31I?hl=pl,3,,maps type: Trener psów; website: none (no Witryna button in the Maps search list; full card not opened in batch 0)
DOG_TRAINING,ŁAP MIŁOŚĆ - Dorota Franczak | behawiorysta | trener | szkolenie psów Kraków | www.lap-milosc.pl,https://www.google.com/maps/place/%C5%81AP+MI%C5%81O%C5%9A%C4%86+-+Dorota+Franczak+%7C+behawiorysta+%7C+trener+%7C+szkolenie+ps%C3%B3w+Krak%C3%B3w+%7C+www.lap-milosc.pl/data=!4m7!3m6!1s0xa15d381f60c941df:0xf8f45125d2ba9bb9!8m2!3d50.0743563!4d19.9727025!16s%2Fg%2F11wjbfr1kf!19sChIJ30HJYB84XaERuZu60iVR9Pg?hl=pl,3,https://www.lap-milosc.pl/,maps type: Trener psów
DOG_TRAINING,Activ Dogs Dog Training Center,https://www.google.com/maps/place/Activ+Dogs+Dog+Training+Center/data=!4m7!3m6!1s0x47165b009db482dd:0x436ef67b06be4356!8m2!3d50.0749536!4d19.9321086!16s%2Fg%2F1ptzshx2q!19sChIJ3YK0nQBbFkcRVkO-Bnv2bkM?hl=pl,1,,maps type: Trener psów; website: none (no Witryna button in the Maps search list; full card not opened in batch 0)
DOG_TRAINING,Balans,https://www.google.com/maps/place/Balans/data=!4m7!3m6!1s0x47165ba8a9adf1df:0x6b75e7ddb1816cdc!8m2!3d50.0700689!4d19.9208796!16s%2Fg%2F11ghp3fvg0!19sChIJ3_GtqahbFkcR3GyBsd3ndWs?hl=pl,1,,maps type: Trener psów; website: none (no Witryna button in the Maps search list; full card not opened in batch 0)
DOG_TRAINING,Korepetycje z psów,https://www.google.com/maps/place/Korepetycje+z+ps%C3%B3w/data=!4m7!3m6!1s0x47165b0074c230cf:0xde3dd5c5e95f88f3!8m2!3d50.0791208!4d19.8819554!16s%2Fg%2F11y55rqch_!19sChIJzzDCdABbFkcR84hf6cXVPd4?hl=pl,1,,maps type: Trener psów; website: none (no Witryna button in the Maps search list; full card not opened in batch 0)
DOG_TRAINING,Miau Psiuk Salka Kraków- Behawiorysta- Trener psów,https://www.google.com/maps/place/Miau+Psiuk+Salka+Krak%C3%B3w-+Behawiorysta-+Trener+ps%C3%B3w/data=!4m7!3m6!1s0x471645b1042f9c67:0x723b47a3d71c59b2!8m2!3d50.075308!4d20.0376281!16s%2Fg%2F11zxmv3fkx!19sChIJZ5wvBLFFFkcRslkc16NHO3I?hl=pl,1,https://miaupsiuk.pl/,maps type: Trener psów
DOG_TRAINING,Psikotka Behawiorysta Kotów,https://www.google.com/maps/place/Psikotka+Behawiorysta+Kot%C3%B3w/data=!4m7!3m6!1s0x2562c7e709ca4fb1:0x9f8c1c92f9d85937!8m2!3d50.0232658!4d19.9882007!16s%2Fg%2F11vwjxvb_f!19sChIJsU_KCefHYiURN1nY-ZIcjJ8?hl=pl,1,https://www.facebook.com/people/PsiKotka-PetSitter-Behawiorysta-Kot%C3%B3w/100095513100145/?paipv=0&eav=Afa3znfH-XdvNntAnWTjjsKtv13LUgn99ik4hlvlXeX3MxvXrvCXRDmQs7U0P5OuP5U&_rdr,maps type: Opieka nad zwierzętami
DOG_TRAINING,Agnieszka Dudek Psia Behawiorystka Dogsitterka,https://www.google.com/maps/place/Agnieszka+Dudek+Psia+Behawiorystka+Dogsitterka/data=!4m7!3m6!1s0x2f519eda9a556805:0xbfd0706cc9289027!8m2!3d50.0469!4d20.0047922!16s%2Fg%2F11vdbdf2ff!19sChIJBWhVmtqeUS8RJ5AoyWxw0L8?hl=pl,,"https://petsy.pl/p/agnieszka-DvoANRh/?type=ACCOMMODATION&petId=&petType=DOG&petSize=MEDIUM&petAge=&petGender=&petBreedId=&address=Karmelicka+70,+Krak%C3%B3w&range=2023-09-23+00:00:00&range=2023-09-24+00:00:00&date=2023-09-05+13:00:00&withTransport=false&walkDuration=30&price=0&price=999&gender=&timesOfDay=&onlyVerified=false&onlyWithReviews=false&page=1",maps type: Treser zwierząt domowych; rating count: none (no ratings shown in the Maps search list)
DOG_TRAINING,"Agnieszka Dudek, Petsitter, Psia Trenerka, Opieka nad Psami","https://www.google.com/maps/place/Agnieszka+Dudek,+Petsitter,+Psia+Trenerka,+Opieka+nad+Psami/data=!4m7!3m6!1s0x63d55d0e73be7ea5:0x5f6b1bfcc19c6818!8m2!3d50.0469!4d20.0047922!16s%2Fg%2F11vdbdrf24!19sChIJpX6-cw5d1WMRGGicwfwba18?hl=pl",,,maps type: Opiekun zwierząt; rating count: none (no ratings shown in the Maps search list); website: none (no Witryna button in the Maps search list; full card not opened in batch 0)
DOG_TRAINING,OhMyDOG - trener i behawiorysta,https://www.google.com/maps/place/OhMyDOG+-+trener+i+behawiorysta/data=!4m7!3m6!1s0x47165b12f7026c8b:0x48102a3e81a2df6f!8m2!3d50.0715729!4d19.9195769!16s%2Fg%2F11z0yr6qn7!19sChIJi2wC9xJbFkcRb9-igT4qEEg?hl=pl,,,maps type: Trener psów; rating count: none (no ratings shown in the Maps search list); website: none (no Witryna button in the Maps search list; full card not opened in batch 0)
DOG_TRAINING,Psiakowidzenie - szkolenie psów,https://www.google.com/maps/place/Psiakowidzenie+-+szkolenie+ps%C3%B3w/data=!4m7!3m6!1s0x68c6f06c58b07709:0xbd132ca76d4cf49!8m2!3d50.0469!4d19.9884285!16s%2Fg%2F11sjyhmx1x!19sChIJCXewWGzwxmgRSc_Udsoy0Qs?hl=pl,,http://psiakowidzenie.pl/,maps type: Trener psów; rating count: none (no ratings shown in the Maps search list)
DOG_TRAINING,"RECREO zoopsycholog, behawiorysta","https://www.google.com/maps/place/RECREO+zoopsycholog,+behawiorysta/data=!4m7!3m6!1s0x47165b75d740eded:0xa9c93d29e8b6f8d2!8m2!3d50.0538742!4d19.9201566!16s%2Fg%2F11hyxnb3gj!19sChIJ7e1A13VbFkcR0vi26Ck9yak?hl=pl",,https://www.facebook.com/share/192QXskJAB/,maps type: Opieka nad zwierzętami; rating count: none (no ratings shown in the Maps search list)
DOG_TRAINING,Szczekaczka team,https://www.google.com/maps/place/Szczekaczka+team/data=!4m7!3m6!1s0x47164585f89ae5dd:0xbb0bb4b56878f960!8m2!3d50.0909248!4d20.0259555!16s%2Fg%2F11xdbdzc4f!19sChIJ3eWa-IVFFkcRYPl4aLW0C7s?hl=pl,,https://szczekaczkateam.pl/,maps type: Trener psów; rating count: none (no ratings shown in the Maps search list)
DOG_TRAINING,Szkolenie psów - DogSkills.pl,https://www.google.com/maps/place/Szkolenie+ps%C3%B3w+-+DogSkills.pl/data=!4m7!3m6!1s0x47165daeb33a39ab:0xf472a6098413dc38!8m2!3d50.001976!4d19.903367!16s%2Fg%2F11z92hlntc!19sChIJqzk6s65dFkcRONwThAmmcvQ?hl=pl,,https://www.dogskills.pl/,maps type: Trener psów; rating count: none (no ratings shown in the Maps search list)
PET_SHOP,Karusek.com.pl - internetowy sklep zoologiczny,https://www.google.com/maps/place/Karusek.com.pl+-+internetowy+sklep+zoologiczny/data=!4m7!3m6!1s0x47165bb7d9d3a1cf:0x9ee0ec13d9abff44!8m2!3d50.092045!4d19.9228237!16s%2Fg%2F11kwtn6xpg!19sChIJz6HT2bdbFkcRRP-r2RPs4J4?hl=pl,1975,https://www.karusek.com.pl/,maps type: Fryzjer dla zwierząt
PET_SHOP,Fajna Rybka,https://www.google.com/maps/place/Fajna+Rybka/data=!4m7!3m6!1s0x471645403c6e5a07:0x9c2594ab01f59e80!8m2!3d50.0836464!4d20.0336314!16s%2Fg%2F1hd_2l26y!19sChIJB1puPEBFFkcRgJ71AauUJZw?hl=pl,804,,maps type: Sklep akwarystyczny; website: none (no Witryna button in the Maps search list; full card not opened in batch 0)
PET_SHOP,Jakama,https://www.google.com/maps/place/Jakama/data=!4m7!3m6!1s0x47165b38a98f4dc7:0xc4a51140cc4d114!8m2!3d50.0790067!4d19.9695912!16s%2Fg%2F1hc16c2gy!19sChIJx02PqThbFkcRFNHEDBRRSgw?hl=pl,802,,maps type: Sklep zoologiczny; website: none (no Witryna button in the Maps search list; full card not opened in batch 0)
PET_SHOP,Alle-Gady,https://www.google.com/maps/place/Alle-Gady/data=!4m7!3m6!1s0x47165b668622e2cd:0x3338fa5d94485676!8m2!3d50.0412245!4d19.9250378!16s%2Fg%2F1wf37bfb!19sChIJzeIihmZbFkcRdlZIlF36ODM?hl=pl,775,,maps type: Sklep zoologiczny; website: none (no Witryna button in the Maps search list; full card not opened in batch 0)
PET_SHOP,Bazyliszek,https://www.google.com/maps/place/Bazyliszek/data=!4m7!3m6!1s0x47165b999ef71c21:0x5dd17e855ff9ed27!8m2!3d50.070228!4d20.039538!16s%2Fg%2F1hg4th1p0!19sChIJIRz3nplbFkcRJ-35X4V-0V0?hl=pl,565,,maps type: Sklep zoologiczny; website: none (no Witryna button in the Maps search list; full card not opened in batch 0)
PET_SHOP,Sklep Zoologiczny Altum,https://www.google.com/maps/place/Sklep+Zoologiczny+Altum/data=!4m7!3m6!1s0x47165bf4cd87cf83:0x9d7b55c521766fea!8m2!3d50.0945196!4d19.9699466!16s%2Fg%2F11gns5q7yb!19sChIJg8-HzfRbFkcR6m92IcVVe50?hl=pl,446,,maps type: Sklep zoologiczny; website: none (no Witryna button in the Maps search list; full card not opened in batch 0)
PET_SHOP,Sklep Akwarystyczny Turkusowe Zoo Akwarystyka słodkowodna oraz morska,https://www.google.com/maps/place/Sklep+Akwarystyczny+Turkusowe+Zoo+Akwarystyka+s%C5%82odkowodna+oraz+morska/data=!4m7!3m6!1s0x47165b7a116b4461:0x1ddd3a4674bd8495!8m2!3d50.0958177!4d19.9356158!16s%2Fg%2F11fgm6wvbv!19sChIJYURrEXpbFkcRlYS9dEY63R0?hl=pl,418,,maps type: Sklep akwarystyczny; website: none (no Witryna button in the Maps search list; full card not opened in batch 0)
PET_SHOP,Sklep Zoologiczny Żyrafa,https://www.google.com/maps/place/Sklep+Zoologiczny+%C5%BByrafa/data=!4m7!3m6!1s0x47165baef9d7f309:0x8baf92ecd5fa4573!8m2!3d50.0736475!4d19.9191323!16s%2Fg%2F1vpfh8r5!19sChIJCfPX-a5bFkcRc0X61eySr4s?hl=pl,404,,maps type: Sklep zoologiczny; website: none (no Witryna button in the Maps search list; full card not opened in batch 0)
PET_SHOP,Sklep akwarystyczno-zoologiczny Akwareks,https://www.google.com/maps/place/Sklep+akwarystyczno-zoologiczny+Akwareks/data=!4m7!3m6!1s0x47165bc0675c7ec3:0xcee086dddcabe4a1!8m2!3d50.0933016!4d20.0043142!16s%2Fg%2F11qnzb_74f!19sChIJw35cZ8BbFkcRoeSr3N2G4M4?hl=pl,391,,maps type: Sklep akwarystyczny; website: none (no Witryna button in the Maps search list; full card not opened in batch 0)
PET_SHOP,Sklep zoologiczny Zwierz,https://www.google.com/maps/place/Sklep+zoologiczny+Zwierz/data=!4m7!3m6!1s0x47165baf59d0a779:0x8bbc319e97224510!8m2!3d50.070285!4d19.9196975!16s%2Fg%2F11gzxpz7z!19sChIJeafQWa9bFkcREEUil54xvIs?hl=pl,375,https://zwierz.localo.site/,maps type: Sklep zoologiczny
PET_SHOP,Vaunarium - sklep terrarystyczno-botaniczny (Vantis Terra),https://www.google.com/maps/place/Vaunarium+-+sklep+terrarystyczno-botaniczny+%28Vantis+Terra%29/data=!4m7!3m6!1s0x47165b32ab2712bd:0x19dd9eedab26eb8e!8m2!3d50.0767379!4d19.9210148!16s%2Fg%2F11j3vhp04g!19sChIJvRInqzJbFkcRjusmq-2e3Rk?hl=pl,346,,maps type: Sklep z gadami; website: none (no Witryna button in the Maps search list; full card not opened in batch 0)
PET_SHOP,Giełda Zoologiczna,https://www.google.com/maps/place/Gie%C5%82da+Zoologiczna/data=!4m7!3m6!1s0x47165bd6eaa63a41:0xb4766e6ae5e292e2!8m2!3d50.0798469!4d19.8786151!16s%2Fg%2F1thx7bjw!19sChIJQTqm6tZbFkcR4pLi5WpudrQ?hl=pl,342,,maps type: Sklep zoologiczny; website: none (no Witryna button in the Maps search list; full card not opened in batch 0)
PET_SHOP,Kundelove,https://www.google.com/maps/place/Kundelove/data=!4m7!3m6!1s0x47165d68594afe81:0xef2f76233c050b40!8m2!3d50.0020904!4d19.8987662!16s%2Fg%2F11j4n9rf68!19sChIJgf5KWWhdFkcRQAsFPCN2L-8?hl=pl,297,http://www.facebook.pl/kundelovesklep,maps type: Sklep zoologiczny
PET_SHOP,Puma - hurtownia zoologiczna,https://www.google.com/maps/place/Puma+-+hurtownia+zoologiczna/data=!4m7!3m6!1s0x47165ca5433cec07:0xfc28b0d8df7eb1b3!8m2!3d50.0245241!4d19.9419229!16s%2Fg%2F11b7hrn1rp!19sChIJB-w8Q6VcFkcRs7F-39iwKPw?hl=pl,267,,maps type: Sklep zoologiczny; website: none (no Witryna button in the Maps search list; full card not opened in batch 0)
PET_SHOP,MIDI ZOO Sklep zoologiczny,https://www.google.com/maps/place/MIDI+ZOO+Sklep+zoologiczny/data=!4m7!3m6!1s0x47165b14e8ddfff3:0x6e50ce03cea5c0a4!8m2!3d50.0529407!4d19.9563297!16s%2Fg%2F11mq5_yt8z!19sChIJ8__d6BRbFkcRpMClzgPOUG4?hl=pl,246,,maps type: Sklep zoologiczny; website: none (no Witryna button in the Maps search list; full card not opened in batch 0)
PET_SHOP,AQUA PLANT sklep akwarystyczny,https://www.google.com/maps/place/AQUA+PLANT+sklep+akwarystyczny/data=!4m7!3m6!1s0x47165b52e1d3ed9f:0xdbb4bfa263ae04a1!8m2!3d50.0152631!4d19.9688584!16s%2Fg%2F1tf41pvm!19sChIJn-3T4VJbFkcRoQSuY6K_tNs?hl=pl,240,,maps type: Sklep zoologiczny; website: none (no Witryna button in the Maps search list; full card not opened in batch 0)
PET_SHOP,"AQUAEL ZOO, Kraków, CH Bronowice","https://www.google.com/maps/place/AQUAEL+ZOO,+Krak%C3%B3w,+CH+Bronowice/data=!4m7!3m6!1s0x47165a310af0d3b5:0xd637014f76122408!8m2!3d50.0921331!4d19.9000633!16s%2Fg%2F11cjkc2t90!19sChIJtdPwCjFaFkcRCCQSdk8BN9Y?hl=pl",235,,maps type: Sklep zoologiczny; website: none (no Witryna button in the Maps search list; full card not opened in batch 0)
PET_SHOP,Sklep Zoologiczny,https://www.google.com/maps/place/Sklep+Zoologiczny/data=!4m7!3m6!1s0x471645483e5f0883:0x11f4148113717b25!8m2!3d50.0858509!4d20.0187965!16s%2Fg%2F1q6j5c7h_!19sChIJgwhfPkhFFkcRJXtxE4EU9BE?hl=pl,214,,maps type: Sklep zoologiczny; website: none (no Witryna button in the Maps search list; full card not opened in batch 0)
PET_SHOP,Maxi Zoo Kraków CH Nowe Czyżyny,https://www.google.com/maps/place/Maxi+Zoo+Krak%C3%B3w+CH+Nowe+Czy%C5%BCyny/data=!4m7!3m6!1s0x4716453add6dedbf:0xf97784a5e3d6a424!8m2!3d50.0768978!4d20.0171537!16s%2Fg%2F11h9wh_20y!19sChIJv-1t3TpFFkcRJKTW46WEd_k?hl=pl,211,https://www.maxizoo.pl/promocje-oferty/sklepy-stacjonarne/,maps type: Sklep zoologiczny
PET_SHOP,Zoo Nutrient Sklep zoologiczny Kraków,https://www.google.com/maps/place/Zoo+Nutrient+Sklep+zoologiczny+Krak%C3%B3w/data=!4m7!3m6!1s0x47165bb02548711d:0x8873f5309f80565d!8m2!3d50.0733226!4d19.9131928!16s%2Fg%2F11b7c4_gzp!19sChIJHXFIJbBbFkcRXVaAnzD1c4g?hl=pl,211,,maps type: Sklep zoologiczny; website: none (no Witryna button in the Maps search list; full card not opened in batch 0)
PET_SHOP,"sklep zoologiczno wędkarski ""RYBKA""",https://www.google.com/maps/place/sklep+zoologiczno+w%C4%99dkarski+%22RYBKA%22/data=!4m7!3m6!1s0x47164564f0aa5683:0xa7136a5168eb3eab!8m2!3d50.092211!4d20.054239!16s%2Fg%2F11c7spp0z5!19sChIJg1aq8GRFFkcRqz7raFFqE6c?hl=pl,202,,maps type: Sklep zoologiczny; website: none (no Witryna button in the Maps search list; full card not opened in batch 0)
PET_SHOP,Błękitna Planeta - Sklep Zoologiczny,https://www.google.com/maps/place/B%C5%82%C4%99kitna+Planeta+-+Sklep+Zoologiczny/data=!4m7!3m6!1s0x471643657e843199:0xc4ff5821ce5befae!8m2!3d49.9936866!4d19.9459125!16s%2Fg%2F11g6nl23d3!19sChIJmTGEfmVDFkcRru9bziFY_8Q?hl=pl,199,,maps type: Sklep; website: none (no Witryna button in the Maps search list; full card not opened in batch 0)
PET_SHOP,PsiShop - Specjalistyczny Sklep Zoologiczny,https://www.google.com/maps/place/PsiShop+-+Specjalistyczny+Sklep+Zoologiczny/data=!4m7!3m6!1s0x4716455410fbd359:0xca569e2178f695ad!8m2!3d50.032868!4d20.0116398!16s%2Fg%2F11ry75pysw!19sChIJWdP7EFRFFkcRrZX2eCGeVso?hl=pl,188,https://psishop.pl/,maps type: Sklep zoologiczny
PET_SHOP,Sklep zoologiczny BOCJA ul. Grota Roweckiego,https://www.google.com/maps/place/Sklep+zoologiczny+BOCJA+ul.+Grota+Roweckiego/data=!4m7!3m6!1s0x47165c9b951394f5:0x8d27eb8666512f53!8m2!3d50.0311638!4d19.9215933!16s%2Fg%2F1w454bz4!19sChIJ9ZQTlZtcFkcRUy9RZobrJ40?hl=pl,184,,maps type: Sklep zoologiczny; website: none (no Witryna button in the Maps search list; full card not opened in batch 0)
PET_SHOP,Choomiki,https://www.google.com/maps/place/Choomiki/data=!4m7!3m6!1s0x471643b9481f70e7:0xb06bef421f4af2cf!8m2!3d50.0116629!4d19.9629393!16s%2Fg%2F11q2st3yz_!19sChIJ53AfSLlDFkcRz_JKH0Lva7A?hl=pl,180,,maps type: Sklep zoologiczny; website: none (no Witryna button in the Maps search list; full card not opened in batch 0)
PET_SHOP,Maxi Zoo Kraków CH Krokus,https://www.google.com/maps/place/Maxi+Zoo+Krak%C3%B3w+CH+Krokus/data=!4m7!3m6!1s0x47165bf9e74a2925:0xc33bb94ce753908c!8m2!3d50.0870664!4d19.9822396!16s%2Fg%2F11p06xvczk!19sChIJJSlK5_lbFkcRjJBT50y5O8M?hl=pl,179,https://www.maxizoo.pl/stores/maxi-zoo-krakow-krokus/,maps type: Sklep zoologiczny
PET_SHOP,FENEK,https://www.google.com/maps/place/FENEK/data=!4m7!3m6!1s0x471643621a55370f:0x348dd0160fa9d013!8m2!3d50.0230126!4d19.999118!16s%2Fg%2F11f3c1p9s1!19sChIJDzdVGmJDFkcRE9CpDxbQjTQ?hl=pl,178,,maps type: Sklep zoologiczny; website: none (no Witryna button in the Maps search list; full card not opened in batch 0)
PET_SHOP,Super zoo w PH Zakopianka w Krakowie,https://www.google.com/maps/place/Super+zoo+w+PH+Zakopianka+w+Krakowie/data=!4m7!3m6!1s0x47165d71270eb68b:0xa801918ac01b7733!8m2!3d50.0152729!4d19.9319296!16s%2Fg%2F11k6r993bm!19sChIJi7YOJ3FdFkcRM3cbwIqRAag?hl=pl,165,,maps type: Sklep zoologiczny; website: none (no Witryna button in the Maps search list; full card not opened in batch 0)
PET_SHOP,Pracowania terrarystyczna Terra Gadzior,https://www.google.com/maps/place/Pracowania+terrarystyczna+Terra+Gadzior/data=!4m7!3m6!1s0x471645b7168c9baf:0xe99333c2aa632395!8m2!3d50.0246389!4d19.9826078!16s%2Fg%2F11f9_cqssk!19sChIJr5uMFrdFFkcRlSNjqsIzk-k?hl=pl,148,,maps type: Sklep zoologiczny; website: none (no Witryna button in the Maps search list; full card not opened in batch 0)
PET_SHOP,Akwa Marin Olivier Ossywa,https://www.google.com/maps/place/Akwa+Marin+Olivier+Ossywa/data=!4m7!3m6!1s0x47165b74732e3107:0xab3becbcd0558ca9!8m2!3d50.054955!4d19.9241173!16s%2Fg%2F1vxz8btx!19sChIJBzEuc3RbFkcRqYxV0LzsO6s?hl=pl,145,,maps type: Sklep akwarystyczny; website: none (no Witryna button in the Maps search list; full card not opened in batch 0)
PET_SHOP,ZooMarket - ADAGO - sklep zoologiczny,https://www.google.com/maps/place/ZooMarket+-+ADAGO+-+sklep+zoologiczny/data=!4m7!3m6!1s0x47165ab0816f5549:0x53e02e37392a0250!8m2!3d50.0946856!4d20.0013743!16s%2Fg%2F1tdcq7yf!19sChIJSVVvgbBaFkcRUAIqOTcu4FM?hl=pl,135,,maps type: Sklep zoologiczny; website: none (no Witryna button in the Maps search list; full card not opened in batch 0)
PET_SHOP,Łapami Pet Concept Store,https://www.google.com/maps/place/%C5%81apami+Pet+Concept+Store/data=!4m7!3m6!1s0x471645e8f52cbc83:0xc4fbb5acc53f3c88!8m2!3d50.0406558!4d19.9998523!16s%2Fg%2F11f7gwjmtp!19sChIJg7ws9ehFFkcRiDw_xay1-8Q?hl=pl,128,,maps type: Sklep zoologiczny; website: none (no Witryna button in the Maps search list; full card not opened in batch 0)
PET_SHOP,abcKarma,https://www.google.com/maps/place/abcKarma/data=!4m7!3m6!1s0x47165f70fdaa2815:0xe500904bd4c62480!8m2!3d50.0473816!4d19.8786825!16s%2Fg%2F11bv6pjhgw!19sChIJFSiq_XBfFkcRgCTG1EuQAOU?hl=pl,118,,maps type: Sklep zoologiczny; website: none (no Witryna button in the Maps search list; full card not opened in batch 0)
PET_SHOP,Twój Pies,https://www.google.com/maps/place/Tw%C3%B3j+Pies/data=!4m7!3m6!1s0x47165b2aaa68b823:0xc011bf9332fb4360!8m2!3d50.0591952!4d19.8991821!16s%2Fg%2F1tvdhjh1!19sChIJI7hoqipbFkcRYEP7MpO_EcA?hl=pl,115,http://www.twojpieskrakow.pl/,maps type: Sklep zoologiczny
PET_SHOP,BananoweZoo Sklep zoologiczny,https://www.google.com/maps/place/BananoweZoo+Sklep+zoologiczny/data=!4m7!3m6!1s0x47165c9ea6c2e201:0xe492edc6430d290c!8m2!3d50.0331678!4d19.9248916!16s%2Fg%2F1whdh277!19sChIJAeLCpp5cFkcRDCkNQ8btkuQ?hl=pl,113,,maps type: Sklep zoologiczny; website: none (no Witryna button in the Maps search list; full card not opened in batch 0)
PET_SHOP,Sklep Zoologiczny Nandus,https://www.google.com/maps/place/Sklep+Zoologiczny+Nandus/data=!4m7!3m6!1s0x47165cc1320f5689:0x9e03cc64b8941ece!8m2!3d50.0123039!4d19.9258938!16s%2Fg%2F11c1vqpmp_!19sChIJiVYPMsFcFkcRzh6UuGTMA54?hl=pl,111,,maps type: Sklep zoologiczny; website: none (no Witryna button in the Maps search list; full card not opened in batch 0)
PET_SHOP,Sklep zoologiczny Labrador Kraków,https://www.google.com/maps/place/Sklep+zoologiczny+Labrador+Krak%C3%B3w/data=!4m7!3m6!1s0x4716d328ce1c987d:0x6fd3745ffb7ab4a8!8m2!3d50.0188649!4d19.9066608!16s%2Fg%2F1wc46qm7!19sChIJfZgczijTFkcRqLR6-190028?hl=pl,111,,maps type: Sklep zoologiczny; website: none (no Witryna button in the Maps search list; full card not opened in batch 0)
PET_SHOP,Kirysek,https://www.google.com/maps/place/Kirysek/data=!4m7!3m6!1s0x471644bba422a84f:0x55935251202bb913!8m2!3d50.0389753!4d19.9913429!16s%2Fg%2F1hc1rr3hq!19sChIJT6gipLtEFkcRE7krIFFSk1U?hl=pl,110,,maps type: Sklep akwarystyczny; website: none (no Witryna button in the Maps search list; full card not opened in batch 0)
PET_SHOP,Sklep zoologiczny BOCJA Tomasz Wolny - Konopczyńskiego,https://www.google.com/maps/place/Sklep+zoologiczny+BOCJA+Tomasz+Wolny+-+Konopczy%C5%84skiego/data=!4m7!3m6!1s0x47165cf48a8d8ea5:0xae6f077342d69b2!8m2!3d50.018289!4d19.896384!16s%2Fg%2F11c5ql4998!19sChIJpY6NivRcFkcRsmktNHfw5go?hl=pl,108,,maps type: Sklep zoologiczny; website: none (no Witryna button in the Maps search list; full card not opened in batch 0)
PET_SHOP,Schangri.pl - Sklep Akwarystyczny - Zoologiczny,https://www.google.com/maps/place/Schangri.pl+-+Sklep+Akwarystyczny+-+Zoologiczny/data=!4m7!3m6!1s0x471643f9a89afb29:0xb913942f182ffefb!8m2!3d50.0100997!4d19.9932098!16s%2Fg%2F11jbghg6w1!19sChIJKfuaqPlDFkcR-_4vGC-UE7k?hl=pl,107,,maps type: Sklep akwarystyczny; website: none (no Witryna button in the Maps search list; full card not opened in batch 0)
PET_SHOP,"AQUAEL ZOO, Kraków, CH Atut Złocień","https://www.google.com/maps/place/AQUAEL+ZOO,+Krak%C3%B3w,+CH+Atut+Z%C5%82ocie%C5%84/data=!4m7!3m6!1s0x471645dabb2b24eb:0xacc163fd1d0d52ba!8m2!3d50.022564!4d20.0501712!16s%2Fg%2F11rycrr4v1!19sChIJ6yQru9pFFkcRulINHf1jwaw?hl=pl",104,,maps type: Sklep zoologiczny; website: none (no Witryna button in the Maps search list; full card not opened in batch 0)
PET_SHOP,Sklep Zoologiczny AnimalZoone,https://www.google.com/maps/place/Sklep+Zoologiczny+AnimalZoone/data=!4m7!3m6!1s0x47165b40ff753a41:0xaf81bbc8bc5c817c!8m2!3d50.0514385!4d19.9509949!16s%2Fg%2F11bwp1ts2v!19sChIJQTp1_0BbFkcRfIFcvMi7ga8?hl=pl,94,,maps type: Sklep zoologiczny; website: none (no Witryna button in the Maps search list; full card not opened in batch 0)
PET_SHOP,Sklep Zoologiczny Zwierzyniec,https://www.google.com/maps/place/Sklep+Zoologiczny+Zwierzyniec/data=!4m7!3m6!1s0x47165b0d28062ded:0xa3efeb632f2a1fee!8m2!3d50.0581419!4d19.9313599!16s%2Fg%2F11g81sw92x!19sChIJ7S0GKA1bFkcR7h8qL2Pr76M?hl=pl,86,,maps type: Sklep zoologiczny; website: none (no Witryna button in the Maps search list; full card not opened in batch 0)
PET_SHOP,Limo Zoo Sklep Zoologiczny,https://www.google.com/maps/place/Limo+Zoo+Sklep+Zoologiczny/data=!4m7!3m6!1s0x471644a82da867a3:0x52e8b91a8896be06!8m2!3d50.033035!4d19.9693761!16s%2Fg%2F11g8wd52x3!19sChIJo2eoLahEFkcRBr6WiBq56FI?hl=pl,85,,maps type: Sklep zoologiczny; website: none (no Witryna button in the Maps search list; full card not opened in batch 0)
PET_SHOP,Maxi Zoo,https://www.google.com/maps/place/Maxi+Zoo/data=!4m7!3m6!1s0x47165dfc868d0845:0xbe3af48351288668!8m2!3d50.0127587!4d19.8871548!16s%2Fg%2F11k3d5cj9f!19sChIJRQiNhvxdFkcRaIYoUYP0Or4?hl=pl,85,,maps type: Sklep zoologiczny; website: none (no Witryna button in the Maps search list; full card not opened in batch 0)
PET_SHOP,Salarias Akwarystyka morska,https://www.google.com/maps/place/Salarias+Akwarystyka+morska/data=!4m7!3m6!1s0x471645636da5d6e1:0xfa464c96303ed0ca!8m2!3d50.0948957!4d20.0565094!16s%2Fg%2F11c54x1846!19sChIJ4dalbWNFFkcRytA-MJZMRvo?hl=pl,80,,maps type: Sklep akwarystyczny; website: none (no Witryna button in the Maps search list; full card not opened in batch 0)
PET_SHOP,Sklep Zoologiczny AnimalZoone,https://www.google.com/maps/place/Sklep+Zoologiczny+AnimalZoone/data=!4m7!3m6!1s0x47165b4349ead217:0x6763b7af0ccbf3de!8m2!3d50.0448688!4d19.9512496!16s%2Fg%2F12lv9qc2_!19sChIJF9LqSUNbFkcR3vPLDK-3Y2c?hl=pl,77,,maps type: Sklep zoologiczny; website: none (no Witryna button in the Maps search list; full card not opened in batch 0)
PET_SHOP,Sklep Zoologiczny Rufi,https://www.google.com/maps/place/Sklep+Zoologiczny+Rufi/data=!4m7!3m6!1s0x4716450fe9337c63:0x24618ffb4326ce63!8m2!3d50.070605!4d20.043149!16s%2Fg%2F11f2sv_5r5!19sChIJY3wz6Q9FFkcRY84mQ_uPYSQ?hl=pl,77,,maps type: Sklep zoologiczny; website: none (no Witryna button in the Maps search list; full card not opened in batch 0)
PET_SHOP,Twój Pupil sklep zoologiczny,https://www.google.com/maps/place/Tw%C3%B3j+Pupil+sklep+zoologiczny/data=!4m7!3m6!1s0x471645631b4ff743:0x134467579a37192b!8m2!3d50.0959215!4d20.0575438!16s%2Fg%2F11cjk46bns!19sChIJQ_dPG2NFFkcRKxk3mldnRBM?hl=pl,76,,maps type: Sklep zoologiczny; website: none (no Witryna button in the Maps search list; full card not opened in batch 0)
PET_SHOP,Zoonet Lidia Surówka,https://www.google.com/maps/place/Zoonet+Lidia+Sur%C3%B3wka/data=!4m7!3m6!1s0x4716451232578233:0x2f7c96222ac561fc!8m2!3d50.0758631!4d20.0414393!16s%2Fg%2F1tgllmzq!19sChIJM4JXMhJFFkcR_GHFKiKWfC8?hl=pl,74,,maps type: Sklep zoologiczny; website: none (no Witryna button in the Maps search list; full card not opened in batch 0)
PET_SHOP,Maxi Zoo Kraków Mozaika,https://www.google.com/maps/place/Maxi+Zoo+Krak%C3%B3w+Mozaika/data=!4m7!3m6!1s0x471643a9bb12f6dd:0xb1562ad07c8e8202!8m2!3d50.0135603!4d19.9961006!16s%2Fg%2F11sgc5qqqj!19sChIJ3fYSu6lDFkcRAoKOfNAqVrE?hl=pl,72,,maps type: Sklep zoologiczny; website: none (no Witryna button in the Maps search list; full card not opened in batch 0)
PET_SHOP,F.H. Ares,https://www.google.com/maps/place/F.H.+Ares/data=!4m7!3m6!1s0x4716454bddd6d129:0x63ee4aac5d4f1c70!8m2!3d50.089218!4d20.0147742!16s%2Fg%2F11dybg891h!19sChIJKdHW3UtFFkcRcBxPXaxK7mM?hl=pl,71,,maps type: Sklep zoologiczny; website: none (no Witryna button in the Maps search list; full card not opened in batch 0)
PET_SHOP,Zwierzogród Sklep Zoologiczny,https://www.google.com/maps/place/Zwierzogr%C3%B3d+Sklep+Zoologiczny/data=!4m7!3m6!1s0x47165b9f1bbbf179:0x6d3afce9f052c909!8m2!3d50.0449655!4d19.9262515!16s%2Fg%2F11x816mqdy!19sChIJefG7G59bFkcRCclS8On8Om0?hl=pl,71,,maps type: Sklep zoologiczny; website: none (no Witryna button in the Maps search list; full card not opened in batch 0)
PET_SHOP,MIDI ZOO Sklep zoologiczny Centrum Handlowe Serenada,https://www.google.com/maps/place/MIDI+ZOO+Sklep+zoologiczny+Centrum+Handlowe+Serenada/data=!4m7!3m6!1s0x47165bb580c588e9:0xf8a126f27064948c!8m2!3d50.0869395!4d19.9859666!16s%2Fg%2F11yq603xpg!19sChIJ6YjFgLVbFkcRjJRkcPImofg?hl=pl,66,,maps type: Sklep zoologiczny; website: none (no Witryna button in the Maps search list; full card not opened in batch 0)
PET_SHOP,Sklep zoologiczny VetPet.pl,https://www.google.com/maps/place/Sklep+zoologiczny+VetPet.pl/data=!4m7!3m6!1s0x47165b5d02a32117:0x153164221c676e36!8m2!3d50.0423344!4d19.9439762!16s%2Fg%2F1tz74qh2!19sChIJFyGjAl1bFkcRNm5nHCJkMRU?hl=pl,61,https://vetpet.pl/,maps type: Sklep zoologiczny
PET_SHOP,Sklep Zoologiczny Zwierzątkowo,https://www.google.com/maps/place/Sklep+Zoologiczny+Zwierz%C4%85tkowo/data=!4m7!3m6!1s0x47165bcc1d0f3185:0xb5796c6ad6e27314!8m2!3d50.0801316!4d19.8940771!16s%2Fg%2F1tjpp75f!19sChIJhTEPHcxbFkcRFHPi1mpsebU?hl=pl,57,,maps type: Sklep zoologiczny; website: none (no Witryna button in the Maps search list; full card not opened in batch 0)
PET_SHOP,Pantera - Sklep zoologiczny,https://www.google.com/maps/place/Pantera+-+Sklep+zoologiczny/data=!4m7!3m6!1s0x4716453100000001:0x826b88fd59046cb0!8m2!3d50.0805822!4d20.0111403!16s%2Fg%2F11c2nk73d5!19sChIJAQAAADFFFkcRsGwEWf2Ia4I?hl=pl,55,https://m.facebook.com/pages/category/Pet-Store/Pantera-Salon-Zoologiczny-2020483108074296/?locale2=pl_PL,maps type: Sklep zoologiczny
PET_SHOP,KARMA - żywność i artykuły dla psów i kotów,https://www.google.com/maps/place/KARMA+-+%C5%BCywno%C5%9B%C4%87+i+artyku%C5%82y+dla+ps%C3%B3w+i+kot%C3%B3w/data=!4m7!3m6!1s0x47165b0d652e5ad9:0x9c3abfb289b66181!8m2!3d50.0818301!4d19.9549897!16s%2Fg%2F11s891qxgh!19sChIJ2VouZQ1bFkcRgWG2ibK_Opw?hl=pl,53,,maps type: Sklep zoologiczny; website: none (no Witryna button in the Maps search list; full card not opened in batch 0)
PET_SHOP,Sklep Zoologiczny Panda,https://www.google.com/maps/place/Sklep+Zoologiczny+Panda/data=!4m7!3m6!1s0x47165bd972e9997b:0xcd2aaf94d4bc1378!8m2!3d50.0720455!4d19.9361116!16s%2Fg%2F11j0qxc28_!19sChIJe5npctlbFkcReBO81JSvKs0?hl=pl,51,,maps type: Przedszkole; website: none (no Witryna button in the Maps search list; full card not opened in batch 0)
PET_SHOP,"Sklep Zoologiczny ""Animalland""",https://www.google.com/maps/place/Sklep+Zoologiczny+%22Animalland%22/data=!4m7!3m6!1s0x471645354d5e791d:0xf6f049d4b78c457f!8m2!3d50.0863822!4d20.0040337!16s%2Fg%2F12lk71_jr!19sChIJHXleTTVFFkcRf0WMt9RJ8PY?hl=pl,50,,maps type: Sklep zoologiczny; website: none (no Witryna button in the Maps search list; full card not opened in batch 0)
PET_SHOP,"Sklep Zoologiczny ""Neon""",https://www.google.com/maps/place/Sklep+Zoologiczny+%22Neon%22/data=!4m7!3m6!1s0x47165b47f68b091f:0x5e46f4c90e11652d!8m2!3d50.0777972!4d19.9186196!16s%2Fg%2F11hdt4kp83!19sChIJHwmL9kdbFkcRLWURDsn0Rl4?hl=pl,49,,maps type: Sklep zoologiczny; website: none (no Witryna button in the Maps search list; full card not opened in batch 0)
PET_SHOP,Maxi Zoo sklep zoologiczny M1 Kraków,https://www.google.com/maps/place/Maxi+Zoo+sklep+zoologiczny+M1+Krak%C3%B3w/data=!4m7!3m6!1s0x471645522bebbba3:0xd9dfa5fac835f787!8m2!3d50.0639366!4d20.0014554!16s%2Fg%2F11x0hmgb6_!19sChIJo7vrK1JFFkcRh_c1yPql39k?hl=pl,47,https://www.maxizoo.pl/stores/maxizoo-krakow-m1/,maps type: Sklep zoologiczny
PET_SHOP,Świat zwierząt,https://www.google.com/maps/place/%C5%9Awiat+zwierz%C4%85t/data=!4m7!3m6!1s0x47165b46292dfa8f:0xae6221ef05435656!8m2!3d50.0705331!4d19.9172362!16s%2Fg%2F11y2nb68x0!19sChIJj_otKUZbFkcRVlZDBe8hYq4?hl=pl,42,,maps type: Sklep zoologiczny; website: none (no Witryna button in the Maps search list; full card not opened in batch 0)
PET_SHOP,Ale Animale Kraków Pasaż Kaufland,https://www.google.com/maps/place/Ale+Animale+Krak%C3%B3w+Pasa%C5%BC+Kaufland/data=!4m7!3m6!1s0x47165b09812e9919:0x6ab692657789fb09!8m2!3d50.0840502!4d19.9356043!16s%2Fg%2F11r9m2_cv3!19sChIJGZkugQlbFkcRCfuJd2WStmo?hl=pl,39,,maps type: Sklep zoologiczny; website: none (no Witryna button in the Maps search list; full card not opened in batch 0)
PET_SHOP,"AQUAEL ZOO, Kraków, Bonarka City Center","https://www.google.com/maps/place/AQUAEL+ZOO,+Krak%C3%B3w,+Bonarka+City+Center/data=!4m7!3m6!1s0x47165d30a6098021:0x14543590b29690a8!8m2!3d50.0269653!4d19.9521326!16s%2Fg%2F11mywc6s4d!19sChIJIYAJpjBdFkcRqJCWspA1VBQ?hl=pl",33,,maps type: Sklep zoologiczny; website: none (no Witryna button in the Maps search list; full card not opened in batch 0)
PET_SHOP,Ale Animale Kraków Pasaż Kaufland,https://www.google.com/maps/place/Ale+Animale+Krak%C3%B3w+Pasa%C5%BC+Kaufland/data=!4m7!3m6!1s0x47165b30cd040f13:0x528d050d3624406e!8m2!3d50.090165!4d20.005941!16s%2Fg%2F11h_sl_3vc!19sChIJEw8EzTBbFkcRbkAkNg0FjVI?hl=pl,33,,maps type: Sklep zoologiczny; website: none (no Witryna button in the Maps search list; full card not opened in batch 0)
PET_SHOP,Kolorowa Rafa,https://www.google.com/maps/place/Kolorowa+Rafa/data=!4m7!3m6!1s0x471645723b17378b:0x6d5f810f8b2c6c32!8m2!3d50.1049115!4d19.9065368!16s%2Fg%2F11ss57mx25!19sChIJizcXO3JFFkcRMmwsiw-BX20?hl=pl,32,,maps type: Sklep zoologiczny; website: none (no Witryna button in the Maps search list; full card not opened in batch 0)
PET_SHOP,Pies & Kot,https://www.google.com/maps/place/Pies+%26+Kot/data=!4m7!3m6!1s0x47165b710b84e7f1:0x443502fa4e889ef1!8m2!3d50.0519146!4d19.9263411!16s%2Fg%2F1tlw7tl0!19sChIJ8eeEC3FbFkcR8Z6ITvoCNUQ?hl=pl,31,,maps type: Sklep zoologiczny; website: none (no Witryna button in the Maps search list; full card not opened in batch 0)
PET_SHOP,"AQUAEL ZOO, Kraków, CH Atut Galicyjska","https://www.google.com/maps/place/AQUAEL+ZOO,+Krak%C3%B3w,+CH+Atut+Galicyjska/data=!4m7!3m6!1s0x471645363de93519:0x993a3940b6ba1593!8m2!3d50.0573144!4d20.0063607!16s%2Fg%2F11ynybx3r5!19sChIJGTXpPTZFFkcRkxW6tkA5Opk?hl=pl",30,,maps type: Sklep zoologiczny; website: none (no Witryna button in the Maps search list; full card not opened in batch 0)
PET_SHOP,SKLEP ZOOLOGICZNY PIES I KOT,https://www.google.com/maps/place/SKLEP+ZOOLOGICZNY+PIES+I+KOT/data=!4m7!3m6!1s0x471643ce83b73ab5:0x5ac2ec7bc606f314!8m2!3d50.0134671!4d19.9658108!16s%2Fg%2F11gjd9f13x!19sChIJtTq3g85DFkcRFPMGxnvswlo?hl=pl,30,,maps type: Sklep zoologiczny; website: none (no Witryna button in the Maps search list; full card not opened in batch 0)
PET_SHOP,Sklep Zoologiczny RAMUS,https://www.google.com/maps/place/Sklep+Zoologiczny+RAMUS/data=!4m7!3m6!1s0x471645131fec7d13:0x794520849992fe4e!8m2!3d50.0786749!4d20.0435687!16s%2Fg%2F11hbpxvt8f!19sChIJE33sHxNFFkcRTv6SmYQgRXk?hl=pl,29,,maps type: Sklep zoologiczny; website: none (no Witryna button in the Maps search list; full card not opened in batch 0)
PET_SHOP,ZooMarket ADAGO sklep zoologiczny,https://www.google.com/maps/place/ZooMarket+ADAGO+sklep+zoologiczny/data=!4m7!3m6!1s0x47165aad18850cc3:0x9c274ce10330c4b3!8m2!3d50.098727!4d20.0119298!16s%2Fg%2F11f4lpd0mv!19sChIJwwyFGK1aFkcRs8QwA-FMJ5w?hl=pl,29,,maps type: Sklep zoologiczny; website: none (no Witryna button in the Maps search list; full card not opened in batch 0)
PET_SHOP,Zoopets,https://www.google.com/maps/place/Zoopets/data=!4m7!3m6!1s0x471645a9ebc3f165:0xbfb9999cba4b0f6c!8m2!3d50.0694829!4d20.0497534!16s%2Fg%2F11hdtm7jg5!19sChIJZfHD66lFFkcRbA9LupyZub8?hl=pl,28,,maps type: Sklep zoologiczny; website: none (no Witryna button in the Maps search list; full card not opened in batch 0)
PET_SHOP,Limo ZOO sklep zoologiczny Prokocim,https://www.google.com/maps/place/Limo+ZOO+sklep+zoologiczny+Prokocim/data=!4m7!3m6!1s0x4716438b51e8b8c9:0x2bffeab0b651af02!8m2!3d50.0151842!4d20.0097132!16s%2Fg%2F11rsp7qtkn!19sChIJybjoUYtDFkcRAq9RtrDq_ys?hl=pl,27,,maps type: Sklep zoologiczny; website: none (no Witryna button in the Maps search list; full card not opened in batch 0)
PET_SHOP,"AQUAEL ZOO, Kraków, CH GALERIA KRAKOWSKA","https://www.google.com/maps/place/AQUAEL+ZOO,+Krak%C3%B3w,+CH+GALERIA+KRAKOWSKA/data=!4m7!3m6!1s0x47165bdc101058bd:0x9ac3b1b040945846!8m2!3d50.0671868!4d19.9460145!16s%2Fg%2F11n54ttt8t!19sChIJvVgQENxbFkcRRliUQLCxw5o?hl=pl",23,,maps type: Sklep zoologiczny; website: none (no Witryna button in the Maps search list; full card not opened in batch 0)
PET_SHOP,Sklep zoologiczny Świat zwierzat,https://www.google.com/maps/place/Sklep+zoologiczny+%C5%9Awiat+zwierzat/data=!4m7!3m6!1s0x47165cb4fb25a487:0xfa2f810ee6804192!8m2!3d50.0146584!4d19.9488483!16s%2Fg%2F11fz22ybcg!19sChIJh6Ql-7RcFkcRkkGA5g6BL_o?hl=pl,22,,maps type: Sklep zoologiczny; website: none (no Witryna button in the Maps search list; full card not opened in batch 0)
PET_SHOP,Sklep ZOO-LOGICZNY,https://www.google.com/maps/place/Sklep+ZOO-LOGICZNY/data=!4m7!3m6!1s0x47165b9c78e556cb:0x39caacf079e6cae9!8m2!3d50.088195!4d19.9680837!16s%2Fg%2F11h6r_grvh!19sChIJy1bleJxbFkcR6crmefCsyjk?hl=pl,21,,maps type: Sklep zoologiczny; website: none (no Witryna button in the Maps search list; full card not opened in batch 0)
PET_SHOP,PetArty,https://www.google.com/maps/place/PetArty/data=!4m7!3m6!1s0x47165bae50f337db:0x3d61eb521b72e7b8!8m2!3d50.0736675!4d19.9179966!16s%2Fg%2F11f4t8mrn2!19sChIJ2zfzUK5bFkcRuOdyG1LrYT0?hl=pl,19,,maps type: Sklep zoologiczny; website: none (no Witryna button in the Maps search list; full card not opened in batch 0)
PET_SHOP,Sklep Zoologiczny Renata,https://www.google.com/maps/place/Sklep+Zoologiczny+Renata/data=!4m7!3m6!1s0x4716435d031d1ffd:0x8c69f8053cd17b75!8m2!3d50.018206!4d19.983002!16s%2Fg%2F1q5bw5q54!19sChIJ_R8dA11DFkcRdXvRPAX4aYw?hl=pl,19,,maps type: Sklep zoologiczny; website: none (no Witryna button in the Maps search list; full card not opened in batch 0)
PET_SHOP,"Sklep zoologiczny, Zosia.","https://www.google.com/maps/place/Sklep+zoologiczny,+Zosia./data=!4m7!3m6!1s0x47165bc9e75b24cd:0x8a4274cea3f2d!8m2!3d50.0575948!4d19.9496255!16s%2Fg%2F11fnwcqp9f!19sChIJzSRb58lbFkcRLT_qTCekCAA?hl=pl",19,,maps type: Sklep zoologiczny; website: none (no Witryna button in the Maps search list; full card not opened in batch 0)
PET_SHOP,"AQUAEL ZOO, Kraków, CH Vendo Park Kraków","https://www.google.com/maps/place/AQUAEL+ZOO,+Krak%C3%B3w,+CH+Vendo+Park+Krak%C3%B3w/data=!4m7!3m6!1s0x47165bc5952c5cc1:0xc2cc298c53686d2b!8m2!3d50.1022317!4d19.9283787!16s%2Fg%2F11ym2n3v4h!19sChIJwVwslcVbFkcRK21oU4wpzMI?hl=pl",18,,maps type: Sklep zoologiczny; website: none (no Witryna button in the Maps search list; full card not opened in batch 0)
PET_SHOP,Lord Zeton,https://www.google.com/maps/place/Lord+Zeton/data=!4m7!3m6!1s0x471644739b0ce2af:0xfa30d18f2927f78f!8m2!3d50.0791113!4d19.9424668!16s%2Fg%2F1hc1ccy3q!19sChIJr-IMm3NEFkcRj_cnKY_RMPo?hl=pl,18,,maps type: Sklep zoologiczny; website: none (no Witryna button in the Maps search list; full card not opened in batch 0)
PET_SHOP,Boa. Hurtownia zoologiczna.,https://www.google.com/maps/place/Boa.+Hurtownia+zoologiczna./data=!4m7!3m6!1s0x47165b6e2f15d9b7:0xc7a8721a222fe49d!8m2!3d50.0500836!4d19.930239!16s%2Fg%2F1tdr20wb!19sChIJt9kVL25bFkcRneQvIhpyqMc?hl=pl,17,,maps type: Sklep zoologiczny; website: none (no Witryna button in the Maps search list; full card not opened in batch 0)
PET_SHOP,Orka Plac na Stawach - sklep zoologiczny,https://www.google.com/maps/place/Orka+Plac+na+Stawach+-+sklep+zoologiczny/data=!4m7!3m6!1s0x47165baa76fc1a85:0xb7ba9c64feecf8ab!8m2!3d50.0548856!4d19.9206376!16s%2Fg%2F11m7pjvkwj!19sChIJhRr8dqpbFkcRq_js_mScurc?hl=pl,16,,maps type: Sklep zoologiczny; website: none (no Witryna button in the Maps search list; full card not opened in batch 0)
PET_SHOP,Huta gadów - sklep terrarystyczny z pasją,https://www.google.com/maps/place/Huta+gad%C3%B3w+-+sklep+terrarystyczny+z+pasj%C4%85/data=!4m7!3m6!1s0x47164578d109ec55:0xb696edb6e99a7ebf!8m2!3d50.090609!4d20.0170783!16s%2Fg%2F11zbpvpvy1!19sChIJVewJ0XhFFkcRv36a6bbtlrY?hl=pl,15,,maps type: Sklep zoologiczny; website: none (no Witryna button in the Maps search list; full card not opened in batch 0)
PET_SHOP,OFiuFiuPL,https://www.google.com/maps/place/OFiuFiuPL/data=!4m7!3m6!1s0x4716437b444abba7:0x4f1dabcbf8570b6f!8m2!3d50.0168849!4d20.0032422!16s%2Fg%2F11hyxng1x8!19sChIJp7tKRHtDFkcRbwtX-MurHU8?hl=pl,15,,maps type: Sklep zoologiczny; website: none (no Witryna button in the Maps search list; full card not opened in batch 0)
PET_SHOP,Maxi Zoo sklep zoologiczny Kraków PH Centrum Siewna,https://www.google.com/maps/place/Maxi+Zoo+sklep+zoologiczny+Krak%C3%B3w+PH+Centrum+Siewna/data=!4m7!3m6!1s0x47165bd80cc9baa1:0xb2e872c908389888!8m2!3d50.0963621!4d19.9480181!16s%2Fg%2F11nq8_zq3_!19sChIJobrJDNhbFkcRiJg4CMly6LI?hl=pl,13,,maps type: Sklep zoologiczny; website: none (no Witryna button in the Maps search list; full card not opened in batch 0)
PET_SHOP,Sharppack - Akcesoria Dla Psów,https://www.google.com/maps/place/Sharppack+-+Akcesoria+Dla+Ps%C3%B3w/data=!4m7!3m6!1s0x4716593023d4cb51:0x5c5b4afe80b2b6fc!8m2!3d50.0961773!4d19.8888264!16s%2Fg%2F11tc8m_yf7!19sChIJUcvUIzBZFkcR_LaygP5KW1w?hl=pl,12,,maps type: Sklep zoologiczny; website: none (no Witryna button in the Maps search list; full card not opened in batch 0)
PET_SHOP,Gekony Orzęsione Aladyna,https://www.google.com/maps/place/Gekony+Orz%C4%99sione+Aladyna/data=!4m7!3m6!1s0x47164366ec5e34e9:0x52b5f300d364b2a7!8m2!3d49.9977101!4d19.9583135!16s%2Fg%2F11qnk7w1vq!19sChIJ6TRe7GZDFkcRp7Jk0wDztVI?hl=pl,11,,maps type: Sklep zoologiczny; website: none (no Witryna button in the Maps search list; full card not opened in batch 0)
PET_SHOP,Sklep Zoologia Karmy i akcesoria dla zwierząt,https://www.google.com/maps/place/Sklep+Zoologia+Karmy+i+akcesoria+dla+zwierz%C4%85t/data=!4m7!3m6!1s0x471643c8cba39fe7:0xaa1f378b1ef846ed!8m2!3d50.0169399!4d19.9759216!16s%2Fg%2F11s_yyf5dn!19sChIJ55-jy8hDFkcR7Ub4Hos3H6o?hl=pl,11,,maps type: Sklep zoologiczny; website: none (no Witryna button in the Maps search list; full card not opened in batch 0)
PET_SHOP,ZOO PIES I KOT,https://www.google.com/maps/place/ZOO+PIES+I+KOT/data=!4m7!3m6!1s0x47164382261f348d:0xdaf1aa6f4857a875!8m2!3d50.0146365!4d20.0194528!16s%2Fg%2F11c6_tqd9h!19sChIJjTQfJoJDFkcRdahXSG-q8do?hl=pl,11,,maps type: Sklep; website: none (no Witryna button in the Maps search list; full card not opened in batch 0)
PET_SHOP,Karmy LabraDog,https://www.google.com/maps/place/Karmy+LabraDog/data=!4m7!3m6!1s0x4716432de575f2b1:0x50d88bcfe70c4803!8m2!3d50.0088094!4d19.954478!16s%2Fg%2F11vdj_w0gb!19sChIJsfJ15S1DFkcRA0gM58-L2FA?hl=pl,9,,maps type: Sklep zoologiczny; website: none (no Witryna button in the Maps search list; full card not opened in batch 0)
PET_SHOP,Ale Animale,https://www.google.com/maps/place/Ale+Animale/data=!4m7!3m6!1s0x47165b006ee873c9:0xcc2db221df7816e8!8m2!3d50.0887988!4d19.9489584!16s%2Fg%2F11zb708rhf!19sChIJyXPobgBbFkcR6BZ43yGyLcw?hl=pl,7,,maps type: Sklep zoologiczny; website: none (no Witryna button in the Maps search list; full card not opened in batch 0)
PET_SHOP,Orka Plac Jerzmanowskiego - sklep zoologiczny,https://www.google.com/maps/place/Orka+Plac+Jerzmanowskiego+-+sklep+zoologiczny/data=!4m7!3m6!1s0x471643f6c95bc253:0x43f93e8c5c13e21!8m2!3d50.0172199!4d20.0105956!16s%2Fg%2F11hrxdqvk0!19sChIJU8JbyfZDFkcRIT7BxeiTPwQ?hl=pl,7,,maps type: Sklep zoologiczny; website: none (no Witryna button in the Maps search list; full card not opened in batch 0)
PET_SHOP,Stare konto – nieużywane,https://www.google.com/maps/place/Stare+konto+%E2%80%93+nieu%C5%BCywane/data=!4m7!3m6!1s0x47165afe5ba97067:0xf34ef9742fa88617!8m2!3d50.0791352!4d19.9423816!16s%2Fg%2F11j08b1t2v!19sChIJZ3CpW_5aFkcRF4aoL3T5TvM?hl=pl,6,,maps type: Sklep zoologiczny; website: none (no Witryna button in the Maps search list; full card not opened in batch 0)
PET_SHOP,Dawid Karnafał,https://www.google.com/maps/place/Dawid+Karnafa%C5%82/data=!4m7!3m6!1s0x47165aebe21246e9:0xa11e06b78a2685ff!8m2!3d50.088195!4d19.9680838!16s%2Fg%2F11crz_38r7!19sChIJ6UYS4utaFkcR_4UmircGHqE?hl=pl,5,,maps type: Sklep zoologiczny; website: none (no Witryna button in the Maps search list; full card not opened in batch 0); possible duplicate of 'Sklep ZOO-LOGICZNY' (same address on Maps: Dobrego Pasterza 100)
PET_SHOP,ICE24 Sp. z o.o.,https://www.google.com/maps/place/ICE24+Sp.+z+o.o./data=!4m7!3m6!1s0x47165bb080ab114b:0xdaad31c45f520604!8m2!3d50.0677902!4d19.9423707!16s%2Fg%2F1thl44tx!19sChIJSxGrgLBbFkcRBAZSX8Qxrdo?hl=pl,4,,maps type: Sklep zoologiczny; website: none (no Witryna button in the Maps search list; full card not opened in batch 0)
PET_SHOP,VetZoo,https://www.google.com/maps/place/VetZoo/data=!4m7!3m6!1s0x47165b9d44ff9bb5:0xf87a4fa900236dfc!8m2!3d50.0593002!4d19.9265631!16s%2Fg%2F11lgykcpcs!19sChIJtZv_RJ1bFkcR_G0jAKlPevg?hl=pl,4,,maps type: Sklep zoologiczny; website: none (no Witryna button in the Maps search list; full card not opened in batch 0)
PET_SHOP,Lombard Kantor,https://www.google.com/maps/place/Lombard+Kantor/data=!4m7!3m6!1s0x47165b06c9afa973:0x53943946b70f9d41!8m2!3d50.0721812!4d19.9355482!16s%2Fg%2F11j0jd53hg!19sChIJc6mvyQZbFkcRQZ0Pt0Y5lFM?hl=pl,3,,maps type: Sklep z karmą dla zwierząt; website: none (no Witryna button in the Maps search list; full card not opened in batch 0)
PET_SHOP,Grzegorz Kołton Pupil,https://www.google.com/maps/place/Grzegorz+Ko%C5%82ton+Pupil/data=!4m7!3m6!1s0x47165b840dbb666f:0xdd618cb8d32bbc34!8m2!3d50.0791025!4d19.9423943!16s%2Fg%2F11jghjqb7n!19sChIJb2a7DYRbFkcRNLwr07iMYd0?hl=pl,2,,maps type: Sklep zoologiczny; website: none (no Witryna button in the Maps search list; full card not opened in batch 0); possible duplicate of 'Stare konto – nieużywane' (same address on Maps: Kazimierza Siemaszki 1 1)
PET_SHOP,Pupil Punkt,https://www.google.com/maps/place/Pupil+Punkt/data=!4m7!3m6!1s0x47165ba4af95c891:0xcc351874a6d5e9b1!8m2!3d50.0840027!4d19.9434405!16s%2Fg%2F11rg718213!19sChIJkciVr6RbFkcRsenVpnQYNcw?hl=pl,2,,maps type: Sklep zoologiczny; website: none (no Witryna button in the Maps search list; full card not opened in batch 0)
PET_SHOP,Sklep Zoologiczny,https://www.google.com/maps/place/Sklep+Zoologiczny/data=!4m7!3m6!1s0x47165b0014205bd3:0x15454cf5d2f45e35!8m2!3d50.0938464!4d19.9477896!16s%2Fg%2F11x5vk5ym1!19sChIJ01sgFABbFkcRNV700vVMRRU?hl=pl,2,,maps type: Sklep zoologiczny; website: none (no Witryna button in the Maps search list; full card not opened in batch 0)
PET_SHOP,Sklep zoologiczny,https://www.google.com/maps/place/Sklep+zoologiczny/data=!4m7!3m6!1s0x47165b2648053d35:0xa3be301de055aef5!8m2!3d50.0880344!4d19.9508704!16s%2Fg%2F11t15671hx!19sChIJNT0FSCZbFkcR9a5V4B0wvqM?hl=pl,2,,maps type: Sklep zoologiczny; website: none (no Witryna button in the Maps search list; full card not opened in batch 0)
PET_SHOP,Best Friend,https://www.google.com/maps/place/Best+Friend/data=!4m7!3m6!1s0x47165bae82133e57:0x2c8d3051123928af!8m2!3d50.0650215!4d20.0108724!16s%2Fg%2F11hhpt92z0!19sChIJVz4Tgq5bFkcRryg5ElEwjSw?hl=pl,1,,maps type: Sklep zoologiczny; website: none (no Witryna button in the Maps search list; full card not opened in batch 0)
PET_SHOP,Diet-Vet,https://www.google.com/maps/place/Diet-Vet/data=!4m7!3m6!1s0x47165b3b6ff6c91d:0x16ab309bac2fa820!8m2!3d50.0954537!4d19.9013419!16s%2Fg%2F11ld2pdwk3!19sChIJHcn2bztbFkcRIKgvrJswqxY?hl=pl,1,,maps type: Sklep z karmą dla zwierząt; website: none (no Witryna button in the Maps search list; full card not opened in batch 0)
PET_SHOP,Extremecorals,https://www.google.com/maps/place/Extremecorals/data=!4m7!3m6!1s0x471644734cf9f233:0x5c930f5658a7e6f2!8m2!3d50.0204242!4d20.05291!16s%2Fg%2F11gdd89msc!19sChIJM_L5THNEFkcR8uanWFYPk1w?hl=pl,1,,maps type: Sklep zoologiczny; website: none (no Witryna button in the Maps search list; full card not opened in batch 0)
PET_SHOP,PaxPet,https://www.google.com/maps/place/PaxPet/data=!4m7!3m6!1s0x47165b6bdc0c6ddf:0xf80de68e21fa2f2a!8m2!3d50.0646501!4d19.9449799!16s%2Fg%2F11ysw92vm0!19sChIJ320M3GtbFkcRKi_6IY7mDfg?hl=pl,1,,maps type: Sklep z karmą dla zwierząt; website: none (no Witryna button in the Maps search list; full card not opened in batch 0)
PET_SHOP,Pet World,https://www.google.com/maps/place/Pet+World/data=!4m7!3m6!1s0x47165bc4c00d3a59:0xb7d2feda577d988d!8m2!3d50.0714078!4d19.978239!16s%2Fg%2F11y719srx7!19sChIJWToNwMRbFkcRjZh9V9r-0rc?hl=pl,1,,maps type: Sklep zoologiczny; website: none (no Witryna button in the Maps search list; full card not opened in batch 0)
PET_SHOP,Pupilove Targi,https://www.google.com/maps/place/Pupilove+Targi/data=!4m7!3m6!1s0x47165b3f15dec337:0x2bbfa4b0c3785a52!8m2!3d50.0547875!4d19.9551499!16s%2Fg%2F11mv_4bt6y!19sChIJN8PeFT9bFkcRUlp4w7Ckvys?hl=pl,1,,maps type: Sklep zoologiczny; website: none (no Witryna button in the Maps search list; full card not opened in batch 0)
PET_SHOP,Sklep Zoologiczny aga,https://www.google.com/maps/place/Sklep+Zoologiczny+aga/data=!4m7!3m6!1s0x471645c626c4c7b1:0x3c33488a731818b4!8m2!3d50.0786749!4d20.0435687!16s%2Fg%2F11fw36h587!19sChIJscfEJsZFFkcRtBgYc4pIMzw?hl=pl,1,,maps type: Sklep zoologiczny; website: none (no Witryna button in the Maps search list; full card not opened in batch 0); possible duplicate of 'Sklep Zoologiczny RAMUS' (same address on Maps: Stefana Żeromskiego 19)
PET_SHOP,Sklep zoologiczny | papużki kru,https://www.google.com/maps/place/Sklep+zoologiczny+%7C+papu%C5%BCki+kru/data=!4m7!3m6!1s0x47165d0020535d47:0xb3defe66e21a672d!8m2!3d50.0266408!4d19.9337996!16s%2Fg%2F11ntnfbtnn!19sChIJR11TIABdFkcRLWca4mb-3rM?hl=pl,1,,maps type: Sklep zoologiczny; website: none (no Witryna button in the Maps search list; full card not opened in batch 0)
PET_SHOP,Sprzedajemy Świat,https://www.google.com/maps/place/Sprzedajemy+%C5%9Awiat/data=!4m7!3m6!1s0x4716458c25fddac1:0x744fb52257a4dab3!8m2!3d50.0476893!4d19.987717!16s%2Fg%2F11y3ky9ftj!19sChIJwdr9JYxFFkcRs9qkVyK1T3Q?hl=pl,1,,maps type: Sklep z karmą dla zwierząt; website: none (no Witryna button in the Maps search list; full card not opened in batch 0)
PET_SHOP,BARF Kraków,https://www.google.com/maps/place/BARF+Krak%C3%B3w/data=!4m7!3m6!1s0x47165a36f5952d69:0xef605e2e4757eb8e!8m2!3d50.0861868!4d19.9137573!16s%2Fg%2F11hyxn9cb8!19sChIJaS2V9TZaFkcRjutXRy5eYO8?hl=pl,,,maps type: Sklep zoologiczny; rating count: none (no ratings shown in the Maps search list); website: none (no Witryna button in the Maps search list; full card not opened in batch 0)
PET_SHOP,Diamentiq sp. z o.o. - żwirki silikonowe dla kotów,https://www.google.com/maps/place/Diamentiq+sp.+z+o.o.+-+%C5%BCwirki+silikonowe+dla+kot%C3%B3w/data=!4m7!3m6!1s0x47165b19c1478741:0xa14a386970b70cd9!8m2!3d50.0653506!4d19.9511029!16s%2Fg%2F11g9gz9yh4!19sChIJQYdHwRlbFkcR2Qy3cGk4SqE?hl=pl,,,maps type: Sklep z karmą dla zwierząt; rating count: none (no ratings shown in the Maps search list); website: none (no Witryna button in the Maps search list; full card not opened in batch 0)
PET_SHOP,Domowi Przyjaciele,https://www.google.com/maps/place/Domowi+Przyjaciele/data=!4m7!3m6!1s0x47165b82b700a939:0x4d613b58beeb49a9!8m2!3d50.0574594!4d19.9231478!16s%2Fg%2F11sjwqmpcj!19sChIJOakAt4JbFkcRqUnrvlg7YU0?hl=pl,,,maps type: Sklep zoologiczny; rating count: none (no ratings shown in the Maps search list); website: none (no Witryna button in the Maps search list; full card not opened in batch 0)
PET_SHOP,FH Hektor Dariusz Żółtek,https://www.google.com/maps/place/FH+Hektor+Dariusz+%C5%BB%C3%B3%C5%82tek/data=!4m7!3m6!1s0x47165b47bd09bd41:0x603ad9c3ab1ddfeb!8m2!3d50.0887988!4d19.9489584!16s%2Fg%2F11fq9kq0n6!19sChIJQb0JvUdbFkcR698dq8PZOmA?hl=pl,,,maps type: Sklep zoologiczny; rating count: none (no ratings shown in the Maps search list); website: none (no Witryna button in the Maps search list; full card not opened in batch 0); possible duplicate of 'Ale Animale' (same address on Maps: Grażyny 4)
PET_SHOP,FHU Amisfora,https://www.google.com/maps/place/FHU+Amisfora/data=!4m7!3m6!1s0x471645385cf8cccb:0x77595127338ce39b!8m2!3d50.0825195!4d20.0213099!16s%2Fg%2F1tgf6j7g!19sChIJy8z4XDhFFkcRm-OMMydRWXc?hl=pl,,,maps type: Sklep zoologiczny; rating count: none (no ratings shown in the Maps search list); website: none (no Witryna button in the Maps search list; full card not opened in batch 0)
PET_SHOP,Fordo PL Things For Dogs,https://www.google.com/maps/place/Fordo+PL+Things+For+Dogs/data=!4m7!3m6!1s0x4716595891c33fc7:0xc4b8f300f11cdf7d!8m2!3d50.0668275!4d19.8488866!16s%2Fg%2F11v60sydvy!19sChIJxz_DkVhZFkcRfd8c8QDzuMQ?hl=pl,,,maps type: Sklep z karmą dla zwierząt; rating count: none (no ratings shown in the Maps search list); website: none (no Witryna button in the Maps search list; full card not opened in batch 0)
PET_SHOP,Fur-Fur,https://www.google.com/maps/place/Fur-Fur/data=!4m7!3m6!1s0x47165ba3e859f1ab:0xf52e464444a8a60a!8m2!3d50.065423!4d19.9696618!16s%2Fg%2F11t_h_q7dl!19sChIJq_FZ6KNbFkcRCqaoRERGLvU?hl=pl,,,maps type: Sklep zoologiczny; rating count: none (no ratings shown in the Maps search list); website: none (no Witryna button in the Maps search list; full card not opened in batch 0)
PET_SHOP,JR Farm,https://www.google.com/maps/place/JR+Farm/data=!4m7!3m6!1s0x47165b5db486460f:0x71e79dc88b16ab36!8m2!3d50.042397!4d19.9439539!16s%2Fg%2F11hfqp83jr!19sChIJD0aGtF1bFkcRNqsWi8id53E?hl=pl,,,maps type: Sklep z karmą dla zwierząt; rating count: none (no ratings shown in the Maps search list); website: none (no Witryna button in the Maps search list; full card not opened in batch 0); possible duplicate of 'Sklep zoologiczny VetPet.pl' (same address on Maps: Kalwaryjska 32)
PET_SHOP,Kącik Pupila - Internetowy Sklep Zoologiczny,https://www.google.com/maps/place/K%C4%85cik+Pupila+-+Internetowy+Sklep+Zoologiczny/data=!4m7!3m6!1s0x4716eefd59639b5f:0x52e2c64605cb9236!8m2!3d50.0399607!4d19.925385!16s%2Fg%2F1w04hvmh!19sChIJX5tjWf3uFkcRNpLLBUbG4lI?hl=pl,,,maps type: Sklep zoologiczny; rating count: none (no ratings shown in the Maps search list); website: none (no Witryna button in the Maps search list; full card not opened in batch 0)
PET_SHOP,Petly,https://www.google.com/maps/place/Petly/data=!4m7!3m6!1s0x47165d6d8f1281b7:0x7d8274df1c95304e!8m2!3d50.0160415!4d19.9508872!16s%2Fg%2F11vwf4781p!19sChIJt4ESj21dFkcRTjCVHN90gn0?hl=pl,,,maps type: Sklep zoologiczny; rating count: none (no ratings shown in the Maps search list); website: none (no Witryna button in the Maps search list; full card not opened in batch 0)
PET_SHOP,Petsy Box,https://www.google.com/maps/place/Petsy+Box/data=!4m7!3m6!1s0x47164537d8be1279:0x6181b1bf5167751b!8m2!3d50.0412599!4d19.9941712!16s%2Fg%2F11l_0kqg_l!19sChIJeRK-2DdFFkcRG3VnUb-xgWE?hl=pl,,,maps type: Sklep z karmą dla zwierząt; rating count: none (no ratings shown in the Maps search list); website: none (no Witryna button in the Maps search list; full card not opened in batch 0)
PET_SHOP,Sklep Zoologiczny,https://www.google.com/maps/place/Sklep+Zoologiczny/data=!4m7!3m6!1s0x47164300653db4e5:0x7eb0349cf2aed1e4!8m2!3d50.0178673!4d19.9854061!16s%2Fg%2F11mltvdnkk!19sChIJ5bQ9ZQBDFkcR5NGu8pw0sH4?hl=pl,,,maps type: Sklep osiedlowy; rating count: none (no ratings shown in the Maps search list); website: none (no Witryna button in the Maps search list; full card not opened in batch 0)
PET_SHOP,Zoologia,https://www.google.com/maps/place/Zoologia/data=!4m7!3m6!1s0x47165b44917188f5:0xa1eb5479faeaa904!8m2!3d50.0449041!4d19.9514496!16s%2Fg%2F11jk6hsnls!19sChIJ9YhxkURbFkcRBKnq-nlU66E?hl=pl,,,maps type: Sklep zoologiczny; rating count: none (no ratings shown in the Maps search list); website: none (no Witryna button in the Maps search list; full card not opened in batch 0)
PET_SHOP,sparkforge-nexus,https://www.google.com/maps/place/sparkforge-nexus/data=!4m7!3m6!1s0x47165b0d503bfc37:0xd942f1b213ed1046!8m2!3d50.0668328!4d19.9289541!16s%2Fg%2F11zb_xw_b_!19sChIJN_w7UA1bFkcRRhDtE7LxQtk?hl=pl,,,maps type: Sklep zoologiczny; rating count: none (no ratings shown in the Maps search list); website: none (no Witryna button in the Maps search list; full card not opened in batch 0)
PET_SITTING,Pies i Przyjaciele,https://www.google.com/maps/place/Pies+i+Przyjaciele/data=!4m7!3m6!1s0x47165cd7707b284d:0x1f14f0e95e0ce43f!8m2!3d49.9978389!4d19.9245434!16s%2Fg%2F11cn94d_hs!19sChIJTSh7cNdcFkcRP-QMXunwFB8?hl=pl,166,http://www.piesiprzyjaciele.pl/,maps type: Opieka nad zwierzętami
PET_SITTING,Psilandia,https://www.google.com/maps/place/Psilandia/data=!4m7!3m6!1s0x47165c546b76b5e5:0xf75fadd9a241f1d!8m2!3d50.007062!4d19.8752386!16s%2Fg%2F11bzq0cjq4!19sChIJ5bV2a1RcFkcRHR8kmt36dQ8?hl=pl,124,http://www.psilandia.pl/,maps type: Opiekun zwierząt
PET_SITTING,"Petsitter ,,Ogonek""","https://www.google.com/maps/place/Petsitter+,,Ogonek%22/data=!4m7!3m6!1s0x471643f3e7841fa9:0x130af9b5e4139b2c!8m2!3d50.0177037!4d19.9928952!16s%2Fg%2F11g9ng_2wg!19sChIJqR-E5_NDFkcRLJsT5LX5ChM?hl=pl",83,http://www.petsitterogonek.pl/,maps type: Opieka nad zwierzętami
PET_SITTING,Dr Care - Sebastian Fabian Salawa,https://www.google.com/maps/place/Dr+Care+-+Sebastian+Fabian+Salawa/data=!4m7!3m6!1s0x47165b40f028e17b:0x8bca52669ece3077!8m2!3d50.0469!4d20.0047922!16s%2Fg%2F11fm93slzs!19sChIJe-Eo8EBbFkcRdzDOnmZSyos?hl=pl,24,https://dr-care.pl/,maps type: Opiekun zwierząt
PET_SITTING,"DogTandem - Opieka nad psem, petsitting, dogwalking","https://www.google.com/maps/place/DogTandem+-+Opieka+nad+psem,+petsitting,+dogwalking/data=!4m7!3m6!1s0x47165b660bfa5417:0x36b08dee1f6a190d!8m2!3d50.0958237!4d19.9032009!16s%2Fg%2F11l6s77jky!19sChIJF1T6C2ZbFkcRDRlqH-6NsDY?hl=pl",12,https://dogtandem.pl/,maps type: Opieka nad zwierzętami
PET_SITTING,The Doggositters Kraków,https://www.google.com/maps/place/The+Doggositters+Krak%C3%B3w/data=!4m7!3m6!1s0x8af3c1e499d8708d:0xc008c91ba10cc5e0!8m2!3d50.0860372!4d19.9699122!16s%2Fg%2F11njcygj5b!19sChIJjXDYmeTB84oR4MUMoRvJCMA?hl=pl,12,https://www.instagram.com/the_doggositters/,maps type: Opiekun zwierząt
PET_SITTING,Dietetyk psów i kotów/ Petsitter Kraków ( As Team)-opieka nad psem i kotem Kraków,https://www.google.com/maps/place/Dietetyk+ps%C3%B3w+i+kot%C3%B3w%2F+Petsitter+Krak%C3%B3w+%28+As+Team%29-opieka+nad+psem+i+kotem+Krak%C3%B3w/data=!4m7!3m6!1s0x47165b57caf900c3:0x634f6996874077d4!8m2!3d50.0469!4d20.0047922!16s%2Fg%2F11gwmknlxv!19sChIJwwD5yldbFkcR1HdAh5ZpT2M?hl=pl,10,https://www.formyopiekinadzwierzetami.pl/,maps type: Opiekun zwierząt
PET_SITTING,SmartKitty,https://www.google.com/maps/place/SmartKitty/data=!4m7!3m6!1s0x47165b1ab2b73413:0xda3d96fb182dcd5d!8m2!3d50.0668896!4d19.9420775!16s%2Fg%2F11h48wk_3c!19sChIJEzS3shpbFkcRXc0tGPuWPdo?hl=pl,5,http://smartkitty.co.uk/contact-smartkitty/,maps type: Opiekun zwierząt
PET_SITTING,ALVIS - Petsitting i wyprowadzanie psów,https://www.google.com/maps/place/ALVIS+-+Petsitting+i+wyprowadzanie+ps%C3%B3w/data=!4m7!3m6!1s0x47165be3810a94bf:0x14205dcdc8a92a2a!8m2!3d50.1098841!4d19.9114026!16s%2Fg%2F11rtf595c6!19sChIJv5QKgeNbFkcRKiqpyM1dIBQ?hl=pl,4,https://alvis.pl/,maps type: Opiekun zwierząt
PET_SITTING,No business,https://www.google.com/maps/place/No+business/data=!4m7!3m6!1s0x47165dd7fc00c41d:0x4c8c5b576e3f915c!8m2!3d50.0244884!4d19.9410249!16s%2Fg%2F11x0n_f8b0!19sChIJHcQA_NddFkcRXJE_bldbjEw?hl=pl,4,,maps type: Opieka nad zwierzętami; website: none (no Witryna button in the Maps search list; full card not opened in batch 0)
PET_SITTING,Psidylla,https://www.google.com/maps/place/Psidylla/data=!4m7!3m6!1s0x47164ff9de95e399:0xc0ccd2b118c113b5!8m2!3d50.0993644!4d20.0809207!16s%2Fg%2F11w25ks9w_!19sChIJmeOV3vlPFkcRtRPBGLHSzMA?hl=pl,4,http://psidylla.pl/,maps type: Opieka nad zwierzętami
PET_SITTING,Sierść i Spółka,https://www.google.com/maps/place/Sier%C5%9B%C4%87+i+Sp%C3%B3%C5%82ka/data=!4m7!3m6!1s0x43da669af543a3c7:0x551b50e12813fcf9!8m2!3d50.087036!4d20.0047922!16s%2Fg%2F11nvjfwp96!19sChIJx6ND9Zpm2kMR-fwTKOFQG1U?hl=pl,3,https://www.instagram.com/sierscispolka/,maps type: Opieka nad zwierzętami
PET_SITTING,ALVIS - Wyprowadzanie psów i opieka nad zwierzętami,https://www.google.com/maps/place/ALVIS+-+Wyprowadzanie+ps%C3%B3w+i+opieka+nad+zwierz%C4%99tami/data=!4m7!3m6!1s0x47165b5a7c3ff7a7:0x8e3d4675f2180cec!8m2!3d50.0659456!4d19.9059021!16s%2Fg%2F11rz7pbdjk!19sChIJp_c_fFpbFkcR7AwY8nVGPY4?hl=pl,1,https://alvis.pl/,maps type: Wyprowadzanie psów
PET_SITTING,ALVIS - serwis opieki nad zwierzętami,https://www.google.com/maps/place/ALVIS+-+serwis+opieki+nad+zwierz%C4%99tami/data=!4m7!3m6!1s0x47165b59a325f6a5:0x36078c839043f860!8m2!3d50.0724554!4d19.9214579!16s%2Fg%2F11vf30tcd4!19sChIJpfYlo1lbFkcRYPhDkIOMBzY?hl=pl,1,https://alvis.pl/,maps type: Wyprowadzanie psów
PET_SITTING,Anihau,https://www.google.com/maps/place/Anihau/data=!4m7!3m6!1s0x47165be7e6c414cd:0x55d903b80907f0a6!8m2!3d50.0545281!4d19.9542023!16s%2Fg%2F11z7g9n_s4!19sChIJzRTE5udbFkcRpvAHCbgD2VU?hl=pl,,https://anihau.com/,maps type: Opieka nad zwierzętami; rating count: none (no ratings shown in the Maps search list)
PET_SITTING,Kotopies,https://www.google.com/maps/place/Kotopies/data=!4m7!3m6!1s0x47165bce04986571:0x80f36fa9015153c6!8m2!3d50.0689809!4d19.9316447!16s%2Fg%2F11y5vxyc0t!19sChIJcWWYBM5bFkcRxlNRAalv84A?hl=pl,,https://www.facebook.com/profile.php?id=61559979217497,maps type: Wyprowadzanie psów; rating count: none (no ratings shown in the Maps search list)
PET_SITTING,Krakow Pet Sitting,https://www.google.com/maps/place/Krakow+Pet+Sitting/data=!4m7!3m6!1s0x42b17662648167e5:0x9c87ff936e445a9e!8m2!3d50.0469!4d20.0047922!16s%2Fg%2F11tx9k_5n2!19sChIJ5WeBZGJ2sUIRnlpEbpP_h5w?hl=pl,,,maps type: Opiekun zwierząt; rating count: none (no ratings shown in the Maps search list); website: none (no Witryna button in the Maps search list; full card not opened in batch 0)
PET_SITTING,Opieka nad gryzoniami,https://www.google.com/maps/place/Opieka+nad+gryzoniami/data=!4m7!3m6!1s0x47165df7dc24dd91:0x927899c1574a3c65!8m2!3d50.0004192!4d19.8921156!16s%2Fg%2F11x_pccsrb!19sChIJkd0k3PddFkcRZTxKV8GZeJI?hl=pl,,https://www.facebook.com/profile.php?id=61580977205218,maps type: Opiekun zwierząt; rating count: none (no ratings shown in the Maps search list)
PET_SITTING,Psia Niania,https://www.google.com/maps/place/Psia+Niania/data=!4m7!3m6!1s0xae48ed00fb3e31:0x4c8f095bc7fc8822!8m2!3d50.0469!4d20.0047922!16s%2Fg%2F11vymvvrgm!19sChIJMT77AO1IrgARIoj8x1sJj0w?hl=pl,,https://psianiania.pl/,maps type: Opieka nad zwierzętami; rating count: none (no ratings shown in the Maps search list)
PET_SITTING,anihau,https://www.google.com/maps/place/anihau/data=!4m7!3m6!1s0xaa80b6306d19ec47:0xba1ad09ee12b2aca!8m2!3d50.0469!4d20.0047922!16s%2Fg%2F11z418tskd!19sChIJR-wZbTC2gKoRyior4Z7QGro?hl=pl,,https://anihau.com/,maps type: Opiekun zwierząt; rating count: none (no ratings shown in the Maps search list)
