{"type": "FeatureCollection", "source": "OpenStreetMap contributors, ODbL - relation 449696 (fetched 2026-09-29)", "features": [{"type": "Feature", "properties": {"name": "Łagiewniki-Borek Fałęcki", "slug": "lagiewniki-borek-falecki", "osm_relation": 2398480, "in": {"en": "in Łagiewniki-Borek Fałęcki"}}, "geometry": {"type": "MultiPolygon", "coordinates": [[[[19.907465, 50.008761], [19.90709, 50.00922], [19.907045, 50.00943], [19.907277, 50.009791], [19.907791, 50.010307], [19.907647, 50.010343], [19.907511, 50.010777], [19.908858, 50.012974], [19.909871, 50.01414], [19.910424, 50.015103], [19.910677, 50.015808], [19.911125, 50.016443], [19.913146, 50.018581], [19.91367, 50.018977], [19.913661, 50.019592], [19.913784, 50.019565], [19.914364, 50.020598], [19.915018, 50.020938], [19.917332, 50.021694], [19.919554, 50.022206], [19.919692, 50.022388], [19.920695, 50.023074], [19.922303, 50.023282], [19.922085, 50.023335], [19.922099, 50.023478], [19.922192, 50.023807], [19.922217, 50.024408], [19.922429, 50.024903], [19.922493, 50.025306], [19.922336, 50.025443], [19.922204, 50.026342], [19.922038, 50.026558], [19.925273, 50.025841], [19.92536, 50.025359], [19.925776, 50.025215], [19.925708, 50.025472], [19.925811, 50.025768], [19.926044, 50.026039], [19.926793, 50.026569], [19.92686, 50.026771], [19.926858, 50.026927], [19.926518, 50.027323], [19.926589, 50.027563], [19.926859, 50.027874], [19.926797, 50.028161], [19.926674, 50.028293], [19.926294, 50.02846], [19.926131, 50.028843], [19.926218, 50.029022], [19.926433, 50.029185], [19.9272, 50.029589], [19.927584, 50.030216], [19.928047, 50.030216], [19.928083, 50.030288], [19.929141, 50.03028], [19.929264, 50.030214], [19.932381, 50.030211], [19.932422, 50.03027], [19.934131, 50.029725], [19.93536, 50.029137], [19.935325, 50.028952], [19.936134, 50.028611], [19.936433, 50.028546], [19.936563, 50.02879], [19.936681, 50.028763], [19.936838, 50.028896], [19.940638, 50.028233], [19.940789, 50.028157], [19.940762, 50.027958], [19.940966, 50.027923], [19.941053, 50.027638], [19.944296, 50.028513], [19.944317, 50.028068], [19.945492, 50.023822], [19.945593, 50.023304], [19.945585, 50.022541], [19.945285, 50.017039], [19.945082, 50.015369], [19.944833, 50.014879], [19.945115, 50.013441], [19.944969, 50.013437], [19.945052, 50.012656], [19.945022, 50.012544], [19.944858, 50.012583], [19.943998, 50.01162], [19.943841, 50.010692], [19.944013, 50.009893], [19.945168, 50.006889], [19.944678, 50.005843], [19.943843, 50.005801], [19.944157, 50.005636], [19.94349, 50.005608], [19.940781, 50.00249], [19.940057, 50.002153], [19.939728, 50.002239], [19.939645, 50.002354], [19.939691, 50.002505], [19.934795, 50.002082], [19.933152, 50.002595], [19.932991, 50.002209], [19.933052, 50.00183], [19.932717, 50.001834], [19.932038, 50.002261], [19.930938, 50.00247], [19.932549, 50.00321], [19.933693, 50.00399], [19.93398, 50.004322], [19.933845, 50.00434], [19.933876, 50.004403], [19.93432, 50.004694], [19.934302, 50.004804], [19.934441, 50.004802], [19.934646, 50.004958], [19.935071, 50.005429], [19.935396, 50.005896], [19.935534, 50.006796], [19.935424, 50.007329], [19.93544, 50.007727], [19.935254, 50.007974], [19.935056, 50.008006], [19.932988, 50.007773], [19.933042, 50.007623], [19.932924, 50.007575], [19.932245, 50.007483], [19.929342, 50.007564], [19.926185, 50.007332], [19.921963, 50.007743], [19.921322, 50.007727], [19.919318, 50.007372], [19.918314, 50.007419], [19.91613, 50.008047], [19.915811, 50.008205], [19.915371, 50.008628], [19.914361, 50.00935], [19.913491, 50.009583], [19.909224, 50.009535], [19.908132, 50.009186], [19.907465, 50.008761]]]]}}, {"type": "Feature", "properties": {"name": "Bieńczyce", "slug": "bienczyce", "osm_relation": 2651178, "in": {"en": "in Bieńczyce", "pl": "w Bieńczycach"}}, "geometry": {"type": "MultiPolygon", "coordinates": [[[[20.003449, 50.088101], [20.003739, 50.087756], [20.007131, 50.086779], [20.013272, 50.085703], [20.013044, 50.085088], [20.011846, 50.082844], [20.01288, 50.082616], [20.013767, 50.082191], [20.015103, 50.081904], [20.015887, 50.081611], [20.015708, 50.080953], [20.01574, 50.079957], [20.015921, 50.079812], [20.015236, 50.078682], [20.015787, 50.078608], [20.015875, 50.078931], [20.01616, 50.078895], [20.019302, 50.078155], [20.019123, 50.077684], [20.020927, 50.077188], [20.021891, 50.076799], [20.021841, 50.076686], [20.025711, 50.078791], [20.026485, 50.079707], [20.026519, 50.079834], [20.026413, 50.079979], [20.026983, 50.080272], [20.027327, 50.080187], [20.028088, 50.080326], [20.028584, 50.079734], [20.032592, 50.081835], [20.038387, 50.085053], [20.040674, 50.083412], [20.041237, 50.083225], [20.042632, 50.083011], [20.043526, 50.08278], [20.045065, 50.082192], [20.049657, 50.080205], [20.050225, 50.079713], [20.052344, 50.076417], [20.056487, 50.077447], [20.056315, 50.077773], [20.056327, 50.078237], [20.055961, 50.078772], [20.054991, 50.079455], [20.054134, 50.080344], [20.053235, 50.080794], [20.053052, 50.081054], [20.053177, 50.081376], [20.053418, 50.081542], [20.05339, 50.081727], [20.053507, 50.082234], [20.0534, 50.082728], [20.053481, 50.08308], [20.053736, 50.083363], [20.053644, 50.083649], [20.052887, 50.083728], [20.052279, 50.083655], [20.052048, 50.083534], [20.050607, 50.083588], [20.049429, 50.083516], [20.048693, 50.083796], [20.048312, 50.084269], [20.047757, 50.084623], [20.047577, 50.084934], [20.047593, 50.085514], [20.047082, 50.086295], [20.046917, 50.086852], [20.046848, 50.086845], [20.046844, 50.087454], [20.047243, 50.088754], [20.046759, 50.088928], [20.046802, 50.088983], [20.044981, 50.089608], [20.038671, 50.089288], [20.03829, 50.08933], [20.032665, 50.09083], [20.033806, 50.092489], [20.033937, 50.092952], [20.033661, 50.093488], [20.029626, 50.093349], [20.029517, 50.093291], [20.028942, 50.093374], [20.027888, 50.093323], [20.027258, 50.093388], [20.02607, 50.093612], [20.022669, 50.09468], [20.019889, 50.095435], [20.018971, 50.095542], [20.017462, 50.095395], [20.01607, 50.095], [20.013992, 50.093934], [20.01269, 50.093059], [20.00482, 50.088543], [20.004299, 50.088319], [20.003449, 50.088101]]]]}}, {"type": "Feature", "properties": {"name": "Bieżanów-Prokocim", "slug": "biezanow-prokocim", "osm_relation": 2647604, "in": {"en": "in Bieżanów-Prokocim"}}, "geometry": {"type": "MultiPolygon", "coordinates": [[[[19.972712, 50.015735], [19.972742, 50.015975], [19.97556, 50.016587], [19.976207, 50.016804], [19.976791, 50.017196], [19.977155, 50.017774], [19.977161, 50.019027], [19.97723, 50.019035], [19.97725, 50.019568], [19.977139, 50.019986], [19.977031, 50.021309], [19.977137, 50.021576], [19.977041, 50.021557], [19.977123, 50.022385], [19.977464, 50.022867], [19.978892, 50.023957], [19.977878, 50.024616], [19.977388, 50.024886], [19.97725, 50.024863], [19.977162, 50.025056], [19.976509, 50.025413], [19.977421, 50.02599], [19.976658, 50.026723], [19.977381, 50.02696], [19.97846, 50.025888], [19.981108, 50.026586], [19.981933, 50.027095], [19.98287, 50.026785], [19.983261, 50.026395], [19.983711, 50.026544], [19.98418, 50.025957], [19.984506, 50.026065], [19.984878, 50.025767], [19.985529, 50.02596], [19.98511, 50.026357], [19.986094, 50.026832], [19.986851, 50.026982], [19.992052, 50.030381], [19.991979, 50.030835], [19.996452, 50.030377], [19.996432, 50.030163], [19.999699, 50.029704], [20.003224, 50.029448], [20.004894, 50.029428], [20.013652, 50.028028], [20.013682, 50.028101], [20.014102, 50.028011], [20.014528, 50.028237], [20.01455, 50.02833], [20.014831, 50.028149], [20.014656, 50.028149], [20.01436, 50.027974], [20.015244, 50.027839], [20.018658, 50.026924], [20.018615, 50.026839], [20.019827, 50.026507], [20.022704, 50.02589], [20.022737, 50.025953], [20.024197, 50.025683], [20.026136, 50.02566], [20.026241, 50.025732], [20.026472, 50.025582], [20.027942, 50.025318], [20.028054, 50.025734], [20.028053, 50.027144], [20.027842, 50.028471], [20.028228, 50.028957], [20.029565, 50.030056], [20.029681, 50.030703], [20.029751, 50.031176], [20.029711, 50.031632], [20.029149, 50.033308], [20.029178, 50.0337], [20.029379, 50.034105], [20.030084, 50.034073], [20.030817, 50.034171], [20.033101, 50.034964], [20.033714, 50.03506], [20.035015, 50.035112], [20.035949, 50.034963], [20.036881, 50.034688], [20.03781, 50.034297], [20.038822, 50.034069], [20.039524, 50.034019], [20.047364, 50.033961], [20.052918, 50.034426], [20.053775, 50.03436], [20.057752, 50.033705], [20.062756, 50.033839], [20.072822, 50.031435], [20.072809, 50.030876], [20.072274, 50.029753], [20.069111, 50.027129], [20.068428, 50.026475], [20.067698, 50.025449], [20.064865, 50.024271], [20.065043, 50.02397], [20.067163, 50.022188], [20.06771, 50.022034], [20.068433, 50.021995], [20.06975, 50.018334], [20.069367, 50.017167], [20.069082, 50.015747], [20.068858, 50.015275], [20.068649, 50.015114], [20.068031, 50.014079], [20.067657, 50.013086], [20.067615, 50.012752], [20.067756, 50.01272], [20.067743, 50.012585], [20.067896, 50.012242], [20.06788, 50.0117], [20.067386, 50.009765], [20.067222, 50.009537], [20.066764, 50.009147], [20.066514, 50.009026], [20.06626, 50.009028], [20.065667, 50.007787], [20.06482, 50.008036], [20.064333, 50.008095], [20.063321, 50.008186], [20.062922, 50.008083], [20.062354, 50.007615], [20.062305, 50.00729], [20.062548, 50.007006], [20.062561, 50.006841], [20.062419, 50.006753], [20.062331, 50.006323], [20.061818, 50.006251], [20.06176, 50.005957], [20.061687, 50.005968], [20.061593, 50.005784], [20.061385, 50.005832], [20.061347, 50.00568], [20.060753, 50.005332], [20.058287, 50.005657], [20.058012, 50.005449], [20.057522, 50.004832], [20.057285, 50.004708], [20.05516, 50.004597], [20.055169, 50.004114], [20.053896, 50.004102], [20.05161, 50.003826], [20.049603, 50.004293], [20.048921, 50.004312], [20.048283, 50.00417], [20.048142, 50.003991], [20.048133, 50.002952], [20.047791, 50.001649], [20.047734, 50.000067], [20.047827, 49.999358], [20.047968, 49.999092], [20.047581, 49.999], [20.047274, 49.998979], [20.04677, 49.999153], [20.045136, 49.999085], [20.043978, 49.999151], [20.040229, 49.999733], [20.03917, 49.999826], [20.038892, 49.999936], [20.038736, 50.000222], [20.037726, 50.001002], [20.036564, 50.001304], [20.035699, 50.00141], [20.031013, 50.000915], [20.030726, 50.00101], [20.030157, 50.000973], [20.028892, 50.001101], [20.028795, 50.001063], [20.028797, 50.000916], [20.029181, 50.000408], [20.029321, 49.999622], [20.029195, 49.999288], [20.028484, 49.999178], [20.025786, 50.001408], [20.023596, 50.003014], [20.022154, 50.003253], [20.020204, 50.003099], [20.018814, 50.003114], [20.018738, 50.003467], [20.018481, 50.003947], [20.018489, 50.004178], [20.018281, 50.004326], [20.017478, 50.004243], [20.01673, 50.003948], [20.013271, 50.003709], [20.010534, 50.003327], [20.006308, 50.002489], [20.006115, 50.001964], [20.005749, 50.001728], [20.004259, 50.001168], [20.003942, 50.001387], [20.002283, 50.001285], [20.000072, 50.001402], [20.000662, 50.00203], [20.000157, 50.002164], [20.00029, 50.002467], [20.00131, 50.00254], [20.003195, 50.003404], [20.001628, 50.003831], [20.001402, 50.004227], [20.001249, 50.004792], [20.000663, 50.005389], [19.999986, 50.005921], [19.999063, 50.006419], [19.998786, 50.006685], [19.998214, 50.007038], [19.997142, 50.007883], [19.996699, 50.008351], [19.992537, 50.010168], [19.992399, 50.01038], [19.991516, 50.010615], [19.991578, 50.01078], [19.990707, 50.011262], [19.990552, 50.011504], [19.990514, 50.011999], [19.99065, 50.011945], [19.990645, 50.012009], [19.990533, 50.012232], [19.990239, 50.012343], [19.990956, 50.012922], [19.990846, 50.012997], [19.990816, 50.013293], [19.991173, 50.01343], [19.992386, 50.013245], [19.992252, 50.013435], [19.991794, 50.01365], [19.991248, 50.014199], [19.99106, 50.014518], [19.991189, 50.014835], [19.991206, 50.015441], [19.990296, 50.015207], [19.98979, 50.014943], [19.989425, 50.015015], [19.988444, 50.01489], [19.987895, 50.015012], [19.987368, 50.014967], [19.986617, 50.015091], [19.984721, 50.014933], [19.982357, 50.014999], [19.981181, 50.014915], [19.980856, 50.014975], [19.978661, 50.014995], [19.978212, 50.014906], [19.977873, 50.015061], [19.974313, 50.01528], [19.972693, 50.015584], [19.972712, 50.015735]]]]}}, {"type": "Feature", "properties": {"name": "Bronowice", "slug": "bronowice", "osm_relation": 2650430, "in": {"en": "in Bronowice", "pl": "w Bronowicach"}}, "geometry": {"type": "MultiPolygon", "coordinates": [[[[19.834535, 50.088505], [19.835568, 50.089588], [19.836467, 50.089337], [19.837755, 50.090462], [19.83818, 50.090355], [19.838499, 50.090665], [19.839044, 50.09066], [19.839411, 50.090844], [19.839544, 50.091089], [19.839969, 50.091289], [19.840077, 50.091442], [19.840646, 50.091577], [19.840939, 50.091793], [19.841308, 50.091855], [19.841618, 50.091772], [19.841861, 50.091821], [19.842586, 50.092235], [19.843096, 50.092384], [19.843304, 50.092259], [19.843743, 50.092171], [19.844985, 50.092221], [19.845184, 50.092351], [19.846504, 50.092799], [19.846867, 50.093022], [19.84908, 50.093521], [19.849491, 50.093699], [19.849758, 50.093722], [19.85083, 50.094221], [19.851872, 50.094429], [19.856012, 50.093604], [19.85772, 50.093593], [19.858619, 50.093506], [19.86101, 50.092886], [19.861582, 50.092658], [19.866046, 50.097731], [19.867489, 50.099308], [19.867687, 50.099433], [19.868936, 50.097857], [19.872906, 50.095866], [19.87364, 50.095573], [19.874225, 50.095189], [19.874169, 50.09515], [19.875262, 50.094521], [19.875769, 50.094137], [19.875724, 50.094107], [19.876797, 50.093384], [19.878823, 50.092235], [19.883893, 50.089979], [19.888994, 50.088158], [19.890068, 50.087796], [19.890755, 50.087711], [19.89071, 50.087631], [19.890865, 50.087599], [19.892265, 50.087511], [19.89246, 50.087256], [19.891676, 50.086837], [19.891413, 50.086525], [19.891452, 50.084685], [19.89134, 50.083432], [19.894796, 50.083615], [19.896348, 50.083809], [19.899879, 50.083454], [19.904399, 50.082617], [19.906106, 50.082613], [19.909343, 50.082445], [19.90886, 50.081646], [19.908174, 50.080243], [19.906895, 50.077561], [19.906986, 50.077545], [19.906191, 50.075896], [19.905833, 50.075803], [19.90472, 50.072481], [19.904691, 50.07207], [19.903969, 50.07027], [19.897963, 50.071106], [19.895496, 50.071544], [19.890356, 50.072101], [19.889363, 50.072329], [19.889103, 50.07187], [19.888081, 50.072274], [19.887933, 50.071757], [19.887926, 50.071506], [19.888028, 50.071293], [19.887518, 50.07096], [19.887688, 50.070712], [19.887422, 50.070442], [19.887371, 50.069647], [19.887252, 50.069431], [19.887236, 50.068744], [19.887371, 50.068494], [19.887949, 50.068017], [19.888064, 50.067475], [19.887651, 50.067282], [19.886655, 50.06747], [19.884007, 50.067484], [19.882911, 50.067614], [19.881347, 50.068083], [19.878813, 50.069482], [19.875495, 50.07071], [19.874163, 50.071378], [19.87306, 50.071789], [19.871993, 50.071969], [19.867943, 50.072092], [19.86736, 50.072328], [19.866015, 50.073191], [19.865654, 50.073293], [19.864202, 50.073407], [19.863388, 50.073567], [19.862692, 50.073878], [19.858808, 50.07649], [19.85841, 50.076633], [19.857696, 50.076752], [19.856309, 50.076687], [19.855722, 50.07676], [19.854096, 50.077501], [19.853194, 50.077783], [19.852579, 50.077875], [19.847352, 50.077839], [19.845786, 50.07819], [19.844953, 50.078605], [19.842191, 50.080592], [19.841841, 50.080918], [19.841121, 50.081876], [19.840617, 50.082169], [19.83985, 50.082468], [19.839265, 50.082866], [19.83909, 50.083096], [19.838844, 50.083693], [19.837847, 50.084425], [19.837612, 50.084884], [19.837633, 50.085181], [19.838269, 50.08607], [19.838333, 50.086319], [19.838289, 50.086634], [19.837853, 50.087151], [19.836708, 50.088002], [19.835719, 50.08833], [19.834535, 50.088505]]]]}}, {"type": "Feature", "properties": {"name": "Czyżyny", "slug": "czyzyny", "osm_relation": 2648668, "in": {"en": "in Czyżyny", "pl": "w Czyżynach"}}, "geometry": {"type": "MultiPolygon", "coordinates": [[[[19.982456, 50.086265], [19.982474, 50.086346], [19.988643, 50.087043], [19.988649, 50.087152], [19.993081, 50.087744], [19.994059, 50.087587], [19.994911, 50.08758], [20.001115, 50.087854], [20.003449, 50.088101], [20.003739, 50.087756], [20.007131, 50.086779], [20.013272, 50.085703], [20.013044, 50.085088], [20.011846, 50.082844], [20.01288, 50.082616], [20.013767, 50.082191], [20.015103, 50.081904], [20.015887, 50.081611], [20.015708, 50.080953], [20.01574, 50.079957], [20.015921, 50.079812], [20.015236, 50.078682], [20.015787, 50.078608], [20.015875, 50.078931], [20.01616, 50.078895], [20.019302, 50.078155], [20.019123, 50.077684], [20.020927, 50.077188], [20.021891, 50.076799], [20.021841, 50.076686], [20.021388, 50.076444], [20.021352, 50.076315], [20.01862, 50.074866], [20.017353, 50.074255], [20.01629, 50.073946], [20.016139, 50.073186], [20.016622, 50.072792], [20.016591, 50.072657], [20.017681, 50.072562], [20.017812, 50.072699], [20.018196, 50.072863], [20.018578, 50.07294], [20.019356, 50.072862], [20.019388, 50.072984], [20.021075, 50.072936], [20.029223, 50.072031], [20.029019, 50.071439], [20.028716, 50.071004], [20.02926, 50.070496], [20.02954, 50.070109], [20.030888, 50.069743], [20.02988, 50.068664], [20.029297, 50.068185], [20.029076, 50.068101], [20.028967, 50.067921], [20.029212, 50.0672], [20.029177, 50.066558], [20.029018, 50.066067], [20.029513, 50.065969], [20.029928, 50.065592], [20.030481, 50.065438], [20.031447, 50.064766], [20.032519, 50.064614], [20.033258, 50.064293], [20.033901, 50.064258], [20.035525, 50.063971], [20.035327, 50.064363], [20.037159, 50.064062], [20.040199, 50.063199], [20.040614, 50.063173], [20.040329, 50.062418], [20.041591, 50.062385], [20.041465, 50.061565], [20.042138, 50.06146], [20.041632, 50.059981], [20.04111, 50.060028], [20.040622, 50.059951], [20.040122, 50.059654], [20.038414, 50.058935], [20.039325, 50.05865], [20.037499, 50.057688], [20.037288, 50.057754], [20.037047, 50.057092], [20.036133, 50.056243], [20.040379, 50.054581], [20.042595, 50.053823], [20.043134, 50.053715], [20.047544, 50.053472], [20.047427, 50.053202], [20.047437, 50.052837], [20.047983, 50.05267], [20.048105, 50.05254], [20.048342, 50.051914], [20.045859, 50.051272], [20.044602, 50.050706], [20.042792, 50.049612], [20.040393, 50.048448], [20.038495, 50.047966], [20.037053, 50.047834], [20.035755, 50.047843], [20.03226, 50.048444], [20.030285, 50.049133], [20.02899, 50.049809], [20.027365, 50.050792], [20.025893, 50.051383], [20.024427, 50.051692], [20.022834, 50.051681], [20.021424, 50.051291], [20.02009, 50.050604], [20.019103, 50.049709], [20.018091, 50.048622], [20.017444, 50.047328], [20.016982, 50.046579], [20.016475, 50.045958], [20.015156, 50.045193], [20.014098, 50.044951], [20.013098, 50.044891], [20.011936, 50.04495], [20.011181, 50.045032], [20.009682, 50.045411], [20.007092, 50.04631], [20.005519, 50.046985], [20.003208, 50.048173], [20.001092, 50.049507], [19.999863, 50.050488], [19.999261, 50.051129], [19.9983, 50.052792], [19.997612, 50.054201], [19.997046, 50.055012], [19.996898, 50.055543], [19.996518, 50.056043], [19.995609, 50.056934], [19.994973, 50.057367], [19.993958, 50.058001], [19.991398, 50.059271], [19.990308, 50.059567], [19.988762, 50.059792], [19.986851, 50.059855], [19.98648, 50.060383], [19.985803, 50.06075], [19.985483, 50.061102], [19.984828, 50.061544], [19.98421, 50.061791], [19.982769, 50.062129], [19.982146, 50.062448], [19.984536, 50.063692], [19.988644, 50.064468], [19.988737, 50.06482], [19.988447, 50.067113], [19.988316, 50.067236], [19.988138, 50.067226], [19.988115, 50.06751], [19.988238, 50.067513], [19.988276, 50.06772], [19.988062, 50.068198], [19.987625, 50.068718], [19.98715, 50.069033], [19.98417, 50.070555], [19.985276, 50.071573], [19.985453, 50.071547], [19.985827, 50.071862], [19.985728, 50.072032], [19.985449, 50.072166], [19.985871, 50.072582], [19.985975, 50.07253], [19.98626, 50.072668], [19.9871, 50.07254], [19.987418, 50.073209], [19.988508, 50.073267], [19.988135, 50.075596], [19.988611, 50.075933], [19.989061, 50.076073], [19.98935, 50.076544], [19.988627, 50.077154], [19.987239, 50.079665], [19.987641, 50.080104], [19.988952, 50.08035], [19.988935, 50.080416], [19.989394, 50.080517], [19.988268, 50.082596], [19.987947, 50.082747], [19.987634, 50.083312], [19.987488, 50.083394], [19.987177, 50.083401], [19.986554, 50.083254], [19.986488, 50.083175], [19.986184, 50.083719], [19.986782, 50.083706], [19.986698, 50.084094], [19.986424, 50.084316], [19.985577, 50.084523], [19.985117, 50.084768], [19.984526, 50.085339], [19.983952, 50.085538], [19.982342, 50.085543], [19.982456, 50.086265]]]]}}, {"type": "Feature", "properties": {"name": "Dębniki", "slug": "debniki", "osm_relation": 2398482, "in": {"en": "in Dębniki", "pl": "na Dębnikach"}}, "geometry": {"type": "MultiPolygon", "coordinates": [[[[19.792649, 50.01307], [19.793346, 50.013962], [19.794324, 50.014683], [19.797546, 50.015601], [19.798488, 50.016165], [19.799266, 50.016804], [19.799929, 50.017511], [19.800426, 50.018275], [19.800555, 50.018599], [19.800878, 50.020327], [19.802004, 50.022694], [19.802612, 50.023639], [19.803179, 50.024293], [19.804279, 50.025223], [19.805896, 50.026091], [19.807088, 50.026436], [19.807906, 50.02655], [19.8094, 50.026538], [19.810309, 50.026377], [19.811591, 50.025853], [19.812343, 50.025429], [19.813966, 50.023365], [19.814876, 50.021775], [19.815174, 50.021512], [19.816157, 50.02096], [19.817762, 50.020492], [19.818591, 50.020366], [19.82033, 50.020467], [19.821812, 50.020871], [19.82211, 50.021073], [19.827708, 50.023759], [19.828164, 50.024094], [19.828686, 50.024719], [19.828923, 50.025248], [19.829101, 50.025817], [19.82895, 50.026918], [19.827658, 50.029791], [19.826544, 50.031696], [19.826325, 50.032406], [19.824513, 50.032074], [19.826234, 50.032741], [19.826249, 50.033055], [19.82643, 50.0336], [19.826984, 50.034495], [19.827788, 50.035], [19.8286, 50.035329], [19.831277, 50.035855], [19.834068, 50.03607], [19.835438, 50.036263], [19.836728, 50.036573], [19.839192, 50.037483], [19.841362, 50.038561], [19.843366, 50.039941], [19.844394, 50.040546], [19.845259, 50.04127], [19.846304, 50.041882], [19.847373, 50.04245], [19.848897, 50.042997], [19.851631, 50.043377], [19.853387, 50.043432], [19.85593, 50.043337], [19.861089, 50.043397], [19.865918, 50.043918], [19.866993, 50.043982], [19.869055, 50.043925], [19.870873, 50.043655], [19.872488, 50.043191], [19.87809, 50.039382], [19.879524, 50.038707], [19.882008, 50.038317], [19.884482, 50.038112], [19.887352, 50.038096], [19.891306, 50.0384], [19.895937, 50.038582], [19.898254, 50.039307], [19.899187, 50.039846], [19.900047, 50.040625], [19.900851, 50.041219], [19.901591, 50.042121], [19.902117, 50.042969], [19.902737, 50.043738], [19.904674, 50.045954], [19.905478, 50.047215], [19.90606, 50.048361], [19.906482, 50.04887], [19.907277, 50.049746], [19.908209, 50.05037], [19.908981, 50.050762], [19.90997, 50.051084], [19.911064, 50.051206], [19.915798, 50.051207], [19.921838, 50.051959], [19.923222, 50.052229], [19.924726, 50.052633], [19.926099, 50.053127], [19.928486, 50.054166], [19.92981, 50.054453], [19.930759, 50.054371], [19.931382, 50.0542], [19.931651, 50.053962], [19.933134, 50.051351], [19.934833, 50.048877], [19.937074, 50.046365], [19.937798, 50.045776], [19.938753, 50.045315], [19.939659, 50.045032], [19.940953, 50.044861], [19.942062, 50.044832], [19.941008, 50.044082], [19.935604, 50.041035], [19.93544, 50.040269], [19.935225, 50.039777], [19.934833, 50.039355], [19.931779, 50.037609], [19.92897, 50.036132], [19.928581, 50.035849], [19.928174, 50.035274], [19.928172, 50.035098], [19.928605, 50.034705], [19.928704, 50.034518], [19.928626, 50.034178], [19.928257, 50.033855], [19.927612, 50.03368], [19.9273, 50.033495], [19.92723, 50.033344], [19.927308, 50.033118], [19.928424, 50.032054], [19.928466, 50.031835], [19.928358, 50.031474], [19.9272, 50.029589], [19.926433, 50.029185], [19.926218, 50.029022], [19.926131, 50.028843], [19.926294, 50.02846], [19.926674, 50.028293], [19.926797, 50.028161], [19.926859, 50.027874], [19.926589, 50.027563], [19.926518, 50.027323], [19.926858, 50.026927], [19.92686, 50.026771], [19.926793, 50.026569], [19.926044, 50.026039], [19.925811, 50.025768], [19.925708, 50.025472], [19.925776, 50.025215], [19.92536, 50.025359], [19.925273, 50.025841], [19.922038, 50.026558], [19.922204, 50.026342], [19.922336, 50.025443], [19.922493, 50.025306], [19.922429, 50.024903], [19.922217, 50.024408], [19.922192, 50.023807], [19.922099, 50.023478], [19.922085, 50.023335], [19.922303, 50.023282], [19.920695, 50.023074], [19.919692, 50.022388], [19.919554, 50.022206], [19.917332, 50.021694], [19.915018, 50.020938], [19.914364, 50.020598], [19.913784, 50.019565], [19.913661, 50.019592], [19.91367, 50.018977], [19.913146, 50.018581], [19.911125, 50.016443], [19.910677, 50.015808], [19.910424, 50.015103], [19.909871, 50.01414], [19.908858, 50.012974], [19.907511, 50.010777], [19.907647, 50.010343], [19.907791, 50.010307], [19.907277, 50.009791], [19.907045, 50.00943], [19.90709, 50.00922], [19.907465, 50.008761], [19.905046, 50.007191], [19.903808, 50.00671], [19.903006, 50.006549], [19.901618, 50.006485], [19.898579, 50.006642], [19.896733, 50.00711], [19.89549, 50.007571], [19.893908, 50.007616], [19.893796, 50.007707], [19.893328, 50.007637], [19.892018, 50.007692], [19.891795, 50.007603], [19.891607, 50.007151], [19.891412, 50.006999], [19.890029, 50.006814], [19.889822, 50.005648], [19.888821, 50.002676], [19.889576, 50.002361], [19.893796, 49.99997], [19.893967, 49.999752], [19.893976, 49.998268], [19.894929, 49.998308], [19.895825, 49.996099], [19.895551, 49.99634], [19.89562, 49.996167], [19.895541, 49.995919], [19.895066, 49.995114], [19.893086, 49.993229], [19.892726, 49.992497], [19.892554, 49.992328], [19.891486, 49.992368], [19.890212, 49.992284], [19.890178, 49.992188], [19.889918, 49.990835], [19.890052, 49.990801], [19.890155, 49.990627], [19.890142, 49.990403], [19.891204, 49.99009], [19.891519, 49.989922], [19.891604, 49.989911], [19.891595, 49.990001], [19.891839, 49.989995], [19.891905, 49.989083], [19.892304, 49.98893], [19.892618, 49.988633], [19.892978, 49.988469], [19.892799, 49.987965], [19.892789, 49.98758], [19.8932, 49.986931], [19.891854, 49.986799], [19.890571, 49.986815], [19.887075, 49.986613], [19.886962, 49.986493], [19.886806, 49.986145], [19.885929, 49.985081], [19.88577, 49.984724], [19.885833, 49.984622], [19.886179, 49.984542], [19.88626, 49.984416], [19.886256, 49.983986], [19.886383, 49.983531], [19.886269, 49.983122], [19.888881, 49.983334], [19.888809, 49.982704], [19.887464, 49.981033], [19.887318, 49.98039], [19.887435, 49.980355], [19.887274, 49.980051], [19.887403, 49.979851], [19.887279, 49.979339], [19.887053, 49.979356], [19.886945, 49.979227], [19.88677, 49.979297], [19.886657, 49.979171], [19.886515, 49.979187], [19.886353, 49.979071], [19.886392, 49.978995], [19.886277, 49.978923], [19.886309, 49.978875], [19.886003, 49.978766], [19.88597, 49.978659], [19.886114, 49.97855], [19.885449, 49.978332], [19.885429, 49.978074], [19.885133, 49.977967], [19.885321, 49.97778], [19.885168, 49.977667], [19.885165, 49.977386], [19.885376, 49.977231], [19.88544, 49.97693], [19.88531, 49.976771], [19.884877, 49.976563], [19.884859, 49.97631], [19.884789, 49.976315], [19.884694, 49.976113], [19.884315, 49.975939], [19.883695, 49.975871], [19.882946, 49.975639], [19.882743, 49.975446], [19.88243, 49.975315], [19.882228, 49.975022], [19.882283, 49.975006], [19.882178, 49.974942], [19.881336, 49.974721], [19.881034, 49.974724], [19.880454, 49.974438], [19.879977, 49.974051], [19.879691, 49.973547], [19.879742, 49.973197], [19.879676, 49.972637], [19.879482, 49.972142], [19.879437, 49.971454], [19.87809, 49.971432], [19.876642, 49.971519], [19.873904, 49.97142], [19.873099, 49.971502], [19.872866, 49.971589], [19.872864, 49.971659], [19.872449, 49.971706], [19.871399, 49.971674], [19.870243, 49.97183], [19.869677, 49.972048], [19.868933, 49.972484], [19.868307, 49.973331], [19.867668, 49.97448], [19.867353, 49.974547], [19.864863, 49.97463], [19.863349, 49.974828], [19.86217, 49.975173], [19.860695, 49.97591], [19.861923, 49.976207], [19.862984, 49.976569], [19.863034, 49.977844], [19.862924, 49.978226], [19.862941, 49.978618], [19.862376, 49.978634], [19.862285, 49.979257], [19.862495, 49.979286], [19.862442, 49.979826], [19.864486, 49.98014], [19.864411, 49.980805], [19.864572, 49.981662], [19.864444, 49.983266], [19.86324, 49.98374], [19.862662, 49.984184], [19.862394, 49.984709], [19.860731, 49.98461], [19.859877, 49.984718], [19.858761, 49.984896], [19.857938, 49.985261], [19.856563, 49.985513], [19.854476, 49.985515], [19.853391, 49.985358], [19.851562, 49.98544], [19.848779, 49.985191], [19.848648, 49.987487], [19.848524, 49.987828], [19.848252, 49.98979], [19.848307, 49.99032], [19.848558, 49.990695], [19.848776, 49.991579], [19.849107, 49.992168], [19.849243, 49.992674], [19.849533, 49.994673], [19.849013, 49.994875], [19.848827, 49.994807], [19.848386, 49.994902], [19.84795, 49.994765], [19.847918, 49.994637], [19.847685, 49.994609], [19.847504, 49.994639], [19.847392, 49.994751], [19.846864, 49.994739], [19.8463, 49.994557], [19.844797, 49.994592], [19.844828, 49.994722], [19.844679, 49.994722], [19.844043, 49.994502], [19.843962, 49.994538], [19.843917, 49.994775], [19.843686, 49.994867], [19.843165, 49.994788], [19.842665, 49.995038], [19.841766, 49.994961], [19.841157, 49.994815], [19.838096, 49.995026], [19.837083, 49.995464], [19.837074, 49.995531], [19.831677, 49.99594], [19.831609, 49.99604], [19.822865, 49.996308], [19.82244, 49.996243], [19.821942, 49.996765], [19.819346, 49.996994], [19.818424, 49.99676], [19.818333, 49.996451], [19.818103, 49.996474], [19.816056, 49.995945], [19.815158, 49.995815], [19.814835, 49.995553], [19.814305, 49.995297], [19.814212, 49.995125], [19.814228, 49.995008], [19.814589, 49.99473], [19.814755, 49.994407], [19.814025, 49.994316], [19.813035, 49.994537], [19.813059, 49.994741], [19.812657, 49.994777], [19.81217, 49.994696], [19.81161, 49.994358], [19.811014, 49.994436], [19.811042, 49.994264], [19.811364, 49.994029], [19.811229, 49.993716], [19.810505, 49.993309], [19.810483, 49.993075], [19.810353, 49.992956], [19.810104, 49.992967], [19.809826, 49.993122], [19.809557, 49.992921], [19.809535, 49.992168], [19.807417, 49.992576], [19.805987, 49.993026], [19.803612, 49.992962], [19.803488, 49.993174], [19.803514, 49.993525], [19.803936, 49.99406], [19.803974, 49.994194], [19.80386, 49.994327], [19.80277, 49.994118], [19.802577, 49.993962], [19.802333, 49.993421], [19.802233, 49.993373], [19.80171, 49.993432], [19.801364, 49.993908], [19.801243, 49.993985], [19.800889, 49.99399], [19.800927, 49.9942], [19.800727, 49.994402], [19.800735, 49.994662], [19.80061, 49.994815], [19.800942, 49.99496], [19.800945, 49.995057], [19.80066, 49.995317], [19.800804, 49.995425], [19.800776, 49.995484], [19.800006, 49.995783], [19.799449, 49.995784], [19.799122, 49.995938], [19.798787, 49.995967], [19.798741, 49.99584], [19.798436, 49.995641], [19.798216, 49.995366], [19.798318, 49.995321], [19.797846, 49.995063], [19.796474, 49.994537], [19.79623, 49.994878], [19.796173, 49.995137], [19.795665, 49.995285], [19.796059, 49.995809], [19.796631, 49.997369], [19.795451, 50.002117], [19.795177, 50.002771], [19.795224, 50.003239], [19.794849, 50.004851], [19.794688, 50.00605], [19.794338, 50.007212], [19.793025, 50.009624], [19.792379, 50.011035], [19.792236, 50.011797], [19.792301, 50.012245], [19.792649, 50.01307]]]]}}, {"type": "Feature", "properties": {"name": "Grzegórzki", "slug": "grzegorzki", "osm_relation": 2648849, "in": {"en": "in Grzegórzki", "pl": "na Grzegórzkach"}}, "geometry": {"type": "MultiPolygon", "coordinates": [[[[19.947345, 50.058393], [19.947519, 50.058557], [19.947525, 50.058777], [19.947478, 50.059775], [19.947293, 50.059784], [19.9473, 50.059978], [19.947407, 50.059969], [19.947481, 50.060683], [19.947585, 50.060721], [19.947598, 50.060963], [19.947441, 50.06115], [19.947643, 50.061284], [19.947481, 50.061578], [19.947445, 50.062617], [19.947521, 50.062621], [19.947329, 50.063989], [19.947456, 50.064056], [19.947393, 50.064835], [19.949258, 50.065006], [19.94922, 50.065319], [19.949286, 50.065549], [19.950071, 50.067256], [19.949973, 50.068149], [19.952084, 50.067779], [19.955229, 50.072019], [19.955173, 50.072036], [19.956227, 50.073417], [19.956336, 50.073382], [19.957162, 50.074451], [19.957103, 50.074468], [19.957935, 50.075699], [19.958222, 50.075988], [19.960167, 50.078631], [19.959495, 50.078708], [19.959104, 50.078629], [19.958385, 50.078764], [19.957922, 50.07876], [19.957553, 50.078983], [19.956958, 50.079783], [19.957176, 50.079737], [19.957225, 50.079837], [19.959297, 50.079637], [19.96418, 50.078221], [19.964808, 50.077985], [19.965125, 50.07772], [19.967013, 50.077033], [19.967159, 50.0772], [19.967991, 50.076867], [19.967818, 50.076684], [19.968449, 50.076423], [19.968702, 50.076099], [19.968641, 50.07604], [19.968742, 50.075977], [19.968689, 50.075936], [19.969798, 50.07524], [19.969864, 50.07529], [19.969963, 50.075235], [19.969886, 50.075173], [19.972004, 50.073705], [19.971897, 50.073639], [19.973165, 50.072487], [19.974, 50.071546], [19.974538, 50.070789], [19.976129, 50.068002], [19.97672, 50.067292], [19.979337, 50.068216], [19.979726, 50.068416], [19.979789, 50.068325], [19.981014, 50.068784], [19.98177, 50.068401], [19.982264, 50.069211], [19.982343, 50.069189], [19.982452, 50.069312], [19.982393, 50.069407], [19.982555, 50.069717], [19.982881, 50.070056], [19.983369, 50.069838], [19.98417, 50.070555], [19.98715, 50.069033], [19.987625, 50.068718], [19.988062, 50.068198], [19.98826, 50.067837], [19.988238, 50.067513], [19.988115, 50.06751], [19.988138, 50.067226], [19.988316, 50.067236], [19.988447, 50.067113], [19.988737, 50.06482], [19.988644, 50.064468], [19.984536, 50.063692], [19.982146, 50.062448], [19.982769, 50.062129], [19.98421, 50.061791], [19.984828, 50.061544], [19.985483, 50.061102], [19.985803, 50.06075], [19.98648, 50.060383], [19.986851, 50.059855], [19.985276, 50.059622], [19.984226, 50.059097], [19.98302, 50.05823], [19.982336, 50.057596], [19.981087, 50.05587], [19.980205, 50.055126], [19.978949, 50.054264], [19.977015, 50.053523], [19.976183, 50.05337], [19.973711, 50.052595], [19.972341, 50.052307], [19.970622, 50.052217], [19.969488, 50.052338], [19.967209, 50.052734], [19.965685, 50.052853], [19.962788, 50.05281], [19.960091, 50.052356], [19.959375, 50.052118], [19.956371, 50.051026], [19.954664, 50.050108], [19.953819, 50.050862], [19.953437, 50.050628], [19.953345, 50.050652], [19.949603, 50.053771], [19.948925, 50.054074], [19.949053, 50.054411], [19.948339, 50.055472], [19.947854, 50.055534], [19.947992, 50.05609], [19.947443, 50.057619], [19.947467, 50.057926], [19.947399, 50.05795], [19.947345, 50.058393]]]]}}, {"type": "Feature", "properties": {"name": "Krowodrza", "slug": "krowodrza", "osm_relation": 2649407, "in": {"en": "in Krowodrza", "pl": "na Krowodrzy"}}, "geometry": {"type": "MultiPolygon", "coordinates": [[[[19.888081, 50.072274], [19.887933, 50.071757], [19.887926, 50.071506], [19.888028, 50.071293], [19.887518, 50.07096], [19.887688, 50.070712], [19.887422, 50.070442], [19.887371, 50.069647], [19.887252, 50.069431], [19.887236, 50.068744], [19.88733, 50.068539], [19.887949, 50.068017], [19.887967, 50.06778], [19.888083, 50.067571], [19.889697, 50.067099], [19.891084, 50.066476], [19.892157, 50.066293], [19.892242, 50.066445], [19.893916, 50.065822], [19.89612, 50.065198], [19.902472, 50.06319], [19.902379, 50.062984], [19.90271, 50.062901], [19.90258, 50.062669], [19.902665, 50.062598], [19.904219, 50.062357], [19.904284, 50.062536], [19.924044, 50.059409], [19.924585, 50.059459], [19.924675, 50.059159], [19.925511, 50.059224], [19.924458, 50.061039], [19.923869, 50.062202], [19.92377, 50.062606], [19.925391, 50.066875], [19.926603, 50.068806], [19.927533, 50.070116], [19.927707, 50.07028], [19.929306, 50.071097], [19.929838, 50.071459], [19.932261, 50.072698], [19.932935, 50.072958], [19.934429, 50.073341], [19.934594, 50.073307], [19.934698, 50.073188], [19.934937, 50.073299], [19.936992, 50.073491], [19.938111, 50.073481], [19.938632, 50.073807], [19.938747, 50.07411], [19.940324, 50.075308], [19.940429, 50.075255], [19.940936, 50.0756], [19.941018, 50.075586], [19.941156, 50.075964], [19.941054, 50.07605], [19.944758, 50.07731], [19.944969, 50.077261], [19.945158, 50.077334], [19.945083, 50.077426], [19.945414, 50.077528], [19.946134, 50.079138], [19.947363, 50.080977], [19.93415, 50.082563], [19.932414, 50.082635], [19.930098, 50.082654], [19.925542, 50.082508], [19.922435, 50.082298], [19.91832, 50.082202], [19.909343, 50.082445], [19.90886, 50.081646], [19.908174, 50.080243], [19.906895, 50.077561], [19.906986, 50.077545], [19.906191, 50.075896], [19.905833, 50.075803], [19.90472, 50.072481], [19.904691, 50.07207], [19.903969, 50.07027], [19.897963, 50.071106], [19.895496, 50.071544], [19.890356, 50.072101], [19.889363, 50.072329], [19.889103, 50.07187], [19.888081, 50.072274]]]]}}, {"type": "Feature", "properties": {"name": "Mistrzejowice", "slug": "mistrzejowice", "osm_relation": 2650961, "in": {"en": "in Mistrzejowice", "pl": "w Mistrzejowicach"}}, "geometry": {"type": "MultiPolygon", "coordinates": [[[[19.979515, 50.086045], [19.979327, 50.086075], [19.97851, 50.087929], [19.98047, 50.088131], [19.980596, 50.088201], [19.980125, 50.089755], [19.982854, 50.090057], [19.982966, 50.090282], [19.983633, 50.090422], [19.987852, 50.09095], [19.987834, 50.091057], [19.9879, 50.091066], [19.987502, 50.094401], [19.987822, 50.094867], [19.988074, 50.094916], [19.988026, 50.095131], [19.987834, 50.095124], [19.987696, 50.095624], [19.988057, 50.097903], [19.987762, 50.097902], [19.988278, 50.098008], [19.988643, 50.098236], [19.989332, 50.098439], [19.990514, 50.098971], [19.990518, 50.099053], [19.992217, 50.099431], [19.992191, 50.099479], [19.992476, 50.099556], [19.992041, 50.100265], [19.990701, 50.099946], [19.99043, 50.100406], [19.990697, 50.100605], [19.990754, 50.100874], [19.990665, 50.101024], [19.990651, 50.101416], [19.990976, 50.101788], [19.991008, 50.101949], [19.990832, 50.102507], [19.991063, 50.10288], [19.991051, 50.103445], [19.990955, 50.10358], [19.991063, 50.103855], [19.990901, 50.103988], [19.986672, 50.104782], [19.987845, 50.105228], [19.988289, 50.105278], [19.988718, 50.105124], [19.989495, 50.105357], [19.991013, 50.106213], [19.992828, 50.106701], [19.994825, 50.107011], [19.996499, 50.107163], [19.999887, 50.107244], [20.003653, 50.107103], [20.004592, 50.107157], [20.016247, 50.106619], [20.017566, 50.106444], [20.022096, 50.105181], [20.024241, 50.103943], [20.027629, 50.104359], [20.027701, 50.104785], [20.027971, 50.105436], [20.028002, 50.105767], [20.030036, 50.105885], [20.031624, 50.107885], [20.033142, 50.108317], [20.03403, 50.108737], [20.034096, 50.108474], [20.035043, 50.106555], [20.035564, 50.105857], [20.036296, 50.105946], [20.036884, 50.10564], [20.037799, 50.105817], [20.038102, 50.105412], [20.036106, 50.10481], [20.03327, 50.104295], [20.033538, 50.103674], [20.033811, 50.103423], [20.034124, 50.102838], [20.034612, 50.10228], [20.034544, 50.102114], [20.034377, 50.101923], [20.033979, 50.101869], [20.03347, 50.101123], [20.033234, 50.100964], [20.03252, 50.099892], [20.032127, 50.099536], [20.03185, 50.099413], [20.030804, 50.099434], [20.029857, 50.098797], [20.029718, 50.098474], [20.029693, 50.098353], [20.029819, 50.098077], [20.030194, 50.097746], [20.03107, 50.097708], [20.031161, 50.097626], [20.031265, 50.097387], [20.031551, 50.097106], [20.031616, 50.096674], [20.032128, 50.096208], [20.032158, 50.096051], [20.032043, 50.095774], [20.032504, 50.09511], [20.032706, 50.094678], [20.032266, 50.094392], [20.03149, 50.094195], [20.031219, 50.093917], [20.030731, 50.093675], [20.029886, 50.093568], [20.029517, 50.093291], [20.028942, 50.093374], [20.027888, 50.093323], [20.027258, 50.093388], [20.02607, 50.093612], [20.024026, 50.094279], [20.020184, 50.095372], [20.018971, 50.095542], [20.018089, 50.095498], [20.016996, 50.095285], [20.01607, 50.095], [20.013992, 50.093934], [20.01269, 50.093059], [20.00482, 50.088543], [20.003692, 50.088147], [20.001115, 50.087854], [19.994911, 50.08758], [19.994059, 50.087587], [19.993081, 50.087744], [19.988649, 50.087152], [19.988643, 50.087043], [19.982474, 50.086346], [19.982456, 50.086265], [19.979515, 50.086045]]]]}}, {"type": "Feature", "properties": {"name": "Nowa Huta", "slug": "nowa-huta", "osm_relation": 2648045, "in": {"en": "in Nowa Huta", "pl": "w Nowej Hucie"}}, "geometry": {"type": "MultiPolygon", "coordinates": [[[[20.019223, 50.075175], [20.021352, 50.076315], [20.021388, 50.076444], [20.025711, 50.078791], [20.026485, 50.079707], [20.026519, 50.079834], [20.026413, 50.079979], [20.026983, 50.080272], [20.027327, 50.080187], [20.028088, 50.080326], [20.028584, 50.079734], [20.032592, 50.081835], [20.038387, 50.085053], [20.040674, 50.083412], [20.041237, 50.083225], [20.042632, 50.083011], [20.043526, 50.08278], [20.045065, 50.082192], [20.049657, 50.080205], [20.050225, 50.079713], [20.052344, 50.076417], [20.062863, 50.079147], [20.066121, 50.079582], [20.066173, 50.079616], [20.066147, 50.080374], [20.066256, 50.080943], [20.066409, 50.081243], [20.066627, 50.081389], [20.069182, 50.082662], [20.082079, 50.088721], [20.082174, 50.088687], [20.083311, 50.089216], [20.08349, 50.089166], [20.083597, 50.08935], [20.083753, 50.089427], [20.083991, 50.089337], [20.084253, 50.089496], [20.084937, 50.090251], [20.085454, 50.090682], [20.085043, 50.091721], [20.089649, 50.092299], [20.091633, 50.092374], [20.093243, 50.092281], [20.095495, 50.091939], [20.10735, 50.089643], [20.108749, 50.089342], [20.110066, 50.088907], [20.111284, 50.088333], [20.112463, 50.087942], [20.114543, 50.087565], [20.1156, 50.087537], [20.116634, 50.087669], [20.116322, 50.08861], [20.117111, 50.088626], [20.119763, 50.089039], [20.119758, 50.089197], [20.121341, 50.089371], [20.125169, 50.090056], [20.126461, 50.090677], [20.128439, 50.090996], [20.128243, 50.091472], [20.129248, 50.091628], [20.129435, 50.091154], [20.131167, 50.091465], [20.133105, 50.092136], [20.133269, 50.092257], [20.133327, 50.092416], [20.133181, 50.092621], [20.134889, 50.091623], [20.135176, 50.091797], [20.135987, 50.091943], [20.13748, 50.092111], [20.137465, 50.091865], [20.145539, 50.093016], [20.154348, 50.094601], [20.154401, 50.095351], [20.154711, 50.096915], [20.154567, 50.09773], [20.154181, 50.098851], [20.154149, 50.099389], [20.154245, 50.099969], [20.155889, 50.099983], [20.15591, 50.100395], [20.156874, 50.100403], [20.156973, 50.100961], [20.156047, 50.101001], [20.156784, 50.1033], [20.156588, 50.103343], [20.157643, 50.107006], [20.157485, 50.107047], [20.158108, 50.107868], [20.160069, 50.110024], [20.160873, 50.11066], [20.160491, 50.110964], [20.159806, 50.111296], [20.15956, 50.11154], [20.159246, 50.11159], [20.159078, 50.11195], [20.158967, 50.112019], [20.158807, 50.112511], [20.158886, 50.112751], [20.158774, 50.113585], [20.158804, 50.114156], [20.158654, 50.114601], [20.158732, 50.114657], [20.158558, 50.114809], [20.158816, 50.115], [20.158573, 50.115077], [20.158639, 50.115129], [20.158571, 50.115223], [20.158384, 50.115334], [20.158491, 50.115523], [20.158282, 50.115685], [20.158255, 50.115927], [20.157575, 50.1173], [20.157168, 50.117945], [20.156948, 50.118234], [20.15634, 50.118571], [20.156426, 50.118842], [20.156378, 50.118978], [20.156477, 50.119043], [20.156599, 50.118988], [20.156901, 50.119145], [20.156893, 50.119236], [20.157224, 50.119352], [20.157136, 50.119481], [20.15734, 50.119676], [20.15768, 50.11974], [20.157896, 50.119979], [20.158337, 50.120196], [20.158384, 50.120341], [20.158732, 50.120444], [20.159196, 50.120801], [20.159144, 50.120935], [20.159219, 50.121073], [20.159134, 50.121137], [20.159184, 50.121355], [20.15906, 50.121606], [20.161347, 50.121467], [20.165848, 50.121531], [20.165806, 50.120514], [20.172393, 50.120385], [20.173187, 50.118824], [20.173379, 50.119081], [20.174221, 50.11902], [20.174936, 50.119789], [20.176177, 50.119413], [20.178785, 50.118338], [20.179088, 50.11813], [20.179594, 50.117411], [20.179814, 50.11723], [20.181567, 50.116626], [20.182452, 50.117836], [20.185353, 50.116759], [20.185554, 50.116919], [20.185858, 50.117358], [20.186861, 50.118218], [20.187065, 50.118278], [20.188572, 50.118004], [20.188636, 50.11806], [20.189751, 50.117798], [20.19024, 50.118026], [20.190523, 50.11865], [20.191027, 50.119053], [20.192502, 50.119634], [20.192984, 50.119672], [20.193554, 50.119215], [20.194601, 50.119007], [20.195492, 50.118492], [20.195709, 50.118518], [20.195934, 50.118686], [20.196247, 50.11968], [20.197001, 50.119561], [20.197791, 50.119639], [20.198984, 50.120571], [20.200287, 50.120208], [20.200266, 50.120477], [20.201291, 50.120432], [20.201491, 50.119202], [20.201447, 50.117786], [20.201616, 50.117487], [20.204068, 50.117669], [20.204386, 50.117625], [20.204773, 50.117386], [20.203855, 50.117152], [20.203815, 50.116375], [20.20398, 50.115955], [20.207299, 50.115767], [20.209079, 50.115565], [20.208858, 50.115276], [20.208214, 50.114838], [20.207674, 50.114142], [20.206307, 50.112767], [20.205727, 50.112313], [20.205519, 50.11207], [20.205018, 50.111131], [20.20333, 50.111226], [20.202241, 50.111117], [20.201433, 50.11065], [20.200895, 50.110017], [20.200336, 50.109906], [20.199632, 50.109622], [20.197886, 50.108509], [20.19737, 50.108325], [20.196131, 50.108261], [20.195756, 50.107363], [20.195384, 50.106975], [20.195322, 50.106343], [20.195059, 50.105413], [20.194414, 50.104888], [20.193902, 50.10435], [20.193104, 50.103218], [20.192759, 50.101897], [20.192215, 50.100572], [20.192143, 50.099856], [20.191633, 50.097484], [20.191598, 50.096535], [20.191686, 50.096534], [20.191841, 50.095562], [20.191596, 50.094755], [20.191573, 50.094294], [20.191742, 50.091651], [20.19284, 50.087822], [20.192654, 50.087572], [20.192336, 50.087402], [20.190365, 50.087006], [20.189666, 50.08661], [20.189187, 50.086447], [20.187596, 50.086283], [20.185947, 50.086216], [20.184929, 50.086066], [20.184938, 50.085968], [20.18511, 50.085651], [20.185585, 50.085369], [20.186304, 50.085222], [20.187524, 50.085227], [20.188497, 50.085103], [20.189308, 50.084739], [20.189808, 50.084291], [20.18997, 50.083973], [20.189999, 50.083835], [20.189764, 50.083247], [20.189767, 50.082678], [20.189784, 50.082345], [20.190018, 50.081986], [20.190423, 50.081635], [20.191101, 50.081504], [20.191723, 50.080833], [20.192396, 50.080653], [20.192695, 50.080437], [20.192832, 50.079786], [20.193352, 50.079626], [20.193606, 50.079106], [20.194614, 50.07878], [20.194591, 50.078221], [20.195527, 50.078137], [20.195529, 50.076686], [20.195606, 50.076396], [20.195788, 50.076237], [20.196856, 50.076085], [20.197089, 50.075617], [20.19946, 50.074869], [20.199566, 50.074242], [20.195235, 50.073955], [20.195355, 50.073717], [20.194454, 50.073431], [20.193945, 50.072962], [20.192962, 50.072276], [20.192778, 50.071868], [20.192751, 50.071264], [20.193012, 50.070469], [20.194761, 50.069764], [20.196495, 50.069489], [20.197546, 50.069147], [20.198531, 50.068551], [20.19896, 50.068153], [20.199184, 50.066996], [20.199726, 50.066884], [20.202055, 50.065952], [20.202645, 50.065829], [20.203909, 50.065241], [20.20438, 50.064819], [20.205182, 50.065015], [20.205156, 50.065112], [20.205628, 50.065168], [20.206358, 50.065013], [20.206331, 50.064922], [20.20678, 50.064716], [20.20756, 50.063775], [20.212258, 50.057688], [20.213057, 50.056877], [20.215356, 50.054963], [20.217346, 50.053434], [20.21613, 50.052765], [20.214862, 50.051897], [20.213024, 50.050328], [20.212415, 50.049669], [20.211263, 50.047903], [20.21029, 50.0458], [20.209619, 50.045107], [20.208889, 50.044606], [20.20781, 50.044144], [20.206746, 50.043896], [20.205046, 50.043642], [20.203755, 50.043595], [20.201119, 50.043864], [20.198555, 50.044692], [20.197307, 50.045276], [20.194864, 50.046683], [20.192856, 50.047532], [20.19135, 50.047996], [20.190536, 50.048142], [20.189316, 50.048295], [20.187853, 50.048348], [20.18648, 50.048298], [20.183849, 50.048016], [20.178615, 50.046892], [20.166555, 50.04385], [20.162414, 50.043115], [20.15954, 50.042827], [20.156396, 50.042838], [20.153514, 50.043057], [20.150443, 50.043641], [20.143826, 50.045406], [20.142265, 50.045746], [20.14039, 50.04595], [20.139294, 50.045941], [20.138085, 50.045791], [20.136533, 50.045408], [20.134949, 50.044715], [20.134265, 50.04426], [20.133482, 50.043592], [20.132821, 50.042803], [20.132517, 50.042535], [20.132267, 50.04248], [20.131761, 50.041874], [20.130011, 50.040647], [20.12886, 50.040117], [20.127665, 50.039816], [20.126621, 50.039698], [20.125061, 50.039731], [20.122783, 50.040311], [20.119299, 50.041811], [20.11805, 50.042155], [20.115412, 50.042624], [20.111728, 50.042669], [20.106856, 50.042443], [20.106109, 50.042011], [20.105414, 50.041845], [20.104374, 50.04128], [20.102254, 50.041193], [20.100699, 50.041316], [20.098081, 50.041797], [20.096253, 50.042577], [20.095062, 50.043436], [20.094379, 50.044423], [20.094158, 50.045317], [20.094248, 50.045939], [20.09441, 50.046185], [20.094455, 50.047612], [20.093993, 50.048845], [20.093461, 50.04958], [20.092119, 50.050984], [20.090805, 50.051851], [20.090203, 50.05217], [20.087613, 50.052929], [20.086659, 50.053061], [20.082946, 50.052717], [20.077531, 50.051726], [20.072915, 50.051159], [20.072245, 50.051], [20.069036, 50.050541], [20.066149, 50.050398], [20.064669, 50.050466], [20.059946, 50.050466], [20.05727, 50.050821], [20.057242, 50.050763], [20.055119, 50.051336], [20.051355, 50.052003], [20.050572, 50.05207], [20.049406, 50.052037], [20.048342, 50.051914], [20.048105, 50.05254], [20.047983, 50.05267], [20.047437, 50.052837], [20.047427, 50.053202], [20.047544, 50.053472], [20.043134, 50.053715], [20.042595, 50.053823], [20.040379, 50.054581], [20.036156, 50.05623], [20.037047, 50.057092], [20.037288, 50.057754], [20.037499, 50.057688], [20.039325, 50.05865], [20.038414, 50.058935], [20.040122, 50.059654], [20.040622, 50.059951], [20.041667, 50.060016], [20.042138, 50.06146], [20.041465, 50.061565], [20.041591, 50.062385], [20.040329, 50.062418], [20.040614, 50.063173], [20.040199, 50.063199], [20.037159, 50.064062], [20.035327, 50.064363], [20.035525, 50.063971], [20.035149, 50.06399], [20.033901, 50.064258], [20.033258, 50.064293], [20.032519, 50.064614], [20.031447, 50.064766], [20.030481, 50.065438], [20.029928, 50.065592], [20.029513, 50.065969], [20.029018, 50.066067], [20.029177, 50.066558], [20.029212, 50.0672], [20.028967, 50.067921], [20.029076, 50.068101], [20.029297, 50.068185], [20.02988, 50.068664], [20.030888, 50.069743], [20.02954, 50.070109], [20.02926, 50.070496], [20.028716, 50.071004], [20.029019, 50.071439], [20.029223, 50.072031], [20.021075, 50.072936], [20.019388, 50.072984], [20.019356, 50.072862], [20.018578, 50.07294], [20.018196, 50.072863], [20.017812, 50.072699], [20.017681, 50.072562], [20.016591, 50.072657], [20.016622, 50.072792], [20.016139, 50.073186], [20.01629, 50.073946], [20.017353, 50.074255], [20.019223, 50.075175]]]]}}, {"type": "Feature", "properties": {"name": "Podgórze", "slug": "podgorze", "osm_relation": 2398485, "in": {"en": "in Podgórze", "pl": "na Podgórzu"}}, "geometry": {"type": "MultiPolygon", "coordinates": [[[[19.927584, 50.030216], [19.928047, 50.030216], [19.928083, 50.030288], [19.929141, 50.03028], [19.929264, 50.030214], [19.932381, 50.030211], [19.932422, 50.03027], [19.934131, 50.029725], [19.93536, 50.029137], [19.935325, 50.028952], [19.936134, 50.028611], [19.936433, 50.028546], [19.936563, 50.02879], [19.936681, 50.028763], [19.936838, 50.028896], [19.940638, 50.028233], [19.940789, 50.028157], [19.940762, 50.027958], [19.940966, 50.027923], [19.941053, 50.027638], [19.944075, 50.028435], [19.944813, 50.028725], [19.94542, 50.029078], [19.945955, 50.029592], [19.946293, 50.030126], [19.94671, 50.03149], [19.94691, 50.031887], [19.946972, 50.032663], [19.947273, 50.032602], [19.947584, 50.032361], [19.947639, 50.03219], [19.948379, 50.031612], [19.948335, 50.031472], [19.948774, 50.031332], [19.949234, 50.030957], [19.950422, 50.030385], [19.952468, 50.029741], [19.955972, 50.029035], [19.955986, 50.028934], [19.956167, 50.028877], [19.958078, 50.028528], [19.958032, 50.028387], [19.95891, 50.027821], [19.959228, 50.027895], [19.95907, 50.02819], [19.959087, 50.028292], [19.959496, 50.028385], [19.96289, 50.027713], [19.962912, 50.027623], [19.963062, 50.027661], [19.966037, 50.027082], [19.966076, 50.02698], [19.969812, 50.026748], [19.969832, 50.026669], [19.97015, 50.02675], [19.972082, 50.02647], [19.972148, 50.026394], [19.972253, 50.026431], [19.973492, 50.02621], [19.97378, 50.025967], [19.974161, 50.026079], [19.975627, 50.025737], [19.976509, 50.025413], [19.977421, 50.02599], [19.976658, 50.026723], [19.977381, 50.02696], [19.97846, 50.025888], [19.981108, 50.026586], [19.981933, 50.027095], [19.98287, 50.026785], [19.983261, 50.026395], [19.983711, 50.026544], [19.98418, 50.025957], [19.984506, 50.026065], [19.984878, 50.025767], [19.985529, 50.02596], [19.98511, 50.026357], [19.986094, 50.026832], [19.986851, 50.026982], [19.992052, 50.030381], [19.991979, 50.030835], [19.996452, 50.030377], [19.996432, 50.030163], [19.999699, 50.029704], [20.003224, 50.029448], [20.004894, 50.029428], [20.013652, 50.028028], [20.013682, 50.028101], [20.014102, 50.028011], [20.014528, 50.028237], [20.01455, 50.02833], [20.014831, 50.028149], [20.014656, 50.028149], [20.01436, 50.027974], [20.015244, 50.027839], [20.018658, 50.026924], [20.018615, 50.026839], [20.019827, 50.026507], [20.022704, 50.02589], [20.022737, 50.025953], [20.024197, 50.025683], [20.026136, 50.02566], [20.026241, 50.025732], [20.026472, 50.025582], [20.027942, 50.025318], [20.028054, 50.025734], [20.028053, 50.027144], [20.027842, 50.028471], [20.028228, 50.028957], [20.029565, 50.030056], [20.029681, 50.030703], [20.029751, 50.031176], [20.029711, 50.031632], [20.029149, 50.033308], [20.029178, 50.0337], [20.029379, 50.034105], [20.030084, 50.034073], [20.030817, 50.034171], [20.033101, 50.034964], [20.034165, 50.035103], [20.035015, 50.035112], [20.036392, 50.03486], [20.03781, 50.034297], [20.038822, 50.034069], [20.039524, 50.034019], [20.047364, 50.033961], [20.052918, 50.034426], [20.053775, 50.03436], [20.057752, 50.033705], [20.062756, 50.033839], [20.072822, 50.031435], [20.072974, 50.031726], [20.073391, 50.032083], [20.074682, 50.032589], [20.078803, 50.033695], [20.081714, 50.03426], [20.08161, 50.034386], [20.081665, 50.034629], [20.081615, 50.034686], [20.080652, 50.035122], [20.079731, 50.0358], [20.080516, 50.03622], [20.082002, 50.036716], [20.082563, 50.037023], [20.083331, 50.03776], [20.083807, 50.037897], [20.083388, 50.038289], [20.083047, 50.038378], [20.081983, 50.038913], [20.081019, 50.038709], [20.080842, 50.039004], [20.08043, 50.040172], [20.080441, 50.040438], [20.080327, 50.040703], [20.081103, 50.040655], [20.081294, 50.040853], [20.081422, 50.040869], [20.081699, 50.040781], [20.082313, 50.041283], [20.082549, 50.041369], [20.083175, 50.041389], [20.083682, 50.041563], [20.084238, 50.041888], [20.085227, 50.042773], [20.085644, 50.04296], [20.085873, 50.043488], [20.086063, 50.043589], [20.086256, 50.043842], [20.086892, 50.044016], [20.086953, 50.044079], [20.086875, 50.044191], [20.087253, 50.04455], [20.087988, 50.044891], [20.088553, 50.044954], [20.089102, 50.044822], [20.089238, 50.044711], [20.089295, 50.044432], [20.089631, 50.044382], [20.090876, 50.043653], [20.091003, 50.043397], [20.091469, 50.043044], [20.091482, 50.042799], [20.091707, 50.042627], [20.091593, 50.04241], [20.091665, 50.042345], [20.091635, 50.042247], [20.091773, 50.042306], [20.091834, 50.042157], [20.092283, 50.042071], [20.092338, 50.041784], [20.092029, 50.041322], [20.091643, 50.040241], [20.091553, 50.039585], [20.091693, 50.038688], [20.092179, 50.038015], [20.094023, 50.037148], [20.094826, 50.036994], [20.095955, 50.036958], [20.098004, 50.037274], [20.099366, 50.037801], [20.100078, 50.038289], [20.101081, 50.03931], [20.103189, 50.041184], [20.100699, 50.041316], [20.098081, 50.041797], [20.096253, 50.042577], [20.095565, 50.043016], [20.095062, 50.043436], [20.094379, 50.044423], [20.094158, 50.045317], [20.094248, 50.045939], [20.09441, 50.046185], [20.094455, 50.047612], [20.093993, 50.048845], [20.093143, 50.049966], [20.092569, 50.05057], [20.091686, 50.051322], [20.090203, 50.05217], [20.08836, 50.052749], [20.086659, 50.053061], [20.082946, 50.052717], [20.077531, 50.051726], [20.072915, 50.051159], [20.072245, 50.051], [20.069036, 50.050541], [20.066149, 50.050398], [20.064669, 50.050466], [20.060946, 50.050442], [20.058865, 50.050568], [20.05727, 50.050821], [20.057242, 50.050763], [20.055119, 50.051336], [20.052272, 50.051882], [20.050572, 50.05207], [20.049406, 50.052037], [20.048342, 50.051914], [20.045859, 50.051272], [20.044602, 50.050706], [20.042792, 50.049612], [20.040393, 50.048448], [20.038495, 50.047966], [20.037053, 50.047834], [20.035755, 50.047843], [20.03226, 50.048444], [20.030285, 50.049133], [20.02899, 50.049809], [20.027365, 50.050792], [20.025893, 50.051383], [20.024427, 50.051692], [20.022834, 50.051681], [20.021424, 50.051291], [20.02009, 50.050604], [20.019103, 50.049709], [20.018091, 50.048622], [20.017751, 50.04785], [20.016982, 50.046579], [20.016475, 50.045958], [20.015851, 50.045539], [20.015156, 50.045193], [20.014098, 50.044951], [20.013098, 50.044891], [20.011181, 50.045032], [20.00861, 50.045751], [20.005519, 50.046985], [20.003208, 50.048173], [20.001092, 50.049507], [19.999863, 50.050488], [19.999261, 50.051129], [19.9983, 50.052792], [19.997612, 50.054201], [19.997046, 50.055012], [19.996898, 50.055543], [19.996518, 50.056043], [19.995609, 50.056934], [19.993958, 50.058001], [19.991398, 50.059271], [19.990308, 50.059567], [19.988439, 50.059821], [19.986436, 50.059833], [19.985276, 50.059622], [19.984226, 50.059097], [19.98302, 50.05823], [19.982336, 50.057596], [19.981087, 50.05587], [19.980205, 50.055126], [19.978949, 50.054264], [19.977015, 50.053523], [19.976183, 50.05337], [19.973711, 50.052595], [19.972341, 50.052307], [19.970622, 50.052217], [19.969488, 50.052338], [19.967209, 50.052734], [19.965685, 50.052853], [19.964242, 50.052867], [19.962788, 50.05281], [19.960091, 50.052356], [19.956371, 50.051026], [19.950057, 50.047634], [19.94818, 50.046729], [19.944134, 50.045131], [19.94345, 50.044973], [19.942062, 50.044832], [19.941008, 50.044082], [19.935604, 50.041035], [19.93544, 50.040269], [19.935225, 50.039777], [19.934833, 50.039355], [19.931779, 50.037609], [19.92897, 50.036132], [19.928581, 50.035849], [19.928174, 50.035274], [19.928172, 50.035098], [19.928605, 50.034705], [19.928704, 50.034518], [19.928626, 50.034178], [19.928257, 50.033855], [19.927612, 50.03368], [19.9273, 50.033495], [19.92723, 50.033344], [19.927308, 50.033118], [19.928424, 50.032054], [19.928466, 50.031835], [19.928358, 50.031474], [19.927584, 50.030216]]]]}}, {"type": "Feature", "properties": {"name": "Podgórze Duchackie", "slug": "podgorze-duchackie", "osm_relation": 2645869, "in": {"en": "in Podgórze Duchackie"}}, "geometry": {"type": "MultiPolygon", "coordinates": [[[[19.934795, 50.002082], [19.939691, 50.002505], [19.939645, 50.002354], [19.939728, 50.002239], [19.940057, 50.002153], [19.940781, 50.00249], [19.94349, 50.005608], [19.944157, 50.005636], [19.943843, 50.005801], [19.944678, 50.005843], [19.94512, 50.006724], [19.945145, 50.007055], [19.944591, 50.008278], [19.943918, 50.010166], [19.943841, 50.010692], [19.943998, 50.01162], [19.944858, 50.012583], [19.945022, 50.012544], [19.945052, 50.012656], [19.944969, 50.013437], [19.945115, 50.013441], [19.944833, 50.014879], [19.945082, 50.015369], [19.945285, 50.017039], [19.945585, 50.022541], [19.945593, 50.023304], [19.945492, 50.023822], [19.944317, 50.028068], [19.944296, 50.028513], [19.94542, 50.029078], [19.946134, 50.029824], [19.94691, 50.031887], [19.946972, 50.032663], [19.947273, 50.032602], [19.947584, 50.032361], [19.947639, 50.03219], [19.948379, 50.031612], [19.948335, 50.031472], [19.948774, 50.031332], [19.949234, 50.030957], [19.950422, 50.030385], [19.952468, 50.029741], [19.955972, 50.029035], [19.955986, 50.028934], [19.956167, 50.028877], [19.958078, 50.028528], [19.958032, 50.028387], [19.95891, 50.027821], [19.959228, 50.027895], [19.95907, 50.02819], [19.959087, 50.028292], [19.959496, 50.028385], [19.96289, 50.027713], [19.962912, 50.027623], [19.963062, 50.027661], [19.966037, 50.027082], [19.966076, 50.02698], [19.969812, 50.026748], [19.969832, 50.026669], [19.97015, 50.02675], [19.971205, 50.026608], [19.972082, 50.02647], [19.972148, 50.026394], [19.972253, 50.026431], [19.973427, 50.026229], [19.97378, 50.025967], [19.974161, 50.026079], [19.976301, 50.025536], [19.977162, 50.025056], [19.97725, 50.024863], [19.977388, 50.024886], [19.977878, 50.024616], [19.978892, 50.023957], [19.977464, 50.022867], [19.977123, 50.022385], [19.977041, 50.021557], [19.977137, 50.021576], [19.977031, 50.021309], [19.977139, 50.019986], [19.97725, 50.019568], [19.97723, 50.019035], [19.977161, 50.019027], [19.977155, 50.017774], [19.976791, 50.017196], [19.976207, 50.016804], [19.97556, 50.016587], [19.972742, 50.015975], [19.972693, 50.015584], [19.974313, 50.01528], [19.977873, 50.015061], [19.978212, 50.014906], [19.978661, 50.014995], [19.980856, 50.014975], [19.981181, 50.014915], [19.982357, 50.014999], [19.984721, 50.014933], [19.986617, 50.015091], [19.987368, 50.014967], [19.987895, 50.015012], [19.988444, 50.01489], [19.989425, 50.015015], [19.98979, 50.014943], [19.990296, 50.015207], [19.991206, 50.015441], [19.991189, 50.014835], [19.99106, 50.014518], [19.991248, 50.014199], [19.991794, 50.01365], [19.992252, 50.013435], [19.992386, 50.013245], [19.991173, 50.01343], [19.990816, 50.013293], [19.990846, 50.012997], [19.990956, 50.012922], [19.990239, 50.012343], [19.990533, 50.012232], [19.990645, 50.012009], [19.99065, 50.011945], [19.990514, 50.011999], [19.990552, 50.011504], [19.990707, 50.011262], [19.991578, 50.01078], [19.991516, 50.010615], [19.992399, 50.01038], [19.992537, 50.010168], [19.996699, 50.008351], [19.997142, 50.007883], [19.998214, 50.007038], [19.998786, 50.006685], [19.999063, 50.006419], [19.999986, 50.005921], [20.000663, 50.005389], [20.001249, 50.004792], [20.001402, 50.004227], [20.001628, 50.003831], [20.003195, 50.003404], [20.00131, 50.00254], [20.00029, 50.002467], [20.000157, 50.002164], [20.000662, 50.00203], [20.000072, 50.001402], [20.001261, 50.001327], [20.001197, 50.001141], [19.999184, 50.000797], [19.995264, 50.000537], [19.993716, 50.000244], [19.992146, 50.000405], [19.991916, 50.000117], [19.991685, 50.000063], [19.991501, 50.000188], [19.990195, 50.000247], [19.990179, 50.000312], [19.988511, 50.000222], [19.988481, 50.000303], [19.987446, 50.000114], [19.986923, 50.000104], [19.983035, 50.000318], [19.983046, 50.000262], [19.982786, 50.000203], [19.98252, 50.000542], [19.981979, 50.00077], [19.978143, 50.000972], [19.977832, 50.000894], [19.977757, 50.000949], [19.973245, 50.001137], [19.973194, 50.001238], [19.973066, 50.001195], [19.972958, 50.001297], [19.972717, 50.001338], [19.972719, 50.001059], [19.9721, 50.000844], [19.971849, 50.001194], [19.971187, 50.001114], [19.971216, 50.001019], [19.97093, 50.000966], [19.970261, 50.000904], [19.969766, 50.00141], [19.969094, 50.001567], [19.967229, 50.001468], [19.967233, 50.001584], [19.965688, 50.001428], [19.962179, 50.000859], [19.962399, 50.000296], [19.961607, 50.000297], [19.961331, 50.000167], [19.961265, 50.000278], [19.957757, 50.000165], [19.955206, 49.99994], [19.951764, 49.999926], [19.946705, 50.000405], [19.946821, 50.000251], [19.946758, 50.000231], [19.946711, 50.000293], [19.945026, 50.000473], [19.945003, 50.000369], [19.945223, 50.000166], [19.945176, 50.00002], [19.944979, 50.000012], [19.944609, 50.000175], [19.944058, 50.000122], [19.942718, 50.000353], [19.941574, 50.000343], [19.940974, 50.000266], [19.940358, 49.999962], [19.939515, 49.99982], [19.939445, 49.999596], [19.93823, 49.999833], [19.937239, 50.000301], [19.936256, 50.000249], [19.935778, 50.000736], [19.9358, 50.000674], [19.935374, 50.000694], [19.934883, 50.000165], [19.934764, 50.000204], [19.935165, 50.001198], [19.935146, 50.001511], [19.934795, 50.002082]]]]}}, {"type": "Feature", "properties": {"name": "Prądnik Biały", "slug": "pradnik-bialy", "osm_relation": 2650662, "in": {"en": "in Prądnik Biały", "pl": "na Prądniku Białym"}}, "geometry": {"type": "MultiPolygon", "coordinates": [[[[19.864337, 50.101745], [19.864154, 50.101869], [19.863573, 50.102623], [19.862765, 50.104317], [19.862444, 50.104725], [19.861827, 50.105949], [19.863319, 50.107332], [19.867364, 50.107448], [19.875021, 50.110891], [19.875489, 50.111211], [19.876617, 50.112486], [19.876814, 50.113009], [19.876726, 50.113182], [19.876801, 50.113522], [19.877737, 50.115161], [19.878642, 50.117161], [19.878915, 50.118311], [19.880095, 50.119829], [19.880784, 50.12049], [19.881597, 50.121089], [19.882258, 50.121443], [19.884424, 50.122157], [19.886617, 50.122255], [19.889516, 50.122755], [19.890195, 50.122724], [19.891409, 50.122506], [19.891345, 50.123081], [19.891209, 50.123278], [19.890552, 50.123634], [19.890467, 50.124008], [19.891566, 50.124096], [19.891532, 50.124321], [19.892556, 50.124344], [19.89239, 50.125137], [19.892508, 50.12608], [19.894382, 50.126134], [19.898314, 50.126131], [19.898331, 50.125684], [19.899587, 50.125796], [19.899368, 50.125425], [19.898288, 50.125342], [19.898377, 50.125008], [19.898844, 50.125009], [19.900501, 50.125509], [19.900872, 50.125059], [19.901104, 50.125115], [19.901406, 50.124387], [19.90149, 50.124407], [19.902408, 50.123382], [19.90484, 50.121981], [19.905955, 50.120905], [19.907111, 50.119443], [19.907721, 50.118912], [19.907911, 50.118637], [19.90844, 50.118233], [19.909099, 50.11685], [19.90931, 50.116016], [19.90977, 50.114889], [19.910051, 50.11456], [19.910786, 50.112655], [19.911489, 50.111593], [19.911684, 50.110945], [19.912269, 50.109952], [19.912949, 50.108068], [19.914064, 50.105612], [19.914698, 50.10328], [19.915109, 50.100933], [19.91889, 50.100185], [19.918927, 50.101027], [19.918783, 50.101343], [19.921006, 50.102143], [19.92087, 50.102265], [19.923118, 50.103243], [19.92622, 50.104443], [19.926391, 50.104488], [19.926432, 50.104382], [19.92673, 50.104695], [19.926971, 50.104812], [19.92769, 50.10508], [19.928149, 50.104917], [19.928142, 50.104326], [19.928298, 50.104123], [19.928872, 50.103732], [19.930788, 50.104812], [19.930125, 50.105538], [19.929357, 50.10665], [19.930487, 50.106843], [19.930657, 50.107088], [19.931204, 50.107474], [19.931312, 50.107799], [19.931064, 50.108626], [19.930065, 50.109364], [19.928419, 50.11027], [19.928088, 50.110401], [19.927599, 50.110393], [19.927104, 50.110245], [19.929306, 50.108184], [19.929357, 50.107707], [19.927999, 50.107865], [19.92763, 50.107368], [19.927207, 50.107276], [19.926798, 50.107476], [19.926246, 50.108084], [19.926029, 50.10812], [19.925359, 50.110118], [19.925008, 50.110396], [19.924772, 50.110891], [19.924444, 50.111302], [19.925418, 50.111796], [19.925739, 50.112399], [19.924941, 50.114073], [19.925573, 50.114291], [19.927287, 50.114622], [19.927411, 50.114165], [19.927736, 50.113507], [19.929412, 50.11412], [19.930875, 50.114222], [19.932612, 50.114484], [19.935429, 50.115156], [19.935263, 50.115532], [19.936705, 50.115829], [19.939974, 50.116246], [19.939825, 50.117195], [19.940171, 50.118927], [19.941312, 50.119038], [19.943192, 50.118824], [19.947333, 50.119337], [19.947756, 50.118596], [19.948355, 50.117158], [19.94876, 50.116543], [19.950193, 50.115018], [19.951197, 50.114074], [19.953675, 50.112485], [19.955294, 50.11122], [19.955895, 50.110516], [19.95744, 50.110596], [19.957311, 50.109391], [19.957403, 50.109174], [19.958133, 50.10832], [19.960005, 50.108377], [19.960423, 50.108481], [19.962042, 50.109285], [19.963268, 50.110199], [19.96383, 50.10991], [19.965347, 50.109379], [19.967309, 50.108851], [19.968244, 50.108516], [19.969732, 50.107572], [19.970633, 50.10721], [19.972152, 50.106829], [19.975619, 50.106406], [19.977573, 50.105855], [19.979059, 50.105817], [19.979975, 50.105442], [19.980716, 50.104959], [19.981015, 50.105172], [19.981358, 50.105566], [19.982704, 50.105446], [19.986672, 50.104782], [19.98633, 50.104681], [19.986214, 50.104562], [19.986054, 50.104597], [19.98524, 50.104353], [19.977868, 50.101555], [19.976256, 50.10067], [19.971057, 50.09751], [19.97001, 50.097051], [19.96878, 50.09666], [19.966748, 50.096352], [19.961188, 50.093453], [19.960792, 50.093413], [19.959326, 50.092549], [19.953271, 50.088605], [19.952095, 50.087687], [19.951526, 50.087029], [19.950713, 50.085824], [19.950867, 50.085783], [19.950441, 50.08528], [19.950104, 50.084657], [19.949718, 50.084225], [19.949013, 50.083062], [19.948856, 50.082642], [19.948513, 50.082723], [19.947346, 50.081001], [19.93415, 50.082563], [19.930098, 50.082654], [19.925542, 50.082508], [19.921166, 50.082258], [19.916053, 50.082217], [19.908194, 50.082476], [19.906106, 50.082613], [19.904399, 50.082617], [19.899879, 50.083454], [19.896348, 50.083809], [19.894796, 50.083615], [19.89134, 50.083432], [19.891452, 50.084685], [19.891413, 50.086525], [19.891676, 50.086837], [19.89246, 50.087256], [19.892265, 50.087511], [19.890865, 50.087599], [19.89071, 50.087631], [19.890755, 50.087711], [19.890068, 50.087796], [19.888994, 50.088158], [19.883893, 50.089979], [19.878823, 50.092235], [19.876797, 50.093384], [19.875724, 50.094107], [19.875769, 50.094137], [19.875262, 50.094521], [19.874169, 50.09515], [19.874225, 50.095189], [19.87364, 50.095573], [19.872906, 50.095866], [19.868936, 50.097857], [19.867687, 50.099433], [19.867373, 50.099178], [19.867004, 50.099686], [19.866611, 50.099999], [19.865431, 50.099506], [19.865317, 50.09955], [19.864716, 50.100238], [19.864455, 50.100677], [19.864337, 50.101745]]]]}}, {"type": "Feature", "properties": {"name": "Prądnik Czerwony", "slug": "pradnik-czerwony", "osm_relation": 2650730, "in": {"en": "in Prądnik Czerwony", "pl": "na Prądniku Czerwonym"}}, "geometry": {"type": "MultiPolygon", "coordinates": [[[[19.947346, 50.081001], [19.950512, 50.080586], [19.95056, 50.080653], [19.95044, 50.080691], [19.950479, 50.080738], [19.95713, 50.079742], [19.957225, 50.079837], [19.959297, 50.079637], [19.96418, 50.078221], [19.964808, 50.077985], [19.965125, 50.07772], [19.967013, 50.077033], [19.967159, 50.0772], [19.967991, 50.076867], [19.967818, 50.076684], [19.968449, 50.076423], [19.968702, 50.076099], [19.968641, 50.07604], [19.968742, 50.075977], [19.968689, 50.075936], [19.969798, 50.07524], [19.969864, 50.07529], [19.969963, 50.075235], [19.969886, 50.075173], [19.972004, 50.073705], [19.971897, 50.073639], [19.973165, 50.072487], [19.974, 50.071546], [19.974538, 50.070789], [19.976129, 50.068002], [19.97672, 50.067292], [19.979337, 50.068216], [19.979726, 50.068416], [19.979789, 50.068325], [19.981014, 50.068784], [19.98177, 50.068401], [19.982264, 50.069211], [19.982343, 50.069189], [19.982452, 50.069312], [19.982393, 50.069407], [19.982555, 50.069717], [19.982881, 50.070056], [19.983369, 50.069838], [19.984988, 50.071341], [19.985276, 50.071573], [19.985453, 50.071547], [19.985827, 50.071862], [19.985728, 50.072032], [19.985449, 50.072166], [19.985871, 50.072582], [19.985975, 50.07253], [19.98626, 50.072668], [19.9871, 50.07254], [19.987418, 50.073209], [19.988508, 50.073267], [19.988135, 50.075596], [19.988611, 50.075933], [19.989061, 50.076073], [19.989344, 50.07658], [19.988627, 50.077154], [19.987239, 50.079665], [19.987641, 50.080104], [19.988952, 50.08035], [19.988935, 50.080416], [19.989394, 50.080517], [19.988268, 50.082596], [19.987947, 50.082747], [19.987634, 50.083312], [19.987488, 50.083394], [19.987177, 50.083401], [19.986554, 50.083254], [19.986488, 50.083175], [19.986184, 50.083719], [19.986782, 50.083706], [19.986698, 50.084094], [19.986424, 50.084316], [19.985577, 50.084523], [19.985117, 50.084768], [19.984526, 50.085339], [19.983952, 50.085538], [19.982342, 50.085543], [19.982456, 50.086265], [19.981449, 50.086144], [19.981436, 50.086208], [19.979327, 50.086075], [19.97851, 50.087929], [19.98047, 50.088131], [19.980596, 50.088201], [19.980125, 50.089755], [19.982854, 50.090057], [19.982966, 50.090282], [19.983633, 50.090422], [19.987852, 50.09095], [19.987834, 50.091057], [19.9879, 50.091066], [19.987502, 50.094401], [19.987822, 50.094867], [19.988074, 50.094916], [19.988026, 50.095131], [19.987834, 50.095124], [19.987696, 50.095624], [19.988057, 50.097903], [19.987762, 50.097902], [19.988278, 50.098008], [19.988643, 50.098236], [19.989332, 50.098439], [19.990514, 50.098971], [19.990518, 50.099053], [19.992217, 50.099431], [19.992191, 50.099479], [19.992476, 50.099556], [19.992041, 50.100265], [19.990701, 50.099946], [19.99043, 50.100406], [19.990697, 50.100605], [19.990754, 50.100874], [19.990665, 50.101024], [19.990651, 50.101416], [19.990976, 50.101788], [19.991008, 50.101949], [19.990832, 50.102507], [19.991063, 50.10288], [19.991051, 50.103445], [19.990955, 50.10358], [19.991063, 50.103855], [19.990901, 50.103988], [19.986672, 50.104782], [19.98633, 50.104681], [19.986214, 50.104562], [19.986054, 50.104597], [19.98524, 50.104353], [19.977868, 50.101555], [19.976256, 50.10067], [19.971507, 50.097737], [19.970557, 50.097277], [19.96878, 50.09666], [19.966748, 50.096352], [19.961188, 50.093453], [19.960792, 50.093413], [19.959326, 50.092549], [19.953271, 50.088605], [19.952095, 50.087687], [19.951526, 50.087029], [19.950713, 50.085824], [19.950867, 50.085783], [19.950441, 50.08528], [19.950104, 50.084657], [19.949718, 50.084225], [19.949013, 50.083062], [19.948856, 50.082642], [19.948513, 50.082723], [19.947346, 50.081001]]]]}}, {"type": "Feature", "properties": {"name": "Stare Miasto", "slug": "stare-miasto", "osm_relation": 2642241, "in": {"en": "in Stare Miasto", "pl": "na Starym Mieście"}}, "geometry": {"type": "MultiPolygon", "coordinates": [[[[19.92383, 50.062301], [19.923793, 50.062686], [19.925391, 50.066875], [19.926603, 50.068806], [19.927707, 50.07028], [19.931781, 50.072465], [19.932935, 50.072958], [19.934429, 50.073341], [19.934594, 50.073307], [19.934698, 50.073188], [19.934937, 50.073299], [19.936992, 50.073491], [19.938111, 50.073481], [19.938632, 50.073807], [19.938747, 50.07411], [19.940324, 50.075308], [19.940429, 50.075255], [19.940936, 50.0756], [19.941018, 50.075586], [19.941156, 50.075964], [19.941054, 50.07605], [19.944758, 50.07731], [19.944969, 50.077261], [19.945158, 50.077334], [19.945083, 50.077426], [19.945414, 50.077528], [19.946134, 50.079138], [19.947363, 50.080977], [19.950512, 50.080586], [19.95056, 50.080653], [19.95044, 50.080691], [19.950479, 50.080738], [19.956642, 50.079862], [19.956958, 50.079783], [19.957553, 50.078983], [19.957922, 50.07876], [19.958385, 50.078764], [19.959104, 50.078629], [19.959495, 50.078708], [19.960167, 50.078631], [19.958222, 50.075988], [19.957935, 50.075699], [19.957103, 50.074468], [19.957162, 50.074451], [19.956336, 50.073382], [19.956227, 50.073417], [19.955173, 50.072036], [19.955229, 50.072019], [19.952084, 50.067779], [19.949973, 50.068149], [19.950071, 50.067256], [19.949286, 50.065549], [19.94922, 50.065319], [19.949258, 50.065006], [19.947393, 50.064835], [19.947456, 50.064056], [19.947329, 50.063989], [19.947521, 50.062621], [19.947445, 50.062617], [19.947481, 50.061578], [19.947643, 50.061284], [19.947441, 50.06115], [19.947598, 50.060963], [19.947585, 50.060721], [19.947481, 50.060683], [19.947407, 50.059969], [19.9473, 50.059978], [19.947293, 50.059784], [19.947478, 50.059775], [19.947525, 50.058777], [19.947519, 50.058557], [19.947337, 50.058446], [19.947399, 50.05795], [19.947467, 50.057926], [19.947443, 50.057619], [19.947992, 50.05609], [19.947854, 50.055534], [19.948339, 50.055472], [19.949053, 50.054411], [19.948925, 50.054074], [19.949603, 50.053771], [19.953345, 50.050652], [19.953437, 50.050628], [19.953819, 50.050862], [19.954664, 50.050108], [19.948861, 50.047032], [19.944134, 50.045131], [19.942757, 50.044883], [19.941364, 50.044839], [19.939659, 50.045032], [19.938753, 50.045315], [19.937798, 50.045776], [19.937074, 50.046365], [19.934833, 50.048877], [19.933134, 50.051351], [19.931651, 50.053962], [19.931382, 50.0542], [19.930149, 50.054452], [19.929159, 50.054361], [19.928486, 50.054166], [19.927896, 50.054917], [19.928052, 50.054996], [19.927929, 50.055182], [19.928102, 50.05532], [19.927462, 50.055815], [19.926526, 50.057671], [19.925019, 50.060041], [19.92383, 50.062301]]]]}}, {"type": "Feature", "properties": {"name": "Swoszowice", "slug": "swoszowice", "osm_relation": 2398484, "in": {"en": "in Swoszowice", "pl": "w Swoszowicach"}}, "geometry": {"type": "MultiPolygon", "coordinates": [[[[19.886932, 49.986373], [19.887075, 49.986613], [19.890571, 49.986815], [19.891854, 49.986799], [19.8932, 49.986931], [19.892789, 49.98758], [19.892799, 49.987965], [19.892978, 49.988469], [19.892618, 49.988633], [19.892304, 49.98893], [19.891905, 49.989083], [19.891839, 49.989995], [19.891595, 49.990001], [19.891604, 49.989911], [19.891519, 49.989922], [19.891204, 49.99009], [19.890142, 49.990403], [19.890155, 49.990627], [19.890052, 49.990801], [19.889918, 49.990835], [19.890178, 49.992188], [19.890212, 49.992284], [19.891486, 49.992368], [19.892554, 49.992328], [19.892726, 49.992497], [19.893086, 49.993229], [19.895066, 49.995114], [19.895541, 49.995919], [19.89562, 49.996167], [19.895551, 49.99634], [19.895825, 49.996099], [19.894929, 49.998308], [19.893976, 49.998268], [19.893967, 49.999752], [19.893796, 49.99997], [19.889576, 50.002361], [19.888821, 50.002676], [19.889822, 50.005648], [19.890029, 50.006814], [19.891412, 50.006999], [19.891607, 50.007151], [19.891795, 50.007603], [19.892018, 50.007692], [19.893328, 50.007637], [19.893796, 50.007707], [19.893908, 50.007616], [19.89549, 50.007571], [19.896733, 50.00711], [19.898579, 50.006642], [19.901618, 50.006485], [19.903006, 50.006549], [19.903808, 50.00671], [19.905046, 50.007191], [19.908014, 50.009119], [19.90899, 50.009491], [19.909702, 50.009569], [19.913173, 50.0096], [19.914214, 50.00943], [19.915371, 50.008628], [19.915811, 50.008205], [19.91613, 50.008047], [19.91839, 50.007409], [19.919378, 50.007373], [19.921322, 50.007727], [19.921963, 50.007743], [19.926185, 50.007332], [19.929342, 50.007564], [19.932245, 50.007483], [19.932924, 50.007575], [19.933042, 50.007623], [19.932988, 50.007773], [19.935056, 50.008006], [19.935254, 50.007974], [19.93544, 50.007727], [19.935424, 50.007329], [19.935534, 50.006796], [19.935396, 50.005896], [19.935071, 50.005429], [19.934646, 50.004958], [19.934441, 50.004802], [19.934302, 50.004804], [19.93432, 50.004694], [19.933876, 50.004403], [19.933845, 50.00434], [19.93398, 50.004322], [19.933693, 50.00399], [19.932549, 50.00321], [19.930938, 50.00247], [19.932038, 50.002261], [19.932717, 50.001834], [19.933052, 50.00183], [19.932991, 50.002209], [19.933152, 50.002595], [19.934795, 50.002082], [19.935146, 50.001511], [19.935165, 50.001198], [19.934764, 50.000204], [19.934883, 50.000165], [19.935374, 50.000694], [19.9358, 50.000674], [19.935778, 50.000736], [19.936256, 50.000249], [19.937239, 50.000301], [19.93823, 49.999833], [19.939445, 49.999596], [19.939515, 49.99982], [19.940358, 49.999962], [19.940974, 50.000266], [19.941574, 50.000343], [19.942718, 50.000353], [19.944058, 50.000122], [19.944609, 50.000175], [19.944979, 50.000012], [19.945176, 50.00002], [19.945223, 50.000166], [19.945003, 50.000369], [19.945026, 50.000473], [19.946711, 50.000293], [19.946758, 50.000231], [19.946821, 50.000251], [19.946705, 50.000405], [19.951764, 49.999926], [19.955206, 49.99994], [19.957757, 50.000165], [19.961265, 50.000278], [19.961331, 50.000167], [19.961607, 50.000297], [19.962399, 50.000296], [19.962179, 50.000859], [19.965688, 50.001428], [19.967233, 50.001584], [19.967229, 50.001468], [19.969094, 50.001567], [19.969766, 50.00141], [19.970261, 50.000904], [19.97093, 50.000966], [19.971216, 50.001019], [19.971187, 50.001114], [19.971849, 50.001194], [19.9721, 50.000844], [19.972719, 50.001059], [19.972717, 50.001338], [19.972958, 50.001297], [19.973066, 50.001195], [19.973194, 50.001238], [19.973245, 50.001137], [19.977757, 50.000949], [19.977832, 50.000894], [19.978143, 50.000972], [19.981979, 50.00077], [19.98252, 50.000542], [19.982786, 50.000203], [19.983046, 50.000262], [19.983035, 50.000318], [19.986923, 50.000104], [19.987446, 50.000114], [19.988481, 50.000303], [19.988511, 50.000222], [19.990179, 50.000312], [19.990195, 50.000247], [19.991501, 50.000188], [19.991685, 50.000063], [19.991916, 50.000117], [19.992146, 50.000405], [19.993716, 50.000244], [19.995264, 50.000537], [19.999184, 50.000797], [20.001197, 50.001141], [20.001261, 50.001327], [20.002283, 50.001285], [20.003942, 50.001387], [20.004145, 50.001187], [20.003728, 50.000774], [20.003643, 50.000589], [20.003699, 50.000533], [20.003518, 50.000388], [20.003479, 49.999826], [20.002761, 49.999234], [20.002744, 49.999082], [20.003066, 49.998736], [20.003266, 49.998199], [20.003255, 49.998006], [20.00364, 49.997925], [20.004138, 49.997598], [20.004016, 49.997484], [20.0044, 49.997241], [20.004486, 49.997015], [20.004425, 49.996972], [20.004777, 49.997125], [20.005199, 49.997039], [20.00614, 49.996661], [20.006515, 49.996645], [20.007084, 49.996464], [20.007929, 49.995972], [20.0085, 49.995532], [20.010272, 49.995161], [20.010989, 49.995277], [20.011559, 49.995092], [20.012233, 49.994685], [20.01272, 49.993848], [20.013024, 49.993597], [20.012858, 49.993511], [20.012844, 49.993422], [20.013453, 49.993329], [20.013665, 49.992628], [20.013647, 49.99213], [20.013914, 49.991353], [20.014707, 49.990483], [20.014989, 49.989693], [20.015111, 49.989602], [20.015427, 49.988852], [20.015871, 49.988381], [20.017825, 49.987196], [20.018469, 49.98663], [20.018672, 49.986316], [20.018604, 49.985863], [20.016896, 49.984895], [20.016725, 49.984862], [20.016023, 49.98438], [20.015178, 49.983465], [20.013767, 49.982294], [20.011324, 49.980858], [20.009702, 49.980182], [20.009683, 49.979591], [20.009897, 49.978256], [20.009908, 49.977638], [20.010016, 49.977244], [20.009169, 49.976099], [20.009074, 49.976176], [20.00824, 49.975964], [20.007673, 49.975407], [20.007834, 49.975239], [20.008223, 49.975083], [20.008097, 49.975042], [20.006873, 49.974759], [20.003691, 49.974623], [20.002903, 49.974677], [20.003391, 49.975153], [20.002832, 49.975361], [20.002085, 49.975387], [20.001125, 49.975684], [19.999873, 49.975017], [19.999778, 49.974854], [19.999311, 49.974815], [19.998065, 49.974304], [19.997986, 49.974078], [19.997293, 49.973945], [19.993637, 49.973557], [19.992625, 49.973333], [19.990082, 49.973002], [19.987043, 49.973041], [19.985783, 49.972802], [19.983784, 49.972592], [19.98128, 49.97263], [19.981073, 49.973217], [19.981439, 49.973678], [19.981521, 49.974137], [19.982154, 49.975194], [19.982261, 49.976092], [19.982159, 49.97688], [19.982235, 49.977114], [19.981744, 49.977429], [19.981772, 49.977549], [19.981611, 49.977656], [19.981387, 49.978], [19.981378, 49.978234], [19.981432, 49.97844], [19.981858, 49.978792], [19.981952, 49.978975], [19.982055, 49.97963], [19.98225, 49.979708], [19.982281, 49.979862], [19.982591, 49.980189], [19.982523, 49.980445], [19.982587, 49.9807], [19.982485, 49.980924], [19.98222, 49.981034], [19.98045, 49.980942], [19.979612, 49.981058], [19.979267, 49.98103], [19.979186, 49.981116], [19.978907, 49.981075], [19.978805, 49.981147], [19.978652, 49.98108], [19.978485, 49.981169], [19.97786, 49.98117], [19.9777, 49.981063], [19.977108, 49.981008], [19.977112, 49.980846], [19.976959, 49.980791], [19.976552, 49.980777], [19.976176, 49.980873], [19.975881, 49.980749], [19.975642, 49.980849], [19.974592, 49.98056], [19.974401, 49.98039], [19.973567, 49.980367], [19.972293, 49.979999], [19.972264, 49.980113], [19.972092, 49.980132], [19.972004, 49.979974], [19.971819, 49.97996], [19.971676, 49.979822], [19.971439, 49.979929], [19.971323, 49.979836], [19.971206, 49.979852], [19.971118, 49.979955], [19.970943, 49.979968], [19.969977, 49.979617], [19.969898, 49.979581], [19.969954, 49.979519], [19.969608, 49.979494], [19.96959, 49.979593], [19.969501, 49.979598], [19.969288, 49.979519], [19.969259, 49.979429], [19.968958, 49.979489], [19.968789, 49.979438], [19.968697, 49.97927], [19.968564, 49.979233], [19.968613, 49.979113], [19.968433, 49.979031], [19.967519, 49.978899], [19.967278, 49.978755], [19.967042, 49.978747], [19.966842, 49.978855], [19.966536, 49.978746], [19.966537, 49.978481], [19.966377, 49.97834], [19.966163, 49.978279], [19.965624, 49.978432], [19.965595, 49.978237], [19.965434, 49.978195], [19.965448, 49.978118], [19.965238, 49.977894], [19.964767, 49.977763], [19.9643, 49.977746], [19.964351, 49.977658], [19.964849, 49.977582], [19.965234, 49.976854], [19.9656, 49.976478], [19.965945, 49.975735], [19.965947, 49.975493], [19.966257, 49.975042], [19.966513, 49.974449], [19.966857, 49.974109], [19.967056, 49.973747], [19.96704, 49.973165], [19.964901, 49.973022], [19.963093, 49.972324], [19.962877, 49.971233], [19.962958, 49.970383], [19.963261, 49.96951], [19.963443, 49.968561], [19.962567, 49.968669], [19.962479, 49.96842], [19.961677, 49.968326], [19.961497, 49.968436], [19.961637, 49.96887], [19.9616, 49.968944], [19.961203, 49.96901], [19.960511, 49.968914], [19.960164, 49.969116], [19.959735, 49.969149], [19.959461, 49.96926], [19.959361, 49.969148], [19.959397, 49.968964], [19.959305, 49.968745], [19.95888, 49.968577], [19.958861, 49.9685], [19.95895, 49.968441], [19.958868, 49.968246], [19.958699, 49.968369], [19.958622, 49.968275], [19.957443, 49.968376], [19.957273, 49.968248], [19.9574, 49.968085], [19.957603, 49.968059], [19.957531, 49.967876], [19.957184, 49.968256], [19.956626, 49.968248], [19.956175, 49.968039], [19.956074, 49.967868], [19.956156, 49.967708], [19.955671, 49.967667], [19.955388, 49.967707], [19.955508, 49.967884], [19.955466, 49.968238], [19.955735, 49.968569], [19.955715, 49.968656], [19.955207, 49.968675], [19.955005, 49.969151], [19.954113, 49.969472], [19.953806, 49.970077], [19.953305, 49.970117], [19.952971, 49.969844], [19.952288, 49.970139], [19.952106, 49.970101], [19.951986, 49.96986], [19.952016, 49.969562], [19.951715, 49.969517], [19.950839, 49.969858], [19.950766, 49.970236], [19.950871, 49.970352], [19.951137, 49.970382], [19.951225, 49.97064], [19.950579, 49.9707], [19.950542, 49.970781], [19.950717, 49.970899], [19.950695, 49.971079], [19.94986, 49.971211], [19.949457, 49.971362], [19.948969, 49.971295], [19.948781, 49.971428], [19.948779, 49.971682], [19.948328, 49.972073], [19.947649, 49.972293], [19.947282, 49.972311], [19.947201, 49.972232], [19.946836, 49.972204], [19.946823, 49.972122], [19.946599, 49.97209], [19.945975, 49.972282], [19.945424, 49.972196], [19.944917, 49.972215], [19.944819, 49.972336], [19.944925, 49.972613], [19.944615, 49.972705], [19.944442, 49.97306], [19.943773, 49.972845], [19.94285, 49.973341], [19.942807, 49.973414], [19.942924, 49.973676], [19.943271, 49.973945], [19.942826, 49.973929], [19.942393, 49.97403], [19.942156, 49.974165], [19.942203, 49.974365], [19.941861, 49.974314], [19.941607, 49.974464], [19.940608, 49.974461], [19.940737, 49.974799], [19.940104, 49.974868], [19.940352, 49.975201], [19.940265, 49.975279], [19.939567, 49.975129], [19.939503, 49.975074], [19.939584, 49.974918], [19.939516, 49.974707], [19.939069, 49.974825], [19.939001, 49.974675], [19.939126, 49.974584], [19.939074, 49.97454], [19.938875, 49.974563], [19.9388, 49.97471], [19.938527, 49.974838], [19.938492, 49.974658], [19.938344, 49.974549], [19.938163, 49.974544], [19.93792, 49.974739], [19.937774, 49.974537], [19.934052, 49.975571], [19.934472, 49.976439], [19.933653, 49.976461], [19.933448, 49.976834], [19.932977, 49.976856], [19.932935, 49.97747], [19.933179, 49.977715], [19.932977, 49.977926], [19.932876, 49.978186], [19.932561, 49.978151], [19.932443, 49.978215], [19.93259, 49.978794], [19.932095, 49.978717], [19.931435, 49.978432], [19.930913, 49.978547], [19.930696, 49.97883], [19.93008, 49.979011], [19.929925, 49.978991], [19.929541, 49.979186], [19.929088, 49.979257], [19.928574, 49.979122], [19.928407, 49.979148], [19.928238, 49.979328], [19.928291, 49.979417], [19.928246, 49.979555], [19.92808, 49.97965], [19.927747, 49.979594], [19.927417, 49.979825], [19.927391, 49.98003], [19.927817, 49.980285], [19.927343, 49.980822], [19.926901, 49.980967], [19.926088, 49.980998], [19.925952, 49.981043], [19.925697, 49.981319], [19.92219, 49.980555], [19.918985, 49.979999], [19.914067, 49.979927], [19.913346, 49.979853], [19.912613, 49.980245], [19.912001, 49.981306], [19.909786, 49.981826], [19.909652, 49.981974], [19.909373, 49.981775], [19.908692, 49.981625], [19.908555, 49.981497], [19.907297, 49.981504], [19.905631, 49.981284], [19.903666, 49.981389], [19.901923, 49.981313], [19.901367, 49.981118], [19.901184, 49.981136], [19.901191, 49.981079], [19.900158, 49.981218], [19.89915, 49.980985], [19.899035, 49.981038], [19.898562, 49.980769], [19.898086, 49.980615], [19.897095, 49.980584], [19.896263, 49.980436], [19.895886, 49.980444], [19.895889, 49.980618], [19.895166, 49.980616], [19.893212, 49.980359], [19.892587, 49.980371], [19.891766, 49.980269], [19.89176, 49.980537], [19.888499, 49.980641], [19.888316, 49.980624], [19.888321, 49.980522], [19.887925, 49.980364], [19.887318, 49.98039], [19.887464, 49.981033], [19.888809, 49.982704], [19.888881, 49.983334], [19.886269, 49.983122], [19.886383, 49.983531], [19.886256, 49.983986], [19.88626, 49.984416], [19.886179, 49.984542], [19.885833, 49.984622], [19.88577, 49.984724], [19.885929, 49.985081], [19.886932, 49.986373]]]]}}, {"type": "Feature", "properties": {"name": "Wzgórza Krzesławickie", "slug": "wzgorza-krzeslawickie", "osm_relation": 2648584, "in": {"en": "in Wzgórza Krzesławickie", "pl": "na Wzgórzach Krzesławickich"}}, "geometry": {"type": "MultiPolygon", "coordinates": [[[[20.029626, 50.093349], [20.029886, 50.093568], [20.030731, 50.093675], [20.031219, 50.093917], [20.03149, 50.094195], [20.032266, 50.094392], [20.032706, 50.094678], [20.032504, 50.09511], [20.032043, 50.095774], [20.032158, 50.096051], [20.032128, 50.096208], [20.031616, 50.096674], [20.031551, 50.097106], [20.031265, 50.097387], [20.031112, 50.097688], [20.030194, 50.097746], [20.029819, 50.098077], [20.029693, 50.098353], [20.029857, 50.098797], [20.030523, 50.099301], [20.030905, 50.099461], [20.03185, 50.099413], [20.032127, 50.099536], [20.03252, 50.099892], [20.033234, 50.100964], [20.03347, 50.101123], [20.033979, 50.101869], [20.034377, 50.101923], [20.034544, 50.102114], [20.034612, 50.10228], [20.034124, 50.102838], [20.033811, 50.103423], [20.033538, 50.103674], [20.03327, 50.104295], [20.036106, 50.10481], [20.038102, 50.105412], [20.037799, 50.105817], [20.036884, 50.10564], [20.036296, 50.105946], [20.035564, 50.105857], [20.035043, 50.106555], [20.034112, 50.108476], [20.035798, 50.108616], [20.035229, 50.109994], [20.03601, 50.110168], [20.036006, 50.11041], [20.036158, 50.110673], [20.0367, 50.111022], [20.036945, 50.111327], [20.037166, 50.111875], [20.037002, 50.112342], [20.036979, 50.112621], [20.037083, 50.112741], [20.037686, 50.112965], [20.039736, 50.113323], [20.04192, 50.113487], [20.042062, 50.112964], [20.042273, 50.112656], [20.042758, 50.112086], [20.044183, 50.110695], [20.044707, 50.110322], [20.045473, 50.111156], [20.046953, 50.109313], [20.04767, 50.109644], [20.049186, 50.109705], [20.049799, 50.109969], [20.050086, 50.110251], [20.050764, 50.110285], [20.051063, 50.110559], [20.050359, 50.11094], [20.050724, 50.111192], [20.051869, 50.11064], [20.051959, 50.110842], [20.052187, 50.110879], [20.052088, 50.111237], [20.052183, 50.111567], [20.052519, 50.112089], [20.053082, 50.112556], [20.053542, 50.112755], [20.053502, 50.112823], [20.05462, 50.112892], [20.055486, 50.112591], [20.056013, 50.112676], [20.056429, 50.112601], [20.058073, 50.113738], [20.05801, 50.113859], [20.058478, 50.114694], [20.059089, 50.114525], [20.060317, 50.114473], [20.061788, 50.114266], [20.061588, 50.113531], [20.062737, 50.113448], [20.063826, 50.113439], [20.067054, 50.114019], [20.070162, 50.113929], [20.070261, 50.11274], [20.073186, 50.112721], [20.076454, 50.112959], [20.078279, 50.112623], [20.078965, 50.112408], [20.079038, 50.112345], [20.079, 50.112291], [20.078626, 50.112003], [20.077794, 50.111633], [20.075494, 50.10949], [20.076224, 50.109186], [20.077282, 50.108219], [20.078264, 50.108301], [20.081345, 50.109327], [20.081611, 50.109519], [20.081916, 50.109612], [20.083721, 50.109811], [20.084178, 50.110248], [20.084293, 50.111195], [20.084357, 50.111225], [20.085326, 50.111527], [20.086501, 50.111492], [20.087501, 50.111357], [20.087953, 50.111402], [20.08816, 50.113461], [20.090225, 50.113738], [20.092423, 50.114395], [20.094115, 50.114793], [20.094121, 50.11569], [20.094221, 50.1163], [20.094902, 50.117446], [20.095838, 50.118543], [20.096065, 50.118936], [20.09613, 50.119313], [20.096247, 50.119349], [20.097223, 50.119056], [20.108376, 50.116733], [20.111347, 50.116499], [20.111395, 50.116897], [20.114826, 50.116994], [20.117259, 50.116782], [20.117955, 50.116284], [20.118554, 50.116772], [20.119984, 50.116454], [20.120156, 50.116216], [20.12024, 50.115706], [20.120316, 50.113985], [20.1207, 50.111185], [20.120846, 50.108458], [20.122675, 50.108512], [20.123137, 50.108448], [20.124334, 50.108228], [20.124935, 50.107947], [20.125857, 50.107844], [20.127553, 50.107368], [20.131103, 50.106976], [20.13171, 50.106835], [20.135494, 50.106884], [20.13788, 50.106758], [20.137938, 50.106569], [20.143114, 50.106468], [20.143845, 50.109261], [20.144138, 50.109838], [20.144082, 50.109894], [20.144257, 50.110462], [20.144662, 50.111458], [20.145229, 50.112368], [20.146335, 50.113744], [20.146883, 50.114343], [20.148042, 50.114935], [20.151741, 50.117216], [20.152457, 50.117896], [20.15301, 50.118823], [20.15434, 50.119458], [20.155832, 50.118737], [20.156558, 50.11848], [20.156981, 50.118201], [20.157575, 50.1173], [20.158255, 50.115927], [20.158282, 50.115685], [20.158491, 50.115523], [20.158384, 50.115334], [20.158571, 50.115223], [20.158639, 50.115129], [20.158573, 50.115077], [20.158816, 50.115], [20.158558, 50.114809], [20.158732, 50.114657], [20.158654, 50.114601], [20.158804, 50.114156], [20.158774, 50.113585], [20.158886, 50.112751], [20.158807, 50.112511], [20.158945, 50.112247], [20.158918, 50.112114], [20.159246, 50.11159], [20.15956, 50.11154], [20.159806, 50.111296], [20.160491, 50.110964], [20.160873, 50.11066], [20.160069, 50.110024], [20.158108, 50.107868], [20.157485, 50.107047], [20.157643, 50.107006], [20.156588, 50.103343], [20.156784, 50.1033], [20.156047, 50.101001], [20.156973, 50.100961], [20.156874, 50.100403], [20.15591, 50.100395], [20.155889, 50.099983], [20.154245, 50.099969], [20.154149, 50.099389], [20.154181, 50.098851], [20.154567, 50.09773], [20.154711, 50.096915], [20.154401, 50.095351], [20.154348, 50.094601], [20.145539, 50.093016], [20.137465, 50.091865], [20.13748, 50.092111], [20.135987, 50.091943], [20.135176, 50.091797], [20.134889, 50.091623], [20.133181, 50.092621], [20.133327, 50.092416], [20.133269, 50.092257], [20.133105, 50.092136], [20.131167, 50.091465], [20.129435, 50.091154], [20.129248, 50.091628], [20.128243, 50.091472], [20.128439, 50.090996], [20.126461, 50.090677], [20.125169, 50.090056], [20.121341, 50.089371], [20.119758, 50.089197], [20.119763, 50.089039], [20.117111, 50.088626], [20.116322, 50.08861], [20.116634, 50.087669], [20.1156, 50.087537], [20.114543, 50.087565], [20.112463, 50.087942], [20.111284, 50.088333], [20.110066, 50.088907], [20.108749, 50.089342], [20.10735, 50.089643], [20.095495, 50.091939], [20.093243, 50.092281], [20.091633, 50.092374], [20.089649, 50.092299], [20.085043, 50.091721], [20.085454, 50.090682], [20.084937, 50.090251], [20.084253, 50.089496], [20.083991, 50.089337], [20.083753, 50.089427], [20.083597, 50.08935], [20.08349, 50.089166], [20.083311, 50.089216], [20.082174, 50.088687], [20.082079, 50.088721], [20.069182, 50.082662], [20.066627, 50.081389], [20.066409, 50.081243], [20.066256, 50.080943], [20.066147, 50.080374], [20.066173, 50.079616], [20.066121, 50.079582], [20.062863, 50.079147], [20.056487, 50.077447], [20.056315, 50.077773], [20.056327, 50.078237], [20.055961, 50.078772], [20.054991, 50.079455], [20.054134, 50.080344], [20.053235, 50.080794], [20.053052, 50.081054], [20.053177, 50.081376], [20.053418, 50.081542], [20.05339, 50.081727], [20.053507, 50.082234], [20.0534, 50.082728], [20.053481, 50.08308], [20.053736, 50.083363], [20.053644, 50.083649], [20.052887, 50.083728], [20.052279, 50.083655], [20.052048, 50.083534], [20.050607, 50.083588], [20.049429, 50.083516], [20.048693, 50.083796], [20.048312, 50.084269], [20.047757, 50.084623], [20.047577, 50.084934], [20.047593, 50.085514], [20.047082, 50.086295], [20.046917, 50.086852], [20.046848, 50.086845], [20.046844, 50.087454], [20.047243, 50.088754], [20.046759, 50.088928], [20.046802, 50.088983], [20.044981, 50.089608], [20.038671, 50.089288], [20.035555, 50.090036], [20.032665, 50.09083], [20.033806, 50.092489], [20.033937, 50.092952], [20.033661, 50.093488], [20.029626, 50.093349]]]]}}, {"type": "Feature", "properties": {"name": "Zwierzyniec", "slug": "zwierzyniec", "osm_relation": 2642242, "in": {"en": "in Zwierzyniec", "pl": "na Zwierzyńcu"}}, "geometry": {"type": "MultiPolygon", "coordinates": [[[[19.803726, 50.066033], [19.804162, 50.065404], [19.804608, 50.064551], [19.804552, 50.064445], [19.804526, 50.062104], [19.809293, 50.061001], [19.809838, 50.059784], [19.810425, 50.059425], [19.810463, 50.059203], [19.810901, 50.059162], [19.811065, 50.058495], [19.811197, 50.058456], [19.812094, 50.058676], [19.8124, 50.058583], [19.812883, 50.058807], [19.814051, 50.059026], [19.814525, 50.059024], [19.814623, 50.059203], [19.815869, 50.059354], [19.816496, 50.059272], [19.817202, 50.059068], [19.817609, 50.058845], [19.819505, 50.058389], [19.819843, 50.05822], [19.821337, 50.058166], [19.821939, 50.058216], [19.821315, 50.057741], [19.820958, 50.057289], [19.820733, 50.056804], [19.82065, 50.056401], [19.820741, 50.055972], [19.820707, 50.055275], [19.82012, 50.054134], [19.820134, 50.053333], [19.819689, 50.052499], [19.819606, 50.052185], [19.819666, 50.051988], [19.819499, 50.051461], [19.819174, 50.051163], [19.818892, 50.05066], [19.818308, 50.050282], [19.817736, 50.049103], [19.817337, 50.048848], [19.817258, 50.048656], [19.81671, 50.048114], [19.813685, 50.04525], [19.812776, 50.04463], [19.812106, 50.043886], [19.811288, 50.043321], [19.811196, 50.043054], [19.811, 50.042919], [19.810677, 50.041674], [19.810726, 50.041103], [19.81064, 50.040654], [19.812071, 50.040146], [19.812463, 50.039831], [19.812851, 50.039202], [19.812812, 50.038305], [19.812582, 50.037685], [19.813289, 50.036051], [19.813432, 50.035407], [19.814474, 50.034909], [19.815415, 50.033881], [19.816101, 50.033507], [19.816808, 50.033281], [19.818665, 50.032336], [19.821068, 50.03189], [19.822031, 50.031874], [19.824513, 50.032074], [19.826234, 50.032741], [19.826249, 50.033055], [19.82643, 50.0336], [19.826984, 50.034495], [19.827788, 50.035], [19.8286, 50.035329], [19.831277, 50.035855], [19.834068, 50.03607], [19.835438, 50.036263], [19.836728, 50.036573], [19.837873, 50.036979], [19.839192, 50.037483], [19.841362, 50.038561], [19.843366, 50.039941], [19.844394, 50.040546], [19.845259, 50.04127], [19.847373, 50.04245], [19.848897, 50.042997], [19.851631, 50.043377], [19.853387, 50.043432], [19.85593, 50.043337], [19.861089, 50.043397], [19.865918, 50.043918], [19.866993, 50.043982], [19.869055, 50.043925], [19.870873, 50.043655], [19.872488, 50.043191], [19.87809, 50.039382], [19.879524, 50.038707], [19.882008, 50.038317], [19.884482, 50.038112], [19.887352, 50.038096], [19.891306, 50.0384], [19.895937, 50.038582], [19.898254, 50.039307], [19.899187, 50.039846], [19.900047, 50.040625], [19.900851, 50.041219], [19.901591, 50.042121], [19.902117, 50.042969], [19.902737, 50.043738], [19.904674, 50.045954], [19.905478, 50.047215], [19.90606, 50.048361], [19.906482, 50.04887], [19.907277, 50.049746], [19.908209, 50.05037], [19.908981, 50.050762], [19.90997, 50.051084], [19.911064, 50.051206], [19.915798, 50.051207], [19.921838, 50.051959], [19.923222, 50.052229], [19.924726, 50.052633], [19.926099, 50.053127], [19.928486, 50.054166], [19.927896, 50.054917], [19.928052, 50.054996], [19.927929, 50.055182], [19.928102, 50.05532], [19.927462, 50.055815], [19.926526, 50.057671], [19.925511, 50.059224], [19.924675, 50.059159], [19.924585, 50.059459], [19.924044, 50.059409], [19.904284, 50.062536], [19.904219, 50.062357], [19.902665, 50.062598], [19.90258, 50.062669], [19.90271, 50.062901], [19.902379, 50.062984], [19.902472, 50.06319], [19.89612, 50.065198], [19.893916, 50.065822], [19.892242, 50.066445], [19.892157, 50.066293], [19.891084, 50.066476], [19.889697, 50.067099], [19.888134, 50.067566], [19.887651, 50.067282], [19.886655, 50.06747], [19.883539, 50.067524], [19.882006, 50.067837], [19.880698, 50.0684], [19.879451, 50.069185], [19.878813, 50.069482], [19.875495, 50.07071], [19.874163, 50.071378], [19.87306, 50.071789], [19.871993, 50.071969], [19.867943, 50.072092], [19.86736, 50.072328], [19.866015, 50.073191], [19.86523, 50.073354], [19.863728, 50.073479], [19.862998, 50.073726], [19.858808, 50.07649], [19.85841, 50.076633], [19.857696, 50.076752], [19.856309, 50.076687], [19.855722, 50.07676], [19.854096, 50.077501], [19.853194, 50.077783], [19.852579, 50.077875], [19.847352, 50.077839], [19.845786, 50.07819], [19.844953, 50.078605], [19.842191, 50.080592], [19.841841, 50.080918], [19.841121, 50.081876], [19.840617, 50.082169], [19.83985, 50.082468], [19.839265, 50.082866], [19.83909, 50.083096], [19.838844, 50.083693], [19.837847, 50.084425], [19.837612, 50.084884], [19.837633, 50.085181], [19.838269, 50.08607], [19.838333, 50.086319], [19.838289, 50.086634], [19.837853, 50.087151], [19.836708, 50.088002], [19.835719, 50.08833], [19.834535, 50.088505], [19.834373, 50.088306], [19.832314, 50.088535], [19.831708, 50.088524], [19.829828, 50.088116], [19.829867, 50.0879], [19.829281, 50.087694], [19.82839, 50.086408], [19.828008, 50.086011], [19.827998, 50.085801], [19.825361, 50.084132], [19.823689, 50.083424], [19.823421, 50.083109], [19.823468, 50.082732], [19.823283, 50.082591], [19.821758, 50.082345], [19.820951, 50.082059], [19.819356, 50.081731], [19.818943, 50.081514], [19.818544, 50.081078], [19.818289, 50.080994], [19.817767, 50.080984], [19.817045, 50.080767], [19.816147, 50.0808], [19.814659, 50.080455], [19.813317, 50.080267], [19.811944, 50.080249], [19.811252, 50.080164], [19.809799, 50.079569], [19.809187, 50.079198], [19.808286, 50.078391], [19.808437, 50.077652], [19.80833, 50.077034], [19.807118, 50.074324], [19.805965, 50.072083], [19.805303, 50.071502], [19.801697, 50.069212], [19.802923, 50.067416], [19.803726, 50.066033]]]]}}]}
