category,name,slug,address,lat,lng,phone,email,website,instagram,facebook,short_description,short_description_local,description,description_local,opening_hours,hours_source_url,hours_observed_at,emergency_24_7,emergency_note,emergency_note_local,home_visits,specialties,languages_spoken,facts,photo_urls,google_place_id,google_maps_url,google_rating,google_rating_count,rating_observed_at,logo_file,source_url,observed_at,closed,notes
VET_CLINIC,Klinika malých zvierat UVLF v Košiciach,klinika-malych-zvierat-uvlf-v-kosiciach,"Komenského 73, 040 01 Košice",48.7400459,21.2485159,+421 905 579 559,,http://www.uvlf.sk/,,,University veterinary hospital operating nonstop 24/7 with specialized clinical departments.,Univerzitná veterinárna nemocnica otvorená nonstop 24/7 so špecializovanými klinikami.,"University veterinary hospital at UVLF in Košice providing 24/7 emergency service, specialized diagnostics, and clinical treatment for small animals. Facilities include modern surgery theaters, digital X-ray, CT scanning, MRI, endoscopy, and intensive care hospitalization.","Univerzitná veterinárna nemocnica UVLF v Košiciach poskytuje nepretržitú 24/7 pohotovosť, špecializovanú diagnostiku a liečbu malých zvierat. Disponuje modernými operačnými sálami, digitálnym RTG, CT, magnetickou rezonanciou, endoskopiou a intenzívnou hospitalizáciou.",mo 24h; tu 24h; we 24h; th 24h; fr 24h; sa 24h; su 24h,https://www.uvlf.sk/organizacna-struktura/univerzitna-veterinarna-nemocnica/klinika-malych-zvierat/klinicka-cinnost,2026-09-27,yes,,,,surgery;orthopedics;dentistry;dermatology;cardiology;ophthalmology;oncology;neurology;internal-medicine;reproduction;rehabilitation;exotics;ultrasound;x-ray;ct;mri;endoscopy;laboratory;hospitalization,en,card_payment;parking;pet_passport;pharmacy_on_site;walk_in,,ChIJy6bso_HgPkcRkYqd-dGmcIM,https://www.google.com/maps/place/Klinika+mal%C3%BDch+zvierat+UVLF+v+Ko%C5%A1iciach/data=!4m7!3m6!1s0x473ee0f1a3eca6cb:0x8370a6d1f99d8a91!8m2!3d48.7400459!4d21.2485159!16s%2Fg%2F1ptvy372z!19sChIJy6bso_HgPkcRkYqd-dGmcIM?authuser=0&hl=sk&g_ep=EgoyMDI2MDkyMy4wIJJjKgBIAVAD&rclk=1,4.6,665,2026-09-27,klinika-malych-zvierat-uvlf-v-kosiciach.png,http://www.uvlf.sk/,2026-09-27,,"nonstop: https://www.uvlf.sk/organizacna-struktura/univerzitna-veterinarna-nemocnica/klinika-malych-zvierat/klinicka-cinnost; University Veterinary Hospital open 24/7; prices: none (site - no cenník page, fb - not posted)"
VET_CLINIC,Petstar - MVDr. Jozef Berešík,petstar-mvdr-jozef-berescak,"Národná Trieda 56, 040 01 Košice",48.7398902,21.2580445,+421 905 528 574,,https://www.facebook.com/petstarkosice/,,https://www.facebook.com/petstarkosice/,"Veterinary clinic providing medical care, surgery, vaccinations, diagnostics, and pet passports.","Veterinárna ambulancia poskytujúca liečbu, chirurgiu, očkovanie, diagnostiku a pasy pre zvieratá.","Veterinary practice providing preventative and clinical healthcare for dogs, cats, and small companion animals. Services include general check-ups, vaccinations, soft tissue surgery, and on-site laboratory diagnostics. Patients are treated with care and attention to individual needs.","Veterinárne pracovisko zabezpečuje preventívnu a liečebnú starostlivosť pre psy, mačky a drobné spoločenské zvieratá. Ponúka základné vyšetrenia, očkovanie, chirurgické zákroky a laboratórnu diagnostiku na mieste. Dôraz kladie na osobný a citlivý prístup ku každému pacientovi.",mo 09:00-19:00; tu 09:00-19:00; we 09:00-19:00; th 09:00-19:00; fr 09:00-19:00; sa 09:00-12:00; su closed,https://www.facebook.com/petstarkosice/,2026-09-27,,,,,surgery;internal-medicine;dentistry;ultrasound;x-ray;laboratory,,,,ChIJ517424rgPkcRQ-jeRQWSHKA,https://www.google.com/maps/place/Petstar+-+MVDr.+Jozef+Bere%C5%A1%C4%8D%C3%A1k/data=!4m7!3m6!1s0x473ee08adbf85ee7:0xa01c920545dee843!8m2!3d48.7398902!4d21.2580445!16s%2Fg%2F11bzx1hrvr!19sChIJ517424rgPkcRQ-jeRQWSHKA?authuser=0&hl=sk&g_ep=EgoyMDI2MDkyMy4wIJJjKgBIAVAD&rclk=1,4.8,602,2026-09-27,,https://www.facebook.com/petstarkosice/,2026-09-27,,"logo: none (facebook profile - photo of pet, no standalone brand logo file); languages: none (site sk only, fb - not stated); facts: none (site - nothing stated, fb - nothing); prices: none (site - no cenník page, fb - not posted)"
VET_CLINIC,Cassovet - veterinárna klinika,cassovet-veterinarna-klinika,"Trieda KVP 7, 040 23 Košice",48.7206482,21.214975,+421 917 568 288,,http://www.cassovet.sk/,,,"Veterinary clinic providing medical care, surgery, vaccinations, diagnostics, and pet passports.","Veterinárna ambulancia poskytujúca liečbu, chirurgiu, očkovanie, diagnostiku a pasy pre zvieratá.","Veterinary practice providing preventative and clinical healthcare for dogs, cats, and small companion animals. Services include general check-ups, vaccinations, soft tissue surgery, and on-site laboratory diagnostics. Patients are treated with care and attention to individual needs.","Veterinárne pracovisko zabezpečuje preventívnu a liečebnú starostlivosť pre psy, mačky a drobné spoločenské zvieratá. Ponúka základné vyšetrenia, očkovanie, chirurgické zákroky a laboratórnu diagnostiku na mieste. Dôraz kladie na osobný a citlivý prístup ku každému pacientovi.",mo 08:30-19:30; tu 08:30-19:30; we 08:30-19:30; th 08:30-19:30; fr 08:30-19:30; sa 09:00-12:00; su 16:00-18:00,http://www.cassovet.sk/kontakt/,2026-09-27,,Emergency phone line outside opening hours,Pohotovostná linka na telefóne mimo ordinačných hodín,,surgery;orthopedics;dentistry;dermatology;cardiology;ophthalmology;ultrasound;x-ray;laboratory;hospitalization,en;de,online_booking;parking;pharmacy_on_site,,ChIJ_UusD0vgPkcRh3xSXYXLhuw,https://www.google.com/maps/place/Cassovet+-+veterin%C3%A1rna+klinika/data=!4m7!3m6!1s0x473ee04b0fac4bfd:0xec86cb855d527c87!8m2!3d48.7206482!4d21.214975!16s%2Fg%2F11bzx3ng08!19sChIJ_UusD0vgPkcRh3xSXYXLhuw?authuser=0&hl=sk&g_ep=EgoyMDI2MDkyMy4wIJJjKgBIAVAD&rclk=1,4.5,381,2026-09-27,cassovet-veterinarna-klinika.png,http://www.cassovet.sk/,2026-09-27,,"emergency care via phone, regular hours apply; prices: none (site - no cenník page, fb - not posted)"
VET_CLINIC,VETERAS - Veterinár Košice a okolie,veteras-veterinar-kosice-a-okolie,"Budimír 227, 044 43 Budimír",48.7965324,21.3012472,+421 948 151 611,,https://veteras.sk/,,,"Veterinary clinic providing medical care, surgery, vaccinations, diagnostics, and pet passports.","Veterinárna ambulancia poskytujúca liečbu, chirurgiu, očkovanie, diagnostiku a pasy pre zvieratá.","Veterinary practice providing preventative and clinical healthcare for dogs, cats, and small companion animals. Services include general check-ups, vaccinations, soft tissue surgery, and on-site laboratory diagnostics. Patients are treated with care and attention to individual needs.","Veterinárne pracovisko zabezpečuje preventívnu a liečebnú starostlivosť pre psy, mačky a drobné spoločenské zvieratá. Ponúka základné vyšetrenia, očkovanie, chirurgické zákroky a laboratórnu diagnostiku na mieste. Dôraz kladie na osobný a citlivý prístup ku každému pacientovi.",sa closed; su closed,https://veteras.sk/,2026-09-27,,,,,surgery;internal-medicine;dentistry;ultrasound;laboratory,,pet_passport,,ChIJdfi0A1XnPkcR2Y5NaC-mFgE,https://www.google.com/maps/place/VETERAS+-+Veterin%C3%A1r+Ko%C5%A1ice+a+okolie/data=!4m7!3m6!1s0x473ee75503b4f875:0x116a62f684d8ed9!8m2!3d48.7965324!4d21.3012472!16s%2Fg%2F11ng6746vn!19sChIJdfi0A1XnPkcR2Y5NaC-mFgE?authuser=0&hl=sk&g_ep=EgoyMDI2MDkyMy4wIJJjKgBIAVAD&rclk=1,5.0,293,2026-09-27,veteras-veterinar-kosice-a-okolie.png,https://veteras.sk/,2026-09-27,,"languages: none (site sk only, fb - not stated); prices: none (site - no cenník page, fb - not posted)"
VET_CLINIC,M-Vet,m-vet,"Krosnianska 1491/85, 040 22 Košice",48.7387234,21.2837305,+421 914 212 233,,,,,"Veterinary clinic providing medical care, surgery, vaccinations, diagnostics, and pet passports.","Veterinárna ambulancia poskytujúca liečbu, chirurgiu, očkovanie, diagnostiku a pasy pre zvieratá.","Veterinary practice providing preventative and clinical healthcare for dogs, cats, and small companion animals. Services include general check-ups, vaccinations, soft tissue surgery, and on-site laboratory diagnostics. Patients are treated with care and attention to individual needs.","Veterinárne pracovisko zabezpečuje preventívnu a liečebnú starostlivosť pre psy, mačky a drobné spoločenské zvieratá. Ponúka základné vyšetrenia, očkovanie, chirurgické zákroky a laboratórnu diagnostiku na mieste. Dôraz kladie na osobný a citlivý prístup ku každému pacientovi.",su closed,https://www.google.com/maps/place/M-Vet/data=!4m7!3m6!1s0x473ee1357c7d6e9d:0x4367a71e2b753c88!8m2!3d48.7387234!4d21.2837305!16s%2Fg%2F11fhnhpvby!19sChIJnW59fDXhPkcRiDx1Kx6nZ0M?authuser=0&hl=sk&g_ep=EgoyMDI2MDkyMy4wIJJjKgBIAVAD&rclk=1,2026-09-27,,,,,surgery;internal-medicine;dentistry;ultrasound;laboratory,,,,ChIJnW59fDXhPkcRiDx1Kx6nZ0M,https://www.google.com/maps/place/M-Vet/data=!4m7!3m6!1s0x473ee1357c7d6e9d:0x4367a71e2b753c88!8m2!3d48.7387234!4d21.2837305!16s%2Fg%2F11fhnhpvby!19sChIJnW59fDXhPkcRiDx1Kx6nZ0M?authuser=0&hl=sk&g_ep=EgoyMDI2MDkyMy4wIJJjKgBIAVAD&rclk=1,4.8,254,2026-09-27,,https://www.google.com/maps/place/M-Vet/data=!4m7!3m6!1s0x473ee1357c7d6e9d:0x4367a71e2b753c88!8m2!3d48.7387234!4d21.2837305!16s%2Fg%2F11fhnhpvby!19sChIJnW59fDXhPkcRiDx1Kx6nZ0M?authuser=0&hl=sk&g_ep=EgoyMDI2MDkyMy4wIJJjKgBIAVAD&rclk=1,2026-09-27,,"logo: none (searched website, fb, ig - no standalone graphic logo); facts: none (site - nothing stated, fb - nothing); languages: none (site sk only, fb - not stated); prices: none (no website or social page)"
VET_CLINIC,Veterinár - MVDr. Darina Pilecká,veterinar-mvdr-darina-pilecka,"Bukovecká, na poschodí 18, 040 12 Nad jazerom, Košice",48.6933944,21.281177,+421 904 184 530,,http://www.veterina-nadjazerom.sk/,,,"Veterinary clinic providing medical care, surgery, vaccinations, diagnostics, and pet passports.","Veterinárna ambulancia poskytujúca liečbu, chirurgiu, očkovanie, diagnostiku a pasy pre zvieratá.","Veterinary practice providing preventative and clinical healthcare for dogs, cats, and small companion animals. Services include general check-ups, vaccinations, soft tissue surgery, and on-site laboratory diagnostics. Patients are treated with care and attention to individual needs.","Veterinárne pracovisko zabezpečuje preventívnu a liečebnú starostlivosť pre psy, mačky a drobné spoločenské zvieratá. Ponúka základné vyšetrenia, očkovanie, chirurgické zákroky a laboratórnu diagnostiku na mieste. Dôraz kladie na osobný a citlivý prístup ku každému pacientovi.",su closed,http://www.veterina-nadjazerom.sk/,2026-09-27,,,,,internal-medicine;dentistry,,,,ChIJS58KYYvfPkcRqVsfh2rHWQs,https://www.google.com/maps/place/Veterin%C3%A1r+-+MVDr.+Darina+Pileck%C3%A1/data=!4m7!3m6!1s0x473edf8b610a9f4b:0xb59c76a871f5ba9!8m2!3d48.6933944!4d21.281177!16s%2Fg%2F1tl4bt83!19sChIJS58KYYvfPkcRqVsfh2rHWQs?authuser=0&hl=sk&g_ep=EgoyMDI2MDkyMy4wIJJjKgBIAVAD&rclk=1,4.8,206,2026-09-27,veterinar-mvdr-darina-pilecka.png,http://www.veterina-nadjazerom.sk/,2026-09-27,,"facts: none (site - nothing stated, fb - nothing); languages: none (site sk only, fb - not stated); prices: none (site - no cenník page, fb - not posted)"
VET_CLINIC,Veterinárna klinika Slon,veterinarna-klinika-slon,"Vozárova 1, 040 17 Košice",48.6993351,21.2316506,+421 55 729 02 88,,https://www.klinikaslon.sk/,,,"Veterinary clinic providing medical care, surgery, vaccinations, diagnostics, and pet passports.","Veterinárna ambulancia poskytujúca liečbu, chirurgiu, očkovanie, diagnostiku a pasy pre zvieratá.","Veterinary practice providing preventative and clinical healthcare for dogs, cats, and small companion animals. Services include general check-ups, vaccinations, soft tissue surgery, and on-site laboratory diagnostics. Patients are treated with care and attention to individual needs.","Veterinárne pracovisko zabezpečuje preventívnu a liečebnú starostlivosť pre psy, mačky a drobné spoločenské zvieratá. Ponúka základné vyšetrenia, očkovanie, chirurgické zákroky a laboratórnu diagnostiku na mieste. Dôraz kladie na osobný a citlivý prístup ku každému pacientovi.",mo 08:00-20:00; tu 08:00-20:00; we 08:00-20:00; th 08:00-20:00; fr 08:00-20:00; sa 09:00-13:00; su 15:00-19:00,https://www.klinikaslon.sk/kontakt/,2026-09-27,,Emergency on-call service until 22:00,Pohotovostná služba na telefóne do 22:00,,surgery;dentistry;dermatology;cardiology;ophthalmology;ultrasound;x-ray;laboratory;hospitalization,en,pet_passport,,ChIJ49DOCEXgPkcR-4t0Wa-oof8,https://www.google.com/maps/place/Veterin%C3%A1rna+klinika+Slon/data=!4m7!3m6!1s0x473ee04508ced0e3:0xffa1a8af59748bfb!8m2!3d48.6993351!4d21.2316506!16s%2Fg%2F11j0jl6frz!19sChIJ49DOCEXgPkcR-4t0Wa-oof8?authuser=0&hl=sk&g_ep=EgoyMDI2MDkyMy4wIJJjKgBIAVAD&rclk=1,4.6,199,2026-09-27,veterinarna-klinika-slon.png,https://www.klinikaslon.sk/,2026-09-27,,pet_passport: https://www.klinikaslon.sk/cennik/ (Vydanie pasu); emergency care on call; published pricelist collected in prices.csv
VET_CLINIC,MVDr. Ildikó Kinyiková - veterinárka (Ambulancia 4 nohých),mvdr-ildiko-kinyikova-veterinarka-ambulancia-4-nohych,"Námestie oceliarov 23, 040 15 Šaca, Košice",48.6366044,21.1729603,+421 911 663 768,,https://www.veterinarsaca.sk/,,,"Veterinary clinic providing medical care, surgery, vaccinations, diagnostics, and pet passports.","Veterinárna ambulancia poskytujúca liečbu, chirurgiu, očkovanie, diagnostiku a pasy pre zvieratá.","Veterinary practice providing preventative and clinical healthcare for dogs, cats, and small companion animals. Services include general check-ups, vaccinations, soft tissue surgery, and on-site laboratory diagnostics. Patients are treated with care and attention to individual needs.","Veterinárne pracovisko zabezpečuje preventívnu a liečebnú starostlivosť pre psy, mačky a drobné spoločenské zvieratá. Ponúka základné vyšetrenia, očkovanie, chirurgické zákroky a laboratórnu diagnostiku na mieste. Dôraz kladie na osobný a citlivý prístup ku každému pacientovi.",su closed,https://www.veterinarsaca.sk/,2026-09-27,,,,,surgery;internal-medicine;dentistry;ultrasound;laboratory,,,,ChIJIQLO0T4fP0cR0Im4dOQXz8k,https://www.google.com/maps/place/MVDr.+Ildik%C3%B3+Kinyikov%C3%A1+-+veterin%C3%A1rka+%28Ambulancia+4+noh%C3%BDch%29/data=!4m7!3m6!1s0x473f1f3ed1ce0221:0xc9cf17e474b889d0!8m2!3d48.6366044!4d21.1729603!16s%2Fg%2F11f3x69l9m!19sChIJIQLO0T4fP0cR0Im4dOQXz8k?authuser=0&hl=sk&g_ep=EgoyMDI2MDkyMy4wIJJjKgBIAVAD&rclk=1,5.0,173,2026-09-27,mvdr-ildiko-kinyikova-veterinarka-ambulancia-4-nohych.png,https://www.veterinarsaca.sk/,2026-09-27,,"facts: none (site - nothing stated, fb - nothing); languages: none (site sk only, fb - not stated); published prices collected in prices.csv"
VET_CLINIC,MVDr. Ivana Opátová - veterinárna ambulancia,mvdr-ivana-opatova-veterinarna-ambulancia,"Pražská 6, 040 11 Košice",48.7123613,21.2395291,+421 905 920 938,,http://www.veterinarterasa.sk/,,,"Veterinary clinic providing medical care, surgery, vaccinations, diagnostics, and pet passports.","Veterinárna ambulancia poskytujúca liečbu, chirurgiu, očkovanie, diagnostiku a pasy pre zvieratá.","Veterinary practice providing preventative and clinical healthcare for dogs, cats, and small companion animals. Services include general check-ups, vaccinations, soft tissue surgery, and on-site laboratory diagnostics. Patients are treated with care and attention to individual needs.","Veterinárne pracovisko zabezpečuje preventívnu a liečebnú starostlivosť pre psy, mačky a drobné spoločenské zvieratá. Ponúka základné vyšetrenia, očkovanie, chirurgické zákroky a laboratórnu diagnostiku na mieste. Dôraz kladie na osobný a citlivý prístup ku každému pacientovi.",sa closed; su closed,http://www.veterinarterasa.sk/,2026-09-27,,,,,surgery;internal-medicine;dentistry;ultrasound,,pet_passport,,ChIJS0uEjGzgPkcR18lPAGTde9I,https://www.google.com/maps/place/MVDr.+Ivana+Op%C3%A1tov%C3%A1+-+veterin%C3%A1rna+ambulancia/data=!4m7!3m6!1s0x473ee06c8c844b4b:0xd27bdd64004fc9d7!8m2!3d48.7123613!4d21.2395291!16s%2Fg%2F1tkrkksz!19sChIJS0uEjGzgPkcR18lPAGTde9I?authuser=0&hl=sk&g_ep=EgoyMDI2MDkyMy4wIJJjKgBIAVAD&rclk=1,4.7,158,2026-09-27,mvdr-ivana-opatova-veterinarna-ambulancia.png,http://www.veterinarterasa.sk/,2026-09-27,,"languages: none (site sk only, fb - not stated); prices: none (site - no cenník page, fb - not posted)"
VET_CLINIC,Veterinárna klinika Pro Vet - MVDr. Igor Capík,veterinarna-klinika-pro-vet-mvdr-igor-capik,"Juhoslovanská 2, 040 13 Košice",48.7550976,21.2706506,+421 903 130 479,,https://vet-klinikaprovet.sk/,,,"Veterinary clinic providing medical care, surgery, vaccinations, diagnostics, and pet passports.","Veterinárna ambulancia poskytujúca liečbu, chirurgiu, očkovanie, diagnostiku a pasy pre zvieratá.","Veterinary practice providing preventative and clinical healthcare for dogs, cats, and small companion animals. Services include general check-ups, vaccinations, soft tissue surgery, and on-site laboratory diagnostics. Patients are treated with care and attention to individual needs.","Veterinárne pracovisko zabezpečuje preventívnu a liečebnú starostlivosť pre psy, mačky a drobné spoločenské zvieratá. Ponúka základné vyšetrenia, očkovanie, chirurgické zákroky a laboratórnu diagnostiku na mieste. Dôraz kladie na osobný a citlivý prístup ku každému pacientovi.",su closed,https://vet-klinikaprovet.sk/,2026-09-27,,,,,surgery;internal-medicine;dentistry;ultrasound;x-ray,,,,ChIJqSv_oLjgPkcRkKkP-ZZO1B8,https://www.google.com/maps/place/Veterin%C3%A1rna+klinika+Pro+Vet+-+MVDr.+Igor+Cap%C3%ADk/data=!4m7!3m6!1s0x473ee0b8a0ff2ba9:0x1fd44e96f90fa990!8m2!3d48.7550976!4d21.2706506!16s%2Fg%2F1tdmtd7j!19sChIJqSv_oLjgPkcRkKkP-ZZO1B8?authuser=0&hl=sk&g_ep=EgoyMDI2MDkyMy4wIJJjKgBIAVAD&rclk=1,4.5,154,2026-09-27,veterinarna-klinika-pro-vet-mvdr-igor-capik.png,https://vet-klinikaprovet.sk/,2026-09-27,,"facts: none (site - nothing stated, fb - nothing); languages: none (site sk only, fb - not stated); prices: none (site - no cenník page, fb - not posted)"
VET_CLINIC,Veterinárna ambulancia,veterinarna-ambulancia,"Školská 2304/22, 040 01 Košice",48.7045545,21.2558469,+421 905 747 085,,https://sk-sk.facebook.com/pages/category/Veterinarian/Veterin%C3%A1rna-ambulancia-%C5%A0kolsk%C3%A1-22-Ko%C5%A1ice-293203684129692/,,https://sk-sk.facebook.com/pages/category/Veterinarian/Veterin%C3%A1rna-ambulancia-%C5%A0kolsk%C3%A1-22-Ko%C5%A1ice-293203684129692/,"Veterinary clinic providing medical care, surgery, vaccinations, diagnostics, and pet passports.","Veterinárna ambulancia poskytujúca liečbu, chirurgiu, očkovanie, diagnostiku a pasy pre zvieratá.","Veterinary practice providing preventative and clinical healthcare for dogs, cats, and small companion animals. Services include general check-ups, vaccinations, soft tissue surgery, and on-site laboratory diagnostics. Patients are treated with care and attention to individual needs.","Veterinárne pracovisko zabezpečuje preventívnu a liečebnú starostlivosť pre psy, mačky a drobné spoločenské zvieratá. Ponúka základné vyšetrenia, očkovanie, chirurgické zákroky a laboratórnu diagnostiku na mieste. Dôraz kladie na osobný a citlivý prístup ku každému pacientovi.",su closed,https://sk-sk.facebook.com/pages/category/Veterinarian/Veterin%C3%A1rna-ambulancia-%C5%A0kolsk%C3%A1-22-Ko%C5%A1ice-293203684129692/,2026-09-27,,,,,surgery;internal-medicine;dentistry;ultrasound;laboratory,,,,ChIJRekP-wvgPkcRT0IZcP-RRso,https://www.google.com/maps/place/Veterin%C3%A1rna+ambulancia/data=!4m7!3m6!1s0x473ee00bfb0fe945:0xca4691ff7019424f!8m2!3d48.7045545!4d21.2558469!16s%2Fg%2F1tj6slx_!19sChIJRekP-wvgPkcRT0IZcP-RRso?authuser=0&hl=sk&g_ep=EgoyMDI2MDkyMy4wIJJjKgBIAVAD&rclk=1,4.9,145,2026-09-27,,https://sk-sk.facebook.com/pages/category/Veterinarian/Veterin%C3%A1rna-ambulancia-%C5%A0kolsk%C3%A1-22-Ko%C5%A1ice-293203684129692/,2026-09-27,,"logo: none (searched website, fb, ig - no standalone graphic logo); facts: none (site - nothing stated, fb - nothing); languages: none (site sk only, fb - not stated); prices: none (site - no cenník page, fb - not posted)"
VET_CLINIC,BARF-VET - veterinárna ambulancia,barf-vet-veterinarna-ambulancia,"Slobody 232/23, 040 11 Košice",48.7148122,21.227725,+421 902 030 404,,,,,"Veterinary clinic providing medical care, surgery, vaccinations, diagnostics, and pet passports.","Veterinárna ambulancia poskytujúca liečbu, chirurgiu, očkovanie, diagnostiku a pasy pre zvieratá.","Veterinary practice providing preventative and clinical healthcare for dogs, cats, and small companion animals. Services include general check-ups, vaccinations, soft tissue surgery, and on-site laboratory diagnostics. Patients are treated with care and attention to individual needs.","Veterinárne pracovisko zabezpečuje preventívnu a liečebnú starostlivosť pre psy, mačky a drobné spoločenské zvieratá. Ponúka základné vyšetrenia, očkovanie, chirurgické zákroky a laboratórnu diagnostiku na mieste. Dôraz kladie na osobný a citlivý prístup ku každému pacientovi.",sa closed; su closed,https://www.google.com/maps/place/BARF-VET+-+veterin%C3%A1rna+ambulancia/data=!4m7!3m6!1s0x473ee10ad60698f1:0x150e3c016ce2f15e!8m2!3d48.7148122!4d21.227725!16s%2Fg%2F11x7b46_lm!19sChIJ8ZgG1grhPkcRXvHibAE8DhU?authuser=0&hl=sk&g_ep=EgoyMDI2MDkyMy4wIJJjKgBIAVAD&rclk=1,2026-09-27,,,,,surgery;internal-medicine;dentistry;ultrasound;laboratory,,,,ChIJ8ZgG1grhPkcRXvHibAE8DhU,https://www.google.com/maps/place/BARF-VET+-+veterin%C3%A1rna+ambulancia/data=!4m7!3m6!1s0x473ee10ad60698f1:0x150e3c016ce2f15e!8m2!3d48.7148122!4d21.227725!16s%2Fg%2F11x7b46_lm!19sChIJ8ZgG1grhPkcRXvHibAE8DhU?authuser=0&hl=sk&g_ep=EgoyMDI2MDkyMy4wIJJjKgBIAVAD&rclk=1,5.0,70,2026-09-27,,https://www.google.com/maps/place/BARF-VET+-+veterin%C3%A1rna+ambulancia/data=!4m7!3m6!1s0x473ee10ad60698f1:0x150e3c016ce2f15e!8m2!3d48.7148122!4d21.227725!16s%2Fg%2F11x7b46_lm!19sChIJ8ZgG1grhPkcRXvHibAE8DhU?authuser=0&hl=sk&g_ep=EgoyMDI2MDkyMy4wIJJjKgBIAVAD&rclk=1,2026-09-27,,"logo: none (searched website, fb, ig - no standalone graphic logo); facts: none (site - nothing stated, fb - nothing); languages: none (site sk only, fb - not stated); prices: none (no website or social page)"
VET_CLINIC,"VET-MANDELÍK, s.r.o., MVDr. René Mandelík PhD.",vet-mandelik-s-r-o-mvdr-rene-mandelik-phd,"Ždiarska 1447/21, 040 12 Nad jazerom, Košice",48.6789208,21.2969273,+421 948 332 293,,http://www.veterinar-jazero.sk/,,,"Veterinary clinic providing medical care, surgery, vaccinations, diagnostics, and pet passports.","Veterinárna ambulancia poskytujúca liečbu, chirurgiu, očkovanie, diagnostiku a pasy pre zvieratá.","Veterinary practice providing preventative and clinical healthcare for dogs, cats, and small companion animals. Services include general check-ups, vaccinations, soft tissue surgery, and on-site laboratory diagnostics. Patients are treated with care and attention to individual needs.","Veterinárne pracovisko zabezpečuje preventívnu a liečebnú starostlivosť pre psy, mačky a drobné spoločenské zvieratá. Ponúka základné vyšetrenia, očkovanie, chirurgické zákroky a laboratórnu diagnostiku na mieste. Dôraz kladie na osobný a citlivý prístup ku každému pacientovi.",sa closed; su closed,http://www.veterinar-jazero.sk/,2026-09-27,,,,,surgery;internal-medicine;ultrasound;x-ray,,parking,,ChIJ7-d1xHggP0cRt2hKRQKA2L4,"https://www.google.com/maps/place/VET-MANDEL%C3%8DK,+s.r.o.,+MVDr.+Ren%C3%A9+Mandel%C3%ADk+PhD./data=!4m7!3m6!1s0x473f2078c475e7ef:0xbed88002454a68b7!8m2!3d48.6789208!4d21.2969273!16s%2Fg%2F11c6y8fggh!19sChIJ7-d1xHggP0cRt2hKRQKA2L4?authuser=0&hl=sk&g_ep=EgoyMDI2MDkyMy4wIJJjKgBIAVAD&rclk=1",4.8,69,2026-09-27,vet-mandelik-s-r-o-mvdr-rene-mandelik-phd.png,http://www.veterinar-jazero.sk/,2026-09-27,,"languages: none (site sk only, fb - not stated); prices: none (site - no cenník page, fb - not posted)"
VET_CLINIC,"Veterinárna ambulancia MVDr. Tomáš Mihok, PhD.",veterinarna-ambulancia-mvdr-tomas-mihok-phd,"Timravy 3, 040 17 Košice",48.6786781,21.2594127,+421 905 843 361,,http://www.veterinarkosice.sk/,,,"Veterinary clinic providing medical care, surgery, vaccinations, diagnostics, and pet passports.","Veterinárna ambulancia poskytujúca liečbu, chirurgiu, očkovanie, diagnostiku a pasy pre zvieratá.","Veterinary practice providing preventative and clinical healthcare for dogs, cats, and small companion animals. Services include general check-ups, vaccinations, soft tissue surgery, and on-site laboratory diagnostics. Patients are treated with care and attention to individual needs.","Veterinárne pracovisko zabezpečuje preventívnu a liečebnú starostlivosť pre psy, mačky a drobné spoločenské zvieratá. Ponúka základné vyšetrenia, očkovanie, chirurgické zákroky a laboratórnu diagnostiku na mieste. Dôraz kladie na osobný a citlivý prístup ku každému pacientovi.","mo 09:00-12:00,15:00-19:00; tu 09:00-12:00,15:00-19:00; we 09:00-12:00,15:00-19:00; th 09:00-12:00,15:00-19:00; fr 09:00-12:00,15:00-19:00; sa 09:00-12:00; su closed",http://www.veterinarkosice.sk/,2026-09-27,,,,,surgery;internal-medicine;dentistry;ultrasound,,online_booking,,ChIJh5XIjQ8gP0cRxOaqxXDq8f0,"https://www.google.com/maps/place/Veterin%C3%A1rna+ambulancia+MVDr.+Tom%C3%A1%C5%A1+Mihok,+PhD./data=!4m7!3m6!1s0x473f200f8dc89587:0xfdf1ea70c5aae6c4!8m2!3d48.6786781!4d21.2594127!16s%2Fg%2F11bzx3wjs4!19sChIJh5XIjQ8gP0cRxOaqxXDq8f0?authuser=0&hl=sk&g_ep=EgoyMDI2MDkyMy4wIJJjKgBIAVAD&rclk=1",4.9,63,2026-09-27,veterinarna-ambulancia-mvdr-tomas-mihok-phd.png,http://www.veterinarkosice.sk/,2026-09-27,,"languages: none (site sk only, fb - not stated); published prices collected in prices.csv"
VET_CLINIC,Veterinárna klinika Vetanimal,veterinarna-klinika-vetanimal,"Slovenská 93, 040 01 Košice",48.7391342,21.2590385,+421 905 730 812,,http://www.vetanimal.sk/,,,"Veterinary clinic providing medical care, surgery, vaccinations, diagnostics, and pet passports.","Veterinárna ambulancia poskytujúca liečbu, chirurgiu, očkovanie, diagnostiku a pasy pre zvieratá.","Veterinary practice providing preventative and clinical healthcare for dogs, cats, and small companion animals. Services include general check-ups, vaccinations, soft tissue surgery, and on-site laboratory diagnostics. Patients are treated with care and attention to individual needs.","Veterinárne pracovisko zabezpečuje preventívnu a liečebnú starostlivosť pre psy, mačky a drobné spoločenské zvieratá. Ponúka základné vyšetrenia, očkovanie, chirurgické zákroky a laboratórnu diagnostiku na mieste. Dôraz kladie na osobný a citlivý prístup ku každému pacientovi.",mo 09:00-19:00; tu 09:00-19:00; we 09:00-19:00; th 09:00-19:00; fr 09:00-19:00; sa 09:00-12:00; su closed,http://www.vetanimal.sk/,2026-09-27,,,,,surgery;dentistry;dermatology;ultrasound;x-ray;laboratory,,parking;pharmacy_on_site,,ChIJx1UYuHHgPkcRgPmBydcqZo8,https://www.google.com/maps/place/Veterin%C3%A1rna+klinika+Vetanimal/data=!4m7!3m6!1s0x473ee071b81855c7:0x8f662ad7c981f980!8m2!3d48.7391342!4d21.2590385!16s%2Fg%2F11cn0n1whr!19sChIJx1UYuHHgPkcRgPmBydcqZo8?authuser=0&hl=sk&g_ep=EgoyMDI2MDkyMy4wIJJjKgBIAVAD&rclk=1,4.8,55,2026-09-27,veterinarna-klinika-vetanimal.png,http://www.vetanimal.sk/,2026-09-27,,"languages: none (site sk only, fb - not stated); prices: none (site - no cenník page, fb - not posted)"
VET_CLINIC,Veterinárna ambulancia MVDr. Skalický,veterinarna-ambulancia-mvdr-skalicky,"Cyklistická 853/3, 040 01 Košice",48.746462,21.2452074,+421 908 350 994,,http://www.zverolekarkosice.sk/,,,"Veterinary clinic providing medical care, surgery, vaccinations, diagnostics, and pet passports.","Veterinárna ambulancia poskytujúca liečbu, chirurgiu, očkovanie, diagnostiku a pasy pre zvieratá.","Veterinary practice providing preventative and clinical healthcare for dogs, cats, and small companion animals. Services include general check-ups, vaccinations, soft tissue surgery, and on-site laboratory diagnostics. Patients are treated with care and attention to individual needs.","Veterinárne pracovisko zabezpečuje preventívnu a liečebnú starostlivosť pre psy, mačky a drobné spoločenské zvieratá. Ponúka základné vyšetrenia, očkovanie, chirurgické zákroky a laboratórnu diagnostiku na mieste. Dôraz kladie na osobný a citlivý prístup ku každému pacientovi.","mo 09:00-12:00,14:00-18:00; tu 09:00-12:00,14:00-18:00; we 09:00-12:00,14:00-18:00; th 09:00-12:00,14:00-18:00; fr 09:00-12:00,14:00-18:00; sa 09:00-12:00; su closed",http://www.zverolekarkosice.sk/,2026-09-27,,,,,surgery;internal-medicine;dentistry;ultrasound;laboratory,,,,ChIJ_TQ0uuXgPkcRmlIC2nQZrQc,https://www.google.com/maps/place/Veterin%C3%A1rna+ambulancia+MVDr.+Skalick%C3%BD/data=!4m7!3m6!1s0x473ee0e5ba3434fd:0x7ad1974da02529a!8m2!3d48.746462!4d21.2452074!16s%2Fg%2F1tcx5snd!19sChIJ_TQ0uuXgPkcRmlIC2nQZrQc?authuser=0&hl=sk&g_ep=EgoyMDI2MDkyMy4wIJJjKgBIAVAD&rclk=1,4.7,50,2026-09-27,veterinarna-ambulancia-mvdr-skalicky.png,http://www.zverolekarkosice.sk/,2026-09-27,,"languages: none (site sk only, fb - not stated); prices: none (site - no cenník page, fb - not posted); facts: none (site states booking is optional; nothing else from the list)"
VET_CLINIC,SiVet - Veterinárna ambulancia Pereš,sivet-veterinarna-ambulancia-peres,"Revúcka 14, 040 11 Košice",48.6888247,21.2115358,+421 908 987 888,,http://www.sivet.sk/,,,"Veterinary clinic providing medical care, surgery, vaccinations, diagnostics, and pet passports.","Veterinárna ambulancia poskytujúca liečbu, chirurgiu, očkovanie, diagnostiku a pasy pre zvieratá.","Veterinary practice providing preventative and clinical healthcare for dogs, cats, and small companion animals. Services include general check-ups, vaccinations, soft tissue surgery, and on-site laboratory diagnostics. Patients are treated with care and attention to individual needs.","Veterinárne pracovisko zabezpečuje preventívnu a liečebnú starostlivosť pre psy, mačky a drobné spoločenské zvieratá. Ponúka základné vyšetrenia, očkovanie, chirurgické zákroky a laboratórnu diagnostiku na mieste. Dôraz kladie na osobný a citlivý prístup ku každému pacientovi.","mo 09:00-12:00,15:00-19:00; tu 09:00-12:00,15:00-19:00; we 09:00-12:00,15:00-19:00; th 09:00-12:00,15:00-19:00; fr 09:00-12:00,15:00-19:00; sa closed; su closed",http://www.sivet.sk/,2026-09-27,,,,,surgery;dentistry;internal-medicine;ultrasound;x-ray;laboratory,,parking,,ChIJAeq1gFwfP0cRi0AclfnU5FQ,https://www.google.com/maps/place/SiVet+-+Veterin%C3%A1rna+ambulancia+Pere%C5%A1/data=!4m7!3m6!1s0x473f1f5c80b5ea01:0x54e4d4f9951c408b!8m2!3d48.6888247!4d21.2115358!16s%2Fg%2F11t2vh60fy!19sChIJAeq1gFwfP0cRi0AclfnU5FQ?authuser=0&hl=sk&g_ep=EgoyMDI2MDkyMy4wIJJjKgBIAVAD&rclk=1,5.0,44,2026-09-27,sivet-veterinarna-ambulancia-peres.png,http://www.sivet.sk/,2026-09-27,,"languages: none (site sk only, fb - not stated); published prices collected in prices.csv"
VET_CLINIC,MVDr. Peter Koreň,mvdr-peter-koren,"Americká trieda 5, 040 13 Sídlisko Ťahanovce, Košice",48.7515499,21.2700646,+421 903 185 279,,,,,"Veterinary clinic providing medical care, surgery, vaccinations, diagnostics, and pet passports.","Veterinárna ambulancia poskytujúca liečbu, chirurgiu, očkovanie, diagnostiku a pasy pre zvieratá.","Veterinary practice providing preventative and clinical healthcare for dogs, cats, and small companion animals. Services include general check-ups, vaccinations, soft tissue surgery, and on-site laboratory diagnostics. Patients are treated with care and attention to individual needs.","Veterinárne pracovisko zabezpečuje preventívnu a liečebnú starostlivosť pre psy, mačky a drobné spoločenské zvieratá. Ponúka základné vyšetrenia, očkovanie, chirurgické zákroky a laboratórnu diagnostiku na mieste. Dôraz kladie na osobný a citlivý prístup ku každému pacientovi.",su closed,https://www.google.com/maps/place/MVDr.+Peter+Kore%C5%88/data=!4m7!3m6!1s0x473ee0c69245e679:0xefde66920326fb61!8m2!3d48.7515499!4d21.2700646!16s%2Fg%2F1tlgwqyx!19sChIJeeZFksbgPkcRYfsmA5Jm3u8?authuser=0&hl=sk&g_ep=EgoyMDI2MDkyMy4wIJJjKgBIAVAD&rclk=1,2026-09-27,,,,,surgery;internal-medicine;dentistry;ultrasound;laboratory,,,,ChIJeeZFksbgPkcRYfsmA5Jm3u8,https://www.google.com/maps/place/MVDr.+Peter+Kore%C5%88/data=!4m7!3m6!1s0x473ee0c69245e679:0xefde66920326fb61!8m2!3d48.7515499!4d21.2700646!16s%2Fg%2F1tlgwqyx!19sChIJeeZFksbgPkcRYfsmA5Jm3u8?authuser=0&hl=sk&g_ep=EgoyMDI2MDkyMy4wIJJjKgBIAVAD&rclk=1,4.6,35,2026-09-27,,https://www.google.com/maps/place/MVDr.+Peter+Kore%C5%88/data=!4m7!3m6!1s0x473ee0c69245e679:0xefde66920326fb61!8m2!3d48.7515499!4d21.2700646!16s%2Fg%2F1tlgwqyx!19sChIJeeZFksbgPkcRYfsmA5Jm3u8?authuser=0&hl=sk&g_ep=EgoyMDI2MDkyMy4wIJJjKgBIAVAD&rclk=1,2026-09-27,,"logo: none (searched website, fb, ig - no standalone graphic logo); facts: none (site - nothing stated, fb - nothing); languages: none (site sk only, fb - not stated); prices: none (no website or social page)"
VET_CLINIC,Veterina u lišiaka,veterina-u-lisiaka,"Milosrdenstva 440/27, 040 01 Juh, Košice",48.7098577,21.2525427,+421 918 108 408,,https://veterinaulisiaka.sk/,,,"Veterinary clinic providing medical care, surgery, vaccinations, diagnostics, and pet passports.","Veterinárna ambulancia poskytujúca liečbu, chirurgiu, očkovanie, diagnostiku a pasy pre zvieratá.","Veterinary practice providing preventative and clinical healthcare for dogs, cats, and small companion animals. Services include general check-ups, vaccinations, soft tissue surgery, and on-site laboratory diagnostics. Patients are treated with care and attention to individual needs.","Veterinárne pracovisko zabezpečuje preventívnu a liečebnú starostlivosť pre psy, mačky a drobné spoločenské zvieratá. Ponúka základné vyšetrenia, očkovanie, chirurgické zákroky a laboratórnu diagnostiku na mieste. Dôraz kladie na osobný a citlivý prístup ku každému pacientovi.",sa closed; su closed,https://veterinaulisiaka.sk/,2026-09-27,,,,,surgery;internal-medicine;ultrasound;laboratory,,,,ChIJg_PBaQDhPkcRvRs5-62qAbI,https://www.google.com/maps/place/Veterina+u+li%C5%A1iaka/data=!4m7!3m6!1s0x473ee10069c1f383:0xb201aaadfb391bbd!8m2!3d48.7098577!4d21.2525427!16s%2Fg%2F11vy2k_yr2!19sChIJg_PBaQDhPkcRvRs5-62qAbI?authuser=0&hl=sk&g_ep=EgoyMDI2MDkyMy4wIJJjKgBIAVAD&rclk=1,4.9,33,2026-09-27,veterina-u-lisiaka.png,https://veterinaulisiaka.sk/,2026-09-27,,"facts: none (site - nothing stated, fb - nothing); languages: none (site sk only, fb - not stated); published prices collected in prices.csv"
VET_CLINIC,Veterinárna ambulancia AbovZoo,veterinarna-ambulancia-abovzoo,"Jesenského 17, 040 01 Staré Mesto, Košice",48.7264378,21.2591748,+421 948 212 397,,https://www.abovzoo.sk/ambulancia/,,,"Veterinary clinic providing medical care, surgery, vaccinations, diagnostics, and pet passports.","Veterinárna ambulancia poskytujúca liečbu, chirurgiu, očkovanie, diagnostiku a pasy pre zvieratá.","Veterinary practice providing preventative and clinical healthcare for dogs, cats, and small companion animals. Services include general check-ups, vaccinations, soft tissue surgery, and on-site laboratory diagnostics. Patients are treated with care and attention to individual needs.","Veterinárne pracovisko zabezpečuje preventívnu a liečebnú starostlivosť pre psy, mačky a drobné spoločenské zvieratá. Ponúka základné vyšetrenia, očkovanie, chirurgické zákroky a laboratórnu diagnostiku na mieste. Dôraz kladie na osobný a citlivý prístup ku každému pacientovi.","mo 09:00-12:00,14:00-18:00; tu 09:00-12:00,14:00-18:00; we 09:00-12:00,14:00-18:00; th 09:00-12:00,14:00-18:00; fr 09:00-12:00,14:00-18:00; sa 09:00-12:00; su closed",https://www.abovzoo.sk/ambulancia/,2026-09-27,,,,,surgery;internal-medicine;dentistry;ultrasound;laboratory,,pet_passport;pharmacy_on_site,,ChIJD9-ES7fhPkcRZIkt2N6zSMg,https://www.google.com/maps/place/Veterin%C3%A1rna+ambulancia+AbovZoo/data=!4m7!3m6!1s0x473ee1b74b84df0f:0xc848b3ded82d8964!8m2!3d48.7264378!4d21.2591748!16s%2Fg%2F11llgystz0!19sChIJD9-ES7fhPkcRZIkt2N6zSMg?authuser=0&hl=sk&g_ep=EgoyMDI2MDkyMy4wIJJjKgBIAVAD&rclk=1,4.8,29,2026-09-27,veterinarna-ambulancia-abovzoo.png,https://www.abovzoo.sk/ambulancia/,2026-09-27,,"languages: none (site sk only, fb - not stated); prices: none (site - no cenník page, fb - not posted)"
VET_CLINIC,Veterinárna ambulancia Dr. dog,veterinarna-ambulancia-dr-dog,"Rosná 3, 040 01 Košice",48.7116693,21.264711,+421 905 510 386,,https://drdog-sk.webnode.sk/,,,"Veterinary clinic providing medical care, surgery, vaccinations, diagnostics, and pet passports.","Veterinárna ambulancia poskytujúca liečbu, chirurgiu, očkovanie, diagnostiku a pasy pre zvieratá.","Veterinary practice providing preventative and clinical healthcare for dogs, cats, and small companion animals. Services include general check-ups, vaccinations, soft tissue surgery, and on-site laboratory diagnostics. Patients are treated with care and attention to individual needs.","Veterinárne pracovisko zabezpečuje preventívnu a liečebnú starostlivosť pre psy, mačky a drobné spoločenské zvieratá. Ponúka základné vyšetrenia, očkovanie, chirurgické zákroky a laboratórnu diagnostiku na mieste. Dôraz kladie na osobný a citlivý prístup ku každému pacientovi.",sa closed; su closed,https://drdog-sk.webnode.sk/,2026-09-27,,,,,surgery;internal-medicine;dentistry;ultrasound,,card_payment,,ChIJpzLGtXXgPkcRuWkQmsFFi_E,https://www.google.com/maps/place/Veterin%C3%A1rna+ambulancia+Dr.+dog/data=!4m7!3m6!1s0x473ee075b5c632a7:0xf18b45c19a1069b9!8m2!3d48.7116693!4d21.264711!16s%2Fg%2F11bzx2k2r5!19sChIJpzLGtXXgPkcRuWkQmsFFi_E?authuser=0&hl=sk&g_ep=EgoyMDI2MDkyMy4wIJJjKgBIAVAD&rclk=1,4.6,23,2026-09-27,veterinarna-ambulancia-dr-dog.png,https://drdog-sk.webnode.sk/,2026-09-27,,"languages: none (site sk only, fb - not stated); prices: none (site - no cenník page, fb - not posted)"
VET_CLINIC,VetHaus - veterinárna ambulancia,vethaus-veterinarna-ambulancia,"Adamova 13, 040 18 Krásna, Košice",48.6714388,21.3191533,+421 951 449 714,,http://www.vethaus.sk/,,,"Veterinary clinic providing medical care, surgery, vaccinations, diagnostics, and pet passports.","Veterinárna ambulancia poskytujúca liečbu, chirurgiu, očkovanie, diagnostiku a pasy pre zvieratá.","Veterinary practice providing preventative and clinical healthcare for dogs, cats, and small companion animals. Services include general check-ups, vaccinations, soft tissue surgery, and on-site laboratory diagnostics. Patients are treated with care and attention to individual needs.","Veterinárne pracovisko zabezpečuje preventívnu a liečebnú starostlivosť pre psy, mačky a drobné spoločenské zvieratá. Ponúka základné vyšetrenia, očkovanie, chirurgické zákroky a laboratórnu diagnostiku na mieste. Dôraz kladie na osobný a citlivý prístup ku každému pacientovi.",su closed,http://www.vethaus.sk/,2026-09-27,,,,,surgery;internal-medicine;dentistry;ultrasound;x-ray;laboratory,,parking;pharmacy_on_site,,ChIJwx4L_J0hP0cRm4XYnAZ9WQg,https://www.google.com/maps/place/VetHaus+-+veterin%C3%A1rna+ambulancia/data=!4m7!3m6!1s0x473f219dfc0b1ec3:0x8597d069cd8859b!8m2!3d48.6714388!4d21.3191533!16s%2Fg%2F11smg_rgx0!19sChIJwx4L_J0hP0cRm4XYnAZ9WQg?authuser=0&hl=sk&g_ep=EgoyMDI2MDkyMy4wIJJjKgBIAVAD&rclk=1,5.0,21,2026-09-27,vethaus-veterinarna-ambulancia.png,http://www.vethaus.sk/,2026-09-27,,"languages: none (site sk only, fb - not stated); published prices collected in prices.csv"
VET_CLINIC,MVDr. Zuzana Stražanová – veterinárna ambulancia,mvdr-zuzana-strazanova-veterinarna-ambulancia,"Moldavská cesta 37, 040 11 Košice",48.7066573,21.2438985,+421 905 929 915,,https://www.zdraviezvierat.sk/,,,"Veterinary clinic providing medical care, surgery, vaccinations, diagnostics, and pet passports.","Veterinárna ambulancia poskytujúca liečbu, chirurgiu, očkovanie, diagnostiku a pasy pre zvieratá.","Veterinary practice providing preventative and clinical healthcare for dogs, cats, and small companion animals. Services include general check-ups, vaccinations, soft tissue surgery, and on-site laboratory diagnostics. Patients are treated with care and attention to individual needs.","Veterinárne pracovisko zabezpečuje preventívnu a liečebnú starostlivosť pre psy, mačky a drobné spoločenské zvieratá. Ponúka základné vyšetrenia, očkovanie, chirurgické zákroky a laboratórnu diagnostiku na mieste. Dôraz kladie na osobný a citlivý prístup ku každému pacientovi.",mo 16:00-19:00; tu 16:00-19:00; we 16:00-19:00; th 16:00-19:00; fr 16:00-19:00; sa closed; su closed,https://www.zdraviezvierat.sk/,2026-09-27,,,,,internal-medicine;dermatology;ultrasound;laboratory,,card_payment,,ChIJ2yIP6nngPkcRw3-RJDysrDA,https://www.google.com/maps/place/MVDr.+Zuzana+Stra%C5%BEanov%C3%A1+%E2%80%93+veterin%C3%A1rna+ambulancia/data=!4m7!3m6!1s0x473ee079ea0f22db:0x30acac3c24917fc3!8m2!3d48.7066573!4d21.2438985!16s%2Fg%2F1tfx3p5s!19sChIJ2yIP6nngPkcRw3-RJDysrDA?authuser=0&hl=sk&g_ep=EgoyMDI2MDkyMy4wIJJjKgBIAVAD&rclk=1,4.9,20,2026-09-27,mvdr-zuzana-strazanova-veterinarna-ambulancia.png,https://www.zdraviezvierat.sk/,2026-09-27,,"languages: none (site sk only, fb - not stated); prices: none (site - no cenník page, fb - not posted)"
VET_CLINIC,MVDr. Erik Hudec - Veterinárna ambulancia a hotel pre mačky,mvdr-erik-hudec-veterinarna-ambulancia-a-hotel-pre-macky,"Ukrajinská 193/24, 040 18 Krásna, Košice",48.6691278,21.3150144,+421 915 738 557,,,,,"Veterinary clinic providing medical care, surgery, vaccinations, diagnostics, and pet passports.","Veterinárna ambulancia poskytujúca liečbu, chirurgiu, očkovanie, diagnostiku a pasy pre zvieratá.","Veterinary practice providing preventative and clinical healthcare for dogs, cats, and small companion animals. Services include general check-ups, vaccinations, soft tissue surgery, and on-site laboratory diagnostics. Patients are treated with care and attention to individual needs.","Veterinárne pracovisko zabezpečuje preventívnu a liečebnú starostlivosť pre psy, mačky a drobné spoločenské zvieratá. Ponúka základné vyšetrenia, očkovanie, chirurgické zákroky a laboratórnu diagnostiku na mieste. Dôraz kladie na osobný a citlivý prístup ku každému pacientovi.",su closed,https://www.google.com/maps/place/MVDr.+Erik+Hudec+-+Veterin%C3%A1rna+ambulancia+a+hotel+pre+ma%C4%8Dky/data=!4m7!3m6!1s0x473f21ead2807ad1:0x67dcea202a7ab109!8m2!3d48.6691278!4d21.3150144!16s%2Fg%2F11sn_34h60!19sChIJ0XqA0uohP0cRCbF6KiDq3Gc?authuser=0&hl=sk&g_ep=EgoyMDI2MDkyMy4wIJJjKgBIAVAD&rclk=1,2026-09-27,,,,,surgery;internal-medicine;dentistry;ultrasound;laboratory,,,,ChIJ0XqA0uohP0cRCbF6KiDq3Gc,https://www.google.com/maps/place/MVDr.+Erik+Hudec+-+Veterin%C3%A1rna+ambulancia+a+hotel+pre+ma%C4%8Dky/data=!4m7!3m6!1s0x473f21ead2807ad1:0x67dcea202a7ab109!8m2!3d48.6691278!4d21.3150144!16s%2Fg%2F11sn_34h60!19sChIJ0XqA0uohP0cRCbF6KiDq3Gc?authuser=0&hl=sk&g_ep=EgoyMDI2MDkyMy4wIJJjKgBIAVAD&rclk=1,5.0,14,2026-09-27,,https://www.google.com/maps/place/MVDr.+Erik+Hudec+-+Veterin%C3%A1rna+ambulancia+a+hotel+pre+ma%C4%8Dky/data=!4m7!3m6!1s0x473f21ead2807ad1:0x67dcea202a7ab109!8m2!3d48.6691278!4d21.3150144!16s%2Fg%2F11sn_34h60!19sChIJ0XqA0uohP0cRCbF6KiDq3Gc?authuser=0&hl=sk&g_ep=EgoyMDI2MDkyMy4wIJJjKgBIAVAD&rclk=1,2026-09-27,,"logo: none (searched website, fb, ig - no standalone graphic logo); facts: none (site - nothing stated, fb - nothing); languages: none (site sk only, fb - not stated); prices: none (no website or social page)"
VET_CLINIC,Veterinárne diagnostické centrum,veterinarne-diagnosticke-centrum,"Komenského 73, 040 01 Košice",48.7397028,21.2487574,+421 918 795 440,,https://www.vdckosice.sk/,,,"Veterinary clinic providing medical care, surgery, vaccinations, diagnostics, and pet passports.","Veterinárna ambulancia poskytujúca liečbu, chirurgiu, očkovanie, diagnostiku a pasy pre zvieratá.","Veterinary practice providing preventative and clinical healthcare for dogs, cats, and small companion animals. Services include general check-ups, vaccinations, soft tissue surgery, and on-site laboratory diagnostics. Patients are treated with care and attention to individual needs.","Veterinárne pracovisko zabezpečuje preventívnu a liečebnú starostlivosť pre psy, mačky a drobné spoločenské zvieratá. Ponúka základné vyšetrenia, očkovanie, chirurgické zákroky a laboratórnu diagnostiku na mieste. Dôraz kladie na osobný a citlivý prístup ku každému pacientovi.",tu closed; th closed; sa closed; su closed,https://www.vdckosice.sk/,2026-09-27,,,,,internal-medicine;ultrasound;x-ray;laboratory,,parking,,ChIJR9NvtoHhPkcR1LUZ-Scvbiw,https://www.google.com/maps/place/Veterin%C3%A1rne+diagnostick%C3%A9+centrum/data=!4m7!3m6!1s0x473ee181b66fd347:0x2c6e2f27f919b5d4!8m2!3d48.7397028!4d21.2487574!16s%2Fg%2F11twhyb158!19sChIJR9NvtoHhPkcR1LUZ-Scvbiw?authuser=0&hl=sk&g_ep=EgoyMDI2MDkyMy4wIJJjKgBIAVAD&rclk=1,4.2,6,2026-09-27,veterinarne-diagnosticke-centrum.png,https://www.vdckosice.sk/,2026-09-27,,"languages: none (site sk only, fb - not stated); prices: none (site - no cenník page, fb - not posted)"
VET_CLINIC,Veterinár domov,veterinar-domov,"Palackého, 040 01 Košice",48.7185793,21.2680466,+421 944 762 228,,http://www.veterinardomov.sk/,,,"Veterinary clinic providing medical care, surgery, vaccinations, diagnostics, and pet passports.","Veterinárna ambulancia poskytujúca liečbu, chirurgiu, očkovanie, diagnostiku a pasy pre zvieratá.","Veterinary practice providing preventative and clinical healthcare for dogs, cats, and small companion animals. Services include general check-ups, vaccinations, soft tissue surgery, and on-site laboratory diagnostics. Patients are treated with care and attention to individual needs.","Veterinárne pracovisko zabezpečuje preventívnu a liečebnú starostlivosť pre psy, mačky a drobné spoločenské zvieratá. Ponúka základné vyšetrenia, očkovanie, chirurgické zákroky a laboratórnu diagnostiku na mieste. Dôraz kladie na osobný a citlivý prístup ku každému pacientovi.",sa closed,http://www.veterinardomov.sk/,2026-09-27,,,,,internal-medicine;laboratory,,pet_passport,,ChIJdRLSZAbhPkcRqoVg905dLbY,https://www.google.com/maps/place/Veterin%C3%A1r+domov/data=!4m7!3m6!1s0x473ee10664d21275:0xb62d5d4ef76085aa!8m2!3d48.7185793!4d21.2680466!16s%2Fg%2F11s0zfghps!19sChIJdRLSZAbhPkcRqoVg905dLbY?authuser=0&hl=sk&g_ep=EgoyMDI2MDkyMy4wIJJjKgBIAVAD&rclk=1,,,,veterinar-domov.png,http://www.veterinardomov.sk/,2026-09-27,,"rating: none (Google Maps by name, address - fewer than 5 ratings, count: 3); languages: none (site sk only, fb - not stated); prices: none (site - no cenník page, fb - not posted)"
VET_CLINIC,VetHaus Furča veterinárna ambulancia,vethaus-furca-veterinarna-ambulancia,"Lidické námestie 1251/15, 040 22 Dargovských hrdinov, Košice",48.7412477,21.2785428,+421 949 134 577,,https://www.vethaus.sk/,,,"Veterinary clinic providing medical care, surgery, vaccinations, diagnostics, and pet passports.","Veterinárna ambulancia poskytujúca liečbu, chirurgiu, očkovanie, diagnostiku a pasy pre zvieratá.","Veterinary practice providing preventative and clinical healthcare for dogs, cats, and small companion animals. Services include general check-ups, vaccinations, soft tissue surgery, and on-site laboratory diagnostics. Patients are treated with care and attention to individual needs.","Veterinárne pracovisko zabezpečuje preventívnu a liečebnú starostlivosť pre psy, mačky a drobné spoločenské zvieratá. Ponúka základné vyšetrenia, očkovanie, chirurgické zákroky a laboratórnu diagnostiku na mieste. Dôraz kladie na osobný a citlivý prístup ku každému pacientovi.",su closed,https://www.vethaus.sk/,2026-09-27,,,,,surgery;internal-medicine;dentistry;ultrasound;laboratory,,,,ChIJ5y-44N7hPkcR83kk3V2cVzo,https://www.google.com/maps/place/VetHaus+Fur%C4%8Da+veterin%C3%A1rna+ambulancia/data=!4m7!3m6!1s0x473ee1dee0b82fe7:0x3a579c5ddd2479f3!8m2!3d48.7412477!4d21.2785428!16s%2Fg%2F11xglqwmmn!19sChIJ5y-44N7hPkcR83kk3V2cVzo?authuser=0&hl=sk&g_ep=EgoyMDI2MDkyMy4wIJJjKgBIAVAD&rclk=1,,,,vethaus-furca-veterinarna-ambulancia.png,https://www.vethaus.sk/,2026-09-27,,"rating: none (Google Maps by name, address - fewer than 5 ratings, count: 2); facts: none (site - nothing stated, fb - nothing); languages: none (site sk only, fb - not stated); published prices collected in prices.csv"
VET_CLINIC,Veterinárna ambulancia V KIT,veterinarna-ambulancia-vkit,"Húskova 3, 040 23 Košice",48.6848591,21.2886642,+421 907 979 238,,http://www.vkit.sk/,,,"Veterinary clinic providing medical care, surgery, vaccinations, diagnostics, and pet passports.","Veterinárna ambulancia poskytujúca liečbu, chirurgiu, očkovanie, diagnostiku a pasy pre zvieratá.","Veterinary practice providing preventative and clinical healthcare for dogs, cats, and small companion animals. Services include general check-ups, vaccinations, soft tissue surgery, and on-site laboratory diagnostics. Patients are treated with care and attention to individual needs.","Veterinárne pracovisko zabezpečuje preventívnu a liečebnú starostlivosť pre psy, mačky a drobné spoločenské zvieratá. Ponúka základné vyšetrenia, očkovanie, chirurgické zákroky a laboratórnu diagnostiku na mieste. Dôraz kladie na osobný a citlivý prístup ku každému pacientovi.","mo 09:00-12:00,14:00-18:00; tu 09:00-12:00,14:00-18:00; we 09:00-12:00,14:00-18:00; th 09:00-12:00,14:00-18:00; fr 09:00-12:00,14:00-18:00; sa 09:00-11:00; su closed",http://www.vkit.sk/,2026-09-27,,,,,surgery;dentistry;dermatology;ultrasound;x-ray;laboratory,,parking,,ChIJ1cnvRgDfPkcRUUA41D7Ku94,https://www.google.com/maps/place/Veterin%C3%A1rna+ambulancia+Vkit/data=!4m7!3m6!1s0x473edf0046efc9d5:0xdebbca3ed4384051!8m2!3d48.6848591!4d21.2886642!16s%2Fg%2F11vxzc51n_!19sChIJ1cnvRgDfPkcRUUA41D7Ku94?authuser=0&hl=sk&g_ep=EgoyMDI2MDkyMy4wIJJjKgBIAVAD&rclk=1,,,,veterinarna-ambulancia-vkit.png,http://www.vkit.sk/,2026-09-27,,"languages: none (site sk only, fb - not stated); prices: none (site - no cenník page, fb - not posted); rating: none (Google Maps by name, address - fewer than 5 ratings, count: 0)"
GROOMING,Psí salón D&D,psi-salon-d-d,"Pražská 6, 040 11 Košice",48.7122418,21.2396783,+421 948 242 035,,,,,"Dog grooming salon offering complete coat styling, bathing, trimming, and claw care.","Psí salón ponúkajúci kompletnú úpravu srsti, strihanie, kúpanie a ošetrenie pazúrikov.","Pet grooming salon specializing in complete coat care and hygienic styling for dogs of various breeds and sizes. Services include gentle bathing, detangling, breed haircuts, ear cleaning, and nail trimming. Uses quality cosmetic products suitable for sensitive pet coats.","Salón pre psov sa zameriava na kompletnú úpravu srsti a hygienickú starostlivosť pre psy rôznych plemien a veľkostí. Poskytuje kúpanie, rozčesávanie, strihanie podľa štandardov, čistenie uší a strihanie pazúrikov. Používa šetrnú a kvalitnú kozmetiku pre zvieratá.",su closed,https://www.google.com/maps/place/Ps%C3%AD+sal%C3%B3n+D%26D/data=!4m7!3m6!1s0x473ee1f4279e8d6d:0xed8103b7f3c81657!8m2!3d48.7122418!4d21.2396783!16s%2Fg%2F11w9s0_bth!19sChIJbY2eJ_ThPkcRVxbI87cDge0?authuser=0&hl=sk&g_ep=EgoyMDI2MDkyMy4wIJJjKgBIAVAD&rclk=1,2026-09-27,,,,,,,all_sizes,,ChIJbY2eJ_ThPkcRVxbI87cDge0,https://www.google.com/maps/place/Ps%C3%AD+sal%C3%B3n+D%26D/data=!4m7!3m6!1s0x473ee1f4279e8d6d:0xed8103b7f3c81657!8m2!3d48.7122418!4d21.2396783!16s%2Fg%2F11w9s0_bth!19sChIJbY2eJ_ThPkcRVxbI87cDge0?authuser=0&hl=sk&g_ep=EgoyMDI2MDkyMy4wIJJjKgBIAVAD&rclk=1,5.0,104,2026-09-27,,https://www.google.com/maps/place/Ps%C3%AD+sal%C3%B3n+D%26D/data=!4m7!3m6!1s0x473ee1f4279e8d6d:0xed8103b7f3c81657!8m2!3d48.7122418!4d21.2396783!16s%2Fg%2F11w9s0_bth!19sChIJbY2eJ_ThPkcRVxbI87cDge0?authuser=0&hl=sk&g_ep=EgoyMDI2MDkyMy4wIJJjKgBIAVAD&rclk=1,2026-09-27,,"logo: none (searched website, fb, ig - no standalone graphic logo); prices: none (no website or social page)"
GROOMING,Lu.Ma. Kúpeľňa pre psy,lu-ma-kupelna-pre-psy,"Jarmočná 2, 040 01 Košice",48.7085553,21.267488,+421 907 239 774,,https://www.lumakupelna.sk/,,,"Dog grooming salon offering complete coat styling, bathing, trimming, and claw care.","Psí salón ponúkajúci kompletnú úpravu srsti, strihanie, kúpanie a ošetrenie pazúrikov.","Pet grooming salon specializing in complete coat care and hygienic styling for dogs of various breeds and sizes. Services include gentle bathing, detangling, breed haircuts, ear cleaning, and nail trimming. Uses quality cosmetic products suitable for sensitive pet coats.","Salón pre psov sa zameriava na kompletnú úpravu srsti a hygienickú starostlivosť pre psy rôznych plemien a veľkostí. Poskytuje kúpanie, rozčesávanie, strihanie podľa štandardov, čistenie uší a strihanie pazúrikov. Používa šetrnú a kvalitnú kozmetiku pre zvieratá.",sa closed; su closed,https://www.lumakupelna.sk/,2026-09-27,,,,,,,all_sizes;appointment_only,,ChIJGSwTN3zhPkcRVuyjNwiZkqg,https://www.google.com/maps/place/Lu.Ma.+K%C3%BApe%C4%BE%C5%88a+pre+psy/data=!4m7!3m6!1s0x473ee17c37132c19:0xa892990837a3ec56!8m2!3d48.7085553!4d21.267488!16s%2Fg%2F11jz6f93mp!19sChIJGSwTN3zhPkcRVuyjNwiZkqg?authuser=0&hl=sk&g_ep=EgoyMDI2MDkyMy4wIJJjKgBIAVAD&rclk=1,4.9,67,2026-09-27,lu-ma-kupelna-pre-psy.png,https://www.lumakupelna.sk/,2026-09-27,,"prices: none (site - no cenník page, fb - not posted)"
GROOMING,SALÓN PRE PSOV LUMP,salon-pre-psov-lump,"Húskova 31, 040 23 Košice",48.738296,21.2813897,+421 908 261 475,,https://www.salonlump.sk/,,,"Dog grooming salon offering complete coat styling, bathing, trimming, and claw care.","Psí salón ponúkajúci kompletnú úpravu srsti, strihanie, kúpanie a ošetrenie pazúrikov.","Pet grooming salon specializing in complete coat care and hygienic styling for dogs of various breeds and sizes. Services include gentle bathing, detangling, breed haircuts, ear cleaning, and nail trimming. Uses quality cosmetic products suitable for sensitive pet coats.","Salón pre psov sa zameriava na kompletnú úpravu srsti a hygienickú starostlivosť pre psy rôznych plemien a veľkostí. Poskytuje kúpanie, rozčesávanie, strihanie podľa štandardov, čistenie uší a strihanie pazúrikov. Používa šetrnú a kvalitnú kozmetiku pre zvieratá.",mo 09:00-17:00; tu 09:00-17:00; we 09:00-17:00; th 09:00-17:00; fr 09:00-17:00; sa by-appointment; su closed,https://www.salonlump.sk/kontakt/,2026-09-27,,,,,,,all_sizes;natural_cosmetics,,ChIJA_I3jKfhPkcRukPYYWgFZA0,https://www.google.com/maps/place/SAL%C3%93N+PRE+PSOV+LUMP/data=!4m7!3m6!1s0x473ee1a78c37f203:0xd64056861d843ba!8m2!3d48.738296!4d21.2813897!16s%2Fg%2F11twqwyjbj!19sChIJA_I3jKfhPkcRukPYYWgFZA0?authuser=0&hl=sk&g_ep=EgoyMDI2MDkyMy4wIJJjKgBIAVAD&rclk=1,4.7,46,2026-09-27,salon-pre-psov-lump.png,https://www.salonlump.sk/,2026-09-27,,published grooming prices collected in prices.csv
GROOMING,Psí salón Afrodita,psi-salon-afrodita,"Moldavská cesta 45, 040 11 Košice",48.6990843,21.2371508,+421 905 151 684,,http://www.salon-afrodita.sk/,,,"Dog grooming salon offering complete coat styling, bathing, trimming, and claw care.","Psí salón ponúkajúci kompletnú úpravu srsti, strihanie, kúpanie a ošetrenie pazúrikov.","Pet grooming salon specializing in complete coat care and hygienic styling for dogs of various breeds and sizes. Services include gentle bathing, detangling, breed haircuts, ear cleaning, and nail trimming. Uses quality cosmetic products suitable for sensitive pet coats.","Salón pre psov sa zameriava na kompletnú úpravu srsti a hygienickú starostlivosť pre psy rôznych plemien a veľkostí. Poskytuje kúpanie, rozčesávanie, strihanie podľa štandardov, čistenie uší a strihanie pazúrikov. Používa šetrnú a kvalitnú kozmetiku pre zvieratá.",by-appointment,http://www.salon-afrodita.sk/kontakt/,2026-09-27,,,,,,,appointment_only;natural_cosmetics;all_sizes,,ChIJ3cr_OhLgPkcR4_X0Eo3R2BE,"https://www.google.com/maps/place/Ps%C3%AD+sal%C3%B3n+AFRODITA-+strihanie+psov,+SPA+a+ozonoterapia+%28lie%C4%8Debn%C3%A9+dermatokozmetologick%C3%A9+k%C3%BApele%29/data=!4m7!3m6!1s0x473ee0123affcadd:0x11d8d18d12f4f5e3!8m2!3d48.6990843!4d21.2371508!16s%2Fg%2F1v75qp2r!19sChIJ3cr_OhLgPkcR4_X0Eo3R2BE?authuser=0&hl=sk&g_ep=EgoyMDI2MDkyMy4wIJJjKgBIAVAD&rclk=1",4.7,38,2026-09-27,psi-salon-afrodita.png,http://www.salon-afrodita.sk/,2026-09-27,,appointment_only: http://www.salon-afrodita.sk/ (OTVORENÉ PODĽA OBJEDNÁVOK); published grooming prices collected in prices.csv
GROOMING,Psí salón ALEX,psi-salon-alex,"040 13, Bukureštská 2560/32, 040 13 Košice",48.7606277,21.268978,+421 917 391 178,,http://m.psi-salon-alex.webnode.sk/,,,"Dog grooming salon offering complete coat styling, bathing, trimming, and claw care.","Psí salón ponúkajúci kompletnú úpravu srsti, strihanie, kúpanie a ošetrenie pazúrikov.","Pet grooming salon specializing in complete coat care and hygienic styling for dogs of various breeds and sizes. Services include gentle bathing, detangling, breed haircuts, ear cleaning, and nail trimming. Uses quality cosmetic products suitable for sensitive pet coats.","Salón pre psov sa zameriava na kompletnú úpravu srsti a hygienickú starostlivosť pre psy rôznych plemien a veľkostí. Poskytuje kúpanie, rozčesávanie, strihanie podľa štandardov, čistenie uší a strihanie pazúrikov. Používa šetrnú a kvalitnú kozmetiku pre zvieratá.",by-appointment,http://m.psi-salon-alex.webnode.sk/kontakt/,2026-09-27,,,,,,,appointment_only;all_sizes,,ChIJKR_lv8jgPkcRdEHKUr1J70Y,https://www.google.com/maps/place/Ps%C3%AD+sal%C3%B3n+ALEX/data=!4m7!3m6!1s0x473ee0c8bfe51f29:0x46ef49bd52ca4174!8m2!3d48.7606277!4d21.268978!16s%2Fg%2F11b7q29hqz!19sChIJKR_lv8jgPkcRdEHKUr1J70Y?authuser=0&hl=sk&g_ep=EgoyMDI2MDkyMy4wIJJjKgBIAVAD&rclk=1,4.7,36,2026-09-27,psi-salon-alex.png,http://m.psi-salon-alex.webnode.sk/,2026-09-27,,appointment_only: http://m.psi-salon-alex.webnode.sk/ (OTVORENÉ PODĽA OBJEDNÁVOK); published grooming prices collected in prices.csv
GROOMING,Petra Dugas - STRAPÁČIK,petra-dugas-strapacik,"Ždiarska 1442/5, 040 12 Nad jazerom, Košice",48.6814209,21.2942629,+421 915 644 987,,https://www.strapacik.sk/,,,"Dog grooming salon offering complete coat styling, bathing, trimming, and claw care.","Psí salón ponúkajúci kompletnú úpravu srsti, strihanie, kúpanie a ošetrenie pazúrikov.","Pet grooming salon specializing in complete coat care and hygienic styling for dogs of various breeds and sizes. Services include gentle bathing, detangling, breed haircuts, ear cleaning, and nail trimming. Uses quality cosmetic products suitable for sensitive pet coats.","Salón pre psov sa zameriava na kompletnú úpravu srsti a hygienickú starostlivosť pre psy rôznych plemien a veľkostí. Poskytuje kúpanie, rozčesávanie, strihanie podľa štandardov, čistenie uší a strihanie pazúrikov. Používa šetrnú a kvalitnú kozmetiku pre zvieratá.",mo 08:30-15:30; tu 08:30-15:30; we 08:30-15:30; th 08:30-15:30; fr 08:30-15:30; sa closed; su closed,https://www.strapacik.sk/,2026-09-27,,,,,,,appointment_only;all_sizes,,ChIJz8sF84ffPkcR_ahrdeaaCf0,https://www.google.com/maps/place/Petra+Dugas+-+STRAP%C3%81%C4%8CIK/data=!4m7!3m6!1s0x473edf87f305cbcf:0xfd099ae6756ba8fd!8m2!3d48.6814209!4d21.2942629!16s%2Fg%2F11bzx9sgm5!19sChIJz8sF84ffPkcR_ahrdeaaCf0?authuser=0&hl=sk&g_ep=EgoyMDI2MDkyMy4wIJJjKgBIAVAD&rclk=1,4.6,33,2026-09-27,petra-dugas-strapacik.png,https://www.strapacik.sk/,2026-09-27,,"prices: none (site - no cenník page, fb - not posted); appointment_only: https://strapacik.sk (""Po – Pi: 8:30 – 15:30 (na objednávku)"")"
GROOMING,Psí salón DENNY,psi-salon-denny,"Čingovská 1377/5, 040 12 Nad jazerom, Košice",48.6857971,21.2874434,+421 911 945 023,,http://psi-salon-denny.webnode.sk/,,,"Dog grooming salon offering complete coat styling, bathing, trimming, and claw care.","Psí salón ponúkajúci kompletnú úpravu srsti, strihanie, kúpanie a ošetrenie pazúrikov.","Pet grooming salon specializing in complete coat care and hygienic styling for dogs of various breeds and sizes. Services include gentle bathing, detangling, breed haircuts, ear cleaning, and nail trimming. Uses quality cosmetic products suitable for sensitive pet coats.","Salón pre psov sa zameriava na kompletnú úpravu srsti a hygienickú starostlivosť pre psy rôznych plemien a veľkostí. Poskytuje kúpanie, rozčesávanie, strihanie podľa štandardov, čistenie uší a strihanie pazúrikov. Používa šetrnú a kvalitnú kozmetiku pre zvieratá.",tu 08:30-13:30; we 08:30-13:30; th 08:30-15:30; fr 08:30-12:30; sa closed; su closed,http://psi-salon-denny.webnode.sk/,2026-09-27,,,,,,,all_sizes,,ChIJofOlIOXfPkcRj2bq_2bj204,https://www.google.com/maps/place/Ps%C3%AD+sal%C3%B3n+DENNY/data=!4m7!3m6!1s0x473edfe520a5f3a1:0x4edbe366ffea668f!8m2!3d48.6857971!4d21.2874434!16s%2Fg%2F11j8mjv88g!19sChIJofOlIOXfPkcRj2bq_2bj204?authuser=0&hl=sk&g_ep=EgoyMDI2MDkyMy4wIJJjKgBIAVAD&rclk=1,5.0,32,2026-09-27,psi-salon-denny.png,http://psi-salon-denny.webnode.sk/,2026-09-27,,published prices collected in prices.csv
GROOMING,Salón pre psov a mačky Verterra,salon-pre-psov-a-macky-verterra,"Trieda KVP 7, 040 11 Košice",48.7206677,21.214983,+421 556 443 622,,http://www.upravapsov.sk/kontakt.html,,,"Dog grooming salon offering complete coat styling, bathing, trimming, and claw care.","Psí salón ponúkajúci kompletnú úpravu srsti, strihanie, kúpanie a ošetrenie pazúrikov.","Pet grooming salon specializing in complete coat care and hygienic styling for dogs of various breeds and sizes. Services include gentle bathing, detangling, breed haircuts, ear cleaning, and nail trimming. Uses quality cosmetic products suitable for sensitive pet coats.","Salón pre psov sa zameriava na kompletnú úpravu srsti a hygienickú starostlivosť pre psy rôznych plemien a veľkostí. Poskytuje kúpanie, rozčesávanie, strihanie podľa štandardov, čistenie uší a strihanie pazúrikov. Používa šetrnú a kvalitnú kozmetiku pre zvieratá.",by-appointment,http://www.upravapsov.sk/kontakt.html,2026-09-27,,,,,,,cats;all_sizes,,ChIJGdGvD0vgPkcReInRd-dwnfc,https://www.google.com/maps/place/Sal%C3%B3n+Pre+Psov+A+Ma%C4%8Dky+-+Verterra/data=!4m7!3m6!1s0x473ee04b0fafd119:0xf79d70e777d18978!8m2!3d48.7206677!4d21.214983!16s%2Fg%2F1tgxs9gy!19sChIJGdGvD0vgPkcReInRd-dwnfc?authuser=0&hl=sk&g_ep=EgoyMDI2MDkyMy4wIJJjKgBIAVAD&rclk=1,4.4,25,2026-09-27,verterra.png,http://www.upravapsov.sk/kontakt.html,2026-09-27,,"prices: none (site - no cenník page, fb - not posted)"
GROOMING,Bendžiho psí salón,bendziho-psi-salon,"Železiarenská 33, 040 15 Košice",48.6792003,21.2962502,+421 907 357 514,,https://www.facebook.com/bendzihopsisalon/,,https://www.facebook.com/bendzihopsisalon/,"Dog grooming salon offering complete coat styling, bathing, trimming, and claw care.","Psí salón ponúkajúci kompletnú úpravu srsti, strihanie, kúpanie a ošetrenie pazúrikov.","Pet grooming salon specializing in complete coat care and hygienic styling for dogs of various breeds and sizes. Services include gentle bathing, detangling, breed haircuts, ear cleaning, and nail trimming. Uses quality cosmetic products suitable for sensitive pet coats.","Salón pre psov sa zameriava na kompletnú úpravu srsti a hygienickú starostlivosť pre psy rôznych plemien a veľkostí. Poskytuje kúpanie, rozčesávanie, strihanie podľa štandardov, čistenie uší a strihanie pazúrikov. Používa šetrnú a kvalitnú kozmetiku pre zvieratá.",by-appointment,https://www.facebook.com/bendzihopsisalon/,2026-09-27,,,,,,,all_sizes,,ChIJaW9Z63ggP0cR-XBpOEW9uVI,https://www.google.com/maps/place/Bend%C5%BEiho+ps%C3%AD+sal%C3%B3n/data=!4m7!3m6!1s0x473f2078eb596f69:0x52b9bd45386970f9!8m2!3d48.6792003!4d21.2962502!16s%2Fg%2F11bv3ybqp_!19sChIJaW9Z63ggP0cR-XBpOEW9uVI?authuser=0&hl=sk&g_ep=EgoyMDI2MDkyMy4wIJJjKgBIAVAD&rclk=1,4.7,23,2026-09-27,,https://www.facebook.com/bendzihopsisalon/,2026-09-27,,"logo: none (searched website, fb, ig - no standalone graphic logo); prices: none (site - no cenník page, fb - not posted)"
GROOMING,Psí wellness salón Willow,psi-wellness-salon-willow,"Rumanova 1, 040 01 Košice",48.7279444,21.2460965,+421 911 391 199,,https://www.facebook.com/psiwellnesssalonwillow/,,https://www.facebook.com/psiwellnesssalonwillow/,"Dog grooming salon offering complete coat styling, bathing, trimming, and claw care.","Psí salón ponúkajúci kompletnú úpravu srsti, strihanie, kúpanie a ošetrenie pazúrikov.","Pet grooming salon specializing in complete coat care and hygienic styling for dogs of various breeds and sizes. Services include gentle bathing, detangling, breed haircuts, ear cleaning, and nail trimming. Uses quality cosmetic products suitable for sensitive pet coats.","Salón pre psov sa zameriava na kompletnú úpravu srsti a hygienickú starostlivosť pre psy rôznych plemien a veľkostí. Poskytuje kúpanie, rozčesávanie, strihanie podľa štandardov, čistenie uší a strihanie pazúrikov. Používa šetrnú a kvalitnú kozmetiku pre zvieratá.",by-appointment,https://www.facebook.com/psiwellnesssalonwillow/,2026-09-27,,,,,,,all_sizes,,ChIJaxlUMgDhPkcRSwvg9zbeB3I,https://www.google.com/maps/place/Ps%C3%AD+wellness+sal%C3%B3n+Willow/data=!4m7!3m6!1s0x473ee1003254196b:0x7207de36f7e00b4b!8m2!3d48.7279444!4d21.2460965!16s%2Fg%2F11x6pk_98t!19sChIJaxlUMgDhPkcRSwvg9zbeB3I?authuser=0&hl=sk&g_ep=EgoyMDI2MDkyMy4wIJJjKgBIAVAD&rclk=1,5.0,17,2026-09-27,,https://www.facebook.com/psiwellnesssalonwillow/,2026-09-27,,"logo: none (searched website, fb, ig - no standalone graphic logo); prices: none (site - no cenník page, fb - not posted)"
GROOMING,Študio Lia,studio-lia,"Zuzkin Park 459/6, 040 11 Košice",48.7185821,21.2381115,+421 948 948 708,,http://studiolia.sk/,,,"Dog grooming salon offering complete coat styling, bathing, trimming, and claw care.","Psí salón ponúkajúci kompletnú úpravu srsti, strihanie, kúpanie a ošetrenie pazúrikov.","Pet grooming salon specializing in complete coat care and hygienic styling for dogs of various breeds and sizes. Services include gentle bathing, detangling, breed haircuts, ear cleaning, and nail trimming. Uses quality cosmetic products suitable for sensitive pet coats.","Salón pre psov sa zameriava na kompletnú úpravu srsti a hygienickú starostlivosť pre psy rôznych plemien a veľkostí. Poskytuje kúpanie, rozčesávanie, strihanie podľa štandardov, čistenie uší a strihanie pazúrikov. Používa šetrnú a kvalitnú kozmetiku pre zvieratá.",by-appointment,http://studiolia.sk/,2026-09-27,,,,,,,all_sizes;natural_cosmetics,,ChIJj8k7LULgPkcRCl-psepmZVc,https://www.google.com/maps/place/%C5%A0tudio+Lia/data=!4m7!3m6!1s0x473ee0422d3bc98f:0x576566eab1a95f0a!8m2!3d48.7185821!4d21.2381115!16s%2Fg%2F11fn6sptwj!19sChIJj8k7LULgPkcRCl-psepmZVc?authuser=0&hl=sk&g_ep=EgoyMDI2MDkyMy4wIJJjKgBIAVAD&rclk=1,4.7,14,2026-09-27,studio-lia.png,http://studiolia.sk/,2026-09-27,,published prices collected in prices.csv
GROOMING,Salón pre psov Darwin Košice,salon-pre-psov-darwin-kosice,"Trieda SNP 200/24, 040 11 Košice",48.7195439,21.2317082,+421 915 071 051,,https://www.facebook.com/salonprepsovdarwin,,https://www.facebook.com/salonprepsovdarwin,"Dog grooming salon offering complete coat styling, bathing, trimming, and claw care.","Psí salón ponúkajúci kompletnú úpravu srsti, strihanie, kúpanie a ošetrenie pazúrikov.","Pet grooming salon specializing in complete coat care and hygienic styling for dogs of various breeds and sizes. Services include gentle bathing, detangling, breed haircuts, ear cleaning, and nail trimming. Uses quality cosmetic products suitable for sensitive pet coats.","Salón pre psov sa zameriava na kompletnú úpravu srsti a hygienickú starostlivosť pre psy rôznych plemien a veľkostí. Poskytuje kúpanie, rozčesávanie, strihanie podľa štandardov, čistenie uší a strihanie pazúrikov. Používa šetrnú a kvalitnú kozmetiku pre zvieratá.",by-appointment,https://www.facebook.com/salonprepsovdarwin,2026-09-27,,,,,,,all_sizes,,ChIJNx8QuyHhPkcRS7NjUk_ZAog,https://www.google.com/maps/place/Sal%C3%B3n+pre+psov+Darwin+Ko%C5%A1ice/data=!4m7!3m6!1s0x473ee121bb101f37:0x8802d94f5263b34b!8m2!3d48.7195439!4d21.2317082!16s%2Fg%2F11v79s2sxg!19sChIJNx8QuyHhPkcRS7NjUk_ZAog?authuser=0&hl=sk&g_ep=EgoyMDI2MDkyMy4wIJJjKgBIAVAD&rclk=1,4.3,13,2026-09-27,salon-pre-psov-darwin-kosice.png,https://www.facebook.com/salonprepsovdarwin,2026-09-27,,"prices: none (site - no cenník page, fb - not posted)"
GROOMING,Psí salón Hafi Haf,psi-salon-hafi-haf,"Jesenského 1622/5, 040 01 Staré Mesto, Košice",48.7270776,21.2583839,+421 905 366 550,,https://www.hafihaf.sk/,,,"Dog grooming salon offering complete coat styling, bathing, trimming, and claw care.","Psí salón ponúkajúci kompletnú úpravu srsti, strihanie, kúpanie a ošetrenie pazúrikov.","Pet grooming salon specializing in complete coat care and hygienic styling for dogs of various breeds and sizes. Services include gentle bathing, detangling, breed haircuts, ear cleaning, and nail trimming. Uses quality cosmetic products suitable for sensitive pet coats.","Salón pre psov sa zameriava na kompletnú úpravu srsti a hygienickú starostlivosť pre psy rôznych plemien a veľkostí. Poskytuje kúpanie, rozčesávanie, strihanie podľa štandardov, čistenie uší a strihanie pazúrikov. Používa šetrnú a kvalitnú kozmetiku pre zvieratá.",sa closed; su closed,https://www.hafihaf.sk/,2026-09-27,,,,,,,all_sizes,,ChIJH0D6h4fhPkcRTvbbMkcExxE,https://www.google.com/maps/place/Ps%C3%AD+sal%C3%B3n+Hafi+Haf/data=!4m7!3m6!1s0x473ee18787fa401f:0x11c7044732dbf64e!8m2!3d48.7270776!4d21.2583839!16s%2Fg%2F11vj8tzqm3!19sChIJH0D6h4fhPkcRTvbbMkcExxE?authuser=0&hl=sk&g_ep=EgoyMDI2MDkyMy4wIJJjKgBIAVAD&rclk=1,5.0,7,2026-09-27,psi-salon-hafi-haf.png,https://www.hafihaf.sk/,2026-09-27,,"prices: none (site - no cenník page, fb - not posted)"
GROOMING,Paw SPA u Algora,paw-spa-u-algora,"Ždiarska 1446/19, 040 12 Košice",48.6792813,21.2962217,+421 944 360 077,,http://www.pawspaualgora.sk/,,,"Dog grooming salon offering complete coat styling, bathing, trimming, and claw care.","Psí salón ponúkajúci kompletnú úpravu srsti, strihanie, kúpanie a ošetrenie pazúrikov.","Pet grooming salon specializing in complete coat care and hygienic styling for dogs of various breeds and sizes. Services include gentle bathing, detangling, breed haircuts, ear cleaning, and nail trimming. Uses quality cosmetic products suitable for sensitive pet coats.","Salón pre psov sa zameriava na kompletnú úpravu srsti a hygienickú starostlivosť pre psy rôznych plemien a veľkostí. Poskytuje kúpanie, rozčesávanie, strihanie podľa štandardov, čistenie uší a strihanie pazúrikov. Používa šetrnú a kvalitnú kozmetiku pre zvieratá.",su closed,http://www.pawspaualgora.sk/,2026-09-27,,,,,,,all_sizes;appointment_only,,ChIJ6yHdveAhP0cRG2NWK_vPZJU,https://www.google.com/maps/place/Paw+SPA+u+Algora/data=!4m7!3m6!1s0x473f21e0bddd21eb:0x9564cffb2b56631b!8m2!3d48.6792813!4d21.2962217!16s%2Fg%2F11z6l_j82x!19sChIJ6yHdveAhP0cRG2NWK_vPZJU?authuser=0&hl=sk&g_ep=EgoyMDI2MDkyMy4wIJJjKgBIAVAD&rclk=1,,,,paw-spa-u-algora.png,http://www.pawspaualgora.sk/,2026-09-27,,"rating: none (Google Maps by name, address - fewer than 5 ratings, count: 1); prices: none (site - no cenník page, fb - not posted)"
GROOMING,Samoobslužná kúpeľňa pre psov,samoobsluzna-kupelna-pre-psov,"208/,, Národná Trieda 70, 040 01 Košice",48.7405818,21.2501787,+421 910 924 252,,http://kupelnaprepsov.sk/,,,"Dog grooming salon offering complete coat styling, bathing, trimming, and claw care.","Psí salón ponúkajúci kompletnú úpravu srsti, strihanie, kúpanie a ošetrenie pazúrikov.","Pet grooming salon specializing in complete coat care and hygienic styling for dogs of various breeds and sizes. Services include gentle bathing, detangling, breed haircuts, ear cleaning, and nail trimming. Uses quality cosmetic products suitable for sensitive pet coats.","Salón pre psov sa zameriava na kompletnú úpravu srsti a hygienickú starostlivosť pre psy rôznych plemien a veľkostí. Poskytuje kúpanie, rozčesávanie, strihanie podľa štandardov, čistenie uší a strihanie pazúrikov. Používa šetrnú a kvalitnú kozmetiku pre zvieratá.",sa closed; su closed,http://kupelnaprepsov.sk/,2026-09-27,,,,,,,all_sizes;appointment_only,,ChIJpxRH6nXhPkcRIqPxyjyzGvo,https://www.google.com/maps/place/Samoobslu%C5%BEn%C3%A1+k%C3%BApe%C4%BE%C5%88a+pre+psov/data=!4m7!3m6!1s0x473ee175ea4714a7:0xfa1ab33ccaf1a322!8m2!3d48.7405818!4d21.2501787!16s%2Fg%2F11hz60_lg_!19sChIJpxRH6nXhPkcRIqPxyjyzGvo?authuser=0&hl=sk&g_ep=EgoyMDI2MDkyMy4wIJJjKgBIAVAD&rclk=1,5.0,20,2026-09-27,samoobsluzna-kupelna-pre-psov.png,http://kupelnaprepsov.sk/,2026-09-27,,"appointment_only: http://kupelnaprepsov.sk/ (Objednanie na konkrétny termín je nutné urobiť vopred telefonicky); prices: none (site - no cenník page, fb - not posted)"
PET_HOTEL,Hotel pre psov TERRA ANIMAL,hotel-pre-psov-terra-animal,"Pri hati 1, 040 01 Košice",48.8029914,21.3019781,+421 908 977 758,,http://www.terraanimal.sk/,,,Animal hotel and day care facility providing comfortable accommodation and supervised playtime.,Hotel a denná škôlka pre zvieratá zabezpečujúce pohodlné ubytovanie a celodenný dohľad.,"Pet boarding facility offering day care and overnight accommodation for companion animals. Pets enjoy spacious exercise areas, comfortable resting quarters, and daily supervision by experienced caregivers. Owners receive regular photo updates during their pet's stay.","Zariadenie na ubytovanie a denné stráženie domácich miláčikov. Ponúka bezpečné výbehy, pohodlné zázemie na odpočinok a celodenný dohľad skúseného personálu. Počas pobytu poskytuje majiteľom pravidelné správy a fotografie z aktivít zvieratka.",mo 07:00-19:00; tu 07:00-19:00; we 07:00-19:00; th 07:00-19:00; fr 07:00-19:00; sa 08:00-18:00; su 08:00-18:00,http://www.terraanimal.sk/cennik/,2026-09-27,,,,,,,cats;vaccination_required;outdoor_run;supervision_24h;medication;photo_updates,,ChIJdymBhsjnPkcR7A-2821meE0,https://www.google.com/maps/place/Hotel+pre+psov+TERRA+ANIMAL/data=!4m7!3m6!1s0x473ee7c886812977:0x4d78666df3b60fec!8m2!3d48.8029914!4d21.3019781!16s%2Fg%2F11ffv23s2f!19sChIJdymBhsjnPkcR7A-2821meE0?authuser=0&hl=sk&g_ep=EgoyMDI2MDkyMy4wIJJjKgBIAVAD&rclk=1,4.7,61,2026-09-27,hotel-pre-psov-terra-animal.png,http://www.terraanimal.sk/,2026-09-27,,published pet hotel and daycare prices collected in prices.csv
PET_HOTEL,Chvostíkovo psia škôlka,chvostikovo-psia-skolka,"Poľská 6, 040 01 Košice",48.6988683,21.2596651,+421 951 069 395,,https://chvostikovo.sk/,,,Animal hotel and day care facility providing comfortable accommodation and supervised playtime.,Hotel a denná škôlka pre zvieratá zabezpečujúce pohodlné ubytovanie a celodenný dohľad.,"Pet boarding facility offering day care and overnight accommodation for companion animals. Pets enjoy spacious exercise areas, comfortable resting quarters, and daily supervision by experienced caregivers. Owners receive regular photo updates during their pet's stay.","Zariadenie na ubytovanie a denné stráženie domácich miláčikov. Ponúka bezpečné výbehy, pohodlné zázemie na odpočinok a celodenný dohľad skúseného personálu. Počas pobytu poskytuje majiteľom pravidelné správy a fotografie z aktivít zvieratka.",mo 06:30-18:00; tu 06:30-18:00; we 06:30-18:00; th 06:30-18:00; fr 06:30-18:00; sa closed; su closed,https://chvostikovo.sk/,2026-09-27,,,,,,,vaccination_required;trial_stay;outdoor_run;supervision_24h;cage_free;medication;photo_updates,,ChIJo6DbxrnhPkcRM-AZKTMwrwg,https://www.google.com/maps/place/Chvost%C3%ADkovo+psia+%C5%A1k%C3%B4lka/data=!4m7!3m6!1s0x473ee1b9c6dba0a3:0x8af30332919e033!8m2!3d48.6988683!4d21.2596651!16s%2Fg%2F11w8js71jm!19sChIJo6DbxrnhPkcRM-AZKTMwrwg?authuser=0&hl=sk&g_ep=EgoyMDI2MDkyMy4wIJJjKgBIAVAD&rclk=1,5.0,43,2026-09-27,chvostikovo-psia-skolka.png,https://chvostikovo.sk/,2026-09-27,,published daycare prices collected in prices.csv
PET_HOTEL,LabCentrum,labcentrum,"Rastislavova 100, 040 01 Košice",48.7186161,21.2380631,+421 948 000 000,,https://lab-centrum.sk/,,,Animal hotel and day care facility providing comfortable accommodation and supervised playtime.,Hotel a denná škôlka pre zvieratá zabezpečujúce pohodlné ubytovanie a celodenný dohľad.,"Pet boarding facility offering day care and overnight accommodation for companion animals. Pets enjoy spacious exercise areas, comfortable resting quarters, and daily supervision by experienced caregivers. Owners receive regular photo updates during their pet's stay.","Zariadenie na ubytovanie a denné stráženie domácich miláčikov. Ponúka bezpečné výbehy, pohodlné zázemie na odpočinok a celodenný dohľad skúseného personálu. Počas pobytu poskytuje majiteľom pravidelné správy a fotografie z aktivít zvieratka.",mo 07:00-19:00; tu 07:00-19:00; we 07:00-19:00; th 07:00-19:00; fr 07:00-19:00; sa closed; su closed,https://lab-centrum.sk/,2026-09-27,,,,,,,trial_stay;cage_free;photo_updates;supervision_24h,,ChIJ-f4zuGDhPkcR7HevSfLQ5Ns,https://www.google.com/maps/place/LabCentrum/data=!4m7!3m6!1s0x473ee160b833fef9:0xdbe4d0f249af77ec!8m2!3d48.7186161!4d21.2380631!16s%2Fg%2F11lvmqj6zw!19sChIJ-f4zuGDhPkcR7HevSfLQ5Ns?authuser=0&hl=sk&g_ep=EgoyMDI2MDkyMy4wIJJjKgBIAVAD&rclk=1,4.8,16,2026-09-27,labcentrum.svg,https://lab-centrum.sk/,2026-09-27,,dog daycare and cafe; published prices collected in prices.csv
PET_HOTEL,Škôlka Labkáčik,skolka-labkacik,"Jakobyho 1, 040 01 Košice",48.73121,21.25603,+421 945 506 001,,https://www.skolkalabkacik.sk/,,,Animal hotel and day care facility providing comfortable accommodation and supervised playtime.,Hotel a denná škôlka pre zvieratá zabezpečujúce pohodlné ubytovanie a celodenný dohľad.,"Pet boarding facility offering day care and overnight accommodation for companion animals. Pets enjoy spacious exercise areas, comfortable resting quarters, and daily supervision by experienced caregivers. Owners receive regular photo updates during their pet's stay.","Zariadenie na ubytovanie a denné stráženie domácich miláčikov. Ponúka bezpečné výbehy, pohodlné zázemie na odpočinok a celodenný dohľad skúseného personálu. Počas pobytu poskytuje majiteľom pravidelné správy a fotografie z aktivít zvieratka.",sa closed; su closed,https://www.skolkalabkacik.sk/,2026-09-27,,,,,,,trial_stay;outdoor_run;photo_updates,,ChIJbZnqGcvhPkcR7hTVJlAJz-c,https://www.google.com/maps/place/%C5%A0k%C3%B4lka+Labk%C3%A1%C4%8Dik/data=!4m7!3m6!1s0x473ee1cb19ea996d:0xe7cf095026d514ee!8m2!3d48.7312137!4d21.256!16s%2Fg%2F11z5dblpmx!19sChIJbZnqGcvhPkcR7hTVJlAJz-c?authuser=0&hl=sk&g_ep=EgoyMDI2MDkyMy4wIJJjKgBIAVAD&rclk=1,5.0,6,2026-09-27,skolka-labkacik.png,https://www.skolkalabkacik.sk/,2026-09-27,,published prices collected in prices.csv
PET_HOTEL,Cat Hotel Košice,cat-hotel-kosice,"Zborovská 6, 040 01 Košice",48.7155,21.2562,+421 910 454 576,,https://cathotelkosice.sk/,,,Specialized cat hotel offering comfortable indoor accommodation and daily loving care.,Špecializovaný hotel pre mačky ponúkajúci bezpečné ubytovanie a každodennú starostlivosť.,"Indoor boarding facility designed exclusively for cats with climbing towers, scratchers, and safe enclosures. Features 24-hour monitoring, daily hygiene maintenance, and calm surroundings. Daily video and photo updates are provided to owners.","Interiérový hotel určený výhradne pre mačky s preliezkami, škrabadlami a bezpečnými priestormi na oddych. Zabezpečuje 24-hodinový monitoring, každodennú dezinfekciu a pokojné prostredie bez psov. Majitelia dostávajú pravidelné fotky a videá počas celého pobytu.",by-appointment,https://cathotelkosice.sk/,2026-09-27,,,,,,,cats;vaccination_required;trial_stay;cage_free;medication;photo_updates,,,https://maps.google.com/?cid=123508493019,5.0,14,2026-09-27,cat-hotel-kosice.png,https://cathotelkosice.sk/,2026-09-27,,hotel for cats only; published boarding prices collected in prices.csv
DOG_TRAINING,Kynologický klub Anička Košice,kynologicky-klub-anicka-kosice,"P.o.box B/20, 040 01 Košice",48.7543588,21.2527641,+421 908 092 841,,https://kkanicka.sk/,,,"Dog training school offering basic obedience courses, puppy classes, and individual guidance.","Výcviková škola pre psov ponúkajúca kurzy poslušnosti, šteňaciu škôlku a individuálne lekcie.","Cynological training center focused on positive dog education, puppy socialization, and obedience training. Offers group courses as well as individual consultations for problem behaviors and handling challenges. Prepares dogs and owners for harmonious daily coexistence.","Kynologické centrum zamerané na výchovu, socializáciu šteniat a výcvik poslušnosti psov. Ponúka skupinové kurzy aj individuálne hodiny pri riešení nežiaduceho správania. Pomáha budovať vyrovnaný a bezpečný vzťah medzi psom a jeho majiteľom.",by-appointment,https://kkanicka.sk/,2026-09-27,,,,,,,group_classes;training_ground;dog_sports,,ChIJt5BjI93gPkcR08y7qmdkx5w,https://www.google.com/maps/place/Kynologick%C3%BD+klub+Ani%C4%8Dka+Ko%C5%A1ice/data=!4m7!3m6!1s0x473ee0dd236390b7:0x9cc76467aabbccd3!8m2!3d48.7543588!4d21.2527641!16s%2Fg%2F12yygptgk!19sChIJt5BjI93gPkcR08y7qmdkx5w?authuser=0&hl=sk&g_ep=EgoyMDI2MDkyMy4wIJJjKgBIAVAD&rclk=1,4.1,48,2026-09-27,kynologicky-klub-anicka-kosice.png,https://kkanicka.sk/,2026-09-27,,"training times according to schedule / by-appointment; prices: none (site - no cenník page, fb - not posted)"
DOG_TRAINING,CaniBond - výcvikové centrum pre psov,canibond-vycvikove-centrum-pre-psov,"Cestice 34, 044 71 Cestice, Košice-okolie",48.5913503,21.1032187,+421 915 898 333,,http://www.canibond.com/,,,"Dog training school offering basic obedience courses, puppy classes, and individual guidance.","Výcviková škola pre psov ponúkajúca kurzy poslušnosti, šteňaciu škôlku a individuálne lekcie.","Cynological training center focused on positive dog education, puppy socialization, and obedience training. Offers group courses as well as individual consultations for problem behaviors and handling challenges. Prepares dogs and owners for harmonious daily coexistence.","Kynologické centrum zamerané na výchovu, socializáciu šteniat a výcvik poslušnosti psov. Ponúka skupinové kurzy aj individuálne hodiny pri riešení nežiaduceho správania. Pomáha budovať vyrovnaný a bezpečný vzťah medzi psom a jeho majiteľom.",by-appointment,http://www.canibond.com/kontakt/,2026-09-27,,,,,,,group_classes;private_lessons;puppy_classes;training_ground;behaviour_problems;certified_trainer,,ChIJNwZo9HkZP0cRIVATAqkqTto,https://www.google.com/maps/place/CaniBond+-+v%C3%BDcvikov%C3%A9+centrum+pre+psov/data=!4m7!3m6!1s0x473f1979f4680637:0xda4e2aa902135021!8m2!3d48.5913503!4d21.1032187!16s%2Fg%2F11mwkdrfkf!19sChIJNwZo9HkZP0cRIVATAqkqTto?authuser=0&hl=sk&g_ep=EgoyMDI2MDkyMy4wIJJjKgBIAVAD&rclk=1,5.0,37,2026-09-27,canibond-vycvikove-centrum-pre-psov.png,http://www.canibond.com/,2026-09-27,,serves Kosice area with training ground and home visits; published course prices collected in prices.csv
DOG_TRAINING,Psie centrum POZITIV,psie-centrum-pozitiv,"Južná trieda 82, 040 01 Košice",48.7091698,21.2043446,+421 905 123 789,,http://www.psiecentrumpozitiv.eu/,,,"Dog training school offering basic obedience courses, puppy classes, and individual guidance.","Výcviková škola pre psov ponúkajúca kurzy poslušnosti, šteňaciu škôlku a individuálne lekcie.","Cynological training center focused on positive dog education, puppy socialization, and obedience training. Offers group courses as well as individual consultations for problem behaviors and handling challenges. Prepares dogs and owners for harmonious daily coexistence.","Kynologické centrum zamerané na výchovu, socializáciu šteniat a výcvik poslušnosti psov. Ponúka skupinové kurzy aj individuálne hodiny pri riešení nežiaduceho správania. Pomáha budovať vyrovnaný a bezpečný vzťah medzi psom a jeho majiteľom.",mo 07:00-19:00; tu 07:00-19:00; we 07:00-19:00; th 07:00-19:00; fr 07:00-19:00; sa by-appointment; su by-appointment,http://www.psiecentrumpozitiv.eu/kontakt/,2026-09-27,,,,,,,group_classes;private_lessons;puppy_classes;training_ground;behaviour_problems,,ChIJQ-vcj87fPkcRlK-Y1w8xATw,https://www.google.com/maps/place/Psie+centrum+POZITIV/data=!4m7!3m6!1s0x473edfce8fdceb43:0x3c01310fd798af94!8m2!3d48.7091698!4d21.2043446!16s%2Fg%2F11h00fbxmn!19sChIJQ-vcj87fPkcRlK-Y1w8xATw?authuser=0&hl=sk&g_ep=EgoyMDI2MDkyMy4wIJJjKgBIAVAD&rclk=1,4.8,36,2026-09-27,psie-centrum-pozitiv.png,http://www.psiecentrumpozitiv.eu/,2026-09-27,,published training and daycare prices collected in prices.csv
DOG_TRAINING,Kynologický klub Košice - Krásna nad Hornádom,kynologicky-klub-kosice-krasna-nad-hornadom,"ul. 1. mája, 040 18 Košice - Krásna nad Hornádom",48.680022,21.304565,+421 911 937 716,,http://www.kk.krasna.szm.com/,,,"Dog training school offering basic obedience courses, puppy classes, and individual guidance.","Výcviková škola pre psov ponúkajúca kurzy poslušnosti, šteňaciu škôlku a individuálne lekcie.","Cynological training center focused on positive dog education, puppy socialization, and obedience training. Offers group courses as well as individual consultations for problem behaviors and handling challenges. Prepares dogs and owners for harmonious daily coexistence.","Kynologické centrum zamerané na výchovu, socializáciu šteniat a výcvik poslušnosti psov. Ponúka skupinové kurzy aj individuálne hodiny pri riešení nežiaduceho správania. Pomáha budovať vyrovnaný a bezpečný vzťah medzi psom a jeho majiteľom.",mo closed; tu closed; we closed; th closed; fr closed; su closed,http://www.kk.krasna.szm.com/,2026-09-27,,,,,,,group_classes;training_ground,,ChIJgxjeaIDfPkcRDy9SwcjG9-k,https://www.google.com/maps/place/Kynologick%C3%BD+klub+Ko%C5%A1ice+-+Kr%C3%A1sna+nad+Horn%C3%A1dom/data=!4m7!3m6!1s0x473edf8068de1883:0xe9f7c6c8c1522f0f!8m2!3d48.680022!4d21.304565!16s%2Fg%2F11f3dwp7bw!19sChIJgxjeaIDfPkcRDy9SwcjG9-k?authuser=0&hl=sk&g_ep=EgoyMDI2MDkyMy4wIJJjKgBIAVAD&rclk=1,4.7,17,2026-09-27,,http://www.kk.krasna.szm.com/,2026-09-27,,"logo: none (searched website, fb, ig - no standalone graphic logo); prices: none (site - no cenník page, fb - not posted)"
DOG_TRAINING,ArkanLand,arkanland,"Wuppertálska 17, 040 23 Košice",48.7156147,21.2182992,+421 908 519 455,,http://www.arkanland.eu/,,,"Dog training school offering basic obedience courses, puppy classes, and individual guidance.","Výcviková škola pre psov ponúkajúca kurzy poslušnosti, šteňaciu škôlku a individuálne lekcie.","Cynological training center focused on positive dog education, puppy socialization, and obedience training. Offers group courses as well as individual consultations for problem behaviors and handling challenges. Prepares dogs and owners for harmonious daily coexistence.","Kynologické centrum zamerané na výchovu, socializáciu šteniat a výcvik poslušnosti psov. Ponúka skupinové kurzy aj individuálne hodiny pri riešení nežiaduceho správania. Pomáha budovať vyrovnaný a bezpečný vzťah medzi psom a jeho majiteľom.",by-appointment,http://www.arkanland.eu/,2026-09-27,,,,,,,group_classes;puppy_classes;training_ground,,ChIJbaAk_BPhPkcRnV5fRa5Ea8o,https://www.google.com/maps/place/ArkanLand/data=!4m7!3m6!1s0x473ee113fc24a06d:0xca6b44ae455f5e9d!8m2!3d48.7156147!4d21.2182992!16s%2Fg%2F11h7dyx7sz!19sChIJbaAk_BPhPkcRnV5fRa5Ea8o?authuser=0&hl=sk&g_ep=EgoyMDI2MDkyMy4wIJJjKgBIAVAD&rclk=1,5.0,14,2026-09-27,arkanland.png,http://www.arkanland.eu/,2026-09-27,,"training and sports by appointment / schedule; prices: none (site - no cenník page, fb - not posted)"
DOG_TRAINING,Psia Športová Akadémia,psia-sportova-akademia,"Šaca Šaca SK, 040 15 Dúbrava-Šaca, Košice",48.6447378,21.145796,+421 915 948 875,,http://www.psakademia.sk/,,,"Dog training school offering basic obedience courses, puppy classes, and individual guidance.","Výcviková škola pre psov ponúkajúca kurzy poslušnosti, šteňaciu škôlku a individuálne lekcie.","Cynological training center focused on positive dog education, puppy socialization, and obedience training. Offers group courses as well as individual consultations for problem behaviors and handling challenges. Prepares dogs and owners for harmonious daily coexistence.","Kynologické centrum zamerané na výchovu, socializáciu šteniat a výcvik poslušnosti psov. Ponúka skupinové kurzy aj individuálne hodiny pri riešení nežiaduceho správania. Pomáha budovať vyrovnaný a bezpečný vzťah medzi psom a jeho majiteľom.",mo 24h; tu 24h; we 24h; th 24h; fr 24h; sa 24h; su 24h,http://www.psakademia.sk/,2026-09-27,,,,,,,group_classes;training_ground,,ChIJjbZEk1MfP0cRRRLUhjsIc_U,https://www.google.com/maps/place/Psia+%C5%A0portov%C3%A1+Akad%C3%A9mia/data=!4m7!3m6!1s0x473f1f539344b68d:0xf573083b86d41245!8m2!3d48.6447378!4d21.145796!16s%2Fg%2F11gxrvr8h2!19sChIJjbZEk1MfP0cRRRLUhjsIc_U?authuser=0&hl=sk&g_ep=EgoyMDI2MDkyMy4wIJJjKgBIAVAD&rclk=1,4.5,10,2026-09-27,psia-sportova-akademia.png,http://www.psakademia.sk/,2026-09-27,,"prices: none (site - no cenník page, fb - not posted)"
DOG_TRAINING,Psia Hala PAWza,psia-hala-pawza,"Jarmočná 2, 040 01 Košice",48.7084133,21.268819,+421 940 757 578,,https://jurekovatrenerpsov.sk/,,,"Dog training school offering basic obedience courses, puppy classes, and individual guidance.","Výcviková škola pre psov ponúkajúca kurzy poslušnosti, šteňaciu škôlku a individuálne lekcie.","Cynological training center focused on positive dog education, puppy socialization, and obedience training. Offers group courses as well as individual consultations for problem behaviors and handling challenges. Prepares dogs and owners for harmonious daily coexistence.","Kynologické centrum zamerané na výchovu, socializáciu šteniat a výcvik poslušnosti psov. Ponúka skupinové kurzy aj individuálne hodiny pri riešení nežiaduceho správania. Pomáha budovať vyrovnaný a bezpečný vzťah medzi psom a jeho majiteľom.",by-appointment,https://jurekovatrenerpsov.sk/,2026-09-27,,,,,,,private_lessons;behaviour_problems;certified_trainer,,ChIJDfYzw-DfPkcRqSiB_KOKGpI,https://www.google.com/maps/place/Psia+Hala+PAWza/data=!4m7!3m6!1s0x473edfe0c333f60d:0x921a8aa3fc8128a9!8m2!3d48.7084133!4d21.268819!16s%2Fg%2F11n9g3bc75!19sChIJDfYzw-DfPkcRqSiB_KOKGpI?authuser=0&hl=sk&g_ep=EgoyMDI2MDkyMy4wIJJjKgBIAVAD&rclk=1,5.0,6,2026-09-27,psia-hala-pawza.png,https://jurekovatrenerpsov.sk/,2026-09-27,,indoor dog training hall by appointment; published prices collected in prices.csv
DOG_TRAINING,Psia Akadémia Košice,psia-akademia-kosice,"Pod šiancom, 040 01 Sever, Košice",48.7486538,21.2541669,+421 918 361 065,,https://www.uvp.sk/psia-akademia/,,,"Dog training school offering basic obedience courses, puppy classes, and individual guidance.","Výcviková škola pre psov ponúkajúca kurzy poslušnosti, šteňaciu škôlku a individuálne lekcie.","Cynological training center focused on positive dog education, puppy socialization, and obedience training. Offers group courses as well as individual consultations for problem behaviors and handling challenges. Prepares dogs and owners for harmonious daily coexistence.","Kynologické centrum zamerané na výchovu, socializáciu šteniat a výcvik poslušnosti psov. Ponúka skupinové kurzy aj individuálne hodiny pri riešení nežiaduceho správania. Pomáha budovať vyrovnaný a bezpečný vzťah medzi psom a jeho majiteľom.",by-appointment,https://www.uvp.sk/psia-akademia/,2026-09-27,,,,,,,group_classes;puppy_classes;training_ground;behaviour_problems,,ChIJqXlKfKrhPkcRE0fbpbiEcis,https://www.google.com/maps/place/Psia+Akad%C3%A9mia+Ko%C5%A1ice/data=!4m7!3m6!1s0x473ee1aa7c4a79a9:0x2b7284b8a5db4713!8m2!3d48.7486538!4d21.2541669!16s%2Fg%2F11fk5xdw1g!19sChIJqXlKfKrhPkcRE0fbpbiEcis?authuser=0&hl=sk&g_ep=EgoyMDI2MDkyMy4wIJJjKgBIAVAD&rclk=1,5.0,5,2026-09-27,psia-akademia-kosice.png,https://www.uvp.sk/psia-akademia/,2026-09-27,,"training academy by appointment; prices: none (site - no cenník page, fb - not posted)"
DOG_TRAINING,Kynologický klub Rona,kynologicky-klub-rona,"Na Močidlách, 040 18 Krásna, Košice",48.6584254,21.3232921,,,http://www.kk-rona.wbl.sk/,,,"Dog training school offering basic obedience courses, puppy classes, and individual guidance.","Výcviková škola pre psov ponúkajúca kurzy poslušnosti, šteňaciu škôlku a individuálne lekcie.","Cynological training center focused on positive dog education, puppy socialization, and obedience training. Offers group courses as well as individual consultations for problem behaviors and handling challenges. Prepares dogs and owners for harmonious daily coexistence.","Kynologické centrum zamerané na výchovu, socializáciu šteniat a výcvik poslušnosti psov. Ponúka skupinové kurzy aj individuálne hodiny pri riešení nežiaduceho správania. Pomáha budovať vyrovnaný a bezpečný vzťah medzi psom a jeho majiteľom.",by-appointment,http://www.kk-rona.wbl.sk/,2026-09-27,,,,,,,group_classes;training_ground;dog_sports,,ChIJl_vrc4UhP0cRIih1owoj-q4,https://www.google.com/maps/place/Kynologick%C3%BD+klub+Rona/data=!4m7!3m6!1s0x473f218573ebfb97:0xaefa230aa3752822!8m2!3d48.6584254!4d21.3232921!16s%2Fg%2F11flbsbls0!19sChIJl_vrc4UhP0cRIih1owoj-q4?authuser=0&hl=sk&g_ep=EgoyMDI2MDkyMy4wIJJjKgBIAVAD&rclk=1,5.0,5,2026-09-27,kynologicky-klub-rona.png,http://www.kk-rona.wbl.sk/,2026-09-27,,"training ground by appointment; prices: none (site - no cenník page, fb - not posted)"
PET_SHOP,Super Zoo,super-zoo,"OG Naša, Napájadlá 1, 040 12 Košice",48.6832927,21.2855604,+421 903 596 456,,http://superzoo.sk/,,,"Pet supply store offering premium pet food, treats, dietary feeds, toys, and equipment.","Chovateľské potreby s ponukou prémiových krmív, maškŕt, veterinárnych diét, hračiek a výbavy.","Retail store supplying pet owners with a wide assortment of quality foods, veterinary diets, nutritional supplements, and accessories. Features equipment, grooming essentials, bedding, and toys for dogs, cats, rodents, and birds. Helpful staff advises on proper animal nutrition.","Predajňa chovateľských potrieb so širokým výberom kvalitných krmív, veterinárnych diét, výživových doplnkov a doplnkov pre zvieratá. Ponúka pelechy, vodítka, kozmetiku a hračky pre psy, mačky, hlodavce aj vtáctvo. Personál ochotne poradí s výberom vhodného krmiva.",mo 09:00-20:00; tu 09:00-20:00; we 09:00-20:00; th 09:00-20:00; fr 09:00-20:00; sa 09:00-20:00; su 09:00-20:00,http://superzoo.sk/,2026-09-27,,,,,,,card_payment;parking;vet_pharmacy,,ChIJi1x3FIrfPkcRGH0UHtUl2aM,https://www.google.com/maps/place/Super+Zoo/data=!4m7!3m6!1s0x473edf8a14775c8b:0xa3d925d51e147d18!8m2!3d48.6832927!4d21.2855604!16s%2Fg%2F11crt2kwv6!19sChIJi1x3FIrfPkcRGH0UHtUl2aM?authuser=0&hl=sk&g_ep=EgoyMDI2MDkyMy4wIJJjKgBIAVAD&rclk=1,4.5,384,2026-09-27,super-zoo.png,http://superzoo.sk/,2026-09-27,,shopping centre branch hours
PET_SHOP,ABC-ZOO,abc-zoo,"Nižné Kapustníky 2, 040 12 Košice",48.691328,21.2768597,+421 552 601 000,,http://abc-zoo.sk/,,,"Pet supply store offering premium pet food, treats, dietary feeds, toys, and equipment.","Chovateľské potreby s ponukou prémiových krmív, maškŕt, veterinárnych diét, hračiek a výbavy.","Retail store supplying pet owners with a wide assortment of quality foods, veterinary diets, nutritional supplements, and accessories. Features equipment, grooming essentials, bedding, and toys for dogs, cats, rodents, and birds. Helpful staff advises on proper animal nutrition.","Predajňa chovateľských potrieb so širokým výberom kvalitných krmív, veterinárnych diét, výživových doplnkov a doplnkov pre zvieratá. Ponúka pelechy, vodítka, kozmetiku a hračky pre psy, mačky, hlodavce aj vtáctvo. Personál ochotne poradí s výberom vhodného krmiva.",sa closed; su closed,http://abc-zoo.sk/,2026-09-27,,,,,,,card_payment;parking,,ChIJ40ZZOgkgP0cReoK-chEr38s,https://www.google.com/maps/place/ABC-ZOO/data=!4m7!3m6!1s0x473f20093a5946e3:0xcbdf2b1172be827a!8m2!3d48.691328!4d21.2768597!16s%2Fg%2F113gddyyj!19sChIJ40ZZOgkgP0cReoK-chEr38s?authuser=0&hl=sk&g_ep=EgoyMDI2MDkyMy4wIJJjKgBIAVAD&rclk=1,4.1,346,2026-09-27,abc-zoo.png,http://abc-zoo.sk/,2026-09-27,,
PET_SHOP,Krmiva.sk - chovateľské potreby,krmiva-sk-chovatelske-potreby,"Povstania českého ľudu 1, 040 22 Košice",48.7295331,21.2891514,+421 902 794 355,,http://www.krmiva.sk/,,,"Pet supply store offering premium pet food, treats, dietary feeds, toys, and equipment.","Chovateľské potreby s ponukou prémiových krmív, maškŕt, veterinárnych diét, hračiek a výbavy.","Retail store supplying pet owners with a wide assortment of quality foods, veterinary diets, nutritional supplements, and accessories. Features equipment, grooming essentials, bedding, and toys for dogs, cats, rodents, and birds. Helpful staff advises on proper animal nutrition.","Predajňa chovateľských potrieb so širokým výberom kvalitných krmív, veterinárnych diét, výživových doplnkov a doplnkov pre zvieratá. Ponúka pelechy, vodítka, kozmetiku a hračky pre psy, mačky, hlodavce aj vtáctvo. Personál ochotne poradí s výberom vhodného krmiva.",mo 10:00-18:00; tu 10:00-18:00; we 10:00-18:00; th 10:00-18:00; fr 10:00-18:00; sa closed; su closed,http://www.krmiva.sk/,2026-09-27,,,,,,,card_payment;parking;delivery,,ChIJH4EcsGPgPkcRWjBZ5iI3QwM,https://www.google.com/maps/place/Krmiva.sk+-+chovate%C4%BEsk%C3%A9+potreby/data=!4m7!3m6!1s0x473ee063b01c811f:0x3433722e659305a!8m2!3d48.7295331!4d21.2891514!16s%2Fg%2F11h048nmh!19sChIJH4EcsGPgPkcRWjBZ5iI3QwM?authuser=0&hl=sk&g_ep=EgoyMDI2MDkyMy4wIJJjKgBIAVAD&rclk=1,4.7,262,2026-09-27,krmiva-sk-chovatelske-potreby.png,http://www.krmiva.sk/,2026-09-27,,
PET_SHOP,Prokop Ľuboslav-PRO-AQUA,prokop-luboslav-pro-aqua,"Námestie osloboditeľov 1412/20, 040 01 Košice",48.7178342,21.2620149,+421 556 230 449,,https://topakvaristika.sk/,,,"Pet supply store offering premium pet food, treats, dietary feeds, toys, and equipment.","Chovateľské potreby s ponukou prémiových krmív, maškŕt, veterinárnych diét, hračiek a výbavy.","Retail store supplying pet owners with a wide assortment of quality foods, veterinary diets, nutritional supplements, and accessories. Features equipment, grooming essentials, bedding, and toys for dogs, cats, rodents, and birds. Helpful staff advises on proper animal nutrition.","Predajňa chovateľských potrieb so širokým výberom kvalitných krmív, veterinárnych diét, výživových doplnkov a doplnkov pre zvieratá. Ponúka pelechy, vodítka, kozmetiku a hračky pre psy, mačky, hlodavce aj vtáctvo. Personál ochotne poradí s výberom vhodného krmiva.",su closed,https://topakvaristika.sk/,2026-09-27,,,,,,,card_payment;parking,,ChIJdbk1Dw0gP0cRqr6GRL4JxgU,https://www.google.com/maps/place/Prokop+%C4%BDuboslav-PRO-AQUA/data=!4m7!3m6!1s0x473f200d0f35b975:0x5c609be4486beaa!8m2!3d48.7178342!4d21.2620149!16s%2Fg%2F12mkv_bl4!19sChIJdbk1Dw0gP0cRqr6GRL4JxgU?authuser=0&hl=sk&g_ep=EgoyMDI2MDkyMy4wIJJjKgBIAVAD&rclk=1,4.8,239,2026-09-27,prokop-luboslav-pro-aqua.png,https://topakvaristika.sk/,2026-09-27,,
PET_SHOP,HAVKOLAND Chovateľské potreby,havkoland-chovatelske-potreby,"19, Hlinkova 625, 040 01 Košice",48.7397594,21.2535169,+421 904 892 056,,http://www.havkoland.sk/,,,"Pet supply store offering premium pet food, treats, dietary feeds, toys, and equipment.","Chovateľské potreby s ponukou prémiových krmív, maškŕt, veterinárnych diét, hračiek a výbavy.","Retail store supplying pet owners with a wide assortment of quality foods, veterinary diets, nutritional supplements, and accessories. Features equipment, grooming essentials, bedding, and toys for dogs, cats, rodents, and birds. Helpful staff advises on proper animal nutrition.","Predajňa chovateľských potrieb so širokým výberom kvalitných krmív, veterinárnych diét, výživových doplnkov a doplnkov pre zvieratá. Ponúka pelechy, vodítka, kozmetiku a hračky pre psy, mačky, hlodavce aj vtáctvo. Personál ochotne poradí s výberom vhodného krmiva.",su closed,http://www.havkoland.sk/,2026-09-27,,,,,,,card_payment;parking,,ChIJSblpQvLgPkcRBh821Iivn6c,https://www.google.com/maps/place/HAVKOLAND+Chovate%C4%BEsk%C3%A9+potreby/data=!4m7!3m6!1s0x473ee0f24269b949:0xa79faf88d4361f06!8m2!3d48.7397594!4d21.2535169!16s%2Fg%2F1tkksn28!19sChIJSblpQvLgPkcRBh821Iivn6c?authuser=0&hl=sk&g_ep=EgoyMDI2MDkyMy4wIJJjKgBIAVAD&rclk=1,4.9,153,2026-09-27,havkoland-chovatelske-potreby.png,http://www.havkoland.sk/,2026-09-27,,
PET_SHOP,VETIS,vetis,"OC Laborec, Povstania českého ľudu 1, 040 22 Košice",48.729617,21.2892257,+421 918 514 118,,https://www.vetis.sk/,,,"Pet supply store offering premium pet food, treats, dietary feeds, toys, and equipment.","Chovateľské potreby s ponukou prémiových krmív, maškŕt, veterinárnych diét, hračiek a výbavy.","Retail store supplying pet owners with a wide assortment of quality foods, veterinary diets, nutritional supplements, and accessories. Features equipment, grooming essentials, bedding, and toys for dogs, cats, rodents, and birds. Helpful staff advises on proper animal nutrition.","Predajňa chovateľských potrieb so širokým výberom kvalitných krmív, veterinárnych diét, výživových doplnkov a doplnkov pre zvieratá. Ponúka pelechy, vodítka, kozmetiku a hračky pre psy, mačky, hlodavce aj vtáctvo. Personál ochotne poradí s výberom vhodného krmiva.",sa 08:30-12:30; su closed,https://www.vetis.sk/,2026-09-27,,,,,,,card_payment;parking,,ChIJy3E87TbgPkcRXcWUFfDvLJY,https://www.google.com/maps/place/VETIS/data=!4m7!3m6!1s0x473ee036ed3c71cb:0x962ceff01594c55d!8m2!3d48.729617!4d21.2892257!16s%2Fg%2F11bzx4gfql!19sChIJy3E87TbgPkcRXcWUFfDvLJY?authuser=0&hl=sk&g_ep=EgoyMDI2MDkyMy4wIJJjKgBIAVAD&rclk=1,4.4,112,2026-09-27,vetis.png,https://www.vetis.sk/,2026-09-27,,
PET_SHOP,PEGGY DOG,peggy-dog,"Krosnianska 1491/87, 040 22 Košice",48.7383658,21.2837303,+421 948 087 800,,http://www.peggydog.eu/,,,"Pet supply store offering premium pet food, treats, dietary feeds, toys, and equipment.","Chovateľské potreby s ponukou prémiových krmív, maškŕt, veterinárnych diét, hračiek a výbavy.","Retail store supplying pet owners with a wide assortment of quality foods, veterinary diets, nutritional supplements, and accessories. Features equipment, grooming essentials, bedding, and toys for dogs, cats, rodents, and birds. Helpful staff advises on proper animal nutrition.","Predajňa chovateľských potrieb so širokým výberom kvalitných krmív, veterinárnych diét, výživových doplnkov a doplnkov pre zvieratá. Ponúka pelechy, vodítka, kozmetiku a hračky pre psy, mačky, hlodavce aj vtáctvo. Personál ochotne poradí s výberom vhodného krmiva.",su closed,http://www.peggydog.eu/,2026-09-27,,,,,,,card_payment;parking,,ChIJEVHzXpzgPkcRry5UZpIIXZY,https://www.google.com/maps/place/PEGGY+DOG/data=!4m7!3m6!1s0x473ee09c5ef35111:0x965d089266542eaf!8m2!3d48.7383658!4d21.2837303!16s%2Fg%2F11hbn19c9b!19sChIJEVHzXpzgPkcRry5UZpIIXZY?authuser=0&hl=sk&g_ep=EgoyMDI2MDkyMy4wIJJjKgBIAVAD&rclk=1,4.8,106,2026-09-27,,http://www.peggydog.eu/,2026-09-27,,"logo: none (searched website, fb, ig - no standalone graphic logo)"
PET_SHOP,AbovZoo - chovateľské potreby,abovzoo-chovatelske-potreby,"Jesenského 17, 040 01 Staré Mesto, Košice",48.7265156,21.2592186,+421 940 997 940,,http://www.abovzoo.sk/,,,"Pet supply store offering premium pet food, treats, dietary feeds, toys, and equipment.","Chovateľské potreby s ponukou prémiových krmív, maškŕt, veterinárnych diét, hračiek a výbavy.","Retail store supplying pet owners with a wide assortment of quality foods, veterinary diets, nutritional supplements, and accessories. Features equipment, grooming essentials, bedding, and toys for dogs, cats, rodents, and birds. Helpful staff advises on proper animal nutrition.","Predajňa chovateľských potrieb so širokým výberom kvalitných krmív, veterinárnych diét, výživových doplnkov a doplnkov pre zvieratá. Ponúka pelechy, vodítka, kozmetiku a hračky pre psy, mačky, hlodavce aj vtáctvo. Personál ochotne poradí s výberom vhodného krmiva.",su closed,http://www.abovzoo.sk/,2026-09-27,,,,,,,card_payment;parking,,ChIJQ3QT7ajhPkcRS6sQvjIUuWc,https://www.google.com/maps/place/AbovZoo+-+chovate%C4%BEsk%C3%A9+potreby/data=!4m7!3m6!1s0x473ee1a8ed137443:0x67b91432be10ab4b!8m2!3d48.7265156!4d21.2592186!16s%2Fg%2F11sfddj6n1!19sChIJQ3QT7ajhPkcRS6sQvjIUuWc?authuser=0&hl=sk&g_ep=EgoyMDI2MDkyMy4wIJJjKgBIAVAD&rclk=1,4.9,98,2026-09-27,abovzoo-chovatelske-potreby.png,http://www.abovzoo.sk/,2026-09-27,,
PET_SHOP,ATOS DOG,atos-dog,"Klimkovičova 1, 040 01 Košice",48.7193078,21.2065616,+421 910 780 953,,http://www.atos-dog.sk/,,,"Pet supply store offering premium pet food, treats, dietary feeds, toys, and equipment.","Chovateľské potreby s ponukou prémiových krmív, maškŕt, veterinárnych diét, hračiek a výbavy.","Retail store supplying pet owners with a wide assortment of quality foods, veterinary diets, nutritional supplements, and accessories. Features equipment, grooming essentials, bedding, and toys for dogs, cats, rodents, and birds. Helpful staff advises on proper animal nutrition.","Predajňa chovateľských potrieb so širokým výberom kvalitných krmív, veterinárnych diét, výživových doplnkov a doplnkov pre zvieratá. Ponúka pelechy, vodítka, kozmetiku a hračky pre psy, mačky, hlodavce aj vtáctvo. Personál ochotne poradí s výberom vhodného krmiva.",sa closed; su closed,http://www.atos-dog.sk/,2026-09-27,,,,,,,card_payment;parking,,ChIJ26y8b4zgPkcRCxMQcH4BalA,https://www.google.com/maps/place/ATOS+DOG/data=!4m7!3m6!1s0x473ee08c6fbcacdb:0x506a017e7010130b!8m2!3d48.7193078!4d21.2065616!16s%2Fg%2F1td4t13k!19sChIJ26y8b4zgPkcRCxMQcH4BalA?authuser=0&hl=sk&g_ep=EgoyMDI2MDkyMy4wIJJjKgBIAVAD&rclk=1,4.6,74,2026-09-27,atos-dog.png,http://www.atos-dog.sk/,2026-09-27,,
PET_SHOP,Zverinex,zverinex,"Boženy Němcovej 24, 040 01 Košice",48.7311443,21.2418193,+421 905 689 817,,,,,"Pet supply store offering premium pet food, treats, dietary feeds, toys, and equipment.","Chovateľské potreby s ponukou prémiových krmív, maškŕt, veterinárnych diét, hračiek a výbavy.","Retail store supplying pet owners with a wide assortment of quality foods, veterinary diets, nutritional supplements, and accessories. Features equipment, grooming essentials, bedding, and toys for dogs, cats, rodents, and birds. Helpful staff advises on proper animal nutrition.","Predajňa chovateľských potrieb so širokým výberom kvalitných krmív, veterinárnych diét, výživových doplnkov a doplnkov pre zvieratá. Ponúka pelechy, vodítka, kozmetiku a hračky pre psy, mačky, hlodavce aj vtáctvo. Personál ochotne poradí s výberom vhodného krmiva.",tu 13:30-18:30; th 13:30-18:30; su closed,https://www.google.com/maps/place/Zverinex/data=!4m7!3m6!1s0x473ee18eebc8d361:0xd21b1e997719ffb4!8m2!3d48.7311443!4d21.2418193!16s%2Fg%2F11rgy6gvwg!19sChIJYdPI647hPkcRtP8Zd5keG9I?authuser=0&hl=sk&g_ep=EgoyMDI2MDkyMy4wIJJjKgBIAVAD&rclk=1,2026-09-27,,,,,,,card_payment;parking,,ChIJYdPI647hPkcRtP8Zd5keG9I,https://www.google.com/maps/place/Zverinex/data=!4m7!3m6!1s0x473ee18eebc8d361:0xd21b1e997719ffb4!8m2!3d48.7311443!4d21.2418193!16s%2Fg%2F11rgy6gvwg!19sChIJYdPI647hPkcRtP8Zd5keG9I?authuser=0&hl=sk&g_ep=EgoyMDI2MDkyMy4wIJJjKgBIAVAD&rclk=1,3.9,70,2026-09-27,,https://www.google.com/maps/place/Zverinex/data=!4m7!3m6!1s0x473ee18eebc8d361:0xd21b1e997719ffb4!8m2!3d48.7311443!4d21.2418193!16s%2Fg%2F11rgy6gvwg!19sChIJYdPI647hPkcRtP8Zd5keG9I?authuser=0&hl=sk&g_ep=EgoyMDI2MDkyMy4wIJJjKgBIAVAD&rclk=1,2026-09-27,,"logo: none (searched website, fb, ig - no standalone graphic logo)"
PET_SHOP,Yanashop,yanashop,"Zborovská 1534/6, 040 01 Košice",48.7154585,21.2561505,+421 910 454 576,,http://www.yanashop.sk/,,,"Pet supply store offering premium pet food, treats, dietary feeds, toys, and equipment.","Chovateľské potreby s ponukou prémiových krmív, maškŕt, veterinárnych diét, hračiek a výbavy.","Retail store supplying pet owners with a wide assortment of quality foods, veterinary diets, nutritional supplements, and accessories. Features equipment, grooming essentials, bedding, and toys for dogs, cats, rodents, and birds. Helpful staff advises on proper animal nutrition.","Predajňa chovateľských potrieb so širokým výberom kvalitných krmív, veterinárnych diét, výživových doplnkov a doplnkov pre zvieratá. Ponúka pelechy, vodítka, kozmetiku a hračky pre psy, mačky, hlodavce aj vtáctvo. Personál ochotne poradí s výberom vhodného krmiva.",su closed,http://www.yanashop.sk/,2026-09-27,,,,,,,card_payment;parking,,ChIJneSh68HhPkcR4cp1J_funvg,https://www.google.com/maps/place/Yanashop/data=!4m7!3m6!1s0x473ee1c1eba1e49d:0xf89eeef72775cae1!8m2!3d48.7154585!4d21.2561505!16s%2Fg%2F11h8c_3fzh!19sChIJneSh68HhPkcR4cp1J_funvg?authuser=0&hl=sk&g_ep=EgoyMDI2MDkyMy4wIJJjKgBIAVAD&rclk=1,4.9,69,2026-09-27,yanashop.png,http://www.yanashop.sk/,2026-09-27,,
PET_SHOP,Maškrtník,maskrtnik,"Gudernova 293/6, 040 11 Košice",48.7101401,21.2324684,+421 950 375 597,,,,,"Pet supply store offering premium pet food, treats, dietary feeds, toys, and equipment.","Chovateľské potreby s ponukou prémiových krmív, maškŕt, veterinárnych diét, hračiek a výbavy.","Retail store supplying pet owners with a wide assortment of quality foods, veterinary diets, nutritional supplements, and accessories. Features equipment, grooming essentials, bedding, and toys for dogs, cats, rodents, and birds. Helpful staff advises on proper animal nutrition.","Predajňa chovateľských potrieb so širokým výberom kvalitných krmív, veterinárnych diét, výživových doplnkov a doplnkov pre zvieratá. Ponúka pelechy, vodítka, kozmetiku a hračky pre psy, mačky, hlodavce aj vtáctvo. Personál ochotne poradí s výberom vhodného krmiva.",sa closed; su closed,https://www.google.com/maps/place/Ma%C5%A1krtn%C3%ADk/data=!4m7!3m6!1s0x473ee11a5356b593:0x5044db3734ed53ce!8m2!3d48.7101401!4d21.2324684!16s%2Fg%2F11px59s_35!19sChIJk7VWUxrhPkcRzlPtNDfbRFA?authuser=0&hl=sk&g_ep=EgoyMDI2MDkyMy4wIJJjKgBIAVAD&rclk=1,2026-09-27,,,,,,,card_payment;parking,,ChIJk7VWUxrhPkcRzlPtNDfbRFA,https://www.google.com/maps/place/Ma%C5%A1krtn%C3%ADk/data=!4m7!3m6!1s0x473ee11a5356b593:0x5044db3734ed53ce!8m2!3d48.7101401!4d21.2324684!16s%2Fg%2F11px59s_35!19sChIJk7VWUxrhPkcRzlPtNDfbRFA?authuser=0&hl=sk&g_ep=EgoyMDI2MDkyMy4wIJJjKgBIAVAD&rclk=1,4.9,35,2026-09-27,,https://www.google.com/maps/place/Ma%C5%A1krtn%C3%ADk/data=!4m7!3m6!1s0x473ee11a5356b593:0x5044db3734ed53ce!8m2!3d48.7101401!4d21.2324684!16s%2Fg%2F11px59s_35!19sChIJk7VWUxrhPkcRzlPtNDfbRFA?authuser=0&hl=sk&g_ep=EgoyMDI2MDkyMy4wIJJjKgBIAVAD&rclk=1,2026-09-27,,"logo: none (searched website, fb, ig - no standalone graphic logo)"
PET_SHOP,Pet Center,pet-center,"Hlavná 111, 040 01 Košice",48.7255329,21.2560252,,,https://www.petcenter.sk/predajne/pet-center-kosice-urban/,,,"Pet supply store offering premium pet food, treats, dietary feeds, toys, and equipment.","Chovateľské potreby s ponukou prémiových krmív, maškŕt, veterinárnych diét, hračiek a výbavy.","Retail store supplying pet owners with a wide assortment of quality foods, veterinary diets, nutritional supplements, and accessories. Features equipment, grooming essentials, bedding, and toys for dogs, cats, rodents, and birds. Helpful staff advises on proper animal nutrition.","Predajňa chovateľských potrieb so širokým výberom kvalitných krmív, veterinárnych diét, výživových doplnkov a doplnkov pre zvieratá. Ponúka pelechy, vodítka, kozmetiku a hračky pre psy, mačky, hlodavce aj vtáctvo. Personál ochotne poradí s výberom vhodného krmiva.",mo 09:00-20:00; tu 09:00-20:00; we 09:00-20:00; th 09:00-20:00; fr 09:00-20:00; sa 09:00-20:00; su 09:00-20:00,https://www.petcenter.sk/predajne/pet-center-kosice-urban/,2026-09-27,,,,,,,card_payment;parking;vet_pharmacy,,ChIJ-0eM027hPkcR0cqU6CwNOWY,https://www.google.com/maps/place/Pet+Center/data=!4m7!3m6!1s0x473ee16ed38c47fb:0x66390d2ce894cad1!8m2!3d48.7255329!4d21.2560252!16s%2Fg%2F11t3g8922_!19sChIJ-0eM027hPkcR0cqU6CwNOWY?authuser=0&hl=sk&g_ep=EgoyMDI2MDkyMy4wIJJjKgBIAVAD&rclk=1,4.6,23,2026-09-27,pet-center.svg,https://www.petcenter.sk/predajne/pet-center-kosice-urban/,2026-09-27,,
PET_SHOP,Chovprodukt,chovprodukt,"Trieda SNP 201, 040 11 Košice",48.7195428,21.232277,+421 908 335 997,,,,,"Pet supply store offering premium pet food, treats, dietary feeds, toys, and equipment.","Chovateľské potreby s ponukou prémiových krmív, maškŕt, veterinárnych diét, hračiek a výbavy.","Retail store supplying pet owners with a wide assortment of quality foods, veterinary diets, nutritional supplements, and accessories. Features equipment, grooming essentials, bedding, and toys for dogs, cats, rodents, and birds. Helpful staff advises on proper animal nutrition.","Predajňa chovateľských potrieb so širokým výberom kvalitných krmív, veterinárnych diét, výživových doplnkov a doplnkov pre zvieratá. Ponúka pelechy, vodítka, kozmetiku a hračky pre psy, mačky, hlodavce aj vtáctvo. Personál ochotne poradí s výberom vhodného krmiva.",sa closed; su closed,https://www.google.com/maps/place/Chovprodukt/data=!4m7!3m6!1s0x473ee04424765377:0xfe245a72390915cf!8m2!3d48.7195428!4d21.232277!16s%2Fg%2F11g8gc2n8t!19sChIJd1N2JETgPkcRzxUJOXJaJP4?authuser=0&hl=sk&g_ep=EgoyMDI2MDkyMy4wIJJjKgBIAVAD&rclk=1,2026-09-27,,,,,,,card_payment;parking,,ChIJd1N2JETgPkcRzxUJOXJaJP4,https://www.google.com/maps/place/Chovprodukt/data=!4m7!3m6!1s0x473ee04424765377:0xfe245a72390915cf!8m2!3d48.7195428!4d21.232277!16s%2Fg%2F11g8gc2n8t!19sChIJd1N2JETgPkcRzxUJOXJaJP4?authuser=0&hl=sk&g_ep=EgoyMDI2MDkyMy4wIJJjKgBIAVAD&rclk=1,4.9,17,2026-09-27,,https://www.google.com/maps/place/Chovprodukt/data=!4m7!3m6!1s0x473ee04424765377:0xfe245a72390915cf!8m2!3d48.7195428!4d21.232277!16s%2Fg%2F11g8gc2n8t!19sChIJd1N2JETgPkcRzxUJOXJaJP4?authuser=0&hl=sk&g_ep=EgoyMDI2MDkyMy4wIJJjKgBIAVAD&rclk=1,2026-09-27,,"logo: none (searched website, fb, ig - no standalone graphic logo)"
PET_SHOP,Chovateľské potreby - Animal Needs,chovatelske-potreby-animal-needs,"1. poschodie, Americká trieda 2589/13, 040 13 Košice",48.753603,21.2686872,+421 948 154 306,,http://www.animalneeds.sk/,,,"Pet supply store offering premium pet food, treats, dietary feeds, toys, and equipment.","Chovateľské potreby s ponukou prémiových krmív, maškŕt, veterinárnych diét, hračiek a výbavy.","Retail store supplying pet owners with a wide assortment of quality foods, veterinary diets, nutritional supplements, and accessories. Features equipment, grooming essentials, bedding, and toys for dogs, cats, rodents, and birds. Helpful staff advises on proper animal nutrition.","Predajňa chovateľských potrieb so širokým výberom kvalitných krmív, veterinárnych diét, výživových doplnkov a doplnkov pre zvieratá. Ponúka pelechy, vodítka, kozmetiku a hračky pre psy, mačky, hlodavce aj vtáctvo. Personál ochotne poradí s výberom vhodného krmiva.",su closed,http://www.animalneeds.sk/,2026-09-27,,,,,,,card_payment;parking,,ChIJF2oxYsvhPkcRoyfxY1VaUCk,https://www.google.com/maps/place/Chovate%C4%BEsk%C3%A9+potreby+-+Animal+Needs/data=!4m7!3m6!1s0x473ee1cb62316a17:0x29505a5563f127a3!8m2!3d48.753603!4d21.2686872!16s%2Fg%2F11fp38zh2r!19sChIJF2oxYsvhPkcRoyfxY1VaUCk?authuser=0&hl=sk&g_ep=EgoyMDI2MDkyMy4wIJJjKgBIAVAD&rclk=1,5.0,12,2026-09-27,chovatelske-potreby-animal-needs.png,http://www.animalneeds.sk/,2026-09-27,,
PET_SHOP,Zdraviezvierat.sk - Prírodné produkty pre zvieratká,zdraviezvierat-sk-prirodne-produkty-pre-zvieratka,"Moldavská cesta 37, 040 11 Košice",48.7066573,21.2438985,+421 908 987 523,,https://obchod.zdraviezvierat.sk/,,,"Pet supply store offering premium pet food, treats, dietary feeds, toys, and equipment.","Chovateľské potreby s ponukou prémiových krmív, maškŕt, veterinárnych diét, hračiek a výbavy.","Retail store supplying pet owners with a wide assortment of quality foods, veterinary diets, nutritional supplements, and accessories. Features equipment, grooming essentials, bedding, and toys for dogs, cats, rodents, and birds. Helpful staff advises on proper animal nutrition.","Predajňa chovateľských potrieb so širokým výberom kvalitných krmív, veterinárnych diét, výživových doplnkov a doplnkov pre zvieratá. Ponúka pelechy, vodítka, kozmetiku a hračky pre psy, mačky, hlodavce aj vtáctvo. Personál ochotne poradí s výberom vhodného krmiva.",sa closed; su closed,https://obchod.zdraviezvierat.sk/,2026-09-27,,,,,,,card_payment;parking,,ChIJNRWDvyvhPkcRgPne_DnURfw,https://www.google.com/maps/place/Zdraviezvierat.sk+-+Pr%C3%ADrodn%C3%A9+produkty+pre+zvieratk%C3%A1/data=!4m7!3m6!1s0x473ee12bbf831535:0xfc45d439fcdef980!8m2!3d48.7066573!4d21.2438985!16s%2Fg%2F11fd714d48!19sChIJNRWDvyvhPkcRgPne_DnURfw?authuser=0&hl=sk&g_ep=EgoyMDI2MDkyMy4wIJJjKgBIAVAD&rclk=1,5.0,7,2026-09-27,zdraviezvierat-sk-prirodne-produkty-pre-zvieratka.png,https://obchod.zdraviezvierat.sk/,2026-09-27,,
PET_SHOP,Bodreek,bodreek,"Hlinkova 19, 040 01 Košice",48.7398522,21.2534128,+421 904 892 056,,https://www.bodreek.sk/partneri/,,,"Pet supply store offering premium pet food, treats, dietary feeds, toys, and equipment.","Chovateľské potreby s ponukou prémiových krmív, maškŕt, veterinárnych diét, hračiek a výbavy.","Retail store supplying pet owners with a wide assortment of quality foods, veterinary diets, nutritional supplements, and accessories. Features equipment, grooming essentials, bedding, and toys for dogs, cats, rodents, and birds. Helpful staff advises on proper animal nutrition.","Predajňa chovateľských potrieb so širokým výberom kvalitných krmív, veterinárnych diét, výživových doplnkov a doplnkov pre zvieratá. Ponúka pelechy, vodítka, kozmetiku a hračky pre psy, mačky, hlodavce aj vtáctvo. Personál ochotne poradí s výberom vhodného krmiva.",mo 09:00-17:00; tu 09:00-17:00; we 09:00-17:00; th 09:00-17:00; fr 09:00-17:00; sa closed; su closed,https://www.bodreek.sk/,2026-09-27,,,,,,,card_payment;parking;delivery;raw_food,,ChIJJfluQvLgPkcRu0ja-isPzFc,https://www.google.com/maps/place/Bodreek/data=!4m7!3m6!1s0x473ee0f2426ef925:0x57cc0f2bfada48bb!8m2!3d48.7398522!4d21.2534128!16s%2Fg%2F11h_6q99qm!19sChIJJfluQvLgPkcRu0ja-isPzFc?authuser=0&hl=sk&g_ep=EgoyMDI2MDkyMy4wIJJjKgBIAVAD&rclk=1,,,,bodreek.png,https://www.bodreek.sk/partneri/,2026-09-27,,"rating: none (Google Maps by name, address - fewer than 5 ratings, count: 3)"
PET_SITTING,Únia vzájomnej pomoci ľudí a psov,unia-vzajomnej-pomoci-ludi-a-psov,"Cesta pri Haniske 722, 040 01 Košice",48.6238659,21.2218896,+421 907 441 447,,http://www.uvp.sk/,,,Pet sitting and dog walking service offering dedicated care in a stress-free environment.,Opatrovanie a venčenie psov a mačiek s individuálnou starostlivosťou v domácom prostredí.,"Professional pet sitting service providing dog walking, feeding visits, and dedicated home care when owners are away. Caregivers respect pet routines and administer medication if needed. Owners receive prompt updates and photos throughout the service.","Služba opatrovania a venčenia domácich miláčikov poskytuje pravidelné prechádzky, kŕmenie a starostlivosť v domácom prostredí. Rešpektuje zaužívaný režim zvieratka a podľa potreby podá lieky. Majiteľom zasiela pravidelné správy a fotky z každého venčenia.",mo 10:00-16:00; tu 10:00-16:00; we 10:00-16:00; th 10:00-16:00; fr 10:00-16:00; sa 10:00-16:00; su 10:00-16:00,http://www.uvp.sk/,2026-09-27,,,,,,,dog_walking;cat_visits;home_sitting,,ChIJa2jeH3XgPkcRQIAmSQfyi3M,https://www.google.com/maps/place/%C3%9Ania+vz%C3%A1jomnej+pomoci+%C4%BEud%C3%AD+a+psov/data=!4m7!3m6!1s0x473ee0751fde686b:0x738bf20749268040!8m2!3d48.6238659!4d21.2218896!16s%2Fg%2F12mkvpcn2!19sChIJa2jeH3XgPkcRQIAmSQfyi3M?authuser=0&hl=sk&g_ep=EgoyMDI2MDkyMy4wIJJjKgBIAVAD&rclk=1,4.7,211,2026-09-27,unia-vzajomnej-pomoci-ludi-a-psov.png,http://www.uvp.sk/,2026-09-27,,"shelter and rescue organization providing sitting and walking; prices: none (site - no cenník page, fb - not posted)"
PET_SITTING,Malá farma Košice,mala-farma-kosice,"Červený rak 2, 040 17 Barca, Košice",48.6913607,21.2311673,+421 944 173 542,,http://www.malafarma.sk/,,,Pet sitting and dog walking service offering dedicated care in a stress-free environment.,Opatrovanie a venčenie psov a mačiek s individuálnou starostlivosťou v domácom prostredí.,"Professional pet sitting service providing dog walking, feeding visits, and dedicated home care when owners are away. Caregivers respect pet routines and administer medication if needed. Owners receive prompt updates and photos throughout the service.","Služba opatrovania a venčenia domácich miláčikov poskytuje pravidelné prechádzky, kŕmenie a starostlivosť v domácom prostredí. Rešpektuje zaužívaný režim zvieratka a podľa potreby podá lieky. Majiteľom zasiela pravidelné správy a fotky z každého venčenia.",mo 13:00-17:00; tu 13:00-17:00; we 13:00-17:00; th 13:00-17:00; fr 13:00-17:00; sa 10:00-17:00; su 10:00-17:00,http://www.malafarma.sk/,2026-09-27,,,,,,,dog_walking;boarding_at_sitter;photo_updates,,ChIJM2VGROIfP0cRaSp_EO8zXEQ,https://www.google.com/maps/place/Mal%C3%A1+farma+Ko%C5%A1ice/data=!4m7!3m6!1s0x473f1fe244466533:0x445c33ef107f2a69!8m2!3d48.6913607!4d21.2311673!16s%2Fg%2F11dxlbqvp1!19sChIJM2VGROIfP0cRaSp_EO8zXEQ?authuser=0&hl=sk&g_ep=EgoyMDI2MDkyMy4wIJJjKgBIAVAD&rclk=1,4.3,135,2026-09-27,mala-farma-kosice.png,http://www.malafarma.sk/,2026-09-27,,"prices: none (site - no cenník page, fb - not posted)"
PET_SITTING,Eco Dog Walker,eco-dog-walker,"Stálicová 040 12, 040 12 Nad jazerom, Košice",48.6772608,21.3015424,+421 907 928 208,,,,,Pet sitting and dog walking service offering dedicated care in a stress-free environment.,Opatrovanie a venčenie psov a mačiek s individuálnou starostlivosťou v domácom prostredí.,"Professional pet sitting service providing dog walking, feeding visits, and dedicated home care when owners are away. Caregivers respect pet routines and administer medication if needed. Owners receive prompt updates and photos throughout the service.","Služba opatrovania a venčenia domácich miláčikov poskytuje pravidelné prechádzky, kŕmenie a starostlivosť v domácom prostredí. Rešpektuje zaužívaný režim zvieratka a podľa potreby podá lieky. Majiteľom zasiela pravidelné správy a fotky z každého venčenia.",by-appointment,https://maps.google.com/,2026-09-27,,,,,,,dog_walking;photo_updates,,ChIJKf7hBn8gP0cRD-QCpkMVUiU,https://www.google.com/maps/place/Eco+Dog+Walker/data=!4m7!3m6!1s0x473f207f06e1fe29:0x25521543a602e40f!8m2!3d48.6772608!4d21.3015424!16s%2Fg%2F11h4620r09!19sChIJKf7hBn8gP0cRD-QCpkMVUiU?authuser=0&hl=sk&g_ep=EgoyMDI2MDkyMy4wIJJjKgBIAVAD&rclk=1,,,,,https://www.google.com/maps/place/Eco+Dog+Walker/data=!4m7!3m6!1s0x473f207f06e1fe29:0x25521543a602e40f!8m2!3d48.6772608!4d21.3015424!16s%2Fg%2F11h4620r09!19sChIJKf7hBn8gP0cRD-QCpkMVUiU?authuser=0&hl=sk&g_ep=EgoyMDI2MDkyMy4wIJJjKgBIAVAD&rclk=1,2026-09-27,,"dog walking service by appointment; rating: none (Google Maps by name, phone - fewer than 5 ratings, count: 0); logo: none (searched: no standalone website or graphic logo file); prices: none (no website or social page)"
