category,name,google_maps_url,google_rating,google_rating_count,address,phone,website,opening_hours,observed_at,notes
VET_CLINIC,MedVet Chicago,"https://www.google.com/maps/place/MedVet+Chicago/@41.9421458,-87.6975451,17z/data=!3m1!4b1!4m6!3m5!1s0x880fd262e2733b57:0xb0d3c43b2b7be1c6!8m2!3d41.9421458!4d-87.6975451!16s%2Fg%2F1tfqgdfm?authuser=0&hl=en&entry=ttu&g_ep=EgoyMDI2MTAwNy4wIKXMDSoASAFQAw%3D%3D",4.2,2694,"3305 N California Ave, Chicago, IL 60618",+1 773-281-7110,https://www.medvet.com/location/chicago/,mo 24h; tu 24h; we 24h; th 24h; fr 24h; sa 24h; su 24h,2026-10-10,
VET_CLINIC,PAWS Chicago Kocourek Medical Center & Lurie Clinic,"https://www.google.com/maps/place/PAWS+Chicago+Kocourek+Medical+Center+%26+Lurie+Clinic/@41.844591,-87.7131046,17z/data=!3m1!4b1!4m6!3m5!1s0x880e32692661dbc5:0x14d937c7608daabb!8m2!3d41.844591!4d-87.7131046!16s%2Fg%2F1td48kh4?authuser=0&hl=en&entry=ttu&g_ep=EgoyMDI2MTAwNy4wIKXMDSoASAFQAw%3D%3D",4.5,2023,"3516 W 26th St, Chicago, IL 60623",+1 773-521-7729,http://www.pawschicago.org/,mo 06:45-17:00; tu 06:45-17:00; we 06:45-17:00; th 06:45-17:00; fr 06:45-17:00; sa closed; su closed,2026-10-10,
VET_CLINIC,VEG ER for Pets,"https://www.google.com/maps/place/VEG+ER+for+Pets/@41.9106036,-87.6478627,17z/data=!3m1!4b1!4m6!3m5!1s0x880fd3cf4f4e056b:0x6242cad3689e0104!8m2!3d41.9106036!4d-87.6478627!16s%2Fg%2F11hk1lgh90?authuser=0&hl=en&entry=ttu&g_ep=EgoyMDI2MTAwNy4wIKXMDSoASAFQAw%3D%3D",4.7,1543,"755 W North Ave, Chicago, IL 60610",+1 312-757-5444,https://www.veg.com/locations/illinois/chicago-lincoln-park?utm_source=organic_google&utm_medium=gbp_link&utm_campaign=locations_page&utm_content=lincoln_park,mo 24h; tu 24h; we 24h; th 24h; fr 24h; sa 24h; su 24h,2026-10-10,
VET_CLINIC,VEG ER for Pets,"https://www.google.com/maps/place/VEG+ER+for+Pets/@41.8682937,-87.6411819,17z/data=!3m1!4b1!4m6!3m5!1s0x880e2de89675e4f7:0x3565a7cced3eec5a!8m2!3d41.8682937!4d-87.6411819!16s%2Fg%2F11rmwq3lqf?authuser=0&hl=en&entry=ttu&g_ep=EgoyMDI2MTAwNy4wIKXMDSoASAFQAw%3D%3D",4.6,1144,"1114 S Clinton St Unit B, Chicago, IL 60607",+1 872-710-5226,https://www.veg.com/locations/illinois/chicago-south-loop?utm_source=organic_google&utm_medium=gbp_link&utm_campaign=locations_page&utm_content=south_loop,mo 24h; tu 24h; we 24h; th 24h; fr 24h; sa 24h; su 24h,2026-10-10,
VET_CLINIC,Portage Park Animal Hospital,"https://www.google.com/maps/place/Portage+Park+Animal+Hospital/@41.9529989,-87.7629781,17z/data=!3m1!4b1!4m6!3m5!1s0x880fcc6c0fb5445d:0xc66b00b074c2c060!8m2!3d41.9529989!4d-87.7629781!16s%2Fg%2F1v16qxdz?authuser=0&hl=en&entry=ttu&g_ep=EgoyMDI2MTAwNy4wIKXMDSoASAFQAw%3D%3D",4.7,1138,"5419 W Irving Park Rd, Chicago, IL 60641",+1 773-725-0260,https://www.portagepark.com/?utm_source=gmb&utm_medium=organic&y_source=1_MTg3Mzc5NzMtNzE1LWxvY2F0aW9uLndlYnNpdGU%3D,mo 08:00-20:00; tu 08:00-20:00; we 08:00-20:00; th 08:00-20:00; fr 08:00-20:00; sa 08:00-14:00; su closed,2026-10-10,
VET_CLINIC,Hyde Park Animal Hospital -Stony Island,"https://www.google.com/maps/place/Hyde+Park+Animal+Hospital+-Stony+Island/@41.7686563,-87.585662,17z/data=!3m1!4b1!4m6!3m5!1s0x880e296c3d0efc2d:0xfecfc8c18367400e!8m2!3d41.7686563!4d-87.585662!16s%2Fg%2F1v_s6gcc?authuser=0&hl=en&entry=ttu&g_ep=EgoyMDI2MTAwNy4wIKXMDSoASAFQAw%3D%3D",4.2,1042,"6937 S Stony Island Ave, Chicago, IL 60649",+1 773-324-4484,https://companionhp.com/?utm_source=gmb&utm_medium=organic,mo 08:00-19:00; tu 08:00-19:00; we 08:00-19:00; th 08:00-19:00; fr 08:00-19:00; sa 08:00-14:00; su closed,2026-10-10,
VET_CLINIC,Sploot Veterinary Care - Logan Square,https://www.google.com/maps/place/Sploot+Veterinary+Care+-+Logan+Square/data=!4m7!3m6!1s0x880fcd4e3c1424b3:0x69b7f16336a43a3d!8m2!3d41.9268626!4d-87.7040243!16s%2Fg%2F11str_kv63!19sChIJsyQUPE7ND4gRPTqkNmPxt2k?authuser=0&hl=en&g_ep=EgoyMDI2MTAwNy4wIJJjKgBIAVAD&rclk=1,4.7,915,"2510 N Milwaukee Ave, Chicago, IL 60647",+1 312-313-4602,https://www.splootvets.com/locations/chicago/logan-square?utm_source=google&utm_medium=organic&utm_campaign=gbp-listing&utm_content=logan-square,,2026-10-10,hours: none (not published on Maps)
VET_CLINIC,Wicker Park Veterinary Clinic,https://www.google.com/maps/place/Wicker+Park+Veterinary+Clinic/data=!4m7!3m6!1s0x880fd2d1af3fba25:0xb5c2a73ca59c3d9f!8m2!3d41.9029216!4d-87.666003!16s%2Fg%2F11cfbkpmz!19sChIJJbo_r9HSD4gRnz2cpTynwrU?authuser=0&hl=en&g_ep=EgoyMDI2MTAwNy4wIJJjKgBIAVAD&rclk=1,4.8,867,"1166 N Milwaukee Ave, Chicago, IL 60642",+1 773-227-9700,http://www.wickerparkvet.com/,mo 08:00-19:00; tu 08:00-19:00; we 08:00-17:00; th 08:00-19:00; fr 08:00-18:00; sa 08:00-14:00; su closed,2026-10-10,
VET_CLINIC,Uptown Animal Hospital,"https://www.google.com/maps/place/Uptown+Animal+Hospital/@41.9829529,-87.6682926,17z/data=!3m1!4b1!4m6!3m5!1s0x880fd18f82c17fc1:0xc149431b45544dda!8m2!3d41.9829529!4d-87.6682926!16s%2Fg%2F1ts_7663?authuser=0&hl=en&entry=ttu&g_ep=EgoyMDI2MTAwNy4wIKXMDSoASAFQAw%3D%3D",4.7,849,"5545 N Clark St, Chicago, IL 60640",+1 773-561-0734,https://uptownah.com/?utm_source=gmb&utm_medium=organic,mo 08:30-18:00; tu 08:30-18:00; we 08:30-18:00; th 08:30-18:00; fr 08:30-18:00; sa 08:30-14:00; su closed,2026-10-10,
VET_CLINIC,Burnham Park Animal Hospital,"https://www.google.com/maps/place/Burnham+Park+Animal+Hospital/@41.8694399,-87.6270454,17z/data=!3m1!4b1!4m6!3m5!1s0x880e2c9a1584adf5:0xdd6043d5953842c7!8m2!3d41.8694399!4d-87.6270454!16s%2Fg%2F1tdk5s04?authuser=0&hl=en&entry=ttu&g_ep=EgoyMDI2MTAwNy4wIKXMDSoASAFQAw%3D%3D",4.6,818,"1025 S State St, Chicago, IL 60605",+1 312-663-9200,https://www.burnhamparkvet.com/?utm_source=gmb&utm_medium=organic&y_source=1_MTE2Njg5NDAtNzE1LWxvY2F0aW9uLndlYnNpdGU%3D,mo 08:00-18:00; tu 08:00-19:00; we 08:00-19:00; th 08:00-19:00; fr 08:00-18:00; sa 08:00-14:00; su closed,2026-10-10,
VET_CLINIC,Premier Veterinary Group - Chicago,"https://www.google.com/maps/place/Premier+Veterinary+Group+-+Chicago/@41.9389318,-87.7250619,17z/data=!3m1!4b1!4m6!3m5!1s0x880fcda7b1b637c3:0x493968bd2a4c7fd6!8m2!3d41.9389318!4d-87.7250619!16s%2Fg%2F12q4xyrtx?authuser=0&hl=en&entry=ttu&g_ep=EgoyMDI2MTAwNy4wIKXMDSoASAFQAw%3D%3D",4.0,756,"3927 W Belmont Ave, Chicago, IL 60618",+1 773-516-5800,https://www.premiervets.net/locations/chicago?y_source=1_MTAxNzQxNzU2MS03MTUtbG9jYXRpb24ud2Vic2l0ZQ%3D%3D,mo 24h; tu 24h; we 24h; th 24h; fr 24h; sa 24h; su 24h,2026-10-10,
VET_CLINIC,Pulaski Animal Hospital,"https://www.google.com/maps/place/Pulaski+Animal+Hospital/@41.7942192,-87.7233789,17z/data=!3m1!4b1!4m6!3m5!1s0x880e31bc3ff19f77:0xc28f0f11db4de9e8!8m2!3d41.7942192!4d-87.7233789!16s%2Fg%2F1tfm20z4?authuser=0&hl=en&entry=ttu&g_ep=EgoyMDI2MTAwNy4wIKXMDSoASAFQAw%3D%3D",4.3,731,"5424 S Pulaski Rd, Chicago, IL 60632",+1 773-735-2112,http://www.pulaskianimalhospital.com/,mo 09:00-17:00; tu 09:00-17:00; we 09:00-17:00; th 09:00-17:00; fr 09:00-17:00; sa 09:00-15:00; su closed,2026-10-10,
VET_CLINIC,Animal House of Chicago,"https://www.google.com/maps/place/Animal+House+of+Chicago/@41.9688957,-87.6981251,17z/data=!3m1!4b1!4m6!3m5!1s0x880fd1f96c642d9b:0x516484c3cc03427b!8m2!3d41.9688957!4d-87.6981251!16s%2Fg%2F1wj_twfs?authuser=0&hl=en&entry=ttu&g_ep=EgoyMDI2MTAwNy4wIKXMDSoASAFQAw%3D%3D",4.7,714,"2752 W Lawrence Ave Unit 3, Chicago, IL 60625",+1 773-878-8002,http://animalhouseofchicago.com/,mo 08:00-18:00; tu 08:00-18:00; we 08:00-14:00; th 08:00-18:00; fr 08:00-18:00; sa 08:00-13:00; su closed,2026-10-10,
VET_CLINIC,Abell Animal Hospital,"https://www.google.com/maps/place/Abell+Animal+Hospital/@41.990692,-87.796735,17z/data=!3m1!4b1!4m6!3m5!1s0x880fc969cfc772a5:0xe62f9641788fb8fd!8m2!3d41.990692!4d-87.796735!16s%2Fg%2F1v4k734d?authuser=0&hl=en&entry=ttu&g_ep=EgoyMDI2MTAwNy4wIKXMDSoASAFQAw%3D%3D",4.8,643,"6032 N Northwest Hwy, Chicago, IL 60631",+1 773-631-6727,http://www.abellanimalhosp.com/?utm_source=google&utm_medium=organic&utm_campaign=gmb&utm_term=website,mo 09:00-18:00; tu 09:00-18:00; we 09:00-14:00; th 09:00-18:00; fr 09:00-18:00; sa 09:00-14:00; su closed,2026-10-10,
VET_CLINIC,Village West Veterinary,"https://www.google.com/maps/place/Village+West+Veterinary/@41.896881,-87.687192,17z/data=!3m1!4b1!4m6!3m5!1s0x880fd2b2aefb0a19:0x409714b5f3df89e9!8m2!3d41.896881!4d-87.687192!16s%2Fg%2F1tdv_h1z?authuser=0&hl=en&entry=ttu&g_ep=EgoyMDI2MTAwNy4wIKXMDSoASAFQAw%3D%3D",4.6,618,"840 N Western Ave, Chicago, IL 60622",+1 773-697-7052,https://thrivepetcare.com/locations/illinois/chicago/village-west-veterinary/?utm_source=gmb&utm_medium=web,mo 08:00-18:00; tu 08:00-18:00; we 08:00-18:00; th 08:00-18:00; fr 08:00-18:00; sa 09:00-14:00; su closed,2026-10-10,
VET_CLINIC,BLVD Vet Logan Square,"https://www.google.com/maps/place/BLVD+Vet+Logan+Square/@41.9177175,-87.6964254,17z/data=!3m1!4b1!4m6!3m5!1s0x880fd29fc05e4d93:0x1ed31fee5fb4dc86!8m2!3d41.9177175!4d-87.6964254!16s%2Fg%2F11b6sst1w1?authuser=0&hl=en&entry=ttu&g_ep=EgoyMDI2MTAwNy4wIKXMDSoASAFQAw%3D%3D",4.7,605,"2740 W Armitage Ave A, Chicago, IL 60647",+1 773-360-7071,https://www.blvd.vet/logan-square,mo 08:00-20:00; tu 08:00-20:00; we 08:00-18:00; th 08:00-18:00; fr 08:00-18:00; sa 08:00-16:00; su closed,2026-10-10,
VET_CLINIC,Sploot Veterinary Care - Roscoe Village,https://www.google.com/maps/place/Sploot+Veterinary+Care+-+Roscoe+Village/data=!4m7!3m6!1s0x880fd33daa163bc1:0x600b91464eba0892!8m2!3d41.9473896!4d-87.6880072!16s%2Fg%2F11vd9ltxtw!19sChIJwTsWqj3TD4gRkgi6TkaRC2A?authuser=0&hl=en&g_ep=EgoyMDI2MTAwNy4wIJJjKgBIAVAD&rclk=1,4.8,602,"3621 N Western Ave Unit B, Chicago, IL 60618",+1 773-819-6032,https://www.splootvets.com/locations/chicago/roscoe-village?utm_source=google&utm_medium=organic&utm_campaign=gbp-listing&utm_content=roscoe-village,,2026-10-10,hours: none (not published on Maps)
VET_CLINIC,West Loop Veterinary Care,"https://www.google.com/maps/place/West+Loop+Veterinary+Care/@41.884086,-87.6483625,17z/data=!3m1!4b1!4m6!3m5!1s0x880e2cdaccc1a33d:0xbe7260661b45adfa!8m2!3d41.884086!4d-87.6483625!16s%2Fg%2F1tf0r611?authuser=0&hl=en&entry=ttu&g_ep=EgoyMDI2MTAwNy4wIKXMDSoASAFQAw%3D%3D",4.7,602,"815 W Randolph St, Chicago, IL 60607",+1 312-421-2275,https://westloopvet.com/west-loop/,"mo 07:30-20:00; tu 07:30-20:00; we 07:30-13:00,15:00-20:00; th 07:30-20:00; fr 07:30-19:00; sa 08:00-16:00; su closed",2026-10-10,
VET_CLINIC,Forest Glen Animal Hospital,https://www.google.com/maps/place/Forest+Glen+Animal+Hospital/data=!4m7!3m6!1s0x880fce9ffa1236e3:0xa7e8774af8f13c68!8m2!3d41.9779474!4d-87.7566296!16s%2Fg%2F1tk23jky!19sChIJ4zYS-p_OD4gRaDzx-Ep36Kc?authuser=0&hl=en&g_ep=EgoyMDI2MTAwNy4wIJJjKgBIAVAD&rclk=1,4.6,596,"5330 N Elston Ave, Chicago, IL 60630",+1 773-283-2443,https://www.forestglenanimalhospital.com/?utm_source=gmb&utm_medium=organic&y_source=1_MTE2Njg5MjEtNzE1LWxvY2F0aW9uLndlYnNpdGU%3D,mo 13:00-19:00; tu 08:00-19:00; we 08:00-19:00; th 08:00-19:00; fr 08:00-19:00; sa closed; su closed,2026-10-10,
VET_CLINIC,Duke Animal Hospital,"https://www.google.com/maps/place/Duke+Animal+Hospital/@41.9537185,-87.6687047,17z/data=!3m1!4b1!4m6!3m5!1s0x880fd247c8b75be3:0x29a0d9f4da4b1ca4!8m2!3d41.9537185!4d-87.6687047!16s%2Fg%2F113h21p5c?authuser=0&hl=en&entry=ttu&g_ep=EgoyMDI2MTAwNy4wIKXMDSoASAFQAw%3D%3D",4.6,584,"3941 N Ashland Ave, Chicago, IL 60613",+1 773-697-9757,http://www.dukeanimalhospital.com/?utm_source=gmb&utm_medium=organic,"mo 07:00-19:00; tu 07:00-19:00; we 07:00-19:00; th 07:00-19:00; fr 07:00-13:00,14:00-19:00; sa 07:00-19:00; su closed",2026-10-10,
VET_CLINIC,Broadway Animal Hospital,"https://www.google.com/maps/place/Broadway+Animal+Hospital/@41.9947588,-87.6601995,17z/data=!3m1!4b1!4m6!3m5!1s0x880fd1a1ace17c95:0x283c4d4f9e6a7b5e!8m2!3d41.9947588!4d-87.6601995!16s%2Fg%2F1td7tslb?authuser=0&hl=en&entry=ttu&g_ep=EgoyMDI2MTAwNy4wIKXMDSoASAFQAw%3D%3D",4.4,541,"6211 N Broadway, Chicago, IL 60660",+1 773-262-5445,https://broadwayanimalhosp.com/?utm_source=google&utm_medium=organic&utm_campaign=gmb&utm_term=website,mo 08:00-17:30; tu 08:00-17:30; we 08:00-17:30; th 08:00-17:30; fr 08:00-17:30; sa 08:00-14:00; su closed,2026-10-10,
VET_CLINIC,GoodVets Uptown (Chicago),"https://www.google.com/maps/place/GoodVets+Uptown+(Chicago)/@41.9619826,-87.6496656,17z/data=!3m1!4b1!4m6!3m5!1s0x880fd39e669c2979:0xcdab1279dcf9e81!8m2!3d41.9619826!4d-87.6496656!16s%2Fg%2F11fwf23491?authuser=0&hl=en&entry=ttu&g_ep=EgoyMDI2MTAwNy4wIKXMDSoASAFQAw%3D%3D",4.6,531,"4407 N Clarendon Ave, Chicago, IL 60640",+1 312-219-8686,https://goodvets.com/locations/chicago/uptown,mo 08:00-20:00; tu 08:00-20:00; we 08:00-20:00; th 08:00-20:00; fr 08:00-20:00; sa 08:00-18:00; su 08:00-18:00,2026-10-10,
VET_CLINIC,Companion Animal Hospital Oak Park,"https://www.google.com/maps/place/Companion+Animal+Hospital+Oak+Park/@41.9094634,-87.7895407,17z/data=!3m1!4b1!4m6!3m5!1s0x880fcb4597b21c53:0x5787b07ced5c6bf0!8m2!3d41.9094634!4d-87.7895407!16s%2Fg%2F11b7q50_7v?authuser=0&hl=en&entry=ttu&g_ep=EgoyMDI2MTAwNy4wIKXMDSoASAFQAw%3D%3D",4.7,530,"6530 W North Ave, Chicago, IL 60707",+1 708-248-8888,https://companionop.com/?utm_source=gmb&utm_medium=organic,mo 08:00-17:00; tu 08:00-19:00; we closed; th 08:00-19:00; fr 08:00-17:00; sa 08:00-16:00; su closed,2026-10-10,
VET_CLINIC,Metropolitan Veterinary Center,"https://www.google.com/maps/place/Metropolitan+Veterinary+Center/@41.8604179,-87.6243412,17z/data=!3m1!4b1!4m6!3m5!1s0x880e2c86a803c975:0xf2b1a5953dec2e26!8m2!3d41.8604179!4d-87.6243412!16s%2Fg%2F1hc2mp3dp?authuser=0&hl=en&entry=ttu&g_ep=EgoyMDI2MTAwNy4wIKXMDSoASAFQAw%3D%3D",4.6,526,"1556 S Michigan Ave Ste.100, Chicago, IL 60605",+1 312-583-1921,https://metrovetchicago.com/?utm_source=gmb&utm_medium=organic,mo 07:00-19:00; tu 07:00-19:00; we 07:00-19:00; th 07:00-19:00; fr 07:00-19:00; sa 08:00-18:00; su closed,2026-10-10,
VET_CLINIC,Old Town Animal Care Center,"https://www.google.com/maps/place/Old+Town+Animal+Care+Center/@41.9107321,-87.6416097,17z/data=!3m1!4b1!4m6!3m5!1s0x880e2cfad26c4b11:0xa825a78bbbee6e72!8m2!3d41.9107321!4d-87.6416097!16s%2Fg%2F11f397zbct?authuser=0&hl=en&entry=ttu&g_ep=EgoyMDI2MTAwNy4wIKXMDSoASAFQAw%3D%3D",4.3,524,"511 W North Ave, Chicago, IL 60610",+1 312-428-2571,https://oldtownvetcare.com/?utm_source=gmb&utm_medium=organic&y_source=1_MTk2MzgxNTItNzE1LWxvY2F0aW9uLndlYnNpdGU%3D,mo 08:00-19:00; tu 08:00-19:00; we 08:00-19:00; th 08:00-19:00; fr 08:00-19:00; sa 08:00-15:00; su 09:00-14:00,2026-10-10,
VET_CLINIC,Companion Animal Hospital Wicker Park,"https://www.google.com/maps/place/Companion+Animal+Hospital+Wicker+Park/@41.9033542,-87.6811382,17z/data=!3m1!4b1!4m6!3m5!1s0x880fd300147d6c9d:0x9eb708dc27d70720!8m2!3d41.9033542!4d-87.6811382!16s%2Fg%2F11h4gvjnkl?authuser=0&hl=en&entry=ttu&g_ep=EgoyMDI2MTAwNy4wIKXMDSoASAFQAw%3D%3D",4.9,515,"2134 W Division St, Chicago, IL 60622",+1 312-283-7333,https://companionwp.com/?utm_source=gmb&utm_medium=organic,mo 08:00-19:00; tu 08:00-19:00; we 08:00-17:00; th 08:00-19:00; fr 08:00-19:00; sa closed; su closed,2026-10-10,
VET_CLINIC,Brighton Park Animal Hospital,"https://www.google.com/maps/place/Brighton+Park+Animal+Hospital/@41.8245774,-87.6867188,17z/data=!3m1!4b1!4m6!3m5!1s0x880e2de520960ac9:0x850e8ce263b76f4!8m2!3d41.8245774!4d-87.6867188!16s%2Fg%2F1ts1stn5?authuser=0&hl=en&entry=ttu&g_ep=EgoyMDI2MTAwNy4wIKXMDSoASAFQAw%3D%3D",3.9,512,"3779 S Archer Ave, Chicago, IL 60632",+1 773-254-1111,,mo 09:00-19:00; tu 09:00-19:00; we 09:00-17:00; th 09:00-19:00; fr 09:00-18:00; sa 09:00-17:00; su closed,2026-10-10,
VET_CLINIC,Marquette Animal Hospital,"https://www.google.com/maps/place/Marquette+Animal+Hospital/@41.7783505,-87.7286909,17z/data=!3m1!4b1!4m6!3m5!1s0x880e31ad311d4da7:0xf4bba477c005c9ae!8m2!3d41.7783505!4d-87.7286909!16s%2Fg%2F1td619ml?authuser=0&hl=en&entry=ttu&g_ep=EgoyMDI2MTAwNy4wIKXMDSoASAFQAw%3D%3D",4.0,511,"4227 W 63rd St, Chicago, IL 60629",+1 773-585-8350,http://marquetteanimalhospital.com/,"mo 09:00-13:00,14:00-17:00; tu 09:00-13:00,14:00-17:00; we 09:00-12:00,14:00-17:00; th 09:00-13:00,14:00-17:00; fr 09:00-13:00,14:00-17:00; sa 09:00-15:00; su closed",2026-10-10,
VET_CLINIC,Roscoe Village Animal Hospital,"https://www.google.com/maps/place/Roscoe+Village+Animal+Hospital/@41.9386134,-87.6863706,17z/data=!3m1!4b1!4m6!3m5!1s0x880fd262df9490fb:0x89dbb63da6a1df9d!8m2!3d41.9386134!4d-87.6863706!16s%2Fg%2F1tdvqbcf?authuser=0&hl=en&entry=ttu&g_ep=EgoyMDI2MTAwNy4wIKXMDSoASAFQAw%3D%3D",4.8,505,"3131 N Clybourn Ave, Chicago, IL 60618",+1 773-549-3131,https://roscoevillageanimalhospital.com/?utm_source=gmb&utm_medium=organic,mo 09:00-17:00; tu 09:00-17:00; we 09:00-17:00; th 09:00-17:00; fr 09:00-17:00; sa closed; su closed,2026-10-10,
VET_CLINIC,VCA Blum Animal Hospital,"https://www.google.com/maps/place/VCA+Blum+Animal+Hospital/@41.9405406,-87.6509085,17z/data=!3m1!4b1!4m6!3m5!1s0x880fd3af2a1d41b5:0x87beac25bd37a173!8m2!3d41.9405406!4d-87.6509085!16s%2Fg%2F1tfln0lf?authuser=0&hl=en&entry=ttu&g_ep=EgoyMDI2MTAwNy4wIKXMDSoASAFQAw%3D%3D",4.5,500,"3219 N Clark St, Chicago, IL 60657",+1 773-327-4446,https://vcahospitals.com/blum?utm_source=maps&utm_medium=organic&utm_campaign=AU_1305,mo 07:30-18:00; tu 07:30-18:00; we 07:30-18:00; th 07:30-18:00; fr 07:30-18:00; sa 08:00-14:00; su closed,2026-10-10,
VET_CLINIC,Paws and Feathers Veterinary Clinic and Emergency Hospital,"https://www.google.com/maps/place/Paws+and+Feathers+Veterinary+Clinic+and+Emergency+Hospital/@41.9622477,-87.7318139,17z/data=!3m1!4b1!4m6!3m5!1s0x880fcd90c170edbd:0x8dbd9a557c531c9d!8m2!3d41.9622477!4d-87.7318139!16s%2Fg%2F11b7c6s2qy?authuser=0&hl=en&entry=ttu&g_ep=EgoyMDI2MTAwNy4wIKXMDSoASAFQAw%3D%3D",4.3,449,"4472 N Elston Ave, Chicago, IL 60630",+1 773-866-1351,https://pawsandfeathersvet.com/,mo 10:00-22:00; tu 10:00-22:00; we 10:00-22:00; th 10:00-22:00; fr 10:00-22:00; sa 10:00-22:00; su closed,2026-10-10,
VET_CLINIC,Wrigleyville Veterinary Center,"https://www.google.com/maps/place/Wrigleyville+Veterinary+Center/@41.9489461,-87.6491548,17z/data=!3m1!4b1!4m6!3m5!1s0x880fd3e86b230d1f:0xbfc00d233149b861!8m2!3d41.9489461!4d-87.6491548!16s%2Fg%2F11j0jlb4xc?authuser=0&hl=en&entry=ttu&g_ep=EgoyMDI2MTAwNy4wIKXMDSoASAFQAw%3D%3D",4.5,428,"3651 N Halsted St, Chicago, IL 60613",+1 773-698-7525,https://www.wrigleyvillevet.com/?utm_source=gmb&utm_medium=organic&y_source=1_Mzk0MTI0NTQtNzE1LWxvY2F0aW9uLndlYnNpdGU%3D,mo 07:00-20:00; tu 07:00-20:00; we 07:00-20:00; th 07:00-20:00; fr 07:00-20:00; sa closed; su closed,2026-10-10,
VET_CLINIC,Vetco Total Care,"https://www.google.com/maps/place/Vetco+Total+Care/@41.9173324,-87.6589712,17z/data=!3m1!4b1!4m6!3m5!1s0x880fd3e3e232e215:0x1494924aedaed1b2!8m2!3d41.9173324!4d-87.6589712!16s%2Fg%2F11pwxbvj6k?authuser=0&hl=en&entry=ttu&g_ep=EgoyMDI2MTAwNy4wIKXMDSoASAFQAw%3D%3D",4.8,424,"2000 N Clybourn Ave Ste 100, Chicago, IL 60614",+1 773-687-4781,https://stores.petco.com/il/chicago/vet-hospital-chicago-il-869.html?utm_source=google&utm_campaign=locallist_869_vtc,mo 08:00-18:00; tu 08:00-18:00; we 08:00-18:00; th 08:00-18:00; fr 08:00-18:00; sa closed; su closed,2026-10-10,
VET_CLINIC,Pets First,"https://www.google.com/maps/place/Pets+First/@41.9437257,-87.6448143,17z/data=!3m1!4b1!4m6!3m5!1s0x880fd3a4e8ee1571:0x25a3086e1005505e!8m2!3d41.9437257!4d-87.6448143!16s%2Fg%2F11h1h53rf?authuser=0&hl=en&entry=ttu&g_ep=EgoyMDI2MTAwNy4wIKXMDSoASAFQAw%3D%3D",4.8,410,"3413 N Broadway, Chicago, IL 60657",+1 773-904-8724,http://www.petsfirstchicago.com/,mo 08:00-18:00; tu 08:00-18:00; we 08:00-18:00; th 08:00-18:00; fr 08:00-18:00; sa 08:00-17:00; su closed,2026-10-10,
VET_CLINIC,Lincoln Square Animal Hospital,"https://www.google.com/maps/place/Lincoln+Square+Animal+Hospital/@41.9633607,-87.6848473,17z/data=!3m1!4b1!4m6!3m5!1s0x880fd210fd0c7729:0x6f7dc6279ae1702d!8m2!3d41.9633607!4d-87.6848473!16s%2Fg%2F1tg79n13?authuser=0&hl=en&entry=ttu&g_ep=EgoyMDI2MTAwNy4wIKXMDSoASAFQAw%3D%3D",4.7,405,"4501 N Lincoln Ave, Chicago, IL 60625",+1 773-271-1901,https://lincolnsquareanimalhospital.com/,mo 09:00-19:00; tu 09:00-19:00; we 09:00-19:00; th 09:00-19:00; fr 09:00-17:00; sa 09:00-17:00; su closed,2026-10-10,
VET_CLINIC,Medical District Veterinary Clinic at Illinois,"https://www.google.com/maps/place/Medical+District+Veterinary+Clinic+at+Illinois/@41.8740704,-87.6822876,17z/data=!3m1!4b1!4m6!3m5!1s0x880e2d69810c46e5:0xb4c2d7b5e0d6feb!8m2!3d41.8740704!4d-87.6822876!16s%2Fg%2F1tm89065?authuser=0&hl=en&entry=ttu&g_ep=EgoyMDI2MTAwNy4wIKXMDSoASAFQAw%3D%3D",4.7,396,"2242 W Harrison St, Chicago, IL 60612",+1 312-226-2588,http://medicaldistrictvet.com/,mo 07:00-19:00; tu 07:00-19:00; we 07:00-19:00; th 07:00-19:00; fr 07:00-17:00; sa 07:00-13:00; su closed,2026-10-10,
VET_CLINIC,Oz Animal Hospital Lincoln Park,https://www.google.com/maps/place/Oz+Animal+Hospital+Lincoln+Park/data=!4m7!3m6!1s0x880fd31113303cef:0x6d5f522ec0e696f8!8m2!3d41.922024!4d-87.644526!16s%2Fg%2F1w4f8q16!19sChIJ7zwwExHTD4gR-JbmwC5SX20?authuser=0&hl=en&g_ep=EgoyMDI2MTAwNy4wIJJjKgBIAVAD&rclk=1,4.7,384,"620 W Webster Ave, Chicago, IL 60614",+1 773-327-5024,https://ozanimalhospital.com/,mo 08:00-18:00; tu 08:00-18:00; we 08:00-18:00; th 08:00-18:00; fr 08:00-18:00; sa 08:00-14:00; su closed,2026-10-10,
VET_CLINIC,VCA Animal Care Center of Chicago,"https://www.google.com/maps/place/VCA+Animal+Care+Center+of+Chicago/@41.883261,-87.6586125,17z/data=!3m1!4b1!4m6!3m5!1s0x880e2d27790a2e01:0x1b92eb716c3dd392!8m2!3d41.883261!4d-87.6586125!16s%2Fg%2F1tgyx90_?authuser=0&hl=en&entry=ttu&g_ep=EgoyMDI2MTAwNy4wIKXMDSoASAFQAw%3D%3D",3.9,382,"1248 W Washington Blvd, Chicago, IL 60607",+1 312-243-6655,https://vcahospitals.com/animal-care-chicago?utm_source=maps&utm_medium=organic&utm_campaign=AU_1120,mo 08:00-20:00; tu 08:00-20:00; we 08:00-20:00; th 08:00-20:00; fr 08:00-20:00; sa 08:00-16:00; su closed,2026-10-10,
VET_CLINIC,Banfield Pet Hospital,"https://www.google.com/maps/place/Banfield+Pet+Hospital/@41.9278856,-87.7860032,17z/data=!3m1!4b1!4m6!3m5!1s0x880fcb6c04216cbb:0xe4b9bcd9c5bd0d9!8m2!3d41.9278856!4d-87.7860032!16s%2Fg%2F1tvm3c6s?authuser=0&hl=en&entry=ttu&g_ep=EgoyMDI2MTAwNy4wIKXMDSoASAFQAw%3D%3D",3.7,380,"2620 N Narragansett Ave Ste b1-b3, Chicago, IL 60639",+1 773-836-3573,https://www.banfield.com/locations/veterinarians/il/chicago/brk?utm_source=yext&utm_medium=yext&utm_campaign=yext&cid=yext_local,mo 08:00-18:00; tu 08:00-18:00; we 08:00-18:00; th 08:00-18:00; fr 08:00-18:00; sa 08:00-18:00; su 09:00-16:00,2026-10-10,
VET_CLINIC,GoodVets Streeterville,"https://www.google.com/maps/place/GoodVets+Streeterville/@41.8916529,-87.6215163,17z/data=!3m1!4b1!4m6!3m5!1s0x880e2cabb096a175:0x91406ee5a1470d58!8m2!3d41.8916529!4d-87.6215163!16s%2Fg%2F11f50mrnq5?authuser=0&hl=en&entry=ttu&g_ep=EgoyMDI2MTAwNy4wIKXMDSoASAFQAw%3D%3D",4.4,378,"227 E Grand Ave, Chicago, IL 60611",+1 312-509-9170,https://goodvets.com/locations/chicago/streeterville,mo 08:00-20:00; tu 08:00-20:00; we 08:00-20:00; th 08:00-20:00; fr 08:00-20:00; sa 08:00-18:00; su 08:00-18:00,2026-10-10,
VET_CLINIC,Delta Animal Hospital,"https://www.google.com/maps/place/Delta+Animal+Hospital/@41.8956835,-87.6798186,17z/data=!3m1!4b1!4m6!3m5!1s0x880e2d4ad1b2f0d5:0xa74f3fb7dfbfd6b4!8m2!3d41.8956835!4d-87.6798186!16s%2Fg%2F1tx15ysq?authuser=0&hl=en&entry=ttu&g_ep=EgoyMDI2MTAwNy4wIKXMDSoASAFQAw%3D%3D",4.2,360,"2105 W Chicago Ave, Chicago, IL 60622",+1 773-278-6019,https://deltaanimalhospital.lovable.app/,mo 09:00-16:00; tu 09:00-16:00; we 09:00-16:00; th closed; fr 09:00-16:00; sa 09:00-15:00; su closed,2026-10-10,
VET_CLINIC,Scout Veterinary Urgent Care - Lincoln Park,"https://www.google.com/maps/place/Scout+Veterinary+Urgent+Care+-+Lincoln+Park/@41.9251674,-87.6481629,17z/data=!3m1!4b1!4m6!3m5!1s0x880fd379ab6f7581:0x5d2201d5f0a03986!8m2!3d41.9251674!4d-87.6481629!16s%2Fg%2F11tp1wxz3l?authuser=0&hl=en&entry=ttu&g_ep=EgoyMDI2MTAwNy4wIKXMDSoASAFQAw%3D%3D",4.8,359,"2369 N Lincoln Ave, Chicago, IL 60614",+1 773-245-1198,https://www.scoutcare.com/locations/lincoln-park?utm_source=GBP&utm_medium=organic,mo 10:00-20:00; tu 10:00-20:00; we 10:00-20:00; th 10:00-20:00; fr 10:00-20:00; sa 10:00-20:00; su 10:00-20:00,2026-10-10,
VET_CLINIC,West Side Animal Hospital,"https://www.google.com/maps/place/West+Side+Animal+Hospital/@41.8946596,-87.7716431,17z/data=!3m1!4b1!4m6!3m5!1s0x880e3354741fb8fb:0x7e5a81c61c6a0fa2!8m2!3d41.8946596!4d-87.7716431!16s%2Fg%2F1tg6l3wm?authuser=0&hl=en&entry=ttu&g_ep=EgoyMDI2MTAwNy4wIKXMDSoASAFQAw%3D%3D",3.9,355,"5837 W Chicago Ave, Chicago, IL 60651",+1 773-287-4841,https://westsideanimalhospital.lovable.app/,mo 09:00-16:00; tu 09:00-16:00; we closed; th 09:00-16:00; fr 09:00-16:00; sa 09:00-13:00; su closed,2026-10-10,
VET_CLINIC,Banfield Pet Hospital,"https://www.google.com/maps/place/Banfield+Pet+Hospital/@41.8669865,-87.6438937,17z/data=!3m1!4b1!4m6!3m5!1s0x880e2cecd6a20ac5:0x740875cd6e3fa56a!8m2!3d41.8669865!4d-87.6438937!16s%2Fg%2F1tkvbbq7?authuser=0&hl=en&entry=ttu&g_ep=EgoyMDI2MTAwNy4wIKXMDSoASAFQAw%3D%3D",3.7,352,"645 W Roosevelt Rd, Chicago, IL 60607",+1 312-431-0214,https://www.banfield.com/locations/veterinarians/il/chicago/csl/?utm_source=yext&utm_medium=yext&utm_campaign=yext&utm_content=engine50&cid=yext_local,mo 07:00-18:00; tu 07:00-18:00; we 07:00-18:00; th 07:00-18:00; fr 07:00-18:00; sa 08:00-18:00; su 09:00-17:00,2026-10-10,
VET_CLINIC,Mayfair Animal Clinic PC,"https://www.google.com/maps/place/Mayfair+Animal+Clinic+PC/@41.9589815,-87.7271004,17z/data=!3m1!4b1!4m6!3m5!1s0x880fcdc8792d2d05:0x4373a6917562e533!8m2!3d41.9589815!4d-87.7271004!16s%2Fg%2F1tdh90zy?authuser=0&hl=en&entry=ttu&g_ep=EgoyMDI2MTAwNy4wIKXMDSoASAFQAw%3D%3D",4.7,348,"4314 N Elston Ave, Chicago, IL 60641",+1 773-478-1868,https://mayfairveterinary.com/,mo 09:00-18:00; tu 09:00-18:00; we 09:00-18:00; th 09:00-18:00; fr 09:00-18:00; sa 09:00-14:00; su closed,2026-10-10,
VET_CLINIC,Oz Animal Hospital Rogers Park,https://www.google.com/maps/place/Oz+Animal+Hospital+Rogers+Park/data=!4m7!3m6!1s0x880fd178b73e4633:0x2ed3ca3144c3fc21!8m2!3d42.0092554!4d-87.6656556!16s%2Fg%2F11hfv0_mnl!19sChIJM0Y-t3jRD4gRIfzDRDHK0y4?authuser=0&hl=en&g_ep=EgoyMDI2MTAwNy4wIJJjKgBIAVAD&rclk=1,4.6,348,"7001 N Glenwood Ave, Chicago, IL 60626",+1 773-327-5024,https://ozanimalhospital.com/,mo 08:00-18:00; tu 08:00-18:00; we 08:00-18:00; th 08:00-18:00; fr 08:00-18:00; sa 08:00-14:00; su closed,2026-10-10,
VET_CLINIC,Logan Square Animal Hospital,"https://www.google.com/maps/place/Logan+Square+Animal+Hospital/@41.9276265,-87.7046916,17z/data=!3m1!4b1!4m6!3m5!1s0x880fcd7b22288bdb:0xf8049687049ae5bc!8m2!3d41.9276265!4d-87.7046916!16s%2Fg%2F1tdx4qw6?authuser=0&hl=en&entry=ttu&g_ep=EgoyMDI2MTAwNy4wIKXMDSoASAFQAw%3D%3D",3.9,348,"2543 N Milwaukee Ave, Chicago, IL 60647",+1 773-384-1138,http://logansquareanimalhospital.com/,mo 09:00-18:00; tu 09:00-18:00; we 09:00-18:00; th 09:00-18:00; fr 09:00-18:00; sa 09:00-16:00; su closed,2026-10-10,
VET_CLINIC,Animal Medical Center of Chicago,https://www.google.com/maps/place/Animal+Medical+Center+of+Chicago/data=!4m7!3m6!1s0x880fd2f7134be1a3:0xd03a49e164fb42c6!8m2!3d41.9324963!4d-87.6692166!16s%2Fg%2F1tf58hbc!19sChIJo-FLE_fSD4gRxkL7ZOFJOtA?authuser=0&hl=en&g_ep=EgoyMDI2MTAwNy4wIJJjKgBIAVAD&rclk=1,4.9,345,"1618 W Diversey Pkwy, Chicago, IL 60614",+1 773-525-3353,https://www.animalmedicalcenterofchicago.com/,mo 07:30-20:00; tu 07:30-20:00; we 07:30-20:00; th 07:30-20:00; fr 07:30-17:00; sa 07:30-14:00; su closed,2026-10-10,
VET_CLINIC,Hyde Park Animal Clinic,"https://www.google.com/maps/place/Hyde+Park+Animal+Clinic/@41.8022962,-87.5884031,17z/data=!3m1!4b1!4m6!3m5!1s0x880e296c3d00361b:0xbd8ecef5a5b71c70!8m2!3d41.8022962!4d-87.5884031!16s%2Fg%2F11xgh0p2r?authuser=0&hl=en&entry=ttu&g_ep=EgoyMDI2MTAwNy4wIKXMDSoASAFQAw%3D%3D",4.1,342,"1515 E Hyde Park Blvd, Chicago, IL 60615",+1 773-340-4564,https://hydeparkpets.com/?utm_source=gmb&utm_medium=organic,mo 08:00-18:00; tu 08:00-18:00; we 08:00-18:00; th 08:00-18:00; fr 08:00-18:00; sa closed; su closed,2026-10-10,
VET_CLINIC,South Loop Animal Hospital,"https://www.google.com/maps/place/South+Loop+Animal+Hospital/@41.859041,-87.624202,17z/data=!3m1!4b1!4m6!3m5!1s0x880e2c86c6c3fe59:0x7fc36dfc7ff6e789!8m2!3d41.859041!4d-87.624202!16s%2Fg%2F1vd3wctv?authuser=0&hl=en&entry=ttu&g_ep=EgoyMDI2MTAwNy4wIKXMDSoASAFQAw%3D%3D",4.7,330,"1640 S Michigan Ave, Chicago, IL 60616",+1 312-753-5551,https://mysouthloopvet.com/south-loop/?utm_source=google&utm_medium=organic&utm_campaign=gmb&utm_term=website,mo 08:00-19:00; tu 08:00-19:00; we 08:00-19:00; th 08:00-19:00; fr 08:00-19:00; sa 08:00-14:00; su closed,2026-10-10,
VET_CLINIC,Chicago Pet Clinic,https://www.google.com/maps/place/Chicago+Pet+Clinic/data=!4m7!3m6!1s0x880fcc5a7dc86df9:0xbd070d372e45008e!8m2!3d41.944583!4d-87.747296!16s%2Fg%2F1tqg0yd_!19sChIJ-W3IfVrMD4gRjgBFLjcNB70?authuser=0&hl=en&g_ep=EgoyMDI2MTAwNy4wIJJjKgBIAVAD&rclk=1,4.6,324,"3510 N Cicero Ave, Chicago, IL 60641",+1 773-283-4627,http://www.chicagopetcliniconline.com/,"mo 08:00-12:00,13:00-17:00; tu 08:00-12:00,13:00-17:00; we 08:00-12:00,13:00-17:00; th 08:00-12:00,13:00-17:00; fr 08:00-12:00,13:00-17:00; sa closed; su closed",2026-10-10,
VET_CLINIC,Woodlawn Animal Hospital,"https://www.google.com/maps/place/Woodlawn+Animal+Hospital/@41.7759036,-87.6153771,17z/data=!3m1!4b1!4m6!3m5!1s0x880e292a778094c9:0x27b086be1832f174!8m2!3d41.7759036!4d-87.6153771!16s%2Fg%2F1tdx03n6?authuser=0&hl=en&entry=ttu&g_ep=EgoyMDI2MTAwNy4wIKXMDSoASAFQAw%3D%3D",4.6,323,"6523 S King Dr, Chicago, IL 60637",+1 773-249-7191,http://www.woodlawnanimalhospital.com/,mo 08:00-17:00; tu 08:00-17:00; we 08:00-17:00; th 08:00-17:00; fr 08:00-17:00; sa 08:00-14:00; su closed,2026-10-10,
VET_CLINIC,BLVD Vet River North,https://www.google.com/maps/place/BLVD+Vet+River+North/data=!4m7!3m6!1s0x880e2cca9bc99e55:0xb506c8d1b5e0668b!8m2!3d41.8936851!4d-87.638672!16s%2Fg%2F11fxv0z2by!19sChIJVZ7Jm8osDogRi2bgtdHIBrU?authuser=0&hl=en&g_ep=EgoyMDI2MTAwNy4wIJJjKgBIAVAD&rclk=1,4.6,320,"375 W Erie St, Chicago, IL 60654",+1 312-888-3630,https://www.blvd.vet/river-north,mo 08:00-20:00; tu 08:00-20:00; we 08:00-18:00; th 08:00-18:00; fr 08:00-18:00; sa 08:00-16:00; su closed,2026-10-10,
VET_CLINIC,Companion Animal Hospital River North,"https://www.google.com/maps/place/Companion+Animal+Hospital+River+North/@41.8962478,-87.6309964,17z/data=!3m1!4b1!4m6!3m5!1s0x880fd3e640e1a60d:0xb25b6e7302ef949b!8m2!3d41.8962478!4d-87.6309964!16s%2Fg%2F11gn226mzf?authuser=0&hl=en&entry=ttu&g_ep=EgoyMDI2MTAwNy4wIKXMDSoASAFQAw%3D%3D",4.3,318,"749 N Clark St, Chicago, IL 60654",+1 312-643-2901,https://companionrn.com/?utm_source=gmb&utm_medium=organic,mo 07:00-18:00; tu 07:00-18:00; we 07:00-18:00; th 07:00-18:00; fr 07:00-18:00; sa 08:00-18:00; su closed,2026-10-10,
VET_CLINIC,Sploot Veterinary Care - Lincoln Park,https://www.google.com/maps/place/Sploot+Veterinary+Care+-+Lincoln+Park/data=!4m7!3m6!1s0x880fd341ec6ae9f7:0xf693db7ca02acb40!8m2!3d41.9194027!4d-87.6618748!16s%2Fg%2F11vyx2610p!19sChIJ9-lq7EHTD4gRQMsqoHzbk_Y?authuser=0&hl=en&g_ep=EgoyMDI2MTAwNy4wIJJjKgBIAVAD&rclk=1,4.7,314,"2070 N Clybourn Ave Unit C, Chicago, IL 60614",+1 773-207-3877,https://www.splootvets.com/locations/chicago/lincoln-park?utm_source=google&utm_medium=organic&utm_campaign=gbp-listing&utm_content=lincoln-park,,2026-10-10,hours: none (not published on Maps)
VET_CLINIC,Heal Veterinary Clinic,https://www.google.com/maps/place/Heal+Veterinary+Clinic/data=!4m7!3m6!1s0x880fd20b4d6bbc57:0x7dd884c52d3da13f!8m2!3d41.956976!4d-87.692955!16s%2Fg%2F1tk1nlb0!19sChIJV7xrTQvSD4gRP6E9LcWE2H0?authuser=0&hl=en&g_ep=EgoyMDI2MTAwNy4wIJJjKgBIAVAD&rclk=1,4.7,314,"4137 N Rockwell St, Chicago, IL 60618",+1 773-888-5091,http://www.healveterinary.com/,mo 08:00-19:00; tu 08:00-19:00; we closed; th 08:00-19:00; fr 08:00-18:00; sa 08:00-15:00; su closed,2026-10-10,
VET_CLINIC,GoodVets West Loop,"https://www.google.com/maps/place/GoodVets+West+Loop/@41.8776543,-87.6499173,17z/data=!3m1!4b1!4m6!3m5!1s0x880e2dc51bac0f6f:0x3a8c751cd6b410bd!8m2!3d41.8776543!4d-87.6499173!16s%2Fg%2F11gy31cfcb?authuser=0&hl=en&entry=ttu&g_ep=EgoyMDI2MTAwNy4wIKXMDSoASAFQAw%3D%3D",4.4,311,"901 W Jackson Blvd, Chicago, IL 60607",+1 312-548-9588,https://goodvets.com/locations/chicago/west-loop,mo 08:00-20:00; tu 08:00-20:00; we 08:00-18:00; th 08:00-18:00; fr 08:00-18:00; sa 08:00-18:00; su 08:00-18:00,2026-10-10,
VET_CLINIC,Partners Animal Hospital West Loop,"https://www.google.com/maps/place/Partners+Animal+Hospital+West+Loop/@41.8903963,-87.6588523,17z/data=!3m1!4b1!4m6!3m5!1s0x880e2d826bde3afd:0x6f7852e0d6fc81dc!8m2!3d41.8903963!4d-87.6588523!16s%2Fg%2F11v6wnf13f?authuser=0&hl=en&entry=ttu&g_ep=EgoyMDI2MTAwNy4wIKXMDSoASAFQAw%3D%3D",5.0,310,"451 N Elizabeth St, Chicago, IL 60642",+1 312-767-4762,https://www.partnersvetwl.com/,mo 08:00-19:00; tu 08:00-19:00; we 08:00-18:00; th 08:00-19:00; fr 08:00-18:00; sa closed; su closed,2026-10-10,
VET_CLINIC,"North Center Animal Hospital, A Thrive Pet Healthcare Partner","https://www.google.com/maps/place/North+Center+Animal+Hospital,+A+Thrive+Pet+Healthcare+Partner/@41.9470686,-87.6744014,17z/data=!3m1!4b1!4m6!3m5!1s0x880fd2431594c8a7:0xac5ed87aeedc7c5f!8m2!3d41.9470686!4d-87.6744014!16s%2Fg%2F1tgc0cj1?authuser=0&hl=en&entry=ttu&g_ep=EgoyMDI2MTAwNy4wIKXMDSoASAFQAw%3D%3D",4.8,305,"1808 W Addison St, Chicago, IL 60613",+1 773-327-5050,https://www.thrivepetcare.com/locations/illinois/chicago/north-center-animal-hospital?utm_source=google&utm_medium=gmb,mo 07:00-16:30; tu 07:00-16:30; we 07:00-16:30; th 07:00-16:30; fr 07:00-16:30; sa 08:00-13:00; su closed,2026-10-10,
VET_CLINIC,Fullerton Animal Clinic,"https://www.google.com/maps/place/Fullerton+Animal+Clinic/@41.9241722,-87.7343423,17z/data=!3m1!4b1!4m6!3m5!1s0x880fcd1c5372e127:0x94596cb69bd616f6!8m2!3d41.9241722!4d-87.7343423!16s%2Fg%2F1ts3g679?authuser=0&hl=en&entry=ttu&g_ep=EgoyMDI2MTAwNy4wIKXMDSoASAFQAw%3D%3D",4.2,295,"4303 W Fullerton Ave, Chicago, IL 60639",+1 773-227-7600,http://www.fullertonanimalclinic.com/,mo 09:00-18:00; tu 09:00-18:00; we 09:00-18:00; th 09:00-18:00; fr 09:00-17:00; sa 09:00-15:00; su closed,2026-10-10,
VET_CLINIC,Ravenswood Animal Hospital LLC,https://www.google.com/maps/place/Ravenswood+Animal+Hospital+LLC/data=!4m7!3m6!1s0x880fcdf601c9ffaf:0xe4b7c2c5aafc713e!8m2!3d41.9615958!4d-87.6981213!16s%2Fg%2F11bbwn9b2w!19sChIJr__JAfbND4gRPnH8qsXCt-Q?authuser=0&hl=en&g_ep=EgoyMDI2MTAwNy4wIJJjKgBIAVAD&rclk=1,4.8,294,"2752 W Montrose Ave, Chicago, IL 60618",+1 773-539-7387,http://www.ravenswoodvet.com/,mo 08:00-18:00; tu 08:00-20:00; we 08:00-18:00; th 08:00-20:00; fr 08:00-18:00; sa 08:00-13:00; su closed,2026-10-10,
VET_CLINIC,Chicago Cat Clinic,"https://www.google.com/maps/place/Chicago+Cat+Clinic/@41.9971122,-87.7611559,17z/data=!3m1!4b1!4m6!3m5!1s0x880fcec0a60a4f3d:0x7ce18ee3a8ca8f90!8m2!3d41.9971122!4d-87.7611559!16s%2Fg%2F1wnbym40?authuser=0&hl=en&entry=ttu&g_ep=EgoyMDI2MTAwNy4wIKXMDSoASAFQAw%3D%3D",4.7,282,"5301 W Devon Ave, Chicago, IL 60646",+1 773-631-5300,https://chicagocatclinic.com/,mo 08:00-18:00; tu 08:00-18:00; we 08:00-18:00; th 08:00-18:00; fr 08:00-18:00; sa 08:00-14:00; su closed,2026-10-10,
VET_CLINIC,Higgins Animal Clinic,"https://www.google.com/maps/place/Higgins+Animal+Clinic/@41.9394243,-87.6714369,17z/data=!3m1!4b1!4m6!3m5!1s0x880fd25914856515:0xcc8899ced306ba77!8m2!3d41.9394243!4d-87.6714369!16s%2Fg%2F1tfb74rx?authuser=0&hl=en&entry=ttu&g_ep=EgoyMDI2MTAwNy4wIKXMDSoASAFQAw%3D%3D",4.5,265,"1705 W Belmont Ave, Chicago, IL 60657",+1 773-525-0472,https://www.higginsanimalclinic.com/higgins-animal-clinic,mo 08:00-19:00; tu 08:00-19:00; we 09:00-19:00; th 08:00-19:00; fr 09:00-19:00; sa 08:00-14:00; su closed,2026-10-10,
VET_CLINIC,VCA Ark Animal Hospital,"https://www.google.com/maps/place/VCA+Ark+Animal+Hospital/@41.9402704,-87.7073704,17z/data=!3m1!4b1!4m6!3m5!1s0x880fcd9cb5a0a1fd:0xe8a743ac55fd05fa!8m2!3d41.9402704!4d-87.7073704!16s%2Fg%2F1tz71_by?authuser=0&hl=en&entry=ttu&g_ep=EgoyMDI2MTAwNy4wIKXMDSoASAFQAw%3D%3D",4.4,257,"3235 N Kedzie Ave, Chicago, IL 60618",+1 773-442-6500,https://vcahospitals.com/ark?utm_source=maps&utm_medium=organic&utm_campaign=AU_1080,mo 08:00-18:00; tu 08:00-18:00; we 08:00-18:00; th 08:00-18:00; fr 08:00-18:00; sa closed; su closed,2026-10-10,
VET_CLINIC,North Avenue Animal Hospital,"https://www.google.com/maps/place/North+Avenue+Animal+Hospital/@41.9103414,-87.6752571,17z/data=!3m1!4b1!4m6!3m5!1s0x880fd2c6d9dbbfab:0x19414c91ad6b0ef0!8m2!3d41.9103414!4d-87.6752571!16s%2Fg%2F1w15_0s7?authuser=0&hl=en&entry=ttu&g_ep=EgoyMDI2MTAwNy4wIKXMDSoASAFQAw%3D%3D",4.5,255,"1901 W North Ave, Chicago, IL 60622",+1 773-278-1330,https://northavevet.com/,mo 08:00-19:00; tu 08:00-19:00; we 08:00-19:00; th 08:00-18:00; fr 08:00-18:00; sa 09:00-14:00; su closed,2026-10-10,
VET_CLINIC,Bronzeville Animal Clinic,"https://www.google.com/maps/place/Bronzeville+Animal+Clinic/@41.8382306,-87.6217639,17z/data=!3m1!4b1!4m6!3m5!1s0x880e2c745a1da561:0x975bd3b21ce97c50!8m2!3d41.8382306!4d-87.6217639!16s%2Fg%2F1hc1qjtkf?authuser=0&hl=en&entry=ttu&g_ep=EgoyMDI2MTAwNy4wIKXMDSoASAFQAw%3D%3D",4.0,250,"203 E 31st St, Chicago, IL 60616",+1 312-949-1838,https://l.facebook.com/l.php?u=http%3A%2F%2Fwww.bronzevillevet.com%2F%3Ffbclid%3DIwZXh0bgNhZW0CMTAAYnJpZBExZ09CMHFCWnVEdkJVQU95aQEe6sqQ9c5MmZHatamMOjf0qywrFZAdKGoqKC1RDYFH7co6yb4Xgr13rjy_ZxA_aem_pkn4j15kTqikHugl67YcSw&h=AT2q167w9X6kpo8IeCBeTJpM5mIuLLiNZNvvN-j4jCnm0wS0aw3vDM-6tgEySttPVNgXzvnRaXpa8TXZYinjdT-iLxa2e2ReeRQobj13CmpLTsx984_ko9edw0qzfxM1qyemIZwl,mo 09:00-17:00; tu 09:00-17:00; we 12:00-17:00; th 09:00-18:00; fr 09:00-17:00; sa 09:00-12:00; su closed,2026-10-10,
VET_CLINIC,Banfield Pet Hospital,"https://www.google.com/maps/place/Banfield+Pet+Hospital/@41.9306894,-87.6844255,17z/data=!3m1!4b1!4m6!3m5!1s0x880fd28ec2fa8211:0xf463ae79033fba60!8m2!3d41.9306894!4d-87.6844255!16s%2Fg%2F1th49_d8?authuser=0&hl=en&entry=ttu&g_ep=EgoyMDI2MTAwNy4wIKXMDSoASAFQAw%3D%3D",3.3,248,"2665 N Elston Ave, Chicago, IL 60647",+1 773-782-9805,https://www.banfield.com/locations/veterinarians/il/chicago/lin?utm_source=yext&utm_medium=yext&utm_campaign=yext&cid=yext_local,mo 08:00-18:00; tu 08:00-18:00; we 08:00-18:00; th 08:00-18:00; fr 08:00-18:00; sa 08:00-18:00; su 09:00-16:00,2026-10-10,
VET_CLINIC,Animal Advocate Pet Hospital,"https://www.google.com/maps/place/Animal+Advocate+Pet+Hospital/@41.8776859,-87.6543819,17z/data=!3m1!4b1!4m6!3m5!1s0x880e2d0a1dab4e99:0x673e0d0504c49b6d!8m2!3d41.8776859!4d-87.6543819!16s%2Fg%2F11h3d8286s?authuser=0&hl=en&entry=ttu&g_ep=EgoyMDI2MTAwNy4wIKXMDSoASAFQAw%3D%3D",4.8,245,"1061 W Jackson Blvd ste a, Chicago, IL 60607",+1 312-471-1728,http://advocatepetvet.com/,mo 09:00-18:00; tu 09:00-18:00; we 09:00-18:00; th closed; fr 09:00-18:00; sa 09:00-16:00; su closed,2026-10-10,
VET_CLINIC,VCA Chicago North Animal Hospital,"https://www.google.com/maps/place/VCA+Chicago+North+Animal+Hospital/@41.947343,-87.70959,17z/data=!3m1!4b1!4m6!3m5!1s0x880fcd9063bc14bd:0x3638d17b445a1d78!8m2!3d41.947343!4d-87.70959!16s%2Fg%2F1td1qgwk?authuser=0&hl=en&entry=ttu&g_ep=EgoyMDI2MTAwNy4wIKXMDSoASAFQAw%3D%3D",4.2,245,"3631 N Elston Ave, Chicago, IL 60618",+1 773-267-1111,https://vcahospitals.com/chicago-north?utm_source=maps&utm_medium=organic&utm_campaign=AU_259,mo 08:00-19:00; tu 08:00-19:00; we 08:00-19:00; th 08:00-19:00; fr 08:00-17:00; sa 08:00-14:00; su closed,2026-10-10,
VET_CLINIC,Beverly Hills Animal Hospital,"https://www.google.com/maps/place/Beverly+Hills+Animal+Hospital/@41.7047205,-87.6811928,17z/data=!3m1!4b1!4m6!3m5!1s0x880e2523a10790dd:0x1b3cf54df7116615!8m2!3d41.7047205!4d-87.6811928!16s%2Fg%2F1tls3d_9?authuser=0&hl=en&entry=ttu&g_ep=EgoyMDI2MTAwNy4wIKXMDSoASAFQAw%3D%3D",4.7,240,"10359 S Western Ave, Chicago, IL 60643",+1 773-779-7790,,mo 08:30-18:00; tu 08:30-19:00; we 08:30-18:00; th 08:30-19:00; fr 08:30-18:00; sa 08:30-13:00; su closed,2026-10-10,
VET_CLINIC,Ukrainian Village Veterinary Center,"https://www.google.com/maps/place/Ukrainian+Village+Veterinary+Center/@41.895861,-87.6743511,17z/data=!3m1!4b1!4m6!3m5!1s0x880fcf1274093e6d:0x822c4652c605d2e!8m2!3d41.895861!4d-87.6743511!16s%2Fg%2F1tk702w_?authuser=0&hl=en&entry=ttu&g_ep=EgoyMDI2MTAwNy4wIKXMDSoASAFQAw%3D%3D",4.8,229,"1859 W Chicago Ave, Chicago, IL 60622",+1 312-955-8882,https://ukrvillagevet.com/,mo 08:00-18:00; tu 08:00-18:00; we 08:00-18:00; th 08:00-18:00; fr 08:00-15:00; sa closed; su closed,2026-10-10,
VET_CLINIC,"Your Pets Wellness (Bucktown), A Thrive Pet Healthcare Partner","https://www.google.com/maps/place/Your+Pets+Wellness+(Bucktown),+A+Thrive+Pet+Healthcare+Partner/@41.923405,-87.6775782,17z/data=!3m1!4b1!4m6!3m5!1s0x880fd2ecd85f74cf:0x51088ea9f13775d7!8m2!3d41.923405!4d-87.6775782!16s%2Fg%2F1td_5sl5?authuser=0&hl=en&entry=ttu&g_ep=EgoyMDI2MTAwNy4wIKXMDSoASAFQAw%3D%3D",4.3,226,"2319 N Damen Ave, Chicago, IL 60647",+1 773-697-8176,https://www.thrivepetcare.com/locations/illinois/chicago/your-pets-wellness-bucktown?utm_source=google&utm_medium=gmb,mo 09:00-19:00; tu 09:00-17:00; we 09:00-17:00; th 10:00-16:00; fr 08:00-18:00; sa 09:00-16:00; su closed,2026-10-10,
VET_CLINIC,BLVD Vet Ravenswood,"https://www.google.com/maps/place/BLVD+Vet+Ravenswood/@41.9665211,-87.6794067,17z/data=!3m1!4b1!4m6!3m5!1s0x880fd3b9d68d199d:0x896e3d5116bcb26b!8m2!3d41.9665211!4d-87.6794067!16s%2Fg%2F11lj93pn2c?authuser=0&hl=en&entry=ttu&g_ep=EgoyMDI2MTAwNy4wIKXMDSoASAFQAw%3D%3D",4.6,222,"4646 N Damen Ave, Chicago, IL 60625",+1 773-516-4050,https://www.blvd.vet/ravenswood,mo 08:00-20:00; tu 08:00-20:00; we 08:00-18:00; th 08:00-18:00; fr 08:00-18:00; sa 08:00-16:00; su closed,2026-10-10,
VET_CLINIC,Vetique: Gold Coast & River North's Premium Veterinary Care,"https://www.google.com/maps/place/Vetique:+Gold+Coast+%26+River+North's+Premium+Veterinary+Care/@41.8978127,-87.6310197,17z/data=!3m1!4b1!4m6!3m5!1s0x880fd3642fa7439b:0x132417a43c96a4a2!8m2!3d41.8978127!4d-87.6310197!16s%2Fg%2F11jt123vcn?authuser=0&hl=en&entry=ttu&g_ep=EgoyMDI2MTAwNy4wIKXMDSoASAFQAw%3D%3D",5.0,216,"77 W Chestnut St, Chicago, IL 60610",+1 312-291-9656,https://vetique.com/,mo 09:00-16:00; tu 10:00-18:00; we 09:00-16:00; th 09:00-16:00; fr 10:00-18:00; sa 08:00-14:00; su closed,2026-10-10,
VET_CLINIC,Seligman Animal Hospital,"https://www.google.com/maps/place/Seligman+Animal+Hospital/@41.9098516,-87.744001,17z/data=!3m1!4b1!4m6!3m5!1s0x880fcd45dcfe24f1:0x3d57bf495b18c233!8m2!3d41.9098516!4d-87.744001!16s%2Fg%2F11j47szjqr?authuser=0&hl=en&entry=ttu&g_ep=EgoyMDI2MTAwNy4wIKXMDSoASAFQAw%3D%3D",4.6,216,"4712 W North Ave, Chicago, IL 60639",+1 773-772-7081,,mo 09:30-13:00; tu 09:30-13:00; we closed; th 09:30-13:00; fr 09:30-13:00; sa 09:30-13:00; su closed,2026-10-10,
VET_CLINIC,Family Pet Animal Hospital,"https://www.google.com/maps/place/Family+Pet+Animal+Hospital/@41.9214177,-87.6634673,17z/data=!3m1!4b1!4m6!3m5!1s0x880fd2e40ecb9193:0xb71b7370053f2796!8m2!3d41.9214177!4d-87.6634673!16s%2Fg%2F1thq19cd?authuser=0&hl=en&entry=ttu&g_ep=EgoyMDI2MTAwNy4wIKXMDSoASAFQAw%3D%3D",4.7,211,"1401 W Webster Ave, Chicago, IL 60614",+1 773-935-2311,https://www.thrivepetcare.com/locations/illinois/chicago/family-pet-animal-hospital?utm_source=google&utm_medium=gmb,mo 08:00-18:00; tu 08:00-18:00; we 08:00-18:00; th 08:00-18:00; fr 08:00-18:00; sa 08:00-14:00; su closed,2026-10-10,
VET_CLINIC,Veterinary Diagnostic Centers,"https://www.google.com/maps/place/Veterinary+Diagnostic+Centers/@41.954175,-87.706291,17z/data=!3m1!4b1!4m6!3m5!1s0x880fcd5b01bd2ef9:0xc7d96261f9561694!8m2!3d41.954175!4d-87.706291!16s%2Fg%2F11kbnrpc5y?authuser=0&hl=en&entry=ttu&g_ep=EgoyMDI2MTAwNy4wIKXMDSoASAFQAw%3D%3D",5.0,210,"3114 W Irving Park Rd Ste 1E, Chicago, IL 60618",+1 312-736-7757,https://vdc.vet/,mo 08:00-16:00; tu 08:00-16:00; we 08:00-16:00; th 08:00-16:00; fr 08:00-16:00; sa closed; su closed,2026-10-10,
VET_CLINIC,Bond Vet - Lakeview,"https://www.google.com/maps/place/Bond+Vet+-+Lakeview/@41.938156,-87.6488745,17z/data=!3m1!4b1!4m6!3m5!1s0x880fd3a3219c4981:0xface8403a60f3aaa!8m2!3d41.938156!4d-87.6488745!16s%2Fg%2F11tw_4jfsk?authuser=0&hl=en&entry=ttu&g_ep=EgoyMDI2MTAwNy4wIKXMDSoASAFQAw%3D%3D",4.3,209,"3101 N Clark St, Chicago, IL 60657",+1 773-492-9227,https://bondvet.com/c/lakeview-animal-hospital?utm_source=google&utm_medium=organic&utm_campaign=gbp-listing&utm_content=lakeview,mo 09:00-19:00; tu 09:00-19:00; we 09:00-19:00; th 09:00-19:00; fr 09:00-19:00; sa 09:00-19:00; su 09:00-19:00,2026-10-10,
VET_CLINIC,Partners Animal Hospital South Loop,"https://www.google.com/maps/place/Partners+Animal+Hospital+South+Loop/@41.8746784,-87.6293971,17z/data=!3m1!4b1!4m6!3m5!1s0x880e2d09f0894ca3:0x5829685fa2a2188d!8m2!3d41.8746784!4d-87.6293971!16s%2Fg%2F11jyjdgy4_?authuser=0&hl=en&entry=ttu&g_ep=EgoyMDI2MTAwNy4wIKXMDSoASAFQAw%3D%3D",4.8,204,"550 S Dearborn St, Chicago, IL 60605",+1 312-319-8004,https://partnersvetsl.com/?utm_source=google&utm_medium=organic&utm_campaign=gmb&utm_term=website,mo 08:00-18:00; tu 08:00-18:00; we 08:00-18:00; th 08:00-18:00; fr 08:00-18:00; sa 09:00-14:00; su closed,2026-10-10,
VET_CLINIC,Urban PetRx,"https://www.google.com/maps/place/Urban+PetRx/@41.8375637,-87.6510092,17z/data=!3m1!4b1!4m6!3m5!1s0x880e2d9185453885:0xf348d16d604738aa!8m2!3d41.8375637!4d-87.6510092!16s%2Fg%2F11j1g2t60t?authuser=0&hl=en&entry=ttu&g_ep=EgoyMDI2MTAwNy4wIKXMDSoASAFQAw%3D%3D",4.7,202,"3113 S Morgan St, Chicago, IL 60608",+1 773-801-0771,https://www.urbanpetrx.com/,mo 08:00-18:00; tu 08:00-18:00; we 08:00-18:00; th 08:00-16:00; fr 09:00-15:30; sa closed; su closed,2026-10-10,
VET_CLINIC,GoodVets Andersonville,"https://www.google.com/maps/place/GoodVets+Andersonville/@41.9899423,-87.6710871,17z/data=!3m1!4b1!4m6!3m5!1s0x880fd16646cfc39d:0x36bc3229fb673b05!8m2!3d41.9899423!4d-87.6710871!16s%2Fg%2F11kb7q_71c?authuser=0&hl=en&entry=ttu&g_ep=EgoyMDI2MTAwNy4wIKXMDSoASAFQAw%3D%3D",4.3,201,"5964 N Ridge Ave Ste 102, Chicago, IL 60660",+1 312-680-9064,https://goodvets.com/locations/chicago/andersonville,mo 08:00-20:00; tu 08:00-20:00; we 08:00-18:00; th 08:00-18:00; fr 08:00-18:00; sa 08:00-18:00; su 08:00-18:00,2026-10-10,
VET_CLINIC,Eye Care for Animals - Chicago,"https://www.google.com/maps/place/Eye+Care+for+Animals+-+Chicago/@41.9426679,-87.6968654,17z/data=!3m1!4b1!4m6!3m5!1s0x880fd262e0ca319b:0xa688431221ca7ee1!8m2!3d41.9426679!4d-87.6968654!16s%2Fg%2F1vgx1by5?authuser=0&hl=en&entry=ttu&g_ep=EgoyMDI2MTAwNy4wIKXMDSoASAFQAw%3D%3D",4.7,199,"2727 W Roscoe St, Chicago, IL 60618",+1 773-388-3937,https://www.thrivepetcare.com/locations/illinois/chicago/eye-care-for-animals-chicago?utm_source=gmb&utm_medium=web,mo 08:00-17:00; tu 08:00-17:00; we 08:00-17:00; th 08:00-17:00; fr 08:00-17:00; sa closed; su closed,2026-10-10,
VET_CLINIC,Ivy Veterinary Care,"https://www.google.com/maps/place/Ivy+Veterinary+Care/@41.9535523,-87.713136,17z/data=!3m1!4b1!4m6!3m5!1s0x880fcd8b5defc89b:0x6f41a11fbf29bb68!8m2!3d41.9535523!4d-87.713136!16s%2Fg%2F11wqkl6qf_?authuser=0&hl=en&entry=ttu&g_ep=EgoyMDI2MTAwNy4wIKXMDSoASAFQAw%3D%3D",5.0,197,"3401 W Irving Park Rd, Chicago, IL 60618",+1 773-815-1515,https://www.ivy.vet/,mo 08:30-17:30; tu 08:30-17:30; we 11:00-19:00; th closed; fr 08:30-17:30; sa 08:30-14:00; su closed,2026-10-10,
VET_CLINIC,Mid North Animal Hospital,"https://www.google.com/maps/place/Mid+North+Animal+Hospital/@41.9219221,-87.6484822,17z/data=!3m1!4b1!4m6!3m5!1s0x880fd31a706ec75b:0x733f261e7c5aef23!8m2!3d41.9219221!4d-87.6484822!16s%2Fg%2F1tfbnycl?authuser=0&hl=en&entry=ttu&g_ep=EgoyMDI2MTAwNy4wIKXMDSoASAFQAw%3D%3D",4.7,185,"2201 N Halsted St, Chicago, IL 60614",+1 773-929-0777,https://midnorthah.com/?utm_source=google&utm_medium=organic&utm_campaign=gbp&utm_content=website,mo 07:00-18:00; tu 07:00-18:00; we 07:00-18:00; th 07:00-18:00; fr 07:00-18:00; sa 08:00-14:00; su closed,2026-10-10,
VET_CLINIC,Diversey Animal Hospital,"https://www.google.com/maps/place/Diversey+Animal+Hospital/@41.9314901,-87.7654203,17z/data=!3m1!4b1!4m6!3m5!1s0x880fcc8f6a896b0d:0x1feaf8378c0d4330!8m2!3d41.9314901!4d-87.7654203!16s%2Fg%2F1tczqz0y?authuser=0&hl=en&entry=ttu&g_ep=EgoyMDI2MTAwNy4wIKXMDSoASAFQAw%3D%3D",4.5,182,"5540 W Diversey Ave, Chicago, IL 60639",+1 773-283-0827,,"mo 09:00-12:00,15:00-16:15; tu 09:00-12:00,15:00-16:15; we closed; th 09:00-12:00,15:00-16:15; fr 09:00-12:00,15:00-16:15; sa 09:00-12:00; su closed",2026-10-10,
VET_CLINIC,BLVD Vet Lakeview Lincoln Park,https://www.google.com/maps/place/BLVD+Vet+Lakeview+Lincoln+Park/data=!4m7!3m6!1s0x880fd387b5108b5f:0x22b6275d73af46ed!8m2!3d41.9331729!4d-87.6420207!16s%2Fg%2F11k4v35hwg!19sChIJX4sQtYfTD4gR7Uavc10ntiI?authuser=0&hl=en&g_ep=EgoyMDI2MTAwNy4wIJJjKgBIAVAD&rclk=1,4.9,178,"510 W Diversey Pkwy, Chicago, IL 60614",+1 872-206-8844,https://www.blvd.vet/lakeview-lincoln-park,mo 08:00-20:00; tu 08:00-20:00; we 08:00-18:00; th 08:00-18:00; fr 08:00-18:00; sa 08:00-16:00; su closed,2026-10-10,
VET_CLINIC,Kindred Veterinary,"https://www.google.com/maps/place/Kindred+Veterinary/@41.8582667,-87.6537776,17z/data=!3m1!4b1!4m6!3m5!1s0x880e2d16a1cd838f:0x97c0aa0dff9d9b6f!8m2!3d41.8582667!4d-87.6537776!16s%2Fg%2F11qp5nydwg?authuser=0&hl=en&entry=ttu&g_ep=EgoyMDI2MTAwNy4wIKXMDSoASAFQAw%3D%3D",4.5,174,"1106 W 18th St #1, Chicago, IL 60608",+1 773-997-1106,https://www.kindredveterinary.com/,mo 08:00-18:00; tu 08:00-18:00; we 08:00-18:00; th 08:00-18:00; fr 08:00-18:00; sa 08:00-15:00; su closed,2026-10-10,
VET_CLINIC,Bond Vet - Wicker Park,"https://www.google.com/maps/place/Bond+Vet+-+Wicker+Park/@41.9114123,-87.6773018,17z/data=!3m1!4b1!4m6!3m5!1s0x880fd3cd401283f7:0x7e412feae0c3ae4!8m2!3d41.9114123!4d-87.6773018!16s%2Fg%2F11srrd3ln6?authuser=0&hl=en&entry=ttu&g_ep=EgoyMDI2MTAwNy4wIKXMDSoASAFQAw%3D%3D",4.5,164,"1629 N Damen Ave, Chicago, IL 60647",+1 773-645-0881,https://bondvet.com/c/wicker-park-animal-hospital?utm_source=google&utm_medium=organic&utm_campaign=gbp-listing&utm_content=wicker-park,mo 08:00-18:00; tu 08:00-18:00; we 08:00-18:00; th 08:00-18:00; fr 08:00-18:00; sa 08:00-18:00; su 08:00-18:00,2026-10-10,
VET_CLINIC,Cragin Animal Hospital,"https://www.google.com/maps/place/Cragin+Animal+Hospital/@41.936447,-87.74709,17z/data=!3m1!4b1!4m6!3m5!1s0x880fccf7f6f34121:0xcfd6874f35af05b0!8m2!3d41.936447!4d-87.74709!16s%2Fg%2F1tglhxp6?authuser=0&hl=en&entry=ttu&g_ep=EgoyMDI2MTAwNy4wIKXMDSoASAFQAw%3D%3D",4.6,161,"3042 N Cicero Ave, Chicago, IL 60641",+1 773-777-4400,,mo 09:00-16:30; tu 09:00-16:30; we closed; th 09:00-16:30; fr 09:00-16:30; sa 09:00-13:00; su closed,2026-10-10,
VET_CLINIC,Abbot Animal Hospital,"https://www.google.com/maps/place/Abbot+Animal+Hospital/@41.7920679,-87.7900922,17z/data=!3m1!4b1!4m6!3m5!1s0x880e36c466bfe53b:0x6189e030db61ff85!8m2!3d41.7920679!4d-87.7900922!16s%2Fg%2F1vcjmv90?authuser=0&hl=en&entry=ttu&g_ep=EgoyMDI2MTAwNy4wIKXMDSoASAFQAw%3D%3D",4.2,159,"6721 W Archer Ave, Chicago, IL 60638",+1 773-788-9000,http://abbotvet.com/,mo 07:00-17:00; tu 07:00-17:00; we 07:00-17:00; th 09:00-14:00; fr 07:00-17:00; sa 07:00-13:00; su closed,2026-10-10,
VET_CLINIC,Scout Veterinary Urgent Care - West Loop,"https://www.google.com/maps/place/Scout+Veterinary+Urgent+Care+-+West+Loop/@41.8834552,-87.6559093,17z/data=!3m1!4b1!4m6!3m5!1s0x880e2d9da1877f6d:0x4a50e15ec219f6e!8m2!3d41.8834552!4d-87.6559093!16s%2Fg%2F11y7h7ts4p?authuser=0&hl=en&entry=ttu&g_ep=EgoyMDI2MTAwNy4wIKXMDSoASAFQAw%3D%3D",4.9,155,"112 N May St Unit A, Chicago, IL 60607",+1 773-245-3665,https://www.scoutcare.com/locations/west-loop/?utm_source=GBP&utm_medium=organic,mo 11:00-21:00; tu 11:00-21:00; we 11:00-21:00; th 11:00-21:00; fr 11:00-21:00; sa 11:00-21:00; su 11:00-21:00,2026-10-10,
VET_CLINIC,McKillip Animal Hospital,"https://www.google.com/maps/place/McKillip+Animal+Hospital/@41.9345602,-87.6461919,17z/data=!3m1!4b1!4m6!3m5!1s0x880fd30831894abf:0x10d94ec8b3376eef!8m2!3d41.9345602!4d-87.6461919!16s%2Fg%2F1tfpkdts?authuser=0&hl=en&entry=ttu&g_ep=EgoyMDI2MTAwNy4wIKXMDSoASAFQAw%3D%3D",4.4,155,"2867 N Clark St, Chicago, IL 60657",+1 773-248-7266,http://www.mckillipvet.com/,"mo 09:30-12:00,14:00-18:30; tu 09:30-12:00,14:00-18:30; we 09:30-12:00,14:00-18:30; th 09:30-12:00; fr 09:30-12:00,14:00-18:30; sa 09:30-14:00; su closed",2026-10-10,
VET_CLINIC,Tree House Veterinary Wellness Center,"https://www.google.com/maps/place/Tree+House+Veterinary+Wellness+Center/@42.0131506,-87.6899584,17z/data=!3m1!4b1!4m6!3m5!1s0x880fd1d2099f0859:0x80e394be6889199!8m2!3d42.0131506!4d-87.6899584!16s%2Fg%2F11nsb8vs7h?authuser=0&hl=en&entry=ttu&g_ep=EgoyMDI2MTAwNy4wIKXMDSoASAFQAw%3D%3D",4.8,152,"7225 N Western Ave, Chicago, IL 60645",+1 872-302-4671,https://treehouseanimals.org/veterinary-wellness-center/,mo closed; tu 07:45-18:00; we 07:45-18:00; th 07:45-18:00; fr 07:45-18:00; sa closed; su closed,2026-10-10,
VET_CLINIC,GoodVets Roscoe Village,"https://www.google.com/maps/place/GoodVets+Roscoe+Village/@41.9396383,-87.6871986,17z/data=!3m1!4b1!4m6!3m5!1s0x880fd369c8307ba3:0x2df4614c1aad10d6!8m2!3d41.9396383!4d-87.6871986!16s%2Fg%2F11k3h67csd?authuser=0&hl=en&entry=ttu&g_ep=EgoyMDI2MTAwNy4wIKXMDSoASAFQAw%3D%3D",4.6,141,"2340 W Belmont Ave Ste 200, Chicago, IL 60618",+1 312-340-6688,https://goodvets.com/locations/chicago/roscoe-village,mo 08:00-20:00; tu 08:00-18:00; we 08:00-18:00; th 08:00-20:00; fr 08:00-18:00; sa 08:00-18:00; su 08:00-18:00,2026-10-10,
VET_CLINIC,Wagnolia Veterinary Clinic,https://www.google.com/maps/place/Wagnolia+Veterinary+Clinic/data=!4m7!3m6!1s0x880fd363c0ba5f65:0xa3f91c5de8e9ae9a!8m2!3d41.9654869!4d-87.6612469!16s%2Fg%2F11fjytph4y!19sChIJZV-6wGPTD4gRmq7p6F0c-aM?authuser=0&hl=en&g_ep=EgoyMDI2MTAwNy4wIJJjKgBIAVAD&rclk=1,4.1,140,"4600 N Magnolia Ave, Chicago, IL 60640",+1 773-654-1539,http://www.wagnoliavet.com/,mo 08:00-18:00; tu 08:00-18:00; we 08:00-18:00; th 08:00-18:00; fr 08:00-18:00; sa closed; su closed,2026-10-10,
VET_CLINIC,TLC First Animal Hospital,"https://www.google.com/maps/place/TLC+First+Animal+Hospital/@41.9988497,-87.7895947,17z/data=!3m1!4b1!4m6!3m5!1s0x880fc938ecbcfdfd:0x9d361cddc925db32!8m2!3d41.9988497!4d-87.7895947!16s%2Fg%2F1thvt90s?authuser=0&hl=en&entry=ttu&g_ep=EgoyMDI2MTAwNy4wIKXMDSoASAFQAw%3D%3D",4.7,138,"6468 N Milwaukee Ave, Chicago, IL 60631",+1 773-631-0706,http://tlcfirst.com/,mo 09:00-18:00; tu 09:00-16:00; we closed; th 09:00-18:00; fr 09:00-18:00; sa closed; su closed,2026-10-10,
VET_CLINIC,Banfield Pet Hospital,"https://www.google.com/maps/place/Banfield+Pet+Hospital/@41.7199829,-87.681747,17z/data=!3m1!4b1!4m6!3m5!1s0x880e258ec9a5008f:0x1430c837cbe8f70!8m2!3d41.7199829!4d-87.681747!16s%2Fg%2F11vrryqddl?authuser=0&hl=en&entry=ttu&g_ep=EgoyMDI2MTAwNy4wIKXMDSoASAFQAw%3D%3D",4.3,138,"9529 S Western Ave, Chicago, IL 60643",+1 708-424-0934,https://www.banfield.com/locations/veterinarians/il/chicago/evp?utm_source=yext&utm_medium=yext&utm_campaign=yext&cid=yext_local,mo 09:00-18:00; tu 09:00-18:00; we 09:00-18:00; th 09:00-18:00; fr 09:00-18:00; sa 09:00-18:00; su 10:00-17:00,2026-10-10,
VET_CLINIC,Vetco Total Care,"https://www.google.com/maps/place/Vetco+Total+Care/@41.9312117,-87.7285491,17z/data=!3m1!4b1!4m6!3m5!1s0x880fcdd970d93695:0xd95fa67c0a1003b2!8m2!3d41.9312117!4d-87.7285491!16s%2Fg%2F11spqpcbgq?authuser=0&hl=en&entry=ttu&g_ep=EgoyMDI2MTAwNy4wIKXMDSoASAFQAw%3D%3D",4.3,135,"4039 W Diversey Ave, Chicago, IL 60639",+1 773-687-7842,https://stores.petco.com/il/chicago/vet-hospital-chicago-il-1991.html?utm_source=google&utm_campaign=locallist_1991_vtc,mo 08:00-18:00; tu 08:00-18:00; we 08:00-18:00; th 08:00-18:00; fr 08:00-18:00; sa closed; su closed,2026-10-10,
GROOMING,Groom for Gentlemen,"https://www.google.com/maps/place/Groom+for+Gentlemen/@41.8894439,-87.6321526,17z/data=!3m1!4b1!4m6!3m5!1s0x880e2cb29e4c64e1:0x4cc18d7493ab3137!8m2!3d41.8894439!4d-87.6321526!16s%2Fg%2F11fz2wtrpb?authuser=0&hl=en&entry=ttu&g_ep=EgoyMDI2MTAwNy4wIKXMDSoASAFQAw%3D%3D",4.9,1132,"124 W Kinzie St, Chicago, IL 60654",+1 312-625-1124,http://groomchicago.com/,mo 09:00-20:00; tu 09:00-20:00; we 09:00-20:00; th 09:00-20:00; fr 09:00-18:00; sa 09:00-17:00; su closed,2026-10-10,
GROOMING,Dashing Dog - Lakeview,"https://www.google.com/maps/place/Dashing+Dog+-+Lakeview/@41.935003,-87.6463899,17z/data=!3m1!4b1!4m6!3m5!1s0x880fd37c2184c505:0xc59a11e63110fb81!8m2!3d41.935003!4d-87.6463899!16s%2Fg%2F11sj95639q?authuser=0&hl=en&entry=ttu&g_ep=EgoyMDI2MTAwNy4wIKXMDSoASAFQAw%3D%3D",4.9,692,"2903 N Clark St, Chicago, IL 60657",+1 773-766-6273,https://dashingdoggrooming.com/,mo 08:00-17:00; tu 08:00-17:00; we 08:00-17:00; th 08:00-17:00; fr 08:00-17:00; sa 08:00-15:30; su 09:00-15:30,2026-10-10,
GROOMING,Trophy Paws Pet Grooming,"https://www.google.com/maps/place/Trophy+Paws+Pet+Grooming/@41.953958,-87.6688466,17z/data=!3m1!4b1!4m6!3m5!1s0x880fd3dbd684cef5:0x99c459b27a9f3563!8m2!3d41.953958!4d-87.6688466!16s%2Fg%2F11q83jxqnp?authuser=0&hl=en&entry=ttu&g_ep=EgoyMDI2MTAwNy4wIKXMDSoASAFQAw%3D%3D",4.9,488,"3951 N Ashland Ave #1F, Chicago, IL 60613",+1 773-697-8041,https://trophypaws.com/,mo closed; tu 08:30-17:30; we 08:30-17:30; th 08:30-17:30; fr 08:30-17:30; sa 09:00-16:00; su closed,2026-10-10,
GROOMING,Urban Pooch Canine Life Center,"https://www.google.com/maps/place/Urban+Pooch+Canine+Life+Center/@41.9635438,-87.6735889,17z/data=!3m1!4b1!4m6!3m5!1s0x880fd23c8f71125f:0x77f379bdb429ae76!8m2!3d41.9635438!4d-87.6735889!16s%2Fg%2F1tdn4py3?authuser=0&hl=en&entry=ttu&g_ep=EgoyMDI2MTAwNy4wIKXMDSoASAFQAw%3D%3D",4.7,407,"4501 N Ravenswood Ave, Chicago, IL 60640",+1 773-942-6445,https://urbanpooch.com/,mo 07:00-18:00; tu 07:00-18:00; we 07:00-18:00; th 07:00-18:00; fr 07:00-18:00; sa 08:00-18:00; su 09:00-17:00,2026-10-10,
GROOMING,Doggone Rite,"https://www.google.com/maps/place/Doggone+Rite/@41.7438017,-87.7106134,17z/data=!3m1!4b1!4m6!3m5!1s0x880e300ec49d5b9d:0x979a3d3a87ee7276!8m2!3d41.7438017!4d-87.7106134!16s%2Fg%2F11c0vnvyv5?authuser=0&hl=en&entry=ttu&g_ep=EgoyMDI2MTAwNy4wIKXMDSoASAFQAw%3D%3D",4.1,367,"3537 W Columbus Ave, Chicago, IL 60652",+1 773-582-0905,http://www.doggonerite.com/,mo 10:00-20:00; tu closed; we 10:00-19:00; th 10:00-19:00; fr 10:00-19:00; sa 10:00-19:00; su closed,2026-10-10,
GROOMING,Bespoke Men's Grooming,"https://www.google.com/maps/place/Bespoke+Men's+Grooming/@41.8751741,-87.6290318,17z/data=!3m1!4b1!4m6!3m5!1s0x880fd30629e9d14d:0x31dd26a1eb4d7810!8m2!3d41.8751741!4d-87.6290318!16s%2Fg%2F1ptx8rmzx?authuser=0&hl=en&entry=ttu&g_ep=EgoyMDI2MTAwNy4wIKXMDSoASAFQAw%3D%3D",4.8,344,"529 S Dearborn St, Chicago, IL 60605",+1 312-646-0233,http://www.bespokemensgrooming.com/,mo 10:00-18:30; tu 10:00-18:30; we 10:00-18:30; th 10:00-18:30; fr 10:00-18:00; sa 10:00-15:00; su closed,2026-10-10,
GROOMING,Dashing Dog - West Loop,"https://www.google.com/maps/place/Dashing+Dog+-+West+Loop/@41.8858369,-87.6433929,17z/data=!3m1!4b1!4m6!3m5!1s0x880e2d004cedef93:0xb6bef4924e1dfff4!8m2!3d41.8858369!4d-87.6433929!16s%2Fg%2F11wqyjxpyq?authuser=0&hl=en&entry=ttu&g_ep=EgoyMDI2MTAwNy4wIKXMDSoASAFQAw%3D%3D",4.9,320,"612 W Lake St, Chicago, IL 60661",+1 312-366-2244,https://dashingdoggrooming.com/,mo 08:00-17:00; tu 08:00-17:00; we 08:00-17:00; th 08:00-17:00; fr 08:00-17:00; sa 08:00-15:30; su 09:00-15:30,2026-10-10,
GROOMING,Grooming By Galdy,"https://www.google.com/maps/place/Grooming+By+Galdy/@42.0095225,-87.661997,17z/data=!3m1!4b1!4m6!3m5!1s0x880fd1a95c99591b:0xe426241648200dad!8m2!3d42.0095225!4d-87.661997!16s%2Fg%2F1td4kqkw?authuser=0&hl=en&entry=ttu&g_ep=EgoyMDI2MTAwNy4wIKXMDSoASAFQAw%3D%3D",4.7,319,"7007 N Sheridan Rd, Chicago, IL 60626",+1 773-764-2275,http://groomingbygaldy.net/,mo 07:00-18:00; tu 07:00-18:00; we 07:00-18:00; th 07:00-18:00; fr 07:00-18:00; sa 07:00-14:00; su closed,2026-10-10,
GROOMING,iBark Grooming Salon,"https://www.google.com/maps/place/iBark+Grooming+Salon/@41.9385554,-87.7533461,17z/data=!3m1!4b1!4m6!3m5!1s0x880fcc62b21048e1:0x2ec8da88d30579a9!8m2!3d41.9385554!4d-87.7533461!16s%2Fg%2F11fxcj95z6?authuser=0&hl=en&entry=ttu&g_ep=EgoyMDI2MTAwNy4wIKXMDSoASAFQAw%3D%3D",4.7,286,"5041 W Belmont Ave, Chicago, IL 60641",+1 773-628-7100,,mo 09:00-14:00; tu 09:00-14:00; we 09:00-14:00; th 09:00-14:00; fr 09:00-14:00; sa 08:00-14:00; su closed,2026-10-10,
GROOMING,All 4 Dirty Paws,"https://www.google.com/maps/place/All+4+Dirty+Paws/@41.9580907,-87.747648,17z/data=!3m1!4b1!4m6!3m5!1s0x880fcc38112dafaf:0x43e1f94ec51587cc!8m2!3d41.9580907!4d-87.747648!16s%2Fg%2F1tht210v?authuser=0&hl=en&entry=ttu&g_ep=EgoyMDI2MTAwNy4wIKXMDSoASAFQAw%3D%3D",4.8,282,"4232 N Cicero Ave, Chicago, IL 60641",+1 773-853-0783,http://www.all4dirtypaws.com/,mo 09:00-16:00; tu 09:00-18:00; we 09:00-18:00; th 09:00-18:00; fr 09:00-18:00; sa 09:00-18:00; su 09:00-16:00,2026-10-10,
GROOMING,Puppy Haberdashery,https://www.google.com/maps/place/Puppy+Haberdashery/data=!4m7!3m6!1s0x880e319b3e14f6cb:0x343886097764499b!8m2!3d41.7497566!4d-87.717608!16s%2Fg%2F11hdw2r2gk!19sChIJy_YUPpsxDogRm0lkdwmGODQ?authuser=0&hl=en&g_ep=EgoyMDI2MTAwNy4wIJJjKgBIAVAD&rclk=1,4.7,264,"3784 W 79th St, Chicago, IL 60652",+1 773-424-8871,http://www.puppyhaberdashery.com/,,2026-10-10,hours: none (not published on Maps)
GROOMING,Howlistic Grooming,"https://www.google.com/maps/place/Howlistic+Grooming/@41.8655736,-87.6471127,17z/data=!3m1!4b1!4m6!3m5!1s0x880e2cf01f5611f5:0x6cadd64fc94f5add!8m2!3d41.8655736!4d-87.6471127!16s%2Fg%2F1tdzm45f?authuser=0&hl=en&entry=ttu&g_ep=EgoyMDI2MTAwNy4wIKXMDSoASAFQAw%3D%3D",4.5,246,"1258 S Halsted St, Chicago, IL 60607",+1 312-733-3340,http://howlisticgrooming.com/,mo 08:30-15:30; tu 08:30-15:30; we 08:30-15:30; th 08:30-15:30; fr 08:30-15:30; sa 08:30-15:30; su 08:30-15:30,2026-10-10,
GROOMING,Salon Dog,"https://www.google.com/maps/place/Salon+Dog/@41.9250101,-87.6918417,17z/data=!3m1!4b1!4m6!3m5!1s0x880fd29b6570cf8b:0xa9744c6b78e39905!8m2!3d41.9250101!4d-87.6918417!16s%2Fg%2F1hhhh8wdf?authuser=0&hl=en&entry=ttu&g_ep=EgoyMDI2MTAwNy4wIKXMDSoASAFQAw%3D%3D",4.8,243,"2542 W Fullerton Ave, Chicago, IL 60647",+1 773-799-8889,http://salondog.net/,mo closed; tu closed; we 09:00-18:30; th 09:00-18:00; fr 09:00-18:00; sa 10:00-18:00; su 10:00-18:00,2026-10-10,
GROOMING,Temple of The Dog Chicago,"https://www.google.com/maps/place/Temple+of+The+Dog+Chicago/@41.9173917,-87.6896874,17z/data=!3m1!4b1!4m6!3m5!1s0x880fcd625ec159cb:0x7d156f22da7762c7!8m2!3d41.9173917!4d-87.6896874!16s%2Fg%2F1hhw0j7l5?authuser=0&hl=en&entry=ttu&g_ep=EgoyMDI2MTAwNy4wIKXMDSoASAFQAw%3D%3D",4.6,242,"1953 N Campbell Ave, Chicago, IL 60647",+1 773-698-6508,http://www.templeofthedogchicago.com/,mo closed; tu closed; we 09:00-17:00; th 09:00-17:00; fr 09:00-17:00; sa 09:00-17:00; su closed,2026-10-10,
GROOMING,Enamoradogs Pet Grooming,"https://www.google.com/maps/place/Enamoradogs+Pet+Grooming/@41.8384605,-87.7246078,17z/data=!3m1!4b1!4m6!3m5!1s0x880e324782679757:0x83ce5959b22506f9!8m2!3d41.8384605!4d-87.7246078!16s%2Fg%2F11b7r_q84w?authuser=0&hl=en&entry=ttu&g_ep=EgoyMDI2MTAwNy4wIKXMDSoASAFQAw%3D%3D",4.4,231,"3004 S Pulaski Rd, Chicago, IL 60623",+1 872-444-5370,,mo closed; tu 09:00-16:00; we 09:00-16:00; th 09:00-16:00; fr 09:00-16:00; sa 09:00-17:00; su closed,2026-10-10,
GROOMING,Dog-E Stylez Grooming Salon #1,"https://www.google.com/maps/place/Dog-E+Stylez+Grooming+Salon+%231/@41.8087333,-87.6739383,17z/data=!3m1!4b1!4m6!3m5!1s0x880e2e7237763397:0x749016a2f4445ddd!8m2!3d41.8087333!4d-87.6739383!16s%2Fg%2F11f1wz000r?authuser=0&hl=en&entry=ttu&g_ep=EgoyMDI2MTAwNy4wIKXMDSoASAFQAw%3D%3D",4.1,228,"1942 W 47th St, Chicago, IL 60609",+1 773-565-4979,http://facebook.com/Dog-E-Stylez-Grooming-Salon-LLC-513305709008609/,mo 09:00-17:00; tu 09:00-17:00; we 09:00-17:00; th 09:00-17:00; fr 09:00-17:00; sa 09:00-17:00; su closed,2026-10-10,
GROOMING,Woof Cutz Grooming,"https://www.google.com/maps/place/Woof+Cutz+Grooming/@41.6626524,-87.6411464,17z/data=!3m1!4b1!4m6!3m5!1s0x880e2590eeb92f69:0x261c07ad7e0afa9f!8m2!3d41.6626524!4d-87.6411464!16s%2Fg%2F11fns1wf9d?authuser=0&hl=en&entry=ttu&g_ep=EgoyMDI2MTAwNy4wIKXMDSoASAFQAw%3D%3D",4.5,226,"12721 S Halsted St, Chicago, IL 60628",+1 773-253-9350,https://www.woofcutzgrooming.com/,mo 11:00-18:00; tu 09:00-18:00; we 12:00-18:00; th 09:00-18:00; fr 09:00-18:00; sa 08:00-18:00; su 11:00-19:00,2026-10-10,
GROOMING,One Lucky Puppy Grooming Salon,"https://www.google.com/maps/place/One+Lucky+Puppy+Grooming+Salon/@41.9093451,-87.7827558,17z/data=!3m1!4b1!4m6!3m5!1s0x880fcb5a6bd27dc9:0x11362b375f1bf69d!8m2!3d41.9093451!4d-87.7827558!16s%2Fg%2F11c2p_lpbj?authuser=0&hl=en&entry=ttu&g_ep=EgoyMDI2MTAwNy4wIKXMDSoASAFQAw%3D%3D",4.2,218,"6268 W North Ave, Chicago, IL 60639",+1 773-413-7956,https://oneluckypuppy.top/,mo 08:00-15:00; tu 08:00-15:00; we 08:00-15:00; th 08:00-15:00; fr 08:00-15:00; sa 08:00-16:00; su closed,2026-10-10,
GROOMING,Top Flight Paw Salon,"https://www.google.com/maps/place/Top+Flight+Paw+Salon/@41.7776162,-87.777428,17z/data=!3m1!4b1!4m6!3m5!1s0x880e3749c90d895b:0x8f432d952592a7b4!8m2!3d41.7776162!4d-87.777428!16s%2Fg%2F11hkmrh6w8?authuser=0&hl=en&entry=ttu&g_ep=EgoyMDI2MTAwNy4wIKXMDSoASAFQAw%3D%3D",4.5,188,"6223 W 63rd St, Chicago, IL 60638",+1 773-498-6586,https://calendly.com/topflightps,mo 08:00-17:00; tu 08:00-17:00; we 08:00-17:00; th 08:00-17:00; fr 08:00-17:00; sa 08:00-17:00; su closed,2026-10-10,
GROOMING,Uptown Pet Salon,https://www.google.com/maps/place/Uptown+Pet+Salon/data=!4m7!3m6!1s0x880fd224410a0669:0x602712bf8a2cc28f!8m2!3d41.9690694!4d-87.6714669!16s%2Fg%2F11cnblfyw2!19sChIJaQYKQSTSD4gRj8Isir8SJ2A?authuser=0&hl=en&g_ep=EgoyMDI2MTAwNy4wIJJjKgBIAVAD&rclk=1,4.5,184,"1712 W Lawrence Ave, Chicago, IL 60640",+1 773-878-8400,https://www.petgroomerfinder.com/salon/uptown-pet-salon-chicago,mo 09:00-17:00; tu 09:00-17:00; we 09:00-17:00; th 09:00-17:00; fr 09:00-17:00; sa 09:00-17:00; su closed,2026-10-10,
GROOMING,Puppy Haberdashery Hyde Park,"https://www.google.com/maps/place/Puppy+Haberdashery+Hyde+Park/@41.8021701,-87.586734,17z/data=!3m1!4b1!4m6!3m5!1s0x880e29cc46a3f747:0xc4219a78c43230fc!8m2!3d41.8021701!4d-87.586734!16s%2Fg%2F11t88gk562?authuser=0&hl=en&entry=ttu&g_ep=EgoyMDI2MTAwNy4wIKXMDSoASAFQAw%3D%3D",4.8,170,"5100 S Cornell Ave, Chicago, IL 60615",+1 773-424-8871,http://www.puppyhaberdashery.com/,mo 08:00-14:00; tu 08:00-16:00; we 08:00-14:00; th 08:00-14:00; fr 08:00-14:00; sa 08:00-14:00; su 09:00-14:00,2026-10-10,
GROOMING,Buds. N' Suds Dog Grooming,"https://www.google.com/maps/place/Buds.+N'+Suds+Dog+Grooming/@41.9611037,-87.7258658,17z/data=!3m1!4b1!4m6!3m5!1s0x880fcd6692adaa79:0xff4dec3a9302aa46!8m2!3d41.9611037!4d-87.7258658!16s%2Fg%2F11gjsljgwz?authuser=0&hl=en&entry=ttu&g_ep=EgoyMDI2MTAwNy4wIKXMDSoASAFQAw%3D%3D",4.7,169,"3908 W Montrose Ave, Chicago, IL 60618",+1 312-758-1226,https://www.budsnsudschicago.com/,mo 09:00-17:00; tu 09:00-17:00; we closed; th 09:00-17:00; fr 09:00-17:00; sa closed; su closed,2026-10-10,
GROOMING,the dog room,"https://www.google.com/maps/place/the+dog+room/@41.9453126,-87.8109551,17z/data=!3m1!4b1!4m6!3m5!1s0x880fcbac2639968b:0x7fd6e9923172416f!8m2!3d41.9453126!4d-87.8109551!16s%2Fg%2F1thx00wr?authuser=0&hl=en&entry=ttu&g_ep=EgoyMDI2MTAwNy4wIKXMDSoASAFQAw%3D%3D",4.6,165,"7340 W Addison St, Chicago, IL 60634",+1 773-589-9946,,mo 07:00-17:00; tu 07:00-17:00; we 07:00-17:00; th 07:00-17:00; fr 07:00-17:00; sa 08:00-18:00; su 08:00-18:00,2026-10-10,
GROOMING,Roger's Bark Pet Salon Inc,https://www.google.com/maps/place/Roger%27s+Bark+Pet+Salon+Inc/data=!4m7!3m6!1s0x880fd052a105ce83:0x85b4edde7292a48d!8m2!3d42.0157415!4d-87.6679966!16s%2Fg%2F1tmxg4g8!19sChIJg84FoVLQD4gRjaSSct7ttIU?authuser=0&hl=en&g_ep=EgoyMDI2MTAwNy4wIJJjKgBIAVAD&rclk=1,4.5,158,"1447 W Jarvis Ave, Chicago, IL 60626",+1 773-274-2275,http://www.rogersbark.net/,,2026-10-10,hours: none (not published on Maps)
GROOMING,Pet Palace Grooming Salon,"https://www.google.com/maps/place/Pet+Palace+Grooming+Salon/@41.8458105,-87.6833634,17z/data=!3m1!4b1!4m6!3m5!1s0x880e2d9a91c0d62f:0xecebe4eb50b1b275!8m2!3d41.8458105!4d-87.6833634!16s%2Fg%2F11csb2hd00?authuser=0&hl=en&entry=ttu&g_ep=EgoyMDI2MTAwNy4wIKXMDSoASAFQAw%3D%3D",4.3,154,"2520 S Oakley Ave, Chicago, IL 60608",+1 773-226-7505,,mo 09:00-17:00; tu 09:00-17:00; we 09:00-17:00; th 09:00-17:00; fr 09:00-17:00; sa 09:00-17:00; su closed,2026-10-10,
GROOMING,Bowie Barker Lincoln Park,"https://www.google.com/maps/place/Bowie+Barker+Lincoln+Park/@41.9178747,-87.6563,17z/data=!3m1!4b1!4m6!3m5!1s0x880fd38b38501c07:0x4f480f1a53eb4b52!8m2!3d41.9178747!4d-87.6563!16s%2Fg%2F11lmcssy4j?authuser=0&hl=en&entry=ttu&g_ep=EgoyMDI2MTAwNy4wIKXMDSoASAFQAw%3D%3D",4.8,148,"1123 W Armitage Ave, Chicago, IL 60614",+1 312-931-8260,https://www.bowiebarker.com/lincoln-park,mo 08:00-17:00; tu 08:00-17:00; we 08:00-17:00; th 08:00-17:00; fr 08:00-17:00; sa 08:00-17:00; su 08:00-17:00,2026-10-10,
GROOMING,What a Wonderful Woof - Salon and Mobile Dog Grooming,"https://www.google.com/maps/place/What+a+Wonderful+Woof+-+Salon+and+Mobile+Dog+Grooming/@41.9380704,-87.8142751,17z/data=!3m1!4b1!4m6!3m5!1s0x880fcb007258601d:0x59c0a1cf506db286!8m2!3d41.9380704!4d-87.8142751!16s%2Fg%2F1td6h22n?authuser=0&hl=en&entry=ttu&g_ep=EgoyMDI2MTAwNy4wIKXMDSoASAFQAw%3D%3D",4.7,146,"7500 W Belmont Ave Ste A, Chicago, IL 60634",+1 773-453-4414,https://www.whatawonderfulwoofchicago.com/,mo 08:00-17:00; tu 08:00-17:00; we 08:00-17:00; th 08:00-17:00; fr 08:00-17:00; sa 08:00-17:00; su closed,2026-10-10,
GROOMING,Guau dog grooming,"https://www.google.com/maps/place/Guau+dog+grooming/@41.7784749,-87.7242666,17z/data=!3m1!4b1!4m6!3m5!1s0x880e31765e4e7221:0xad39608a37810bba!8m2!3d41.7784749!4d-87.7242666!16s%2Fg%2F11jbpwz6nf?authuser=0&hl=en&entry=ttu&g_ep=EgoyMDI2MTAwNy4wIKXMDSoASAFQAw%3D%3D",4.5,142,"4037 W 63rd St, Chicago, IL 60629",+1 773-912-6400,https://rymap.org/business/guau-dog-grooming-yj6yck,mo 09:00-15:00; tu 09:00-16:00; we 09:00-16:00; th 09:00-16:00; fr 09:00-16:00; sa 09:00-16:00; su closed,2026-10-10,
GROOMING,Essntl Dog Groomers,"https://www.google.com/maps/place/Essntl+Dog+Groomers/@41.7497957,-87.6887229,17z/data=!3m1!4b1!4m6!3m5!1s0x880e2f49a6039bd3:0xbbd9f6d0e2b6a966!8m2!3d41.7497957!4d-87.6887229!16s%2Fg%2F11y92t0lll?authuser=0&hl=en&entry=ttu&g_ep=EgoyMDI2MTAwNy4wIKXMDSoASAFQAw%3D%3D",4.8,139,"2621 1/2 W 79th St, Chicago, IL 60652",+1 312-687-3309,https://rymaps.org/business/essntl-dog-groomers-ef8rxq,mo closed; tu 07:00-15:00; we 07:00-15:00; th 07:00-15:00; fr 07:00-15:00; sa 07:00-16:00; su 07:00-16:00,2026-10-10,
GROOMING,Paradise Pet Salon & Spa Too! Inc,"https://www.google.com/maps/place/Paradise+Pet+Salon+%26+Spa+Too!+Inc/@41.9528779,-87.650191,17z/data=!3m1!4b1!4m6!3m5!1s0x880fd3b7a89a0617:0x3305e447755a0f12!8m2!3d41.9528779!4d-87.650191!16s%2Fg%2F1thsrz_m?authuser=0&hl=en&entry=ttu&g_ep=EgoyMDI2MTAwNy4wIKXMDSoASAFQAw%3D%3D",4.5,139,"810 W Sheridan Rd, Chicago, IL 60613",+1 773-929-9691,http://www.paradisepetsalonspa.com/,mo closed; tu 08:00-18:00; we 08:00-17:00; th 08:00-18:00; fr 08:00-18:00; sa 08:00-17:00; su closed,2026-10-10,
GROOMING,Kay’s Pooches & Smooches,"https://www.google.com/maps/place/Kay%E2%80%99s+Pooches+%26+Smooches/@41.9533691,-87.728511,17z/data=!3m1!4b1!4m6!3m5!1s0x880fcd0003548031:0x23a67ce4dd92c364!8m2!3d41.9533691!4d-87.728511!16s%2Fg%2F11lchg6s7q?authuser=0&hl=en&entry=ttu&g_ep=EgoyMDI2MTAwNy4wIKXMDSoASAFQAw%3D%3D",5.0,138,"4021 W Irving Park Rd, Chicago, IL 60641",+1 312-826-8794,https://booking.moego.pet/ol/KaysPoochesSmooches/landing,mo closed; tu 09:00-18:00; we 09:00-18:00; th 09:00-18:00; fr 09:00-18:00; sa 08:00-17:00; su closed,2026-10-10,
GROOMING,So fetch!,"https://www.google.com/maps/place/So+fetch!/@41.8101401,-87.6653448,17z/data=!3m1!4b1!4m6!3m5!1s0x880e2fe31711a6b7:0x26dac2408458c70a!8m2!3d41.8101401!4d-87.6653448!16s%2Fg%2F11grvl6yyb?authuser=0&hl=en&entry=ttu&g_ep=EgoyMDI2MTAwNy4wIKXMDSoASAFQAw%3D%3D",4.8,136,"4606 S Ashland Ave, Chicago, IL 60609",+1 773-347-3187,https://fb.me/sofetchchicago,mo 09:00-18:00; tu closed; we 09:00-18:00; th 09:00-18:00; fr 09:00-18:00; sa closed; su 10:00-18:00,2026-10-10,
GROOMING,Animal Lovers Pet Salon,"https://www.google.com/maps/place/Animal+Lovers+Pet+Salon/@41.9223768,-87.6657368,17z/data=!3m1!4b1!4m6!3m5!1s0x880fd2e5a09803c5:0x55eadbcda2b137c9!8m2!3d41.9223768!4d-87.6657368!16s%2Fg%2F1tr9p05h?authuser=0&hl=en&entry=ttu&g_ep=EgoyMDI2MTAwNy4wIKXMDSoASAFQAw%3D%3D",4.9,133,"2232 N Clybourn Ave, Chicago, IL 60614",+1 773-296-9343,,mo closed; tu 08:30-18:00; we 08:30-18:00; th 08:30-18:00; fr 08:30-18:00; sa 08:30-18:00; su closed,2026-10-10,
GROOMING,Grooming Lounge Chicago,"https://www.google.com/maps/place/Grooming+Lounge+Chicago/@41.904507,-87.668704,17z/data=!3m1!4b1!4m6!3m5!1s0x880fd3db94771945:0x3b59aae3e5bfe4!8m2!3d41.904507!4d-87.668704!16s%2Fg%2F11f613m6gq?authuser=0&hl=en&entry=ttu&g_ep=EgoyMDI2MTAwNy4wIKXMDSoASAFQAw%3D%3D",4.5,129,"1258 N Milwaukee Ave, Chicago, IL 60622",+1 773-342-1258,http://www.groomingloungechicago.com/,mo 12:00-20:00; tu 12:00-20:00; we 12:00-20:00; th 12:00-20:00; fr 10:00-18:00; sa 09:00-17:00; su closed,2026-10-10,
GROOMING,Aleman’s Grooming Salon,"https://www.google.com/maps/place/Aleman%E2%80%99s+Grooming+Salon/@41.8438529,-87.7283325,17z/data=!3m1!4b1!4m6!3m5!1s0x880e337d240cd36b:0xe51246f34958543b!8m2!3d41.8438529!4d-87.7283325!16s%2Fg%2F11fk3_w4pn?authuser=0&hl=en&entry=ttu&g_ep=EgoyMDI2MTAwNy4wIKXMDSoASAFQAw%3D%3D",4.5,126,"2610 S Kedvale Ave, Chicago, IL 60623",+1 773-790-0971,https://rymaps.org/business/alemans-grooming-salon-2x7cal,mo closed; tu closed; we 10:00-17:00; th 10:00-17:00; fr 10:00-17:00; sa 08:00-17:00; su 10:00-17:00,2026-10-10,
GROOMING,Petco Grooming,"https://www.google.com/maps/place/Petco+Grooming/@41.9310484,-87.7287252,17z/data=!3m1!4b1!4m6!3m5!1s0x880fcd6e6632b01f:0xf4f9abc2a60947a6!8m2!3d41.9310484!4d-87.7287252!16s%2Fg%2F11h3lfxh0m?authuser=0&hl=en&entry=ttu&g_ep=EgoyMDI2MTAwNy4wIKXMDSoASAFQAw%3D%3D",4.6,121,"4039 W Diversey Ave, Chicago, IL 60639",+1 773-687-0488,https://stores.petco.com/il/chicago/full-service-grooming-chicago-il-1991.html?utm_source=google&utm_campaign=locallist_1991_pg,mo 08:00-19:00; tu 08:00-19:00; we 08:00-19:00; th closed; fr 08:00-19:00; sa 08:00-19:00; su 09:00-19:00,2026-10-10,
GROOMING,Groomies,"https://www.google.com/maps/place/Groomies/@41.9046942,-87.6325534,17z/data=!3m1!4b1!4m6!3m5!1s0x880fd35025222e41:0x60031ca7459e990c!8m2!3d41.9046942!4d-87.6325534!16s%2Fg%2F1tdkbp39?authuser=0&hl=en&entry=ttu&g_ep=EgoyMDI2MTAwNy4wIKXMDSoASAFQAw%3D%3D",4.8,120,"1225 N La Salle Dr, Chicago, IL 60610",+1 312-654-9555,http://www.groomieschicago.com/,mo 08:00-17:00; tu 08:00-17:00; we 08:00-17:00; th 08:00-17:00; fr 08:00-17:00; sa closed; su closed,2026-10-10,
GROOMING,Urban Canine Doggy Day Spa,"https://www.google.com/maps/place/Urban+Canine+Doggy+Day+Spa/@41.9105033,-87.6862497,17z/data=!3m1!4b1!4m6!3m5!1s0x880fd2bb6973dc8b:0x9069d7abdb5974e0!8m2!3d41.9105033!4d-87.6862497!16s%2Fg%2F1tcw8sj2?authuser=0&hl=en&entry=ttu&g_ep=EgoyMDI2MTAwNy4wIKXMDSoASAFQAw%3D%3D",4.8,119,"2336 W North Ave, Chicago, IL 60647",+1 773-278-6888,https://urbancanine.com/,mo closed; tu 08:00-16:00; we 08:00-16:00; th 08:00-16:00; fr 08:00-16:00; sa 08:00-16:00; su closed,2026-10-10,
GROOMING,The Grooming Gallery,"https://www.google.com/maps/place/The+Grooming+Gallery/@41.8981995,-87.6768331,17z/data=!3m1!4b1!4m6!3m5!1s0x880fd2ca8e3e008f:0x3a900ebc4896f8f0!8m2!3d41.8981995!4d-87.6768331!16s%2Fg%2F1v27w2nv?authuser=0&hl=en&entry=ttu&g_ep=EgoyMDI2MTAwNy4wIKXMDSoASAFQAw%3D%3D",4.6,115,"911 N Damen Ave, Chicago, IL 60622",+1 773-252-7400,http://www.thegroominggallery.com/,mo closed; tu 09:00-17:00; we 09:00-17:00; th 09:00-17:00; fr 09:00-17:00; sa 09:00-17:00; su 10:00-17:00,2026-10-10,
GROOMING,Sandy's Pet Spa,"https://www.google.com/maps/place/Sandy's+Pet+Spa/@41.8806049,-87.6525489,17z/data=!3m1!4b1!4m6!3m5!1s0x880e2da92366f4a1:0xdf4d97fe8f25c4da!8m2!3d41.8806049!4d-87.6525489!16s%2Fg%2F11h3l5nbzh?authuser=0&hl=en&entry=ttu&g_ep=EgoyMDI2MTAwNy4wIKXMDSoASAFQAw%3D%3D",4.3,115,"1010 W Monroe St, Chicago, IL 60607",+1 872-320-8457,https://www.sandyspetspa.com/,mo 09:00-17:00; tu 09:00-17:00; we 10:00-18:00; th 09:00-17:00; fr 09:00-17:00; sa 09:00-17:00; su 09:00-15:00,2026-10-10,
PET_SHOP,PetSmart,https://www.google.com/maps/place/PetSmart/data=!4m7!3m6!1s0x880fd28ec2fa8211:0x8e5904b3e74b4cba!8m2!3d41.9306266!4d-87.6844338!16s%2Fg%2F1v2gfb_x!19sChIJEYL6wo7SD4gRukxL57MEWY4?authuser=0&hl=en&g_ep=EgoyMDI2MTAwNy4wIJJjKgBIAVAD&rclk=1,4.3,1804,"2665 N Elston Ave, Chicago, IL 60647",+1 773-342-1300,https://www.petsmart.com/stores/us/il/chicago-store0428.html?utm_source=google&utm_medium=organic&utm_campaign=google-my-business,,2026-10-10,hours: none (not published on Maps)
PET_SHOP,PetSmart,https://www.google.com/maps/place/PetSmart/data=!4m7!3m6!1s0x880e322764d15d3d:0x89df80084e9d0c8c!8m2!3d41.8169693!4d-87.7255155!16s%2Fg%2F11bx5tqkbn!19sChIJPV3RZCcyDogRjAydTgiA34k?authuser=0&hl=en&g_ep=EgoyMDI2MTAwNy4wIJJjKgBIAVAD&rclk=1,4.3,1576,"4146 S Pulaski Rd, Chicago, IL 60632",+1 773-299-9611,https://www.petsmart.com/stores/us/il/chicago-store2458.html?utm_source=google&utm_medium=organic&utm_campaign=google-my-business,,2026-10-10,hours: none (not published on Maps)
PET_SHOP,Pet Supplies Plus N. Elston,"https://www.google.com/maps/place/Pet+Supplies+Plus+N.+Elston/@41.9471764,-87.7100835,17z/data=!3m1!4b1!4m6!3m5!1s0x880fcd908b942de7:0xbcc1db754e04112d!8m2!3d41.9471764!4d-87.7100835!16s%2Fg%2F1tdx992b?authuser=0&hl=en&entry=ttu&g_ep=EgoyMDI2MTAwNy4wIKXMDSoASAFQAw%3D%3D",4.6,1442,"3640 N Elston Ave, Chicago, IL 60618",+1 773-583-2288,https://www.petsuppliesplus.com/Store/IL/Chicago/N.-Elston/66,mo 09:00-21:00; tu 09:00-21:00; we 09:00-21:00; th 09:00-21:00; fr 09:00-21:00; sa 09:00-21:00; su 10:00-18:00,2026-10-10,
PET_SHOP,PetSmart - South Gate Market,https://www.google.com/maps/place/PetSmart+-+South+Gate+Market/data=!4m7!3m6!1s0x880e2d95998032e5:0xeba8f1d77ea502ca!8m2!3d41.868329!4d-87.6385186!16s%2Fg%2F1wl4r5lt!19sChIJ5TKAmZUtDogRygKlftfxqOs?authuser=0&hl=en&g_ep=EgoyMDI2MTAwNy4wIJJjKgBIAVAD&rclk=1,4.2,1441,"1101 S Canal St, Chicago, IL 60607",+1 312-588-0138,https://www.petsmart.com/stores/us/il/chicago-store1658.html?utm_source=google&utm_medium=organic&utm_campaign=google-my-business,,2026-10-10,hours: none (not published on Maps)
PET_SHOP,Petco,https://www.google.com/maps/place/Petco/data=!4m7!3m6!1s0x880fcd05dda4c543:0x4d202fb4954580e3!8m2!3d41.9312046!4d-87.7287418!16s%2Fg%2F11gbwyb38k!19sChIJQ8Wk3QXND4gR44BFlbQvIE0?authuser=0&hl=en&g_ep=EgoyMDI2MTAwNy4wIJJjKgBIAVAD&rclk=1,4.3,1284,"4039 W Diversey Ave, Chicago, IL 60639",+1 773-687-0488,https://stores.petco.com/il/chicago/pet-supplies-chicago-il-1991.html?utm_source=google&utm_campaign=locallist_1991_pcc,,2026-10-10,hours: none (not published on Maps)
PET_SHOP,Petco,https://www.google.com/maps/place/Petco/data=!4m7!3m6!1s0x880e2ceddccd47a5:0xbf9ca5cd20a70618!8m2!3d41.8669516!4d-87.6429091!16s%2Fg%2F11b64l9919!19sChIJpUfN3O0sDogRGAanIM2lnL8?authuser=0&hl=en&g_ep=EgoyMDI2MTAwNy4wIJJjKgBIAVAD&rclk=1,4.2,1131,"613 W Roosevelt Rd, Chicago, IL 60607",+1 312-243-2620,https://stores.petco.com/il/chicago/pet-supplies-chicago-il-1989.html?utm_source=google&utm_campaign=locallist_1989_pcc,,2026-10-10,hours: none (not published on Maps)
PET_SHOP,Pet Supplies Plus Chicago,"https://www.google.com/maps/place/Pet+Supplies+Plus+Chicago/@41.9757166,-87.8080468,17z/data=!3m1!4b1!4m6!3m5!1s0x880fcbd6e1d64975:0x8110e68e688c51!8m2!3d41.9757166!4d-87.8080468!16s%2Fg%2F1tfrsj69?authuser=0&hl=en&entry=ttu&g_ep=EgoyMDI2MTAwNy4wIKXMDSoASAFQAw%3D%3D",4.6,1010,"7220 W Foster Ave, Chicago, IL 60656",+1 773-594-1717,https://www.petsuppliesplus.com/Store/IL/Chicago/Chicago/53,mo 09:00-21:00; tu 09:00-21:00; we 09:00-21:00; th 09:00-21:00; fr 09:00-21:00; sa 09:00-21:00; su 10:00-18:00,2026-10-10,
PET_SHOP,Petco,https://www.google.com/maps/place/Petco/data=!4m7!3m6!1s0x880fd1e79b90c191:0x27bddabdfce4f205!8m2!3d41.9949622!4d-87.690194!16s%2Fg%2F1ptyhz6c9!19sChIJkcGQm-fRD4gRBfLk_L3avSc?authuser=0&hl=en&g_ep=EgoyMDI2MTAwNy4wIJJjKgBIAVAD&rclk=1,4.3,966,"6236 N Western Ave, Chicago, IL 60659",+1 773-274-1608,https://stores.petco.com/il/chicago/pet-supplies-chicago-il-1988.html?utm_source=google&utm_campaign=locallist_1988_pcc,,2026-10-10,hours: none (not published on Maps)
PET_SHOP,Pet Supplies Plus Archer-Ashland,"https://www.google.com/maps/place/Pet+Supplies+Plus+Archer-Ashland/@41.8365304,-87.6638398,17z/data=!3m1!4b1!4m6!3m5!1s0x880e2db61cf0a8f1:0xab7abed912188557!8m2!3d41.8365304!4d-87.6638398!16s%2Fg%2F11gdqqrldy?authuser=0&hl=en&entry=ttu&g_ep=EgoyMDI2MTAwNy4wIKXMDSoASAFQAw%3D%3D",4.5,929,"3145 S Ashland Ave #102, Chicago, IL 60608",+1 773-376-5956,https://www.petsuppliesplus.com/Store/IL/Chicago/Archer-Ashland/4139,mo 09:00-21:00; tu 09:00-21:00; we 09:00-21:00; th 09:00-21:00; fr 09:00-21:00; sa 09:00-21:00; su 10:00-18:00,2026-10-10,
PET_SHOP,Pet Supplies Plus Wicker Park,"https://www.google.com/maps/place/Pet+Supplies+Plus+Wicker+Park/@41.9053343,-87.6692395,17z/data=!3m1!4b1!4m6!3m5!1s0x880fd2cfecdc8743:0xc5e2f2413b0052a9!8m2!3d41.9053343!4d-87.6692395!16s%2Fg%2F11b5vxvshf?authuser=0&hl=en&entry=ttu&g_ep=EgoyMDI2MTAwNy4wIKXMDSoASAFQAw%3D%3D",4.5,797,"1289 N Milwaukee Ave, Chicago, IL 60622",+1 773-486-5093,https://www.petsuppliesplus.com/Store/IL/Chicago/Wicker-Park/224,mo 09:00-21:00; tu 09:00-21:00; we 09:00-21:00; th 09:00-21:00; fr 09:00-21:00; sa 09:00-21:00; su 10:00-18:00,2026-10-10,
PET_SHOP,Jules Pet Shop,"https://www.google.com/maps/place/Jules+Pet+Shop/@41.9209923,-87.6944521,17z/data=!3m1!4b1!4m6!3m5!1s0x880fd29e8530605b:0x58523eb8fb9fe7b7!8m2!3d41.9209923!4d-87.6944521!16s%2Fg%2F1vy7h567?authuser=0&hl=en&entry=ttu&g_ep=EgoyMDI2MTAwNy4wIKXMDSoASAFQAw%3D%3D",4.5,791,"2214 N Milwaukee Ave, Chicago, IL 60647",+1 773-342-7149,http://julespets.com/,mo 12:00-18:00; tu 10:00-18:00; we 10:00-18:00; th 10:00-18:00; fr 10:00-18:00; sa 10:00-18:00; su 10:00-18:00,2026-10-10,
PET_SHOP,Golden's Tropical World,"https://www.google.com/maps/place/Golden's+Tropical+World/@41.737189,-87.6628989,17z/data=!3m1!4b1!4m6!3m5!1s0x880e2f80a97b0573:0x807399ecee7006e!8m2!3d41.737189!4d-87.6628989!16s%2Fg%2F1tj1sp2b?authuser=0&hl=en&entry=ttu&g_ep=EgoyMDI2MTAwNy4wIKXMDSoASAFQAw%3D%3D",4.6,489,"8611 S Ashland Ave, Chicago, IL 60620",+1 773-239-8809,http://goldenstropicalworld.com/,mo 11:00-19:00; tu 11:00-19:00; we 11:00-19:00; th 11:00-19:00; fr 11:00-19:00; sa 11:00-18:30; su closed,2026-10-10,
PET_SHOP,Kriser's Natural Pet,"https://www.google.com/maps/place/Kriser's+Natural+Pet/@41.9116711,-87.680023,17z/data=!3m1!4b1!4m6!3m5!1s0x880fd2bf30203bb1:0xece487503f9dd78!8m2!3d41.9116711!4d-87.680023!16s%2Fg%2F1td38vj_?authuser=0&hl=en&entry=ttu&g_ep=EgoyMDI2MTAwNy4wIKXMDSoASAFQAw%3D%3D",4.6,409,"1658 N Milwaukee Ave Ste d, Chicago, IL 60647",+1 773-235-1790,https://stores.krisers.com/il-chicago-406/,mo 09:00-20:00; tu 09:00-20:00; we 09:00-20:00; th 09:00-20:00; fr 09:00-20:00; sa 09:00-19:00; su 10:00-18:00,2026-10-10,
PET_SHOP,Pet Supplies Plus N. Lincoln,"https://www.google.com/maps/place/Pet+Supplies+Plus+N.+Lincoln/@41.9501763,-87.6753161,17z/data=!3m1!4b1!4m6!3m5!1s0x880fd242268ebe0f:0xf2bc6574c341c9ef!8m2!3d41.9501763!4d-87.6753161!16s%2Fg%2F1hc8ypns0?authuser=0&hl=en&entry=ttu&g_ep=EgoyMDI2MTAwNy4wIKXMDSoASAFQAw%3D%3D",4.6,392,"3757 N Lincoln Ave, Chicago, IL 60613",+1 773-327-4314,https://www.petsuppliesplus.com/Store/IL/Chicago/N.-Lincoln/205,mo 09:00-21:00; tu 09:00-21:00; we 09:00-21:00; th 09:00-21:00; fr 09:00-21:00; sa 09:00-21:00; su 10:00-18:00,2026-10-10,
PET_SHOP,Liz's Pet Shop,"https://www.google.com/maps/place/Liz's+Pet+Shop/@41.895469,-87.687132,17z/data=!3m1!4b1!4m6!3m5!1s0x880e2d4d5ca4cf7f:0xcc4c573feaef3876!8m2!3d41.895469!4d-87.687132!16s%2Fg%2F1tfzbs8n?authuser=0&hl=en&entry=ttu&g_ep=EgoyMDI2MTAwNy4wIKXMDSoASAFQAw%3D%3D",4.8,324,"2403 W Chicago Ave, Chicago, IL 60622",+1 773-772-4011,https://lizspetshop.com/,mo 10:00-19:00; tu 10:00-19:00; we 10:00-19:00; th 10:00-19:00; fr 10:00-19:00; sa 10:00-19:00; su 10:00-17:00,2026-10-10,
PET_SHOP,Acuario Piscis,"https://www.google.com/maps/place/Acuario+Piscis/@41.8520864,-87.7019327,17z/data=!3m1!4b1!4m6!3m5!1s0x880e327ead4df0e3:0x522fb6142bf4a083!8m2!3d41.8520864!4d-87.7019327!16s%2Fg%2F11b6gcz5tm?authuser=0&hl=en&entry=ttu&g_ep=EgoyMDI2MTAwNy4wIKXMDSoASAFQAw%3D%3D",4.4,320,"3040 W Cermak Rd, Chicago, IL 60623",+1 708-415-3246,,mo 10:00-17:00; tu 10:00-17:00; we 10:00-17:00; th 10:00-17:00; fr 10:00-17:00; sa 10:00-17:00; su 11:00-15:00,2026-10-10,
PET_SHOP,Kriser's Natural Pet,"https://www.google.com/maps/place/Kriser's+Natural+Pet/@41.869161,-87.6272179,17z/data=!3m1!4b1!4m6!3m5!1s0x880e2c9a69d969c9:0xe2035e13ebb0c8f4!8m2!3d41.869161!4d-87.6272179!16s%2Fg%2F1ttphgrw?authuser=0&hl=en&entry=ttu&g_ep=EgoyMDI2MTAwNy4wIKXMDSoASAFQAw%3D%3D",4.5,295,"1103 S State St Unit 100, Chicago, IL 60605",+1 312-765-8883,https://stores.krisers.com/il-chicago-402/,mo 09:00-19:00; tu 09:00-19:00; we 09:00-19:00; th 09:00-19:00; fr 09:00-19:00; sa 09:00-19:00; su 10:00-18:00,2026-10-10,
PET_SHOP,7 Seas Pet Care Center,"https://www.google.com/maps/place/7+Seas+Pet+Care+Center/@41.6532886,-87.5457583,17z/data=!3m1!4b1!4m6!3m5!1s0x880e20ac94adb72d:0x99754f411c68ae79!8m2!3d41.6532886!4d-87.5457583!16s%2Fg%2F1thd77_j?authuser=0&hl=en&entry=ttu&g_ep=EgoyMDI2MTAwNy4wIKXMDSoASAFQAw%3D%3D",4.3,269,"13311 S Brandon Ave, Chicago, IL 60633",,https://www.7seaspets.com/contact-us,mo 09:00-18:00; tu 09:00-18:00; we 09:00-18:00; th 09:00-18:00; fr 09:00-18:00; sa 09:00-17:00; su 09:00-17:00,2026-10-10,
PET_SHOP,Kriser's Natural Pet,"https://www.google.com/maps/place/Kriser's+Natural+Pet/@41.8927789,-87.6183311,17z/data=!3m1!4b1!4m6!3m5!1s0x880e2caa8018f179:0x1c4f592a0ac1dadc!8m2!3d41.8927789!4d-87.6183311!16s%2Fg%2F1ptwbrkhn?authuser=0&hl=en&entry=ttu&g_ep=EgoyMDI2MTAwNy4wIKXMDSoASAFQAw%3D%3D",4.4,256,"356 E Ohio St, Chicago, IL 60611",+1 312-951-1331,https://stores.krisers.com/il-chicago-410/,mo 09:00-20:00; tu 09:00-20:00; we 09:00-20:00; th 09:00-20:00; fr 09:00-20:00; sa 09:00-19:00; su 10:00-18:00,2026-10-10,
PET_SHOP,Paradise De Aves Pet Shop,"https://www.google.com/maps/place/Paradise+De+Aves+Pet+Shop/@41.8086519,-87.671301,17z/data=!3m1!4b1!4m6!3m5!1s0x880e2e71a4b25b6d:0x96602338c31f32ee!8m2!3d41.8086519!4d-87.671301!16s%2Fg%2F1thmfzz4?authuser=0&hl=en&entry=ttu&g_ep=EgoyMDI2MTAwNy4wIKXMDSoASAFQAw%3D%3D",3.9,226,"1836 W 47th St, Chicago, IL 60609",+1 773-475-7262,,mo closed; tu 10:00-19:00; we 10:00-19:00; th 10:00-19:00; fr 10:00-19:00; sa 10:00-19:00; su 10:00-17:00,2026-10-10,
DOG_TRAINING,Found Chicago Boarding & Training Center,"https://www.google.com/maps/place/Found+Chicago+Boarding+%26+Training+Center/@41.9562001,-87.693423,17z/data=!3m1!4b1!4m6!3m5!1s0x880fd274b26e8fb9:0xd63989857bccab90!8m2!3d41.9562001!4d-87.693423!16s%2Fg%2F1tfjr97z?authuser=0&hl=en&entry=ttu&g_ep=EgoyMDI2MTAwNy4wIKXMDSoASAFQAw%3D%3D",4.8,613,"4108 N Rockwell St, Chicago, IL 60618",+1 773-539-3880,http://www.foundtrainingcenter.com/,mo 07:00-19:00; tu 07:00-19:00; we 07:00-19:00; th 07:00-19:00; fr 07:00-19:00; sa 08:00-18:00; su 08:00-18:00,2026-10-10,
DOG_TRAINING,Urban Pooch Training and Fitness Center,"https://www.google.com/maps/place/Urban+Pooch+Training+and+Fitness+Center/@41.9798651,-87.6800994,17z/data=!3m1!4b1!4m6!3m5!1s0x880fd1f48f409f91:0x6766ec7f1c406bae!8m2!3d41.9798651!4d-87.6800994!16s%2Fg%2F11b7rtm8t6?authuser=0&hl=en&entry=ttu&g_ep=EgoyMDI2MTAwNy4wIKXMDSoASAFQAw%3D%3D",4.8,282,"5400 N Damen Ave, Chicago, IL 60625",+1 773-961-8880,https://urbanpooch.com/chicago/,mo 07:30-20:30; tu 07:30-20:30; we 07:30-20:30; th 07:30-20:30; fr 07:30-20:30; sa 09:00-17:00; su 09:00-19:00,2026-10-10,
DOG_TRAINING,Back To Basics Dog Training,"https://www.google.com/maps/place/Back+To+Basics+Dog+Training/@41.9399817,-87.6996907,17z/data=!3m1!4b1!4m6!3m5!1s0x880fd24618095555:0xf9b417c63b933fcd!8m2!3d41.9399817!4d-87.6996907!16s%2Fg%2F11s0sk7qyf?authuser=0&hl=en&entry=ttu&g_ep=EgoyMDI2MTAwNy4wIKXMDSoASAFQAw%3D%3D",5.0,225,"3232 N Elston Ave, Chicago, IL 60618",+1 872-359-6627,https://backtobasicsdt.com/,mo 08:00-20:00; tu 08:00-20:00; we 08:00-20:00; th 08:00-20:00; fr 08:00-20:00; sa 08:00-20:00; su 08:00-20:00,2026-10-10,
DOG_TRAINING,Downtown Dogs Chicago,"https://www.google.com/maps/place/Downtown+Dogs+Chicago/@41.8897382,-87.6882829,17z/data=!3m1!4b1!4m6!3m5!1s0x880e2d51cfc33071:0x1871298a43272de1!8m2!3d41.8897382!4d-87.6882829!16s%2Fg%2F11b6_9kfjk?authuser=0&hl=en&entry=ttu&g_ep=EgoyMDI2MTAwNy4wIKXMDSoASAFQAw%3D%3D",4.8,160,"2440 W Hubbard St, Chicago, IL 60612",+1 312-436-2122,https://chicagodogtraining.com/,mo 08:00-21:00; tu 08:00-21:00; we 08:00-21:00; th 08:00-21:00; fr 08:00-21:00; sa 08:00-21:00; su 08:00-21:00,2026-10-10,
DOG_TRAINING,The Canine Club of Chicago - Dog Training Services,"https://www.google.com/maps/place/The+Canine+Club+of+Chicago+-+Dog+Training+Services/@41.8914046,-87.6147951,17z/data=!3m1!4b1!4m6!3m5!1s0x880fadc9773b6a33:0xc8dfb571099cf7a7!8m2!3d41.8914046!4d-87.6147951!16s%2Fg%2F11h_2cb7sv?authuser=0&hl=en&entry=ttu&g_ep=EgoyMDI2MTAwNy4wIKXMDSoASAFQAw%3D%3D",4.8,155,"500 N Lake Shore Dr PH 203, Chicago, IL 60611",+1 630-999-9909,http://www.canineclubchicago.com/,mo 07:00-22:00; tu 07:00-22:00; we 07:00-22:00; th 07:00-22:00; fr 07:00-22:00; sa 07:00-22:00; su 07:00-22:00,2026-10-10,
DOG_TRAINING,Chicago Canine Academy,"https://www.google.com/maps/place/Chicago+Canine+Academy/@41.9389839,-87.7506582,17z/data=!3m1!4b1!4m6!3m5!1s0x880fcc58c181c4b5:0x551ec89fe01edd26!8m2!3d41.9389839!4d-87.7506582!16s%2Fg%2F1tg6qqdk?authuser=0&hl=en&entry=ttu&g_ep=EgoyMDI2MTAwNy4wIKXMDSoASAFQAw%3D%3D",4.1,146,"4930 W Belmont Ave, Chicago, IL 60641",+1 773-655-0219,https://www.chicagocanineacademy.com/,mo 08:00-19:00; tu 08:00-19:00; we 08:00-19:00; th 08:00-19:00; fr 08:00-19:00; sa 08:00-15:00; su 08:00-15:00,2026-10-10,
DOG_TRAINING,Anything Is Pawzible,"https://www.google.com/maps/place/Anything+Is+Pawzible/@41.9425168,-87.7276338,17z/data=!3m1!4b1!4m6!3m5!1s0x880fd2decad3e9d7:0x94f57aed2e649ad3!8m2!3d41.9425168!4d-87.7276338!16s%2Fg%2F1hc636g6w?authuser=0&hl=en&entry=ttu&g_ep=EgoyMDI2MTAwNy4wIKXMDSoASAFQAw%3D%3D",4.9,141,"3358 N Pulaski Rd, Chicago, IL 60641",+1 773-919-7297,http://www.anythingispawzible.com/,"mo 00:00-08:00,09:00-20:00; tu 09:00-20:00; we 09:00-20:00; th 09:00-20:00; fr 09:00-20:00; sa 09:00-17:00; su 09:00-24:00",2026-10-10,
DOG_TRAINING,Bow Wow Behavioral,"https://www.google.com/maps/place/Bow+Wow+Behavioral/@41.9401836,-87.6450831,17z/data=!3m1!4b1!4m6!3m5!1s0x880fd36cef34f0b1:0x4560534614917a56!8m2!3d41.9401836!4d-87.6450831!16s%2Fg%2F11h7b5hg68?authuser=0&hl=en&entry=ttu&g_ep=EgoyMDI2MTAwNy4wIKXMDSoASAFQAw%3D%3D",4.9,127,"614 W Belmont Ave, Chicago, IL 60657",+1 847-220-4758,http://www.bowwowbehavioral.com/,mo 09:00-21:00; tu 09:00-21:00; we 09:00-21:00; th 09:00-21:00; fr closed; sa closed; su 09:00-21:00,2026-10-10,
DOG_TRAINING,Prestige Dog Training,"https://www.google.com/maps/place/Prestige+Dog+Training/@41.8880513,-87.664666,17z/data=!3m1!4b1!4m6!3m5!1s0x880e2df80d3f6873:0x4f8ebc7624ab1878!8m2!3d41.8880513!4d-87.664666!16s%2Fg%2F11x6dml58c?authuser=0&hl=en&entry=ttu&g_ep=EgoyMDI2MTAwNy4wIKXMDSoASAFQAw%3D%3D",5.0,120,"348 N Laflin St, Chicago, IL 60607",+1 312-380-1474,https://prestigedogtraining.com/?utm_source=gmb&utm_medium=clicks,mo 09:00-18:00; tu 09:00-18:00; we 09:00-18:00; th 09:00-18:00; fr 09:00-18:00; sa 10:00-14:00; su closed,2026-10-10,
DOG_TRAINING,"Canine Perspective: Structured Daycare, Boarding & Training","https://www.google.com/maps/place/Canine+Perspective:+Structured+Daycare,+Boarding+%26+Training/@41.8842507,-87.6999446,17z/data=!3m1!4b1!4m6!3m5!1s0x880e2fa5fee8c711:0x67c2d88b6d3b1852!8m2!3d41.8842507!4d-87.6999446!16s%2Fg%2F11fl7q3s_z?authuser=0&hl=en&entry=ttu&g_ep=EgoyMDI2MTAwNy4wIKXMDSoASAFQAw%3D%3D",4.8,117,"2926 W Lake St, Chicago, IL 60612",+1 773-661-6762,http://www.canineperspectivechicago.com/,mo 07:00-19:00; tu 07:00-19:00; we 07:00-19:00; th 07:00-19:00; fr 07:00-19:00; sa 08:00-18:00; su 08:00-18:00,2026-10-10,
DOG_TRAINING,Copilot Dog Training,"https://www.google.com/maps/place/Copilot+Dog+Training/@41.940635,-87.7005932,17z/data=!3m1!4b1!4m6!3m5!1s0x47d696f95b8277cd:0xfef3946421fd72!8m2!3d41.940635!4d-87.7005932!16s%2Fg%2F11k46rn2lh?authuser=0&hl=en&entry=ttu&g_ep=EgoyMDI2MTAwNy4wIKXMDSoASAFQAw%3D%3D",5.0,113,"3266 N Elston Ave, Chicago, IL 60618",+1 708-320-9892,http://copilotdogs.com/,mo 10:00-20:00; tu 10:00-20:00; we 10:00-20:00; th 10:00-20:00; fr 09:00-17:00; sa 09:00-17:00; su 09:00-16:00,2026-10-10,
DOG_TRAINING,Leash Drop Canine LLC,"https://www.google.com/maps/place/Leash+Drop+Canine+LLC/@41.8424131,-87.656122,17z/data=!3m1!4b1!4m6!3m5!1s0x880e2d43a8fce493:0xf11cf68036a13358!8m2!3d41.8424131!4d-87.656122!16s%2Fg%2F11tnm4yc0y?authuser=0&hl=en&entry=ttu&g_ep=EgoyMDI2MTAwNy4wIKXMDSoASAFQAw%3D%3D",5.0,86,"2857 S Archer Ave, Chicago, IL 60608",+1 312-600-7314,https://www.leashdropcanine.com/?utm_source=google&utm_medium=gmb&utm_campaign=gmb,mo 10:00-19:00; tu 10:00-19:00; we 10:00-19:00; th 10:00-19:00; fr 10:00-19:00; sa closed; su closed,2026-10-10,
DOG_TRAINING,Canine Perspective Dog Training: Lincoln Park Office,"https://www.google.com/maps/place/Canine+Perspective+Dog+Training:+Lincoln+Park+Office/@41.921417,-87.6572658,17z/data=!3m1!4b1!4m6!3m5!1s0x880e2c9a315bfd8d:0xbe0fd95a9c30094d!8m2!3d41.921417!4d-87.6572658!16s%2Fg%2F1q67vk4w9?authuser=0&hl=en&entry=ttu&g_ep=EgoyMDI2MTAwNy4wIKXMDSoASAFQAw%3D%3D",4.6,75,"2150 N Clifton Ave, Chicago, IL 60614",+1 872-294-4940,https://canineperspectivechicago.com/,mo 09:00-20:00; tu 09:00-20:00; we 09:00-20:00; th 09:00-20:00; fr 09:00-20:00; sa 09:00-20:00; su 09:00-20:00,2026-10-10,
DOG_TRAINING,Canine State of Mind,"https://www.google.com/maps/place/Canine+State+of+Mind/@41.9153673,-87.6492296,17z/data=!3m1!4b1!4m6!3m5!1s0x880fd322a02644b5:0x3de8def75c3aa791!8m2!3d41.9153673!4d-87.6492296!16s%2Fg%2F1263dcvfh?authuser=0&hl=en&entry=ttu&g_ep=EgoyMDI2MTAwNy4wIKXMDSoASAFQAw%3D%3D",4.7,74,"1855 N Dayton St, Chicago, IL 60614",+1 312-505-7700,http://www.caninestateofmind.com/,mo 09:00-18:00; tu 09:00-18:00; we 09:00-18:00; th 09:00-18:00; fr 09:00-18:00; sa 09:00-18:00; su 09:00-18:00,2026-10-10,
DOG_TRAINING,Chicago Canine Company,https://www.google.com/maps/place/Chicago+Canine+Company/data=!4m7!3m6!1s0x880fce7cd74a42ab:0xd7ce61fe564f312b!8m2!3d41.9855899!4d-87.7343479!16s%2Fg%2F12hm2s1q5!19sChIJq0JK13zOD4gRKzFPVv5hztc?authuser=0&hl=en&g_ep=EgoyMDI2MTAwNy4wIJJjKgBIAVAD&rclk=1,4.4,65,"5750 N Tripp Ave, Chicago, IL 60646",+1 312-860-1526,,,2026-10-10,hours: none (not published on Maps)
DOG_TRAINING,Wolfkeeper University,"https://www.google.com/maps/place/Wolfkeeper+University/@41.8523165,-87.647131,17z/data=!3m1!4b1!4m6!3m5!1s0x880e2d66a2c74675:0x324000740ad9240b!8m2!3d41.8523165!4d-87.647131!16s%2Fg%2F11g0xb7p2l?authuser=0&hl=en&entry=ttu&g_ep=EgoyMDI2MTAwNy4wIKXMDSoASAFQAw%3D%3D",3.6,50,"813 W Cermak Rd, Chicago, IL 60608",+1 312-933-1528,http://wolfkeeperu.com/,mo 07:00-23:30; tu 07:00-23:30; we 07:00-23:30; th 07:00-23:30; fr 07:00-23:30; sa 07:00-23:30; su 07:00-23:30,2026-10-10,
DOG_TRAINING,Canine Sports Dog Training,"https://www.google.com/maps/place/Canine+Sports+Dog+Training/@41.9614306,-87.7302061,17z/data=!3m1!4b1!4m6!3m5!1s0x880fd324b942974b:0xbb08115ae4f1df1!8m2!3d41.9614306!4d-87.7302061!16s%2Fg%2F11bccjfbr2?authuser=0&hl=en&entry=ttu&g_ep=EgoyMDI2MTAwNy4wIKXMDSoASAFQAw%3D%3D",4.7,46,"4425 N Elston Ave, Chicago, IL 60630",+1 312-203-7078,https://www.mycaninesports.com/,mo 09:00-19:00; tu 09:00-19:00; we 09:00-19:00; th 09:00-19:00; fr 09:00-19:00; sa closed; su closed,2026-10-10,
DOG_TRAINING,Zoom Room Dog Training,"https://www.google.com/maps/place/Zoom+Room+Dog+Training/@41.9208265,-87.671105,17z/data=!3m1!4b1!4m6!3m5!1s0x880fd3f4fca5b9b9:0x4d60eee4efffc2f0!8m2!3d41.9208265!4d-87.671105!16s%2Fg%2F11tfmqjdf4?authuser=0&hl=en&entry=ttu&g_ep=EgoyMDI2MTAwNy4wIKXMDSoASAFQAw%3D%3D",4.8,42,"2145 N Elston Ave, Chicago, IL 60614",+1 312-487-1492,https://www.zoomroom.com/bucktown,mo 14:00-20:30; tu 12:00-20:30; we 12:00-20:30; th 12:00-20:30; fr 13:00-20:00; sa 09:00-17:00; su 09:00-17:00,2026-10-10,
DOG_TRAINING,My Clever Canine,"https://www.google.com/maps/place/My+Clever+Canine/@42.0024611,-87.6724111,17z/data=!3m1!4b1!4m6!3m5!1s0x880fd1ab536e0c03:0xe461271ca7d6ab0b!8m2!3d42.0024611!4d-87.6724111!16s%2Fg%2F11ggr9pscw?authuser=0&hl=en&entry=ttu&g_ep=EgoyMDI2MTAwNy4wIKXMDSoASAFQAw%3D%3D",5.0,40,"6624 N Clark St, Chicago, IL 60626",+1 312-724-5870,http://mccchi.com/,mo 09:00-18:00; tu 09:00-18:00; we 09:00-18:00; th 09:00-18:00; fr 09:00-18:00; sa closed; su closed,2026-10-10,
DOG_TRAINING,PAWS Chicago Training Center,https://www.google.com/maps/place/PAWS+Chicago+Training+Center/data=!4m7!3m6!1s0x880fd31fe3754c31:0xc66a02be49277e6f!8m2!3d41.9164567!4d-87.6578808!16s%2Fg%2F11b6xfhl00!19sChIJMUx14x_TD4gRb34nSb4CasY?authuser=0&hl=en&g_ep=EgoyMDI2MTAwNy4wIJJjKgBIAVAD&rclk=1,4.3,39,"1933 N Marcey St, Chicago, IL 60614",+1 773-475-3302,http://www.pawschicago.org/training/,,2026-10-10,hours: none (not published on Maps)
PET_HOTEL,Tucker Pup's Pet Resort,"https://www.google.com/maps/place/Tucker+Pup's+Pet+Resort/@41.8862211,-87.6531898,17z/data=!3m1!4b1!4m6!3m5!1s0x880e2cd7530cf6c7:0xe44dc3805d9587e9!8m2!3d41.8862211!4d-87.6531898!16s%2Fg%2F1tdywyyy?authuser=0&hl=en&entry=ttu&g_ep=EgoyMDI2MTAwNy4wIKXMDSoASAFQAw%3D%3D",4.9,1102,"219 N Carpenter St, Chicago, IL 60607",+1 312-829-8787,https://www.tuckerpups.com/,mo 06:45-19:00; tu 06:45-19:00; we 06:45-19:00; th 06:45-19:00; fr 06:45-19:00; sa 06:45-19:00; su 06:45-19:00,2026-10-10,
PET_HOTEL,Canine Social Club,"https://www.google.com/maps/place/Canine+Social+Club/@41.9817228,-87.6896594,17z/data=!3m1!4b1!4m6!3m5!1s0x880fd1fa36cda745:0xada9a7f8ce2273e6!8m2!3d41.9817228!4d-87.6896594!16s%2Fg%2F1w4f8q0j?authuser=0&hl=en&entry=ttu&g_ep=EgoyMDI2MTAwNy4wIKXMDSoASAFQAw%3D%3D",4.8,341,"5508 N Western Ave, Chicago, IL 60625",+1 773-506-6200,http://www.kninesocialclub.com/,"mo 06:30-19:00; tu 06:30-19:00; we 06:30-19:00; th 06:30-19:00; fr 06:30-19:00; sa 09:00-12:00,14:00-18:00; su 09:00-12:00,14:00-18:00",2026-10-10,
PET_HOTEL,Dog. Hotel | Daycare,"https://www.google.com/maps/place/Dog.+Hotel+%7C+Daycare/@41.9011459,-87.648215,17z/data=!3m1!4b1!4m6!3m5!1s0x880fd331fe7ddbf7:0x4f581dc68ba886b2!8m2!3d41.9011459!4d-87.648215!16s%2Fg%2F11b77f0v94?authuser=0&hl=en&entry=ttu&g_ep=EgoyMDI2MTAwNy4wIKXMDSoASAFQAw%3D%3D",4.7,329,"1030 N Halsted St, Chicago, IL 60642",+1 312-895-3777,http://www.dogchicago.com/,mo 24h; tu 24h; we 24h; th 24h; fr 24h; sa 24h; su 24h,2026-10-10,
PET_HOTEL,Pet Care Plus,https://www.google.com/maps/place/Pet+Care+Plus/data=!4m7!3m6!1s0x880e2d27d70c75db:0x53e33e7614913d58!8m2!3d41.8879722!4d-87.664809!16s%2Fg%2F1v8gcmgt!19sChIJ23UM1yctDogRWD2RFHY-41M?authuser=0&hl=en&g_ep=EgoyMDI2MTAwNy4wIJJjKgBIAVAD&rclk=1,4.6,318,"350 N Laflin St, Chicago, IL 60607",+1 312-397-9077,https://www.petcp.com/,mo 08:00-16:00; tu 06:45-19:00; we 06:45-19:00; th 06:45-19:00; fr 06:45-19:00; sa 09:00-16:00; su 10:00-15:00,2026-10-10,
PET_HOTEL,Bow Wow Lounge,"https://www.google.com/maps/place/Bow+Wow+Lounge/@41.9754885,-87.6740856,17z/data=!3m1!4b1!4m6!3m5!1s0x880fd220a112a7a1:0x323258a0e2112456!8m2!3d41.9754885!4d-87.6740856!16s%2Fg%2F1thq5x10?authuser=0&hl=en&entry=ttu&g_ep=EgoyMDI2MTAwNy4wIKXMDSoASAFQAw%3D%3D",4.8,294,"5135 N Ravenswood Ave, Chicago, IL 60640",+1 773-825-3231,https://bowwowlounge.com/?utm_source=gmb&utm_medium=Yext&cp=7738253231&y_source=1_MjY4NDQzMTYtNzE1LWxvY2F0aW9uLndlYnNpdGU%3D,mo 07:00-19:00; tu 07:00-19:00; we 07:00-19:00; th 07:00-19:00; fr 07:00-19:00; sa 09:00-18:00; su 09:00-18:00,2026-10-10,
PET_HOTEL,Meeow Chicago - Lincoln Park,"https://www.google.com/maps/place/Meeow+Chicago+-+Lincoln+Park/@41.9149543,-87.664046,17z/data=!3m1!4b1!4m6!3m5!1s0x880e2d3a10d20681:0x5e4a7139d4a10f51!8m2!3d41.9149543!4d-87.664046!16s%2Fg%2F1tq6knql?authuser=0&hl=en&entry=ttu&g_ep=EgoyMDI2MTAwNy4wIKXMDSoASAFQAw%3D%3D",4.8,278,"1765 N Elston Ave Ste 104, Chicago, IL 60642",+1 773-917-7848,,mo 08:00-18:00; tu 08:00-18:00; we 08:00-18:00; th 08:00-18:00; fr 08:00-18:00; sa 08:00-18:00; su 10:00-18:00,2026-10-10,
PET_HOTEL,Dogaholics,"https://www.google.com/maps/place/Dogaholics/@41.9474653,-87.664256,17z/data=!3m1!4b1!4m6!3m5!1s0x880fd24e5d3c3601:0x4431f60923024606!8m2!3d41.9474653!4d-87.664256!16s%2Fg%2F1vhkl44b?authuser=0&hl=en&entry=ttu&g_ep=EgoyMDI2MTAwNy4wIKXMDSoASAFQAw%3D%3D",4.8,241,"3608 N Southport Ave, Chicago, IL 60613",+1 773-839-5351,https://dogaholics.com/?utm_source=gmb&utm_medium=Yext&cp=7738395351&y_source=1_MTU3OTA0NzUtNzE1LWxvY2F0aW9uLndlYnNpdGU%3D,mo 07:00-19:00; tu 07:00-19:00; we 07:00-19:00; th 07:00-19:00; fr 07:00-19:00; sa 09:00-17:00; su closed,2026-10-10,
PET_HOTEL,Stay A Modern Dog Hotel,"https://www.google.com/maps/place/Stay+A+Modern+Dog+Hotel/@41.9567301,-87.6937488,17z/data=!3m1!4b1!4m6!3m5!1s0x880fd20b44e42cbd:0xc2688c496807a9ae!8m2!3d41.9567301!4d-87.6937488!16s%2Fg%2F1tgh84sk?authuser=0&hl=en&entry=ttu&g_ep=EgoyMDI2MTAwNy4wIKXMDSoASAFQAw%3D%3D",4.7,228,"4130 N Rockwell St, Chicago, IL 60618",+1 773-509-0001,http://www.staydoghotel.com/,mo 07:00-19:00; tu 07:00-19:00; we 07:00-19:00; th 07:00-19:00; fr 07:00-19:00; sa 08:00-18:00; su 08:00-18:00,2026-10-10,
PET_HOTEL,Best Friends Pet Hotel,"https://www.google.com/maps/place/Best+Friends+Pet+Hotel/@41.9114822,-87.6629354,17z/data=!3m1!4b1!4m6!3m5!1s0x880fd2dea7a096a1:0xd20a0040ca77ab7c!8m2!3d41.9114822!4d-87.6629354!16s%2Fg%2F1tghq5hm?authuser=0&hl=en&entry=ttu&g_ep=EgoyMDI2MTAwNy4wIKXMDSoASAFQAw%3D%3D",4.6,227,"1628 N Elston Ave, Chicago, IL 60642",+1 773-384-5959,https://bestfriendspetcare.com/locations/chicago,mo 08:00-18:00; tu 08:00-18:00; we 08:00-18:00; th 08:00-18:00; fr 08:00-18:00; sa 09:00-16:00; su 12:00-16:00,2026-10-10,
PET_HOTEL,Hill Family Pet Care,"https://www.google.com/maps/place/Hill+Family+Pet+Care/@41.9070923,-87.6489037,17z/data=!3m1!4b1!4m6!3m5!1s0x7747953048d6725:0x6ce5b4b1c25aa56a!8m2!3d41.9070923!4d-87.6489037!16s%2Fg%2F11tct_437n?authuser=0&hl=en&entry=ttu&g_ep=EgoyMDI2MTAwNy4wIKXMDSoASAFQAw%3D%3D",4.8,206,"819 W Eastman St, Chicago, IL 60642",+1 224-471-0622,http://www.hillfamilypetcarechicago.com/,mo 06:30-22:00; tu 06:30-22:00; we 06:30-22:00; th 06:30-22:00; fr 06:30-22:00; sa 08:00-22:00; su 08:00-22:00,2026-10-10,
PET_SITTING,Windy City Dog Walkers,"https://www.google.com/maps/place/Windy+City+Dog+Walkers/@41.8961059,-87.6491414,17z/data=!3m1!4b1!4m6!3m5!1s0x880e2cdd6e1a2be3:0x790c71025160d350!8m2!3d41.8961059!4d-87.6491414!16s%2Fg%2F1tf6scrr?authuser=0&hl=en&entry=ttu&g_ep=EgoyMDI2MTAwNy4wIKXMDSoASAFQAw%3D%3D",4.9,261,"833 W Chicago Ave #206, Chicago, IL 60642",+1 312-858-8584,http://www.windycitydogwalkers.com/,mo 09:00-17:00; tu 09:00-17:00; we 09:00-17:00; th 09:00-17:00; fr 09:00-17:00; sa closed; su 12:00-17:00,2026-10-10,
PET_SITTING,Millennium Dog Walkers & Pet Care in Chicago!,"https://www.google.com/maps/place/Millennium+Dog+Walkers+%26+Pet+Care+in+Chicago!/@41.8891923,-87.6181028,17z/data=!3m1!4b1!4m6!3m5!1s0x880e2b1da32355d7:0xe0e8233eb7445dd4!8m2!3d41.8891923!4d-87.6181028!16s%2Fg%2F11g0m3c1c_?authuser=0&hl=en&entry=ttu&g_ep=EgoyMDI2MTAwNy4wIKXMDSoASAFQAw%3D%3D",4.9,148,"Cityfront Place, N McClurg Ct, Chicago, IL 60611",+1 312-532-7275,https://www.millenniumdogwalkers.com/,mo 07:00-19:00; tu 07:00-19:00; we 07:00-19:00; th 07:00-19:00; fr 07:00-19:00; sa 07:00-19:00; su 07:00-19:00,2026-10-10,
PET_SITTING,Paws For Walks Chicago LLC,https://www.google.com/maps/place/Paws+For+Walks+Chicago+LLC/data=!4m7!3m6!1s0x880faf1907a55557:0x3a163fb69bbf8472!8m2!3d41.8870911!4d-87.6163031!16s%2Fg%2F11fylndwrp!19sChIJV1WlBxmvD4gRcoS_m7Y_Fjo?authuser=0&hl=en&g_ep=EgoyMDI2MTAwNy4wIJJjKgBIAVAD&rclk=1,4.9,127,"420 E Waterside Dr, Chicago, IL 60601",+1 224-656-4137,https://pawsforwalkschicago.com/,,2026-10-10,hours: none (not published on Maps)
PET_SITTING,Dogs Deserve It,"https://www.google.com/maps/place/Dogs+Deserve+It/@41.9248854,-87.6618691,17z/data=!3m1!4b1!4m6!3m5!1s0x880fd3ad1fba81e1:0x3b3b72b6a22b3b45!8m2!3d41.9248854!4d-87.6618691!16s%2Fg%2F11h1djrvps?authuser=0&hl=en&entry=ttu&g_ep=EgoyMDI2MTAwNy4wIKXMDSoASAFQAw%3D%3D",4.9,126,"1341 W Fullerton Ave #270, Chicago, IL 60614",+1 773-524-7128,https://dogsdeserveit.com/,mo 08:30-17:00; tu 08:30-17:00; we 08:30-17:00; th 08:30-17:00; fr 08:30-17:00; sa closed; su closed,2026-10-10,
PET_SITTING,Smart Paws Chicago,"https://www.google.com/maps/place/Smart+Paws+Chicago/@41.9548621,-87.6504724,17z/data=!3m1!4b1!4m6!3m5!1s0x880fd2e3477a3535:0xf852b81bb770ad42!8m2!3d41.9548621!4d-87.6504724!16s%2Fg%2F1tlz_skr?authuser=0&hl=en&entry=ttu&g_ep=EgoyMDI2MTAwNy4wIKXMDSoASAFQAw%3D%3D",5.0,105,"4007 N Broadway, Chicago, IL 60613",+1 773-614-7297,http://www.smartpawschicago.com/,mo 07:00-22:00; tu 07:00-22:00; we 07:00-22:00; th 07:00-22:00; fr 07:00-22:00; sa closed; su closed,2026-10-10,
PET_SITTING,Green Paws Chicago,"https://www.google.com/maps/place/Green+Paws+Chicago/@41.9393098,-87.6803179,17z/data=!3m1!4b1!4m6!3m5!1s0x880fd260e47597f7:0xcaf084cd9f8fdb50!8m2!3d41.9393098!4d-87.6803179!16s%2Fg%2F1ydp6dgp8?authuser=0&hl=en&entry=ttu&g_ep=EgoyMDI2MTAwNy4wIKXMDSoASAFQAw%3D%3D",4.8,98,"2049 W Belmont Ave Ste 1, Chicago, IL 60618",+1 312-546-4185,https://greenpawschicago.com/?utm_source=GBP&utm_medium=organic,mo 24h; tu 24h; we 24h; th 24h; fr 24h; sa 24h; su 24h,2026-10-10,
PET_SITTING,Urban Tailz,"https://www.google.com/maps/place/Urban+Tailz/@41.926759,-87.70582,17z/data=!3m1!4b1!4m6!3m5!1s0x880fd2f132b5aca3:0xdf9e1fc7b8bd4458!8m2!3d41.926759!4d-87.70582!16s%2Fg%2F11bw50pkz5?authuser=0&hl=en&entry=ttu&g_ep=EgoyMDI2MTAwNy4wIKXMDSoASAFQAw%3D%3D",5.0,89,"2528 N Linden Pl #1, Chicago, IL 60647",+1 773-250-1767,https://www.urbantailz.com/,mo 07:00-21:30; tu 07:00-21:30; we 07:00-21:30; th 07:00-21:30; fr 07:00-21:30; sa 07:00-21:30; su 07:00-21:30,2026-10-10,
PET_SITTING,Fetch! Pet Care of Greater Chicago,"https://www.google.com/maps/place/Fetch!+Pet+Care+of+Greater+Chicago/@41.8822919,-87.6334729,17z/data=!3m1!4b1!4m6!3m5!1s0x880fd38e4728c12f:0x6f98a7bdf145162a!8m2!3d41.8822919!4d-87.6334729!16s%2Fg%2F11f5nqvyry?authuser=0&hl=en&entry=ttu&g_ep=EgoyMDI2MTAwNy4wIKXMDSoASAFQAw%3D%3D",4.8,82,"Home Office, Chicago, IL 60610",+1 312-235-2409,https://greaterchicago.fetchpetcare.com/,mo 08:00-19:00; tu 08:00-19:00; we 08:00-19:00; th 08:00-19:00; fr 08:00-19:00; sa 08:00-19:00; su 08:00-19:00,2026-10-10,
PET_SITTING,South Loop Pet Care,"https://www.google.com/maps/place/South+Loop+Pet+Care/@41.8559389,-87.6269423,17z/data=!3m1!4b1!4m6!3m5!1s0x880e2d0e86acdfcb:0x7ad3682118cfff6a!8m2!3d41.8559389!4d-87.6269423!16s%2Fg%2F11vr7z2lyg?authuser=0&hl=en&entry=ttu&g_ep=EgoyMDI2MTAwNy4wIKXMDSoASAFQAw%3D%3D",5.0,81,"1925 S State St, Chicago, IL 60616",+1 312-402-5454,https://www.southlooppetcare.com/,mo 08:00-20:00; tu 08:00-20:00; we 08:00-20:00; th 08:00-20:00; fr 08:00-20:00; sa 10:00-17:00; su 10:00-17:00,2026-10-10,
PET_SITTING,Chicago Adventure Pack,"https://www.google.com/maps/place/Chicago+Adventure+Pack/@41.9263714,-87.6444625,17z/data=!3m1!4b1!4m6!3m5!1s0x880fd3b64d5b50bb:0xee1867adba286456!8m2!3d41.9263714!4d-87.6444625!16s%2Fg%2F11xnc2thg4?authuser=0&hl=en&entry=ttu&g_ep=EgoyMDI2MTAwNy4wIKXMDSoASAFQAw%3D%3D",5.0,62,"611 W Arlington Pl, Chicago, IL 60614",+1 847-881-6998,http://chicagoadventurepack.com/,mo 07:00-23:00; tu 07:00-23:00; we 07:00-23:00; th 07:00-23:00; fr 07:00-23:00; sa 07:00-23:00; su 07:00-23:00,2026-10-10,
