{
  "type": "FeatureCollection",
  "source": "OpenStreetMap contributors, ODbL (9 Stadtbezirke von Köln)",
  "features": [
    {
      "type": "Feature",
      "properties": {
        "name": "Innenstadt",
        "slug": "innenstadt",
        "osm_relation": 2613798,
        "in": {
          "en": "in Innenstadt",
          "de": "in Innenstadt"
        }
      },
      "geometry": {
        "type": "Polygon",
        "coordinates": [
          [
            [
              6.924695,
              50.9362205
            ],
            [
              6.9246978,
              50.9356503
            ],
            [
              6.9247575,
              50.9342075
            ],
            [
              6.9247636,
              50.9340609
            ],
            [
              6.9247754,
              50.9336905
            ],
            [
              6.9247766,
              50.9336515
            ],
            [
              6.9247798,
              50.9335976
            ],
            [
              6.9248655,
              50.9333675
            ],
            [
              6.9252258,
              50.9328542
            ],
            [
              6.9256556,
              50.9322389
            ],
            [
              6.9262268,
              50.9314407
            ],
            [
              6.9265169,
              50.9309856
            ],
            [
              6.9267265,
              50.9310437
            ],
            [
              6.926896,
              50.931072
            ],
            [
              6.9274758,
              50.9311578
            ],
            [
              6.9276621,
              50.9311775
            ],
            [
              6.9278087,
              50.931193
            ],
            [
              6.9281809,
              50.9312118
            ],
            [
              6.9285649,
              50.9312087
            ],
            [
              6.9288903,
              50.9311902
            ],
            [
              6.9291406,
              50.9311647
            ],
            [
              6.9294617,
              50.9311475
            ],
            [
              6.9295737,
              50.9311432
            ],
            [
              6.9297603,
              50.9311462
            ],
            [
              6.9299758,
              50.9311602
            ],
            [
              6.9303436,
              50.9311937
            ],
            [
              6.9303541,
              50.9311955
            ],
            [
              6.930364,
              50.9311971
            ],
            [
              6.9303674,
              50.9311978
            ],
            [
              6.9306119,
              50.9312391
            ],
            [
              6.930725,
              50.9312578
            ],
            [
              6.9308494,
              50.9312783
            ],
            [
              6.9308932,
              50.9312855
            ],
            [
              6.9309867,
              50.931301
            ],
            [
              6.9310297,
              50.9313106
            ],
            [
              6.931056,
              50.9313166
            ],
            [
              6.9311697,
              50.9313423
            ],
            [
              6.9312996,
              50.9313718
            ],
            [
              6.9314465,
              50.9312663
            ],
            [
              6.9315018,
              50.931201
            ],
            [
              6.9301469,
              50.930822
            ],
            [
              6.9310918,
              50.9295142
            ],
            [
              6.9314551,
              50.9290122
            ],
            [
              6.9316668,
              50.9286848
            ],
            [
              6.9319039,
              50.9283241
            ],
            [
              6.9321153,
              50.9279979
            ],
            [
              6.9322787,
              50.9280847
            ],
            [
              6.9324977,
              50.9281445
            ],
            [
              6.9332174,
              50.9283413
            ],
            [
              6.9332231,
              50.9283305
            ],
            [
              6.933241,
              50.9282972
            ],
            [
              6.933266,
              50.9282505
            ],
            [
              6.9332973,
              50.9281922
            ],
            [
              6.9333147,
              50.9281595
            ],
            [
              6.9333377,
              50.9281166
            ],
            [
              6.9333951,
              50.9280095
            ],
            [
              6.93343,
              50.9280184
            ],
            [
              6.9334653,
              50.9280274
            ],
            [
              6.9336393,
              50.9280719
            ],
            [
              6.9336431,
              50.9280729
            ],
            [
              6.9336534,
              50.9280755
            ],
            [
              6.9337418,
              50.928098
            ],
            [
              6.9338047,
              50.9281141
            ],
            [
              6.9339515,
              50.9279232
            ],
            [
              6.9341777,
              50.9276289
            ],
            [
              6.934184,
              50.9276206
            ],
            [
              6.9342183,
              50.927575
            ],
            [
              6.9342411,
              50.9275413
            ],
            [
              6.9342544,
              50.9275216
            ],
            [
              6.9341035,
              50.9274688
            ],
            [
              6.9337114,
              50.9273531
            ],
            [
              6.9336499,
              50.9273361
            ],
            [
              6.9336519,
              50.9273335
            ],
            [
              6.9336571,
              50.9273267
            ],
            [
              6.9337355,
              50.9272247
            ],
            [
              6.934458,
              50.9263065
            ],
            [
              6.9347866,
              50.925889
            ],
            [
              6.9347873,
              50.925888
            ],
            [
              6.9347949,
              50.9258782
            ],
            [
              6.9349433,
              50.9257039
            ],
            [
              6.9349958,
              50.9256615
            ],
            [
              6.9352305,
              50.9254717
            ],
            [
              6.9353701,
              50.9253645
            ],
            [
              6.9353731,
              50.9253624
            ],
            [
              6.9360346,
              50.9249207
            ],
            [
              6.9369702,
              50.9243571
            ],
            [
              6.9365941,
              50.9240358
            ],
            [
              6.9376728,
              50.9236121
            ],
            [
              6.9378733,
              50.923737
            ],
            [
              6.9379672,
              50.9236904
            ],
            [
              6.9381871,
              50.923812
            ],
            [
              6.9388309,
              50.9234495
            ],
            [
              6.9391759,
              50.9232529
            ],
            [
              6.9397343,
              50.9228811
            ],
            [
              6.9399918,
              50.9229346
            ],
            [
              6.9401269,
              50.9229626
            ],
            [
              6.9402153,
              50.922981
            ],
            [
              6.9403662,
              50.9229521
            ],
            [
              6.9403799,
              50.9229494
            ],
            [
              6.9404644,
              50.9229332
            ],
            [
              6.9408385,
              50.9226757
            ],
            [
              6.940994,
              50.9225737
            ],
            [
              6.941369,
              50.9223312
            ],
            [
              6.9415207,
              50.922229
            ],
            [
              6.9417044,
              50.9221064
            ],
            [
              6.941753,
              50.9218982
            ],
            [
              6.941789,
              50.9217785
            ],
            [
              6.9418216,
              50.9216663
            ],
            [
              6.9419908,
              50.9217977
            ],
            [
              6.9420012,
              50.9217688
            ],
            [
              6.9420569,
              50.9217652
            ],
            [
              6.9421121,
              50.9217522
            ],
            [
              6.94218,
              50.9217198
            ],
            [
              6.9424566,
              50.9212692
            ],
            [
              6.9425839,
              50.9210596
            ],
            [
              6.9426318,
              50.921012
            ],
            [
              6.9428476,
              50.9208023
            ],
            [
              6.9430429,
              50.9206118
            ],
            [
              6.9433675,
              50.9205721
            ],
            [
              6.9437092,
              50.9205005
            ],
            [
              6.9443162,
              50.9203455
            ],
            [
              6.9445593,
              50.9202469
            ],
            [
              6.9448599,
              50.9201115
            ],
            [
              6.9452533,
              50.919901
            ],
            [
              6.9452988,
              50.9198775
            ],
            [
              6.9459278,
              50.9195508
            ],
            [
              6.9464958,
              50.9192679
            ],
            [
              6.9469251,
              50.9190329
            ],
            [
              6.947744,
              50.9185122
            ],
            [
              6.9479236,
              50.9184464
            ],
            [
              6.9483967,
              50.9182032
            ],
            [
              6.9486511,
              50.9181046
            ],
            [
              6.9489964,
              50.9179623
            ],
            [
              6.9493087,
              50.9178268
            ],
            [
              6.9494075,
              50.9177845
            ],
            [
              6.9495548,
              50.9177289
            ],
            [
              6.9497722,
              50.9176433
            ],
            [
              6.9500235,
              50.9175462
            ],
            [
              6.950016,
              50.917533
            ],
            [
              6.9503372,
              50.9174066
            ],
            [
              6.9503482,
              50.9174188
            ],
            [
              6.950534,
              50.9173478
            ],
            [
              6.9509635,
              50.9171858
            ],
            [
              6.9514155,
              50.9170405
            ],
            [
              6.9517621,
              50.9169341
            ],
            [
              6.9520126,
              50.9168711
            ],
            [
              6.952287,
              50.9167972
            ],
            [
              6.9524053,
              50.9167752
            ],
            [
              6.9529242,
              50.9166655
            ],
            [
              6.9531842,
              50.9166199
            ],
            [
              6.9533009,
              50.9165982
            ],
            [
              6.9536351,
              50.9165588
            ],
            [
              6.9536312,
              50.9165404
            ],
            [
              6.9541607,
              50.9164749
            ],
            [
              6.9547197,
              50.9164057
            ],
            [
              6.9547271,
              50.9164317
            ],
            [
              6.954829,
              50.9164199
            ],
            [
              6.9559517,
              50.9162888
            ],
            [
              6.9559734,
              50.9162855
            ],
            [
              6.9562556,
              50.9162534
            ],
            [
              6.9562524,
              50.9162437
            ],
            [
              6.9565783,
              50.9162018
            ],
            [
              6.9571133,
              50.9161398
            ],
            [
              6.9588141,
              50.9159578
            ],
            [
              6.9599128,
              50.915824
            ],
            [
              6.9606985,
              50.9157281
            ],
            [
              6.9608745,
              50.9157129
            ],
            [
              6.9609412,
              50.9156903
            ],
            [
              6.9611872,
              50.9156481
            ],
            [
              6.9612155,
              50.9156429
            ],
            [
              6.961342,
              50.9156199
            ],
            [
              6.9614151,
              50.9156066
            ],
            [
              6.9614404,
              50.9156003
            ],
            [
              6.9615529,
              50.9155906
            ],
            [
              6.9616795,
              50.915581
            ],
            [
              6.9618575,
              50.9155655
            ],
            [
              6.9618672,
              50.9155645
            ],
            [
              6.9618767,
              50.9155638
            ],
            [
              6.9619212,
              50.9155599
            ],
            [
              6.9619906,
              50.9155537
            ],
            [
              6.9627426,
              50.9154004
            ],
            [
              6.9636549,
              50.915386
            ],
            [
              6.9637238,
              50.9154688
            ],
            [
              6.964142,
              50.9154846
            ],
            [
              6.964254,
              50.915487
            ],
            [
              6.9646103,
              50.9155039
            ],
            [
              6.9646365,
              50.9155059
            ],
            [
              6.9647554,
              50.9155145
            ],
            [
              6.9649546,
              50.9155298
            ],
            [
              6.9649824,
              50.915533
            ],
            [
              6.9652389,
              50.915569
            ],
            [
              6.9655204,
              50.9156072
            ],
            [
              6.9655737,
              50.9156038
            ],
            [
              6.9656163,
              50.915599
            ],
            [
              6.9656276,
              50.9156005
            ],
            [
              6.9658242,
              50.9156268
            ],
            [
              6.9659871,
              50.9156453
            ],
            [
              6.9660463,
              50.9156726
            ],
            [
              6.9661393,
              50.9157149
            ],
            [
              6.9662873,
              50.9157528
            ],
            [
              6.9663416,
              50.9157678
            ],
            [
              6.9667465,
              50.9158429
            ],
            [
              6.9689402,
              50.9163297
            ],
            [
              6.9692707,
              50.9163567
            ],
            [
              6.9697732,
              50.9164713
            ],
            [
              6.9700125,
              50.9164755
            ],
            [
              6.9701852,
              50.9165107
            ],
            [
              6.9702854,
              50.9165311
            ],
            [
              6.9706158,
              50.9165939
            ],
            [
              6.9706476,
              50.9165963
            ],
            [
              6.9713503,
              50.9167577
            ],
            [
              6.9713539,
              50.9167586
            ],
            [
              6.9713574,
              50.9167594
            ],
            [
              6.97334,
              50.9172265
            ],
            [
              6.9753523,
              50.91768
            ],
            [
              6.975455,
              50.9177051
            ],
            [
              6.97542,
              50.9177673
            ],
            [
              6.9755582,
              50.9178001
            ],
            [
              6.9755962,
              50.9177344
            ],
            [
              6.9761503,
              50.9178622
            ],
            [
              6.9762964,
              50.9178957
            ],
            [
              6.9762916,
              50.9179046
            ],
            [
              6.976282,
              50.917922
            ],
            [
              6.9763533,
              50.9179869
            ],
            [
              6.9764767,
              50.9179634
            ],
            [
              6.9764907,
              50.9179394
            ],
            [
              6.9771436,
              50.9180899
            ],
            [
              6.9771373,
              50.9181011
            ],
            [
              6.977131,
              50.9181126
            ],
            [
              6.9772109,
              50.9181638
            ],
            [
              6.9774741,
              50.9182322
            ],
            [
              6.977476,
              50.9182327
            ],
            [
              6.9774779,
              50.9182297
            ],
            [
              6.9775091,
              50.9181826
            ],
            [
              6.9775097,
              50.9181815
            ],
            [
              6.9775103,
              50.9181806
            ],
            [
              6.9775117,
              50.9181786
            ],
            [
              6.9775136,
              50.9181791
            ],
            [
              6.9777499,
              50.9182327
            ],
            [
              6.9779806,
              50.9182849
            ],
            [
              6.977949,
              50.9183418
            ],
            [
              6.9781364,
              50.918385
            ],
            [
              6.978138,
              50.9183854
            ],
            [
              6.9781402,
              50.9183825
            ],
            [
              6.9781772,
              50.9183346
            ],
            [
              6.9781794,
              50.9183318
            ],
            [
              6.9781811,
              50.9183322
            ],
            [
              6.9782992,
              50.9183588
            ],
            [
              6.9783006,
              50.9183591
            ],
            [
              6.9783018,
              50.9183594
            ],
            [
              6.9783043,
              50.91836
            ],
            [
              6.9784188,
              50.9183857
            ],
            [
              6.9784021,
              50.9184195
            ],
            [
              6.9784368,
              50.9184729
            ],
            [
              6.9784374,
              50.9184738
            ],
            [
              6.9785053,
              50.9185037
            ],
            [
              6.9793896,
              50.918695
            ],
            [
              6.9803244,
              50.9189154
            ],
            [
              6.9804016,
              50.9189442
            ],
            [
              6.9805511,
              50.9189805
            ],
            [
              6.9809829,
              50.9191166
            ],
            [
              6.9813211,
              50.9192399
            ],
            [
              6.9816296,
              50.9193716
            ],
            [
              6.9820077,
              50.9195696
            ],
            [
              6.9824334,
              50.9198186
            ],
            [
              6.9827127,
              50.9200113
            ],
            [
              6.9827197,
              50.9200162
            ],
            [
              6.9828326,
              50.9200973
            ],
            [
              6.9828616,
              50.9201182
            ],
            [
              6.9829451,
              50.9201782
            ],
            [
              6.9829726,
              50.920198
            ],
            [
              6.9832852,
              50.9205283
            ],
            [
              6.983486,
              50.9208097
            ],
            [
              6.9836443,
              50.9210762
            ],
            [
              6.9837259,
              50.9212511
            ],
            [
              6.9837678,
              50.9214357
            ],
            [
              6.9837855,
              50.9215088
            ],
            [
              6.9837961,
              50.9216017
            ],
            [
              6.9838503,
              50.9218355
            ],
            [
              6.9838541,
              50.9218833
            ],
            [
              6.9838682,
              50.9219893
            ],
            [
              6.9838785,
              50.9224642
            ],
            [
              6.9838045,
              50.9224921
            ],
            [
              6.9837967,
              50.9226651
            ],
            [
              6.9837891,
              50.9228356
            ],
            [
              6.9837876,
              50.9228558
            ],
            [
              6.9837039,
              50.923959
            ],
            [
              6.9837052,
              50.9245207
            ],
            [
              6.9837038,
              50.9247039
            ],
            [
              6.983762,
              50.9249707
            ],
            [
              6.9838011,
              50.9251145
            ],
            [
              6.9838013,
              50.9251151
            ],
            [
              6.9838012,
              50.9251164
            ],
            [
              6.9838016,
              50.9251182
            ],
            [
              6.9838017,
              50.92512
            ],
            [
              6.9838746,
              50.9253551
            ],
            [
              6.9840453,
              50.9257441
            ],
            [
              6.9842834,
              50.9262422
            ],
            [
              6.9843664,
              50.9263856
            ],
            [
              6.9844457,
              50.9264937
            ],
            [
              6.9846953,
              50.9268342
            ],
            [
              6.9849883,
              50.9272844
            ],
            [
              6.985554,
              50.9278892
            ],
            [
              6.9866357,
              50.9289688
            ],
            [
              6.9866928,
              50.929007
            ],
            [
              6.9866955,
              50.9290076
            ],
            [
              6.9867848,
              50.929027
            ],
            [
              6.986885,
              50.9290226
            ],
            [
              6.9869567,
              50.9290941
            ],
            [
              6.9872557,
              50.9293844
            ],
            [
              6.9872463,
              50.9293957
            ],
            [
              6.9872284,
              50.9294739
            ],
            [
              6.9872578,
              50.9295189
            ],
            [
              6.9896051,
              50.9316817
            ],
            [
              6.9897352,
              50.9318009
            ],
            [
              6.9896982,
              50.9319375
            ],
            [
              6.9896822,
              50.9319843
            ],
            [
              6.9897107,
              50.9321204
            ],
            [
              6.9898046,
              50.9322465
            ],
            [
              6.9909854,
              50.9332459
            ],
            [
              6.9913706,
              50.933615
            ],
            [
              6.9918658,
              50.9341683
            ],
            [
              6.992145,
              50.9345357
            ],
            [
              6.9923986,
              50.9350909
            ],
            [
              6.9925824,
              50.9356404
            ],
            [
              6.9926044,
              50.9357063
            ],
            [
              6.9926381,
              50.9358236
            ],
            [
              6.9927934,
              50.9363651
            ],
            [
              6.9929753,
              50.936683
            ],
            [
              6.9931315,
              50.9368451
            ],
            [
              6.9933154,
              50.9369885
            ],
            [
              6.9933556,
              50.9370198
            ],
            [
              6.9934081,
              50.9370607
            ],
            [
              6.9935984,
              50.9370788
            ],
            [
              6.9940417,
              50.9371208
            ],
            [
              6.9939899,
              50.9371432
            ],
            [
              6.993908,
              50.9371787
            ],
            [
              6.9937894,
              50.9372301
            ],
            [
              6.9936978,
              50.937316
            ],
            [
              6.9936714,
              50.9373409
            ],
            [
              6.9922454,
              50.9379528
            ],
            [
              6.9916446,
              50.9382124
            ],
            [
              6.9912747,
              50.9383693
            ],
            [
              6.9905726,
              50.9386698
            ],
            [
              6.9903657,
              50.9386334
            ],
            [
              6.9901131,
              50.9387399
            ],
            [
              6.9900386,
              50.9387847
            ],
            [
              6.9899177,
              50.9388575
            ],
            [
              6.9892838,
              50.9391144
            ],
            [
              6.9886748,
              50.9393174
            ],
            [
              6.9882273,
              50.9394491
            ],
            [
              6.9879287,
              50.9395175
            ],
            [
              6.987949,
              50.9396302
            ],
            [
              6.9879586,
              50.9396842
            ],
            [
              6.9883859,
              50.9397599
            ],
            [
              6.9885952,
              50.9398067
            ],
            [
              6.9887991,
              50.939862
            ],
            [
              6.9896518,
              50.9401624
            ],
            [
              6.9905763,
              50.9406317
            ],
            [
              6.9912044,
              50.9410047
            ],
            [
              6.991833,
              50.9414377
            ],
            [
              6.9921052,
              50.9416674
            ],
            [
              6.9925179,
              50.9420154
            ],
            [
              6.993284,
              50.9427179
            ],
            [
              6.9934199,
              50.9428728
            ],
            [
              6.9935422,
              50.9430374
            ],
            [
              6.9936343,
              50.9431845
            ],
            [
              6.9937292,
              50.9433751
            ],
            [
              6.9941575,
              50.9444991
            ],
            [
              6.9941793,
              50.9445512
            ],
            [
              6.9943037,
              50.944846
            ],
            [
              6.9945806,
              50.9455168
            ],
            [
              6.9946681,
              50.9457284
            ],
            [
              6.9946897,
              50.9457805
            ],
            [
              6.9947035,
              50.945814
            ],
            [
              6.994704,
              50.9458152
            ],
            [
              6.9947671,
              50.9459679
            ],
            [
              6.9947771,
              50.9459921
            ],
            [
              6.9942689,
              50.9458484
            ],
            [
              6.9938299,
              50.9457411
            ],
            [
              6.9930599,
              50.9455711
            ],
            [
              6.9927168,
              50.9455073
            ],
            [
              6.992658,
              50.9454979
            ],
            [
              6.9924775,
              50.945469
            ],
            [
              6.992179,
              50.945427
            ],
            [
              6.9921797,
              50.9454276
            ],
            [
              6.9921916,
              50.9454397
            ],
            [
              6.9924246,
              50.945675
            ],
            [
              6.9925049,
              50.9457561
            ],
            [
              6.9927387,
              50.9459626
            ],
            [
              6.9930043,
              50.9462485
            ],
            [
              6.9932238,
              50.9464481
            ],
            [
              6.993307,
              50.946526
            ],
            [
              6.9934776,
              50.9467208
            ],
            [
              6.9936112,
              50.9468489
            ],
            [
              6.9938796,
              50.947194
            ],
            [
              6.9943295,
              50.9477722
            ],
            [
              6.9943939,
              50.9478582
            ],
            [
              6.9950128,
              50.9486839
            ],
            [
              6.9950132,
              50.9486844
            ],
            [
              6.9951884,
              50.9489182
            ],
            [
              6.9952595,
              50.949013
            ],
            [
              6.9953452,
              50.9491167
            ],
            [
              6.9953745,
              50.9491541
            ],
            [
              6.9954244,
              50.9491811
            ],
            [
              6.9954479,
              50.9491897
            ],
            [
              6.9954598,
              50.9491937
            ],
            [
              6.9954821,
              50.9492212
            ],
            [
              6.9955086,
              50.9492531
            ],
            [
              6.9955182,
              50.9492649
            ],
            [
              6.9956111,
              50.949379
            ],
            [
              6.9953883,
              50.9494179
            ],
            [
              6.9952027,
              50.9494602
            ],
            [
              6.9950116,
              50.9495069
            ],
            [
              6.9950098,
              50.9495074
            ],
            [
              6.9947014,
              50.9495828
            ],
            [
              6.9945631,
              50.94952
            ],
            [
              6.994556,
              50.9495168
            ],
            [
              6.994524,
              50.9495022
            ],
            [
              6.9942726,
              50.9493879
            ],
            [
              6.994072,
              50.9491664
            ],
            [
              6.9938742,
              50.9489704
            ],
            [
              6.9933,
              50.9485307
            ],
            [
              6.9927222,
              50.9481607
            ],
            [
              6.9911016,
              50.9471824
            ],
            [
              6.9898426,
              50.94652
            ],
            [
              6.9895181,
              50.9465134
            ],
            [
              6.9894409,
              50.9465726
            ],
            [
              6.9892343,
              50.9466253
            ],
            [
              6.9888425,
              50.9466983
            ],
            [
              6.9888022,
              50.9467228
            ],
            [
              6.9887157,
              50.9467649
            ],
            [
              6.9883375,
              50.946949
            ],
            [
              6.9882786,
              50.9469807
            ],
            [
              6.9881492,
              50.9470252
            ],
            [
              6.9880889,
              50.9470453
            ],
            [
              6.9880655,
              50.9470532
            ],
            [
              6.9878273,
              50.9471255
            ],
            [
              6.9876791,
              50.9471472
            ],
            [
              6.9876549,
              50.9471216
            ],
            [
              6.9875374,
              50.9471221
            ],
            [
              6.9871478,
              50.9471238
            ],
            [
              6.9871409,
              50.9471238
            ],
            [
              6.987134,
              50.9471238
            ],
            [
              6.9867921,
              50.947134
            ],
            [
              6.9867852,
              50.9471342
            ],
            [
              6.9867783,
              50.9471343
            ],
            [
              6.9865445,
              50.9471581
            ],
            [
              6.9865377,
              50.9471588
            ],
            [
              6.986531,
              50.9471595
            ],
            [
              6.9863735,
              50.9471899
            ],
            [
              6.9863672,
              50.9471911
            ],
            [
              6.9863611,
              50.9471923
            ],
            [
              6.9862692,
              50.9472081
            ],
            [
              6.9862627,
              50.9472092
            ],
            [
              6.9862563,
              50.9472103
            ],
            [
              6.9860989,
              50.9472526
            ],
            [
              6.9859271,
              50.9472972
            ],
            [
              6.9859254,
              50.9472979
            ],
            [
              6.9857884,
              50.9473527
            ],
            [
              6.9856129,
              50.9474142
            ],
            [
              6.9856034,
              50.9474165
            ],
            [
              6.9855047,
              50.947292
            ],
            [
              6.9854898,
              50.9472748
            ],
            [
              6.9854848,
              50.9472691
            ],
            [
              6.9854339,
              50.9472173
            ],
            [
              6.9853262,
              50.9471077
            ],
            [
              6.9852721,
              50.9470457
            ],
            [
              6.9839636,
              50.9455464
            ],
            [
              6.9834529,
              50.9449597
            ],
            [
              6.9833301,
              50.9450029
            ],
            [
              6.9832565,
              50.9450288
            ],
            [
              6.9832401,
              50.9450348
            ],
            [
              6.9832245,
              50.9450406
            ],
            [
              6.9817292,
              50.9455953
            ],
            [
              6.9802265,
              50.9461528
            ],
            [
              6.9801977,
              50.9461634
            ],
            [
              6.9795203,
              50.9464147
            ],
            [
              6.9786849,
              50.9467258
            ],
            [
              6.9782372,
              50.9468972
            ],
            [
              6.9781789,
              50.9469205
            ],
            [
              6.9781715,
              50.9469233
            ],
            [
              6.978162,
              50.9469269
            ],
            [
              6.9781694,
              50.9469357
            ],
            [
              6.9783156,
              50.9471104
            ],
            [
              6.97838,
              50.9471696
            ],
            [
              6.9784945,
              50.9472747
            ],
            [
              6.9786533,
              50.9474019
            ],
            [
              6.9786542,
              50.9474026
            ],
            [
              6.9789528,
              50.9476414
            ],
            [
              6.9795771,
              50.9481403
            ],
            [
              6.9795805,
              50.948143
            ],
            [
              6.9800104,
              50.9484864
            ],
            [
              6.980012,
              50.9484877
            ],
            [
              6.9801426,
              50.9485921
            ],
            [
              6.9802271,
              50.9486541
            ],
            [
              6.9804245,
              50.948799
            ],
            [
              6.9804355,
              50.9488071
            ],
            [
              6.9804484,
              50.9488166
            ],
            [
              6.9804528,
              50.9488202
            ],
            [
              6.9804571,
              50.9488238
            ],
            [
              6.9807193,
              50.9490422
            ],
            [
              6.9810941,
              50.9491749
            ],
            [
              6.9810953,
              50.9491753
            ],
            [
              6.9810962,
              50.9491756
            ],
            [
              6.9812706,
              50.9492374
            ],
            [
              6.9812757,
              50.9492392
            ],
            [
              6.9812656,
              50.9492465
            ],
            [
              6.9812637,
              50.9492479
            ],
            [
              6.9812427,
              50.9492632
            ],
            [
              6.9812375,
              50.9492669
            ],
            [
              6.9812478,
              50.9492706
            ],
            [
              6.9817292,
              50.9494427
            ],
            [
              6.9817303,
              50.9494431
            ],
            [
              6.9817313,
              50.9494434
            ],
            [
              6.981749,
              50.949425
            ],
            [
              6.9817581,
              50.9494283
            ],
            [
              6.9819165,
              50.9494857
            ],
            [
              6.9819187,
              50.9494865
            ],
            [
              6.981912,
              50.949495
            ],
            [
              6.9819072,
              50.949501
            ],
            [
              6.9819036,
              50.9495055
            ],
            [
              6.9819109,
              50.9495077
            ],
            [
              6.982293,
              50.9496213
            ],
            [
              6.9823429,
              50.9496342
            ],
            [
              6.9823447,
              50.9496346
            ],
            [
              6.9824805,
              50.9496695
            ],
            [
              6.9825584,
              50.9496896
            ],
            [
              6.9826391,
              50.9497233
            ],
            [
              6.9826404,
              50.9497238
            ],
            [
              6.9828414,
              50.9498077
            ],
            [
              6.9820921,
              50.9502942
            ],
            [
              6.9814903,
              50.9506694
            ],
            [
              6.9809104,
              50.9510428
            ],
            [
              6.9781316,
              50.9528564
            ],
            [
              6.9779697,
              50.9529809
            ],
            [
              6.9777142,
              50.9531773
            ],
            [
              6.9776211,
              50.9532488
            ],
            [
              6.9759442,
              50.9543877
            ],
            [
              6.9755545,
              50.9546524
            ],
            [
              6.9741117,
              50.9555848
            ],
            [
              6.9741093,
              50.9555864
            ],
            [
              6.9740892,
              50.9555994
            ],
            [
              6.9740666,
              50.955614
            ],
            [
              6.9737738,
              50.9558067
            ],
            [
              6.9736096,
              50.955895
            ],
            [
              6.9734966,
              50.9559558
            ],
            [
              6.9718073,
              50.9568619
            ],
            [
              6.9705876,
              50.9573494
            ],
            [
              6.9698033,
              50.9577365
            ],
            [
              6.9690854,
              50.9580699
            ],
            [
              6.9680786,
              50.9585033
            ],
            [
              6.9676769,
              50.9586543
            ],
            [
              6.9672986,
              50.9587924
            ],
            [
              6.9668887,
              50.9589205
            ],
            [
              6.9664463,
              50.9590448
            ],
            [
              6.9659253,
              50.9591551
            ],
            [
              6.9657817,
              50.9591747
            ],
            [
              6.9657729,
              50.9591759
            ],
            [
              6.9655119,
              50.9592115
            ],
            [
              6.9652412,
              50.9592389
            ],
            [
              6.9649459,
              50.9592688
            ],
            [
              6.964415,
              50.9592868
            ],
            [
              6.964182,
              50.9592714
            ],
            [
              6.9636859,
              50.9592877
            ],
            [
              6.9619198,
              50.9592734
            ],
            [
              6.9616357,
              50.9592684
            ],
            [
              6.9611859,
              50.9592471
            ],
            [
              6.9611767,
              50.9592453
            ],
            [
              6.960935,
              50.9591979
            ],
            [
              6.9606052,
              50.959129
            ],
            [
              6.9603286,
              50.9590369
            ],
            [
              6.9601117,
              50.9589407
            ],
            [
              6.9587598,
              50.9581682
            ],
            [
              6.9581567,
              50.9578642
            ],
            [
              6.9579309,
              50.9577647
            ],
            [
              6.957443,
              50.9576184
            ],
            [
              6.9560652,
              50.9571944
            ],
            [
              6.955544,
              50.9570592
            ],
            [
              6.9554868,
              50.9570482
            ],
            [
              6.9540198,
              50.9566635
            ],
            [
              6.950799,
              50.9558192
            ],
            [
              6.9502627,
              50.9556781
            ],
            [
              6.9499111,
              50.9555835
            ],
            [
              6.9497311,
              50.9555275
            ],
            [
              6.9496687,
              50.9555044
            ],
            [
              6.949226,
              50.9553276
            ],
            [
              6.9483012,
              50.9549584
            ],
            [
              6.948204,
              50.9549145
            ],
            [
              6.9480389,
              50.9548274
            ],
            [
              6.9479973,
              50.954803
            ],
            [
              6.9473174,
              50.954359
            ],
            [
              6.9470083,
              50.9542184
            ],
            [
              6.9464581,
              50.9540491
            ],
            [
              6.9456711,
              50.9539586
            ],
            [
              6.9451427,
              50.9539165
            ],
            [
              6.9419107,
              50.9537445
            ],
            [
              6.9416845,
              50.9537294
            ],
            [
              6.9410913,
              50.953682
            ],
            [
              6.9405839,
              50.9537081
            ],
            [
              6.9405784,
              50.9537076
            ],
            [
              6.9403979,
              50.9536908
            ],
            [
              6.9395219,
              50.9536094
            ],
            [
              6.939264,
              50.9535569
            ],
            [
              6.9389097,
              50.9534064
            ],
            [
              6.9387795,
              50.9533512
            ],
            [
              6.9385964,
              50.9532207
            ],
            [
              6.9372228,
              50.9522361
            ],
            [
              6.9350404,
              50.9505572
            ],
            [
              6.9350145,
              50.9505373
            ],
            [
              6.9337649,
              50.9495144
            ],
            [
              6.9336373,
              50.9493954
            ],
            [
              6.9332967,
              50.9490779
            ],
            [
              6.9332667,
              50.9490499
            ],
            [
              6.933264,
              50.9490477
            ],
            [
              6.9325545,
              50.9484859
            ],
            [
              6.9325496,
              50.9484819
            ],
            [
              6.9325248,
              50.9484599
            ],
            [
              6.9316916,
              50.9477198
            ],
            [
              6.9292877,
              50.9456851
            ],
            [
              6.9287657,
              50.9453628
            ],
            [
              6.9285578,
              50.9452345
            ],
            [
              6.928447,
              50.9451519
            ],
            [
              6.9283852,
              50.945079
            ],
            [
              6.9281965,
              50.9448522
            ],
            [
              6.9277605,
              50.9442289
            ],
            [
              6.9273618,
              50.943659
            ],
            [
              6.927164,
              50.9433763
            ],
            [
              6.926692,
              50.9427092
            ],
            [
              6.9266166,
              50.9425793
            ],
            [
              6.9260143,
              50.9409398
            ],
            [
              6.925272,
              50.9391167
            ],
            [
              6.9248078,
              50.9375028
            ],
            [
              6.924721,
              50.9368657
            ],
            [
              6.924695,
              50.9362205
            ]
          ]
        ]
      }
    },
    {
      "type": "Feature",
      "properties": {
        "name": "Rodenkirchen",
        "slug": "rodenkirchen",
        "osm_relation": 2613805,
        "in": {
          "en": "in Rodenkirchen",
          "de": "in Rodenkirchen"
        }
      },
      "geometry": {
        "type": "Polygon",
        "coordinates": [
          [
            [
              6.9128583,
              50.8826135
            ],
            [
              6.9132133,
              50.8825334
            ],
            [
              6.9133206,
              50.8825099
            ],
            [
              6.9134551,
              50.8824796
            ],
            [
              6.913563,
              50.8824558
            ],
            [
              6.9135626,
              50.8824552
            ],
            [
              6.9135258,
              50.8824007
            ],
            [
              6.9135673,
              50.8823845
            ],
            [
              6.9136459,
              50.8823539
            ],
            [
              6.9137638,
              50.8822958
            ],
            [
              6.913774,
              50.8822893
            ],
            [
              6.9138641,
              50.8822319
            ],
            [
              6.9139501,
              50.8821576
            ],
            [
              6.9140008,
              50.8820921
            ],
            [
              6.9140109,
              50.882079
            ],
            [
              6.9140143,
              50.8820747
            ],
            [
              6.9140581,
              50.8819868
            ],
            [
              6.9140762,
              50.8818949
            ],
            [
              6.9140782,
              50.8818028
            ],
            [
              6.9140591,
              50.8817113
            ],
            [
              6.9140452,
              50.8816759
            ],
            [
              6.914024,
              50.8816218
            ],
            [
              6.913965,
              50.8814966
            ],
            [
              6.9139646,
              50.8814959
            ],
            [
              6.9137056,
              50.8809468
            ],
            [
              6.9136671,
              50.8808654
            ],
            [
              6.9136635,
              50.8808576
            ],
            [
              6.9136103,
              50.8807345
            ],
            [
              6.9135716,
              50.8806302
            ],
            [
              6.9135632,
              50.8806078
            ],
            [
              6.9135228,
              50.8804793
            ],
            [
              6.913496,
              50.8803497
            ],
            [
              6.9134846,
              50.8802193
            ],
            [
              6.9134841,
              50.8801604
            ],
            [
              6.9134836,
              50.8800885
            ],
            [
              6.9134963,
              50.8799578
            ],
            [
              6.913519,
              50.8798282
            ],
            [
              6.9137558,
              50.8786452
            ],
            [
              6.9137727,
              50.8785608
            ],
            [
              6.9139626,
              50.8776111
            ],
            [
              6.9139767,
              50.8775416
            ],
            [
              6.9139796,
              50.8775269
            ],
            [
              6.9139815,
              50.8775177
            ],
            [
              6.9139975,
              50.8774361
            ],
            [
              6.9140284,
              50.8772842
            ],
            [
              6.9140637,
              50.877178
            ],
            [
              6.9140919,
              50.8771465
            ],
            [
              6.9141348,
              50.8771229
            ],
            [
              6.914187,
              50.8771096
            ],
            [
              6.9142413,
              50.8771132
            ],
            [
              6.9142191,
              50.8771018
            ],
            [
              6.9140784,
              50.8770301
            ],
            [
              6.9140311,
              50.877008
            ],
            [
              6.914024,
              50.8770053
            ],
            [
              6.9140045,
              50.876998
            ],
            [
              6.9140523,
              50.8769333
            ],
            [
              6.9140714,
              50.8769416
            ],
            [
              6.9140836,
              50.8769295
            ],
            [
              6.914111,
              50.8768923
            ],
            [
              6.9142,
              50.8767805
            ],
            [
              6.9142076,
              50.8767709
            ],
            [
              6.9142492,
              50.8767168
            ],
            [
              6.9142664,
              50.8766945
            ],
            [
              6.9143689,
              50.8765617
            ],
            [
              6.9144007,
              50.8765173
            ],
            [
              6.9144443,
              50.876464
            ],
            [
              6.9147376,
              50.876158
            ],
            [
              6.9151544,
              50.8757221
            ],
            [
              6.9156797,
              50.8751742
            ],
            [
              6.9160864,
              50.8747514
            ],
            [
              6.9161526,
              50.8746824
            ],
            [
              6.9161818,
              50.8746523
            ],
            [
              6.916527,
              50.8742995
            ],
            [
              6.9166092,
              50.8742127
            ],
            [
              6.9166782,
              50.8741399
            ],
            [
              6.9168069,
              50.8740038
            ],
            [
              6.9168802,
              50.873926
            ],
            [
              6.9169299,
              50.8738732
            ],
            [
              6.9171483,
              50.8736414
            ],
            [
              6.9172487,
              50.8735347
            ],
            [
              6.9173465,
              50.8734334
            ],
            [
              6.9175262,
              50.8732468
            ],
            [
              6.9176006,
              50.8731696
            ],
            [
              6.9176669,
              50.8731008
            ],
            [
              6.9176947,
              50.8730669
            ],
            [
              6.9178357,
              50.8728913
            ],
            [
              6.9179666,
              50.8727288
            ],
            [
              6.9180315,
              50.872648
            ],
            [
              6.9181606,
              50.8724877
            ],
            [
              6.9182091,
              50.8724273
            ],
            [
              6.9186996,
              50.8718172
            ],
            [
              6.9187595,
              50.8717427
            ],
            [
              6.9192711,
              50.8711064
            ],
            [
              6.9193565,
              50.8710002
            ],
            [
              6.9205587,
              50.8698052
            ],
            [
              6.9210458,
              50.8694256
            ],
            [
              6.9211047,
              50.8693797
            ],
            [
              6.9214445,
              50.8691148
            ],
            [
              6.9215974,
              50.8689617
            ],
            [
              6.9216649,
              50.8688724
            ],
            [
              6.9217015,
              50.8688242
            ],
            [
              6.9217667,
              50.8687379
            ],
            [
              6.9218085,
              50.8686826
            ],
            [
              6.9219112,
              50.8685469
            ],
            [
              6.9219132,
              50.8685445
            ],
            [
              6.921915,
              50.868542
            ],
            [
              6.9219464,
              50.8684742
            ],
            [
              6.9219656,
              50.8684328
            ],
            [
              6.9220704,
              50.8682054
            ],
            [
              6.9222322,
              50.8678573
            ],
            [
              6.9223066,
              50.8676971
            ],
            [
              6.9223801,
              50.8675331
            ],
            [
              6.9225893,
              50.8670674
            ],
            [
              6.9226281,
              50.8669807
            ],
            [
              6.9226507,
              50.8668955
            ],
            [
              6.9226729,
              50.8668113
            ],
            [
              6.9227485,
              50.8665241
            ],
            [
              6.9227823,
              50.866396
            ],
            [
              6.9228067,
              50.8663034
            ],
            [
              6.9228372,
              50.8661877
            ],
            [
              6.9228599,
              50.8661016
            ],
            [
              6.9228784,
              50.8660312
            ],
            [
              6.9231156,
              50.8655739
            ],
            [
              6.9231601,
              50.8654879
            ],
            [
              6.9231977,
              50.8654627
            ],
            [
              6.9232481,
              50.8654289
            ],
            [
              6.9232296,
              50.8654206
            ],
            [
              6.9231712,
              50.8653949
            ],
            [
              6.9230975,
              50.8653954
            ],
            [
              6.9230896,
              50.8653935
            ],
            [
              6.9229056,
              50.865351
            ],
            [
              6.9224628,
              50.8652487
            ],
            [
              6.9220326,
              50.8651229
            ],
            [
              6.9217676,
              50.8649647
            ],
            [
              6.9215954,
              50.864834
            ],
            [
              6.9215352,
              50.8647882
            ],
            [
              6.9214279,
              50.8646889
            ],
            [
              6.9213898,
              50.8646536
            ],
            [
              6.9213143,
              50.8645838
            ],
            [
              6.9212737,
              50.8645462
            ],
            [
              6.9210568,
              50.8643454
            ],
            [
              6.9209706,
              50.8642657
            ],
            [
              6.9207149,
              50.8640289
            ],
            [
              6.9206226,
              50.8639361
            ],
            [
              6.9205403,
              50.8638531
            ],
            [
              6.9202926,
              50.8636037
            ],
            [
              6.9202075,
              50.863518
            ],
            [
              6.9201323,
              50.8634424
            ],
            [
              6.9201428,
              50.8633849
            ],
            [
              6.9201006,
              50.8633341
            ],
            [
              6.9200313,
              50.8633294
            ],
            [
              6.9200272,
              50.8633246
            ],
            [
              6.9199665,
              50.863249
            ],
            [
              6.9194408,
              50.8625953
            ],
            [
              6.9192044,
              50.8623414
            ],
            [
              6.919132,
              50.8622635
            ],
            [
              6.9189096,
              50.8620602
            ],
            [
              6.9182635,
              50.8614678
            ],
            [
              6.918075,
              50.861289
            ],
            [
              6.9178729,
              50.8610976
            ],
            [
              6.9176678,
              50.8609026
            ],
            [
              6.9175927,
              50.8608315
            ],
            [
              6.9175879,
              50.860827
            ],
            [
              6.917556,
              50.8607967
            ],
            [
              6.9175508,
              50.8607876
            ],
            [
              6.9175335,
              50.8607567
            ],
            [
              6.9175111,
              50.8607169
            ],
            [
              6.917463,
              50.8606318
            ],
            [
              6.9171183,
              50.8600195
            ],
            [
              6.9170767,
              50.8599387
            ],
            [
              6.916572,
              50.8589552
            ],
            [
              6.9164771,
              50.8587708
            ],
            [
              6.916433,
              50.8586849
            ],
            [
              6.9164109,
              50.8586521
            ],
            [
              6.9163574,
              50.8585732
            ],
            [
              6.9164356,
              50.8586079
            ],
            [
              6.9165098,
              50.8586103
            ],
            [
              6.9165315,
              50.8585212
            ],
            [
              6.9166723,
              50.8579425
            ],
            [
              6.9166926,
              50.8578587
            ],
            [
              6.9168494,
              50.8572142
            ],
            [
              6.9171046,
              50.8561647
            ],
            [
              6.9171345,
              50.8560768
            ],
            [
              6.9172656,
              50.8560956
            ],
            [
              6.9176283,
              50.8561478
            ],
            [
              6.9176453,
              50.8561059
            ],
            [
              6.9176551,
              50.8560816
            ],
            [
              6.9177928,
              50.8561037
            ],
            [
              6.9179229,
              50.8561246
            ],
            [
              6.9188927,
              50.8562799
            ],
            [
              6.9188949,
              50.8562746
            ],
            [
              6.9189295,
              50.8561925
            ],
            [
              6.9189642,
              50.85611
            ],
            [
              6.9191474,
              50.8556745
            ],
            [
              6.9191821,
              50.8555919
            ],
            [
              6.9197433,
              50.8542573
            ],
            [
              6.9199606,
              50.8542851
            ],
            [
              6.9199754,
              50.8542411
            ],
            [
              6.9204,
              50.8530256
            ],
            [
              6.9205841,
              50.8528818
            ],
            [
              6.9194389,
              50.8513063
            ],
            [
              6.9191548,
              50.8509114
            ],
            [
              6.9189421,
              50.8506162
            ],
            [
              6.9189101,
              50.8505717
            ],
            [
              6.918873,
              50.8505205
            ],
            [
              6.9185394,
              50.8500579
            ],
            [
              6.9185476,
              50.8500599
            ],
            [
              6.9188141,
              50.8501217
            ],
            [
              6.9191094,
              50.85019
            ],
            [
              6.9200914,
              50.8504168
            ],
            [
              6.9200782,
              50.850327
            ],
            [
              6.9200458,
              50.8501023
            ],
            [
              6.9199346,
              50.8493511
            ],
            [
              6.9199276,
              50.8493082
            ],
            [
              6.9199146,
              50.8492264
            ],
            [
              6.9199043,
              50.8491533
            ],
            [
              6.9198973,
              50.8491086
            ],
            [
              6.9199097,
              50.8491086
            ],
            [
              6.920039,
              50.8491069
            ],
            [
              6.9203641,
              50.8491024
            ],
            [
              6.9204878,
              50.8491009
            ],
            [
              6.921988,
              50.8490797
            ],
            [
              6.9229025,
              50.8490669
            ],
            [
              6.92317,
              50.8490825
            ],
            [
              6.9232308,
              50.8490918
            ],
            [
              6.9233609,
              50.8491124
            ],
            [
              6.9233701,
              50.8491138
            ],
            [
              6.9234335,
              50.8490872
            ],
            [
              6.923435,
              50.8490815
            ],
            [
              6.9234576,
              50.8489954
            ],
            [
              6.9240256,
              50.846829
            ],
            [
              6.9241983,
              50.846195
            ],
            [
              6.9243659,
              50.84561
            ],
            [
              6.9249293,
              50.8436512
            ],
            [
              6.9284633,
              50.8439868
            ],
            [
              6.9285144,
              50.8439559
            ],
            [
              6.9279022,
              50.8411186
            ],
            [
              6.9297733,
              50.8412785
            ],
            [
              6.9300853,
              50.84029
            ],
            [
              6.9301013,
              50.8402394
            ],
            [
              6.9308274,
              50.8379389
            ],
            [
              6.9308538,
              50.8378552
            ],
            [
              6.9308758,
              50.8377857
            ],
            [
              6.9308815,
              50.8377672
            ],
            [
              6.9308133,
              50.8377271
            ],
            [
              6.9308086,
              50.8377243
            ],
            [
              6.9307941,
              50.8377159
            ],
            [
              6.9306078,
              50.8376067
            ],
            [
              6.9304321,
              50.8374949
            ],
            [
              6.9306038,
              50.8374703
            ],
            [
              6.9313004,
              50.8373699
            ],
            [
              6.9313106,
              50.8374445
            ],
            [
              6.931316,
              50.8374838
            ],
            [
              6.931533,
              50.8374838
            ],
            [
              6.9316095,
              50.8374864
            ],
            [
              6.9318226,
              50.8374931
            ],
            [
              6.9319944,
              50.8375198
            ],
            [
              6.9326704,
              50.8375795
            ],
            [
              6.9327984,
              50.8375792
            ],
            [
              6.9350718,
              50.8379351
            ],
            [
              6.9368411,
              50.8382114
            ],
            [
              6.9373017,
              50.8382821
            ],
            [
              6.9377472,
              50.8383307
            ],
            [
              6.9380206,
              50.8383519
            ],
            [
              6.9383094,
              50.8383666
            ],
            [
              6.938531,
              50.8383753
            ],
            [
              6.9390221,
              50.8383797
            ],
            [
              6.9395201,
              50.8383662
            ],
            [
              6.9399071,
              50.8383439
            ],
            [
              6.9398834,
              50.8383772
            ],
            [
              6.9398232,
              50.8384613
            ],
            [
              6.9397944,
              50.8385023
            ],
            [
              6.9396475,
              50.8387021
            ],
            [
              6.9407755,
              50.8390498
            ],
            [
              6.9408692,
              50.839079
            ],
            [
              6.9409256,
              50.839096
            ],
            [
              6.9403878,
              50.8399322
            ],
            [
              6.9413639,
              50.8402079
            ],
            [
              6.9414198,
              50.8402236
            ],
            [
              6.9415513,
              50.8402609
            ],
            [
              6.9413941,
              50.8403757
            ],
            [
              6.9412597,
              50.8404734
            ],
            [
              6.9409357,
              50.8407851
            ],
            [
              6.9407218,
              50.8409214
            ],
            [
              6.9406806,
              50.8409548
            ],
            [
              6.9406237,
              50.8410009
            ],
            [
              6.9405444,
              50.841064
            ],
            [
              6.9405233,
              50.8410817
            ],
            [
              6.9401789,
              50.8414299
            ],
            [
              6.9397738,
              50.8419114
            ],
            [
              6.9391754,
              50.8426706
            ],
            [
              6.9385563,
              50.8434555
            ],
            [
              6.9382687,
              50.8439361
            ],
            [
              6.9381945,
              50.8440794
            ],
            [
              6.9381555,
              50.844288
            ],
            [
              6.9383924,
              50.8443311
            ],
            [
              6.9390417,
              50.8444492
            ],
            [
              6.9410721,
              50.8448186
            ],
            [
              6.9427703,
              50.8451281
            ],
            [
              6.9427744,
              50.8450718
            ],
            [
              6.9428448,
              50.8450832
            ],
            [
              6.9428998,
              50.8450925
            ],
            [
              6.944299,
              50.8453245
            ],
            [
              6.9443871,
              50.845339
            ],
            [
              6.9444764,
              50.8453539
            ],
            [
              6.9445546,
              50.8453669
            ],
            [
              6.9446526,
              50.845383
            ],
            [
              6.9449227,
              50.8454279
            ],
            [
              6.9456476,
              50.8445029
            ],
            [
              6.9457837,
              50.84433
            ],
            [
              6.9460037,
              50.8441856
            ],
            [
              6.946107,
              50.8441183
            ],
            [
              6.9462551,
              50.8439527
            ],
            [
              6.9463248,
              50.8438745
            ],
            [
              6.9463926,
              50.8437986
            ],
            [
              6.9467547,
              50.8433943
            ],
            [
              6.9471758,
              50.8429239
            ],
            [
              6.9480032,
              50.8419999
            ],
            [
              6.9481051,
              50.8418869
            ],
            [
              6.9482428,
              50.8417331
            ],
            [
              6.9482574,
              50.8417166
            ],
            [
              6.94836,
              50.8416015
            ],
            [
              6.9485773,
              50.8413593
            ],
            [
              6.9490568,
              50.8408253
            ],
            [
              6.9500049,
              50.8397661
            ],
            [
              6.9500571,
              50.8397076
            ],
            [
              6.9500752,
              50.8396877
            ],
            [
              6.9501187,
              50.8396465
            ],
            [
              6.9505052,
              50.8392793
            ],
            [
              6.9506941,
              50.8391007
            ],
            [
              6.9510159,
              50.8387953
            ],
            [
              6.9516793,
              50.838166
            ],
            [
              6.9517678,
              50.8380818
            ],
            [
              6.9518624,
              50.837992
            ],
            [
              6.9522083,
              50.8376639
            ],
            [
              6.9523592,
              50.8375211
            ],
            [
              6.9524551,
              50.8374305
            ],
            [
              6.9526353,
              50.837259
            ],
            [
              6.9530512,
              50.8368656
            ],
            [
              6.9531168,
              50.8368034
            ],
            [
              6.9532261,
              50.8366997
            ],
            [
              6.9533059,
              50.8366242
            ],
            [
              6.9533925,
              50.8365069
            ],
            [
              6.9541555,
              50.8354707
            ],
            [
              6.9546733,
              50.8347686
            ],
            [
              6.9546659,
              50.8347583
            ],
            [
              6.9546471,
              50.8347325
            ],
            [
              6.9546551,
              50.8347274
            ],
            [
              6.9547002,
              50.8347354
            ],
            [
              6.954768,
              50.834747
            ],
            [
              6.954822,
              50.8347587
            ],
            [
              6.9550252,
              50.8348032
            ],
            [
              6.9551729,
              50.8348357
            ],
            [
              6.9553433,
              50.834885
            ],
            [
              6.9555119,
              50.8349341
            ],
            [
              6.9555422,
              50.834943
            ],
            [
              6.9555446,
              50.8349438
            ],
            [
              6.9555501,
              50.8349455
            ],
            [
              6.9555987,
              50.8349591
            ],
            [
              6.9565381,
              50.8352233
            ],
            [
              6.9565963,
              50.8352416
            ],
            [
              6.9567906,
              50.8353029
            ],
            [
              6.9569695,
              50.8353595
            ],
            [
              6.9570175,
              50.8353746
            ],
            [
              6.957081,
              50.8353947
            ],
            [
              6.9575217,
              50.8355337
            ],
            [
              6.9576527,
              50.8355765
            ],
            [
              6.9577454,
              50.8356074
            ],
            [
              6.9578538,
              50.8356434
            ],
            [
              6.9580141,
              50.8356968
            ],
            [
              6.958183,
              50.8357531
            ],
            [
              6.9585222,
              50.8358659
            ],
            [
              6.9586732,
              50.8359161
            ],
            [
              6.9588246,
              50.8359695
            ],
            [
              6.958963,
              50.8360182
            ],
            [
              6.9591064,
              50.8360687
            ],
            [
              6.9591502,
              50.8360851
            ],
            [
              6.9591559,
              50.8360867
            ],
            [
              6.9594832,
              50.8362066
            ],
            [
              6.9600826,
              50.83642
            ],
            [
              6.9604486,
              50.8365693
            ],
            [
              6.9610731,
              50.8369071
            ],
            [
              6.9611234,
              50.8369338
            ],
            [
              6.9611508,
              50.8369778
            ],
            [
              6.9614032,
              50.8370612
            ],
            [
              6.9614761,
              50.8370854
            ],
            [
              6.9619144,
              50.8372306
            ],
            [
              6.9620386,
              50.8372717
            ],
            [
              6.962976,
              50.8375817
            ],
            [
              6.9630317,
              50.8376004
            ],
            [
              6.9630749,
              50.8376151
            ],
            [
              6.9633013,
              50.8376899
            ],
            [
              6.9634775,
              50.8377472
            ],
            [
              6.9642586,
              50.8380047
            ],
            [
              6.9643472,
              50.8380341
            ],
            [
              6.9643762,
              50.8380437
            ],
            [
              6.9645237,
              50.8380924
            ],
            [
              6.964564,
              50.838036
            ],
            [
              6.9649066,
              50.8381277
            ],
            [
              6.9654585,
              50.8382924
            ],
            [
              6.9658682,
              50.8384096
            ],
            [
              6.9659421,
              50.8384307
            ],
            [
              6.9660445,
              50.8384599
            ],
            [
              6.9661332,
              50.8384853
            ],
            [
              6.9663787,
              50.8385556
            ],
            [
              6.9664481,
              50.8385756
            ],
            [
              6.9666936,
              50.838647
            ],
            [
              6.9667204,
              50.8386543
            ],
            [
              6.9667539,
              50.8386645
            ],
            [
              6.9668378,
              50.8386991
            ],
            [
              6.9669182,
              50.838733
            ],
            [
              6.9669854,
              50.8387607
            ],
            [
              6.9670576,
              50.8387906
            ],
            [
              6.9671937,
              50.838847
            ],
            [
              6.9673139,
              50.8389096
            ],
            [
              6.9674447,
              50.838977
            ],
            [
              6.9677161,
              50.8392069
            ],
            [
              6.9678785,
              50.8393832
            ],
            [
              6.967993,
              50.83958
            ],
            [
              6.9681693,
              50.8399155
            ],
            [
              6.9681963,
              50.8399668
            ],
            [
              6.9682095,
              50.8399927
            ],
            [
              6.9683488,
              50.8401909
            ],
            [
              6.9684008,
              50.8402541
            ],
            [
              6.9684624,
              50.8403279
            ],
            [
              6.968502,
              50.8403688
            ],
            [
              6.968555,
              50.8404235
            ],
            [
              6.968719,
              50.8405937
            ],
            [
              6.9688495,
              50.8407281
            ],
            [
              6.9688535,
              50.8407322
            ],
            [
              6.9689441,
              50.8408147
            ],
            [
              6.9691311,
              50.8409846
            ],
            [
              6.9692145,
              50.8410507
            ],
            [
              6.9692845,
              50.8411077
            ],
            [
              6.9693966,
              50.8411958
            ],
            [
              6.9694221,
              50.8412157
            ],
            [
              6.9694851,
              50.8412636
            ],
            [
              6.9695987,
              50.8413498
            ],
            [
              6.9696228,
              50.8413671
            ],
            [
              6.9699337,
              50.8415997
            ],
            [
              6.9701951,
              50.841795
            ],
            [
              6.9702817,
              50.8418917
            ],
            [
              6.9703931,
              50.8420151
            ],
            [
              6.9704977,
              50.8421307
            ],
            [
              6.970695,
              50.8423492
            ],
            [
              6.97075,
              50.8423888
            ],
            [
              6.9708232,
              50.8424416
            ],
            [
              6.9711071,
              50.8426448
            ],
            [
              6.9712278,
              50.8427316
            ],
            [
              6.9713265,
              50.8428023
            ],
            [
              6.9713425,
              50.8428142
            ],
            [
              6.9714384,
              50.8428823
            ],
            [
              6.9714733,
              50.8429073
            ],
            [
              6.9715632,
              50.8429713
            ],
            [
              6.9716692,
              50.8430475
            ],
            [
              6.9716943,
              50.8430655
            ],
            [
              6.9720915,
              50.8433057
            ],
            [
              6.9721989,
              50.8433705
            ],
            [
              6.9722222,
              50.8433846
            ],
            [
              6.9723358,
              50.8434532
            ],
            [
              6.9723745,
              50.8434764
            ],
            [
              6.9724503,
              50.8435154
            ],
            [
              6.9729432,
              50.8437686
            ],
            [
              6.9730207,
              50.8438084
            ],
            [
              6.9731196,
              50.8438591
            ],
            [
              6.9734273,
              50.8440171
            ],
            [
              6.973676,
              50.8441323
            ],
            [
              6.9737686,
              50.8440377
            ],
            [
              6.9738893,
              50.8439153
            ],
            [
              6.9740039,
              50.843799
            ],
            [
              6.9743118,
              50.843608
            ],
            [
              6.9745598,
              50.8433858
            ],
            [
              6.974629,
              50.8433238
            ],
            [
              6.974666,
              50.8432903
            ],
            [
              6.97504,
              50.8429268
            ],
            [
              6.9751325,
              50.8428364
            ],
            [
              6.9751975,
              50.8427735
            ],
            [
              6.9753014,
              50.8426725
            ],
            [
              6.9753484,
              50.842621
            ],
            [
              6.9753867,
              50.8425792
            ],
            [
              6.9754355,
              50.8425258
            ],
            [
              6.9755274,
              50.8424259
            ],
            [
              6.9756488,
              50.842293
            ],
            [
              6.9756595,
              50.8422828
            ],
            [
              6.9757044,
              50.8422333
            ],
            [
              6.9760384,
              50.8418707
            ],
            [
              6.9761377,
              50.8417633
            ],
            [
              6.9761785,
              50.8417191
            ],
            [
              6.9762354,
              50.8416578
            ],
            [
              6.9764954,
              50.8413763
            ],
            [
              6.9766695,
              50.8411881
            ],
            [
              6.9768893,
              50.8412111
            ],
            [
              6.9778738,
              50.8415918
            ],
            [
              6.9781192,
              50.841546
            ],
            [
              6.9799066,
              50.8411242
            ],
            [
              6.9806034,
              50.8409595
            ],
            [
              6.9806445,
              50.8410202
            ],
            [
              6.9806868,
              50.8410808
            ],
            [
              6.9807297,
              50.841141
            ],
            [
              6.9809462,
              50.8414068
            ],
            [
              6.9811745,
              50.8416684
            ],
            [
              6.9814145,
              50.8419259
            ],
            [
              6.981666,
              50.842179
            ],
            [
              6.9819285,
              50.8424275
            ],
            [
              6.9822023,
              50.8426712
            ],
            [
              6.9822035,
              50.8426723
            ],
            [
              6.9824867,
              50.8429099
            ],
            [
              6.9826776,
              50.843061
            ],
            [
              6.9826999,
              50.8430786
            ],
            [
              6.9827816,
              50.8431433
            ],
            [
              6.983087,
              50.8433714
            ],
            [
              6.9832753,
              50.8435044
            ],
            [
              6.9834671,
              50.8436354
            ],
            [
              6.9836624,
              50.8437644
            ],
            [
              6.9837192,
              50.8438011
            ],
            [
              6.9837762,
              50.8438376
            ],
            [
              6.9838336,
              50.8438739
            ],
            [
              6.983871,
              50.8438976
            ],
            [
              6.9839464,
              50.8439448
            ],
            [
              6.9842355,
              50.8441024
            ],
            [
              6.9850216,
              50.8445693
            ],
            [
              6.9859127,
              50.8449959
            ],
            [
              6.9864722,
              50.8452406
            ],
            [
              6.9866676,
              50.8453214
            ],
            [
              6.9872996,
              50.8455814
            ],
            [
              6.9880104,
              50.8458737
            ],
            [
              6.9884022,
              50.8460352
            ],
            [
              6.9885216,
              50.8460843
            ],
            [
              6.98872,
              50.846166
            ],
            [
              6.9891152,
              50.8463289
            ],
            [
              6.9892735,
              50.8463942
            ],
            [
              6.9894296,
              50.8464584
            ],
            [
              6.99014,
              50.8467512
            ],
            [
              6.9907713,
              50.8470117
            ],
            [
              6.9908498,
              50.8470439
            ],
            [
              6.9922803,
              50.8476442
            ],
            [
              6.9937144,
              50.8482412
            ],
            [
              6.9938324,
              50.8482902
            ],
            [
              6.9940051,
              50.8483619
            ],
            [
              6.9942402,
              50.8484593
            ],
            [
              6.9963121,
              50.8493158
            ],
            [
              6.9972345,
              50.8496929
            ],
            [
              6.9984977,
              50.8502092
            ],
            [
              7.0014021,
              50.8513903
            ],
            [
              7.0021254,
              50.8516983
            ],
            [
              7.0028355,
              50.8520184
            ],
            [
              7.00399,
              50.8525645
            ],
            [
              7.0054371,
              50.8533042
            ],
            [
              7.0063488,
              50.8538046
            ],
            [
              7.0068896,
              50.8541139
            ],
            [
              7.0073176,
              50.8543681
            ],
            [
              7.0080352,
              50.854808
            ],
            [
              7.0081638,
              50.854891
            ],
            [
              7.0089013,
              50.8553667
            ],
            [
              7.0093081,
              50.8556431
            ],
            [
              7.0096055,
              50.8558452
            ],
            [
              7.0097824,
              50.8559687
            ],
            [
              7.0098236,
              50.8559975
            ],
            [
              7.0100392,
              50.8561513
            ],
            [
              7.0101297,
              50.8562163
            ],
            [
              7.0108059,
              50.8567133
            ],
            [
              7.0109466,
              50.8568168
            ],
            [
              7.011727,
              50.8574367
            ],
            [
              7.0120066,
              50.8576688
            ],
            [
              7.0122874,
              50.8579004
            ],
            [
              7.0122968,
              50.8579081
            ],
            [
              7.0123311,
              50.8579362
            ],
            [
              7.0133225,
              50.8587482
            ],
            [
              7.0142822,
              50.8595186
            ],
            [
              7.014305,
              50.8595368
            ],
            [
              7.0143279,
              50.859555
            ],
            [
              7.0144302,
              50.8596367
            ],
            [
              7.0172294,
              50.8619148
            ],
            [
              7.0214577,
              50.8653549
            ],
            [
              7.0218135,
              50.8656443
            ],
            [
              7.0219533,
              50.8657572
            ],
            [
              7.0220885,
              50.865865
            ],
            [
              7.0222255,
              50.8659717
            ],
            [
              7.0223246,
              50.8660481
            ],
            [
              7.0232928,
              50.8667624
            ],
            [
              7.0243525,
              50.8674356
            ],
            [
              7.0244984,
              50.8675242
            ],
            [
              7.0255016,
              50.8681049
            ],
            [
              7.0266474,
              50.8686879
            ],
            [
              7.0289097,
              50.8696973
            ],
            [
              7.0311946,
              50.8704624
            ],
            [
              7.0326006,
              50.870907
            ],
            [
              7.0342494,
              50.8714096
            ],
            [
              7.0352449,
              50.8717056
            ],
            [
              7.0361847,
              50.8719765
            ],
            [
              7.0364233,
              50.8720445
            ],
            [
              7.036634,
              50.8721042
            ],
            [
              7.0376713,
              50.872398
            ],
            [
              7.0378456,
              50.8724483
            ],
            [
              7.0383282,
              50.8725889
            ],
            [
              7.0401043,
              50.8731198
            ],
            [
              7.0417994,
              50.8736619
            ],
            [
              7.0418301,
              50.8736711
            ],
            [
              7.0418654,
              50.8736817
            ],
            [
              7.0419312,
              50.8737017
            ],
            [
              7.0419656,
              50.8737123
            ],
            [
              7.0420001,
              50.8737228
            ],
            [
              7.0420384,
              50.8737347
            ],
            [
              7.0420769,
              50.8737467
            ],
            [
              7.0421061,
              50.8737559
            ],
            [
              7.042153,
              50.8737706
            ],
            [
              7.0421718,
              50.8737767
            ],
            [
              7.0421721,
              50.8737767
            ],
            [
              7.0421722,
              50.8737768
            ],
            [
              7.0421913,
              50.8737829
            ],
            [
              7.0422683,
              50.8738076
            ],
            [
              7.0423973,
              50.8738496
            ],
            [
              7.0424127,
              50.8738548
            ],
            [
              7.0424129,
              50.8738548
            ],
            [
              7.0424285,
              50.87386
            ],
            [
              7.0434213,
              50.874207
            ],
            [
              7.0444197,
              50.8746347
            ],
            [
              7.0445332,
              50.8746865
            ],
            [
              7.0461783,
              50.8755106
            ],
            [
              7.0475877,
              50.876494
            ],
            [
              7.0476106,
              50.8765115
            ],
            [
              7.0476108,
              50.8765116
            ],
            [
              7.0476338,
              50.8765291
            ],
            [
              7.0477038,
              50.876583
            ],
            [
              7.0477862,
              50.8766474
            ],
            [
              7.047854,
              50.8767011
            ],
            [
              7.0478663,
              50.876711
            ],
            [
              7.0478843,
              50.8767255
            ],
            [
              7.0478844,
              50.8767255
            ],
            [
              7.0478892,
              50.8767294
            ],
            [
              7.0479498,
              50.8767784
            ],
            [
              7.0479608,
              50.8767873
            ],
            [
              7.047973,
              50.8767973
            ],
            [
              7.047994,
              50.8768143
            ],
            [
              7.0487558,
              50.8774763
            ],
            [
              7.0494571,
              50.8782328
            ],
            [
              7.0497507,
              50.8785859
            ],
            [
              7.0499527,
              50.8788548
            ],
            [
              7.0499734,
              50.8788831
            ],
            [
              7.0499939,
              50.8789114
            ],
            [
              7.0500244,
              50.8789539
            ],
            [
              7.050264,
              50.8793014
            ],
            [
              7.0504533,
              50.8796115
            ],
            [
              7.0504645,
              50.8796307
            ],
            [
              7.0504707,
              50.8796412
            ],
            [
              7.050478,
              50.8796536
            ],
            [
              7.0505025,
              50.8796959
            ],
            [
              7.0505101,
              50.8797092
            ],
            [
              7.0505168,
              50.8797208
            ],
            [
              7.0505293,
              50.8797425
            ],
            [
              7.0508861,
              50.8804206
            ],
            [
              7.051145,
              50.8811009
            ],
            [
              7.0511721,
              50.8811812
            ],
            [
              7.0511779,
              50.881199
            ],
            [
              7.0511802,
              50.881206
            ],
            [
              7.0511872,
              50.8812277
            ],
            [
              7.0513893,
              50.8819338
            ],
            [
              7.0515014,
              50.8827483
            ],
            [
              7.0515439,
              50.8838345
            ],
            [
              7.0513553,
              50.8849141
            ],
            [
              7.0513451,
              50.8849582
            ],
            [
              7.0513429,
              50.8849673
            ],
            [
              7.0513429,
              50.8849675
            ],
            [
              7.0513394,
              50.884982
            ],
            [
              7.0513346,
              50.8850021
            ],
            [
              7.0511444,
              50.885688
            ],
            [
              7.0508135,
              50.8864639
            ],
            [
              7.0507478,
              50.886599
            ],
            [
              7.0502967,
              50.8874269
            ],
            [
              7.0497063,
              50.8882191
            ],
            [
              7.0496728,
              50.8882608
            ],
            [
              7.0496639,
              50.8882718
            ],
            [
              7.049639,
              50.8883024
            ],
            [
              7.049631,
              50.8883122
            ],
            [
              7.0496106,
              50.8883372
            ],
            [
              7.0496028,
              50.8883466
            ],
            [
              7.0496028,
              50.8883467
            ],
            [
              7.0495887,
              50.8883636
            ],
            [
              7.0495887,
              50.8883637
            ],
            [
              7.049582,
              50.8883718
            ],
            [
              7.0495479,
              50.8884125
            ],
            [
              7.0495393,
              50.8884228
            ],
            [
              7.0495297,
              50.8884342
            ],
            [
              7.0495137,
              50.8884531
            ],
            [
              7.0489417,
              50.8890921
            ],
            [
              7.0482393,
              50.8897311
            ],
            [
              7.0477464,
              50.8901408
            ],
            [
              7.0465707,
              50.8909687
            ],
            [
              7.045937,
              50.8913436
            ],
            [
              7.0455745,
              50.891545
            ],
            [
              7.0445614,
              50.8920646
            ],
            [
              7.0434695,
              50.8925157
            ],
            [
              7.0430006,
              50.8926924
            ],
            [
              7.0416048,
              50.8931629
            ],
            [
              7.0401275,
              50.8935204
            ],
            [
              7.0392316,
              50.8937021
            ],
            [
              7.0372664,
              50.8940404
            ],
            [
              7.0354352,
              50.8942421
            ],
            [
              7.0352662,
              50.8942579
            ],
            [
              7.0350632,
              50.8942759
            ],
            [
              7.0349067,
              50.8942887
            ],
            [
              7.0332131,
              50.8943974
            ],
            [
              7.0315837,
              50.8944106
            ],
            [
              7.028024,
              50.8943775
            ],
            [
              7.0267855,
              50.8943658
            ],
            [
              7.0239767,
              50.894339
            ],
            [
              7.02377,
              50.8943371
            ],
            [
              7.019452,
              50.8942951
            ],
            [
              7.0193097,
              50.8942937
            ],
            [
              7.0178947,
              50.8942799
            ],
            [
              7.0173728,
              50.8942757
            ],
            [
              7.016851,
              50.8942751
            ],
            [
              7.0135685,
              50.8943289
            ],
            [
              7.0116385,
              50.8944107
            ],
            [
              7.0080368,
              50.8946511
            ],
            [
              7.005645,
              50.8948988
            ],
            [
              7.0048471,
              50.8949912
            ],
            [
              7.0033749,
              50.8951861
            ],
            [
              7.001921,
              50.89543
            ],
            [
              7.0004895,
              50.895722
            ],
            [
              7.0004562,
              50.8957292
            ],
            [
              7.0004228,
              50.8957364
            ],
            [
              7.0003563,
              50.895751
            ],
            [
              7.0003423,
              50.8957541
            ],
            [
              7.0003282,
              50.8957572
            ],
            [
              7.000275,
              50.895769
            ],
            [
              7.0002218,
              50.8957807
            ],
            [
              7.0002095,
              50.8957835
            ],
            [
              7.0001972,
              50.8957863
            ],
            [
              6.9984914,
              50.8961951
            ],
            [
              6.9968293,
              50.8966706
            ],
            [
              6.9952125,
              50.8972054
            ],
            [
              6.9936468,
              50.8977975
            ],
            [
              6.9921367,
              50.8984452
            ],
            [
              6.9906941,
              50.8991513
            ],
            [
              6.9906665,
              50.8991655
            ],
            [
              6.9906664,
              50.8991655
            ],
            [
              6.9906387,
              50.8991798
            ],
            [
              6.9905833,
              50.8992084
            ],
            [
              6.9905752,
              50.8992126
            ],
            [
              6.9905584,
              50.8992213
            ],
            [
              6.9905459,
              50.8992278
            ],
            [
              6.99045,
              50.8992778
            ],
            [
              6.9904239,
              50.8992914
            ],
            [
              6.9903978,
              50.8993051
            ],
            [
              6.9903727,
              50.8993184
            ],
            [
              6.990346,
              50.8993326
            ],
            [
              6.9903199,
              50.8993463
            ],
            [
              6.990294,
              50.8993599
            ],
            [
              6.9902272,
              50.8993955
            ],
            [
              6.9902046,
              50.8994076
            ],
            [
              6.9901819,
              50.8994196
            ],
            [
              6.9901135,
              50.8994565
            ],
            [
              6.9901033,
              50.899462
            ],
            [
              6.9900873,
              50.8994707
            ],
            [
              6.9900612,
              50.8994849
            ],
            [
              6.9900088,
              50.8995135
            ],
            [
              6.9899389,
              50.8995511
            ],
            [
              6.9894695,
              50.899811
            ],
            [
              6.989031,
              50.9000663
            ],
            [
              6.9884891,
              50.9003901
            ],
            [
              6.9879592,
              50.9007217
            ],
            [
              6.9879338,
              50.9007379
            ],
            [
              6.9879084,
              50.900754
            ],
            [
              6.9878577,
              50.9007862
            ],
            [
              6.9878449,
              50.9007944
            ],
            [
              6.987832,
              50.9008026
            ],
            [
              6.9877568,
              50.900851
            ],
            [
              6.9877321,
              50.900867
            ],
            [
              6.9877073,
              50.900883
            ],
            [
              6.9871683,
              50.9012358
            ],
            [
              6.9866427,
              50.9015963
            ],
            [
              6.986628,
              50.9016066
            ],
            [
              6.9866132,
              50.9016169
            ],
            [
              6.986536,
              50.9016706
            ],
            [
              6.9853748,
              50.9025049
            ],
            [
              6.9842407,
              50.9034117
            ],
            [
              6.9828197,
              50.9046293
            ],
            [
              6.9814469,
              50.9060028
            ],
            [
              6.9809614,
              50.906524
            ],
            [
              6.9805464,
              50.9069968
            ],
            [
              6.9802365,
              50.907364
            ],
            [
              6.9799636,
              50.9076926
            ],
            [
              6.9799296,
              50.9077337
            ],
            [
              6.9799127,
              50.9077542
            ],
            [
              6.9798957,
              50.9077748
            ],
            [
              6.9798438,
              50.9078378
            ],
            [
              6.979792,
              50.907901
            ],
            [
              6.9794588,
              50.9083032
            ],
            [
              6.9790682,
              50.9087854
            ],
            [
              6.9759586,
              50.9128651
            ],
            [
              6.9734312,
              50.9170666
            ],
            [
              6.9734124,
              50.9170979
            ],
            [
              6.9733787,
              50.917158
            ],
            [
              6.97334,
              50.9172265
            ],
            [
              6.9713574,
              50.9167594
            ],
            [
              6.9713539,
              50.9167586
            ],
            [
              6.9713503,
              50.9167577
            ],
            [
              6.9706476,
              50.9165963
            ],
            [
              6.9706158,
              50.9165939
            ],
            [
              6.9702854,
              50.9165311
            ],
            [
              6.9701852,
              50.9165107
            ],
            [
              6.9700125,
              50.9164755
            ],
            [
              6.9697732,
              50.9164713
            ],
            [
              6.9692707,
              50.9163567
            ],
            [
              6.9689402,
              50.9163297
            ],
            [
              6.9667465,
              50.9158429
            ],
            [
              6.9663416,
              50.9157678
            ],
            [
              6.9662873,
              50.9157528
            ],
            [
              6.9661393,
              50.9157149
            ],
            [
              6.9660463,
              50.9156726
            ],
            [
              6.9659871,
              50.9156453
            ],
            [
              6.9658242,
              50.9156268
            ],
            [
              6.9656276,
              50.9156005
            ],
            [
              6.9656163,
              50.915599
            ],
            [
              6.9655737,
              50.9156038
            ],
            [
              6.9655204,
              50.9156072
            ],
            [
              6.9652389,
              50.915569
            ],
            [
              6.9649824,
              50.915533
            ],
            [
              6.9649546,
              50.9155298
            ],
            [
              6.9647554,
              50.9155145
            ],
            [
              6.9646365,
              50.9155059
            ],
            [
              6.9646103,
              50.9155039
            ],
            [
              6.964254,
              50.915487
            ],
            [
              6.964142,
              50.9154846
            ],
            [
              6.9637238,
              50.9154688
            ],
            [
              6.9636549,
              50.915386
            ],
            [
              6.9627426,
              50.9154004
            ],
            [
              6.9619906,
              50.9155537
            ],
            [
              6.9619212,
              50.9155599
            ],
            [
              6.9618767,
              50.9155638
            ],
            [
              6.9618672,
              50.9155645
            ],
            [
              6.9618575,
              50.9155655
            ],
            [
              6.9616795,
              50.915581
            ],
            [
              6.9615529,
              50.9155906
            ],
            [
              6.9614404,
              50.9156003
            ],
            [
              6.9614151,
              50.9156066
            ],
            [
              6.961342,
              50.9156199
            ],
            [
              6.9612155,
              50.9156429
            ],
            [
              6.9611872,
              50.9156481
            ],
            [
              6.9609412,
              50.9156903
            ],
            [
              6.9608745,
              50.9157129
            ],
            [
              6.9606985,
              50.9157281
            ],
            [
              6.9599128,
              50.915824
            ],
            [
              6.9588141,
              50.9159578
            ],
            [
              6.9571133,
              50.9161398
            ],
            [
              6.9565783,
              50.9162018
            ],
            [
              6.9562524,
              50.9162437
            ],
            [
              6.9562556,
              50.9162534
            ],
            [
              6.9559734,
              50.9162855
            ],
            [
              6.9559517,
              50.9162888
            ],
            [
              6.954829,
              50.9164199
            ],
            [
              6.9547271,
              50.9164317
            ],
            [
              6.9547197,
              50.9164057
            ],
            [
              6.9541607,
              50.9164749
            ],
            [
              6.9536312,
              50.9165404
            ],
            [
              6.9536351,
              50.9165588
            ],
            [
              6.9533009,
              50.9165982
            ],
            [
              6.9531842,
              50.9166199
            ],
            [
              6.9529242,
              50.9166655
            ],
            [
              6.9524053,
              50.9167752
            ],
            [
              6.952287,
              50.9167972
            ],
            [
              6.9520126,
              50.9168711
            ],
            [
              6.9517621,
              50.9169341
            ],
            [
              6.9514155,
              50.9170405
            ],
            [
              6.9509635,
              50.9171858
            ],
            [
              6.950534,
              50.9173478
            ],
            [
              6.9503482,
              50.9174188
            ],
            [
              6.9503372,
              50.9174066
            ],
            [
              6.950016,
              50.917533
            ],
            [
              6.9500235,
              50.9175462
            ],
            [
              6.9497722,
              50.9176433
            ],
            [
              6.9495548,
              50.9177289
            ],
            [
              6.9494075,
              50.9177845
            ],
            [
              6.9493087,
              50.9178268
            ],
            [
              6.9489964,
              50.9179623
            ],
            [
              6.9486511,
              50.9181046
            ],
            [
              6.9483967,
              50.9182032
            ],
            [
              6.9479236,
              50.9184464
            ],
            [
              6.947744,
              50.9185122
            ],
            [
              6.9469251,
              50.9190329
            ],
            [
              6.9464958,
              50.9192679
            ],
            [
              6.9459278,
              50.9195508
            ],
            [
              6.9452988,
              50.9198775
            ],
            [
              6.9452533,
              50.919901
            ],
            [
              6.9448599,
              50.9201115
            ],
            [
              6.9445593,
              50.9202469
            ],
            [
              6.9443162,
              50.9203455
            ],
            [
              6.9437092,
              50.9205005
            ],
            [
              6.9433675,
              50.9205721
            ],
            [
              6.9430429,
              50.9206118
            ],
            [
              6.9428476,
              50.9208023
            ],
            [
              6.9426318,
              50.921012
            ],
            [
              6.9425839,
              50.9210596
            ],
            [
              6.9424566,
              50.9212692
            ],
            [
              6.94218,
              50.9217198
            ],
            [
              6.9421121,
              50.9217522
            ],
            [
              6.9420569,
              50.9217652
            ],
            [
              6.9420012,
              50.9217688
            ],
            [
              6.9419908,
              50.9217977
            ],
            [
              6.9418216,
              50.9216663
            ],
            [
              6.941789,
              50.9217785
            ],
            [
              6.941753,
              50.9218982
            ],
            [
              6.9417044,
              50.9221064
            ],
            [
              6.9415207,
              50.922229
            ],
            [
              6.941369,
              50.9223312
            ],
            [
              6.940994,
              50.9225737
            ],
            [
              6.9408385,
              50.9226757
            ],
            [
              6.9404644,
              50.9229332
            ],
            [
              6.9403043,
              50.9222756
            ],
            [
              6.9402629,
              50.9220747
            ],
            [
              6.9399678,
              50.9216039
            ],
            [
              6.9397412,
              50.921243
            ],
            [
              6.9396545,
              50.9211149
            ],
            [
              6.9395728,
              50.9209988
            ],
            [
              6.9391802,
              50.9205292
            ],
            [
              6.9388549,
              50.9201412
            ],
            [
              6.9388188,
              50.9200983
            ],
            [
              6.9387311,
              50.9199933
            ],
            [
              6.9386158,
              50.9198295
            ],
            [
              6.9383303,
              50.9194222
            ],
            [
              6.9381351,
              50.9191493
            ],
            [
              6.9378811,
              50.918794
            ],
            [
              6.9377386,
              50.9186159
            ],
            [
              6.9376868,
              50.9185511
            ],
            [
              6.9376351,
              50.9184844
            ],
            [
              6.9374327,
              50.9182298
            ],
            [
              6.9372979,
              50.9180312
            ],
            [
              6.9371132,
              50.9177278
            ],
            [
              6.9368186,
              50.917313
            ],
            [
              6.9366891,
              50.9171304
            ],
            [
              6.9366025,
              50.9170091
            ],
            [
              6.9363918,
              50.9167119
            ],
            [
              6.9360409,
              50.9162165
            ],
            [
              6.9360222,
              50.9161899
            ],
            [
              6.9358404,
              50.9159335
            ],
            [
              6.9356692,
              50.9156927
            ],
            [
              6.9355166,
              50.9154798
            ],
            [
              6.9353711,
              50.9152583
            ],
            [
              6.9352314,
              50.9150539
            ],
            [
              6.935145,
              50.914927
            ],
            [
              6.9350878,
              50.9148645
            ],
            [
              6.9349547,
              50.9146812
            ],
            [
              6.9347487,
              50.9144153
            ],
            [
              6.9343978,
              50.9139675
            ],
            [
              6.9341611,
              50.9136657
            ],
            [
              6.9339801,
              50.9134658
            ],
            [
              6.9339783,
              50.9134638
            ],
            [
              6.9339693,
              50.9134554
            ],
            [
              6.9338738,
              50.9133664
            ],
            [
              6.933866,
              50.9133584
            ],
            [
              6.9337763,
              50.9132665
            ],
            [
              6.9337715,
              50.9132606
            ],
            [
              6.9336698,
              50.9131339
            ],
            [
              6.9335918,
              50.9130368
            ],
            [
              6.9333952,
              50.9128133
            ],
            [
              6.9326806,
              50.9120561
            ],
            [
              6.9312209,
              50.9100535
            ],
            [
              6.9311144,
              50.9099075
            ],
            [
              6.9310484,
              50.9098169
            ],
            [
              6.9307132,
              50.9093571
            ],
            [
              6.9306661,
              50.9092924
            ],
            [
              6.9305881,
              50.9091679
            ],
            [
              6.930578,
              50.9091605
            ],
            [
              6.9305682,
              50.9091299
            ],
            [
              6.9305682,
              50.9091298
            ],
            [
              6.9305666,
              50.9091278
            ],
            [
              6.9305654,
              50.909126
            ],
            [
              6.9305081,
              50.9090471
            ],
            [
              6.9304139,
              50.9089173
            ],
            [
              6.930508,
              50.9088802
            ],
            [
              6.9304899,
              50.9088556
            ],
            [
              6.9303619,
              50.9086824
            ],
            [
              6.9303844,
              50.9085772
            ],
            [
              6.930011,
              50.9080424
            ],
            [
              6.9298858,
              50.9080003
            ],
            [
              6.929659,
              50.9076732
            ],
            [
              6.928808,
              50.9064458
            ],
            [
              6.9286563,
              50.9062323
            ],
            [
              6.9280884,
              50.9054236
            ],
            [
              6.927892,
              50.9051428
            ],
            [
              6.9275696,
              50.9046822
            ],
            [
              6.9273121,
              50.9043145
            ],
            [
              6.9272475,
              50.904222
            ],
            [
              6.9268254,
              50.9036175
            ],
            [
              6.9268169,
              50.9036053
            ],
            [
              6.9257594,
              50.9021005
            ],
            [
              6.9256213,
              50.901907
            ],
            [
              6.9255501,
              50.9018076
            ],
            [
              6.9255423,
              50.9017962
            ],
            [
              6.9255376,
              50.9017896
            ],
            [
              6.9253444,
              50.9015016
            ],
            [
              6.9242898,
              50.8999286
            ],
            [
              6.9237458,
              50.8988582
            ],
            [
              6.9235119,
              50.8983978
            ],
            [
              6.9235115,
              50.8983968
            ],
            [
              6.923447,
              50.8982785
            ],
            [
              6.9233613,
              50.8981213
            ],
            [
              6.9233044,
              50.8980169
            ],
            [
              6.9233032,
              50.8980147
            ],
            [
              6.9232055,
              50.8978145
            ],
            [
              6.9231763,
              50.8977679
            ],
            [
              6.9231144,
              50.8976699
            ],
            [
              6.9229228,
              50.8973655
            ],
            [
              6.9229039,
              50.8973354
            ],
            [
              6.9229037,
              50.8973352
            ],
            [
              6.9229,
              50.8973293
            ],
            [
              6.922895,
              50.8973214
            ],
            [
              6.9229077,
              50.8973075
            ],
            [
              6.9225081,
              50.8967248
            ],
            [
              6.9225389,
              50.8967096
            ],
            [
              6.922275,
              50.8963305
            ],
            [
              6.9221123,
              50.8960967
            ],
            [
              6.921906,
              50.8958006
            ],
            [
              6.9218036,
              50.8956534
            ],
            [
              6.9216793,
              50.8954749
            ],
            [
              6.9210217,
              50.8945301
            ],
            [
              6.9206024,
              50.893947
            ],
            [
              6.9204761,
              50.8937707
            ],
            [
              6.9203609,
              50.8936079
            ],
            [
              6.9202715,
              50.8936485
            ],
            [
              6.9201908,
              50.8935351
            ],
            [
              6.9200534,
              50.8933416
            ],
            [
              6.9199873,
              50.893249
            ],
            [
              6.9199842,
              50.8932453
            ],
            [
              6.9199838,
              50.8932448
            ],
            [
              6.9199806,
              50.89324
            ],
            [
              6.9199199,
              50.8931501
            ],
            [
              6.9197446,
              50.892929
            ],
            [
              6.9198219,
              50.8928359
            ],
            [
              6.9193221,
              50.8921357
            ],
            [
              6.9192375,
              50.8921726
            ],
            [
              6.919181,
              50.8920924
            ],
            [
              6.9191268,
              50.8920154
            ],
            [
              6.9182118,
              50.8907171
            ],
            [
              6.9181544,
              50.8906355
            ],
            [
              6.9181723,
              50.8906305
            ],
            [
              6.9182016,
              50.8906222
            ],
            [
              6.9181439,
              50.8905399
            ],
            [
              6.9177754,
              50.8900143
            ],
            [
              6.9173081,
              50.8893473
            ],
            [
              6.9166849,
              50.8884536
            ],
            [
              6.9162288,
              50.8877924
            ],
            [
              6.916171,
              50.8877086
            ],
            [
              6.9161398,
              50.8877193
            ],
            [
              6.9160861,
              50.8876363
            ],
            [
              6.9159436,
              50.887416
            ],
            [
              6.915881,
              50.8873193
            ],
            [
              6.9158409,
              50.8872707
            ],
            [
              6.9158278,
              50.8872548
            ],
            [
              6.9156915,
              50.8870893
            ],
            [
              6.9156368,
              50.8870111
            ],
            [
              6.9153594,
              50.886613
            ],
            [
              6.9150951,
              50.8862358
            ],
            [
              6.9149843,
              50.8860773
            ],
            [
              6.9148968,
              50.8859521
            ],
            [
              6.9148357,
              50.8858648
            ],
            [
              6.9147781,
              50.8857822
            ],
            [
              6.9145767,
              50.8854939
            ],
            [
              6.9143424,
              50.8851161
            ],
            [
              6.9142575,
              50.8849786
            ],
            [
              6.9141354,
              50.8847824
            ],
            [
              6.9140151,
              50.8845886
            ],
            [
              6.91386,
              50.8843109
            ],
            [
              6.9138126,
              50.8842262
            ],
            [
              6.913759,
              50.8841303
            ],
            [
              6.9129026,
              50.882689
            ],
            [
              6.9128992,
              50.8826832
            ],
            [
              6.9128734,
              50.8826388
            ],
            [
              6.9128583,
              50.8826135
            ]
          ]
        ]
      }
    },
    {
      "type": "Feature",
      "properties": {
        "name": "Lindenthal",
        "slug": "lindenthal",
        "osm_relation": 2613801,
        "in": {
          "en": "in Lindenthal",
          "de": "in Lindenthal"
        }
      },
      "geometry": {
        "type": "MultiPolygon",
        "coordinates": [
          [
            [
              [
                6.805285,
                50.93968
              ],
              [
                6.805281,
                50.939488
              ],
              [
                6.805072,
                50.939466
              ],
              [
                6.805153,
                50.938678
              ],
              [
                6.809158,
                50.938813
              ],
              [
                6.817822,
                50.938685
              ],
              [
                6.817723,
                50.932904
              ],
              [
                6.820697,
                50.932885
              ],
              [
                6.821882,
                50.930634
              ],
              [
                6.82107,
                50.930192
              ],
              [
                6.820925,
                50.92988
              ],
              [
                6.820881,
                50.929384
              ],
              [
                6.827685,
                50.928857
              ],
              [
                6.833228,
                50.928111
              ],
              [
                6.837778,
                50.927345
              ],
              [
                6.84041,
                50.926732
              ],
              [
                6.841896,
                50.926022
              ],
              [
                6.842344,
                50.925649
              ],
              [
                6.842709,
                50.925148
              ],
              [
                6.842974,
                50.924408
              ],
              [
                6.842978,
                50.923589
              ],
              [
                6.842362,
                50.921618
              ],
              [
                6.842128,
                50.91978
              ],
              [
                6.841965,
                50.919532
              ],
              [
                6.84112,
                50.918838
              ],
              [
                6.84099,
                50.918552
              ],
              [
                6.841021,
                50.91825
              ],
              [
                6.841382,
                50.917538
              ],
              [
                6.841351,
                50.91744
              ],
              [
                6.841474,
                50.917437
              ],
              [
                6.841069,
                50.917226
              ],
              [
                6.843021,
                50.917637
              ],
              [
                6.843161,
                50.917363
              ],
              [
                6.842727,
                50.917266
              ],
              [
                6.842642,
                50.917114
              ],
              [
                6.842833,
                50.917075
              ],
              [
                6.842977,
                50.916935
              ],
              [
                6.843787,
                50.915768
              ],
              [
                6.844438,
                50.915043
              ],
              [
                6.844721,
                50.915084
              ],
              [
                6.844886,
                50.914894
              ],
              [
                6.844562,
                50.914831
              ],
              [
                6.84461,
                50.914716
              ],
              [
                6.845665,
                50.913238
              ],
              [
                6.846387,
                50.911894
              ],
              [
                6.846344,
                50.911832
              ],
              [
                6.846677,
                50.911932
              ],
              [
                6.846701,
                50.911871
              ],
              [
                6.846506,
                50.911808
              ],
              [
                6.846695,
                50.911304
              ],
              [
                6.846955,
                50.909748
              ],
              [
                6.847716,
                50.909432
              ],
              [
                6.847703,
                50.909086
              ],
              [
                6.860445,
                50.903826
              ],
              [
                6.863067,
                50.904698
              ],
              [
                6.866227,
                50.905422
              ],
              [
                6.866304,
                50.905321
              ],
              [
                6.866575,
                50.905386
              ],
              [
                6.870591,
                50.906785
              ],
              [
                6.873939,
                50.908247
              ],
              [
                6.877523,
                50.910683
              ],
              [
                6.878437,
                50.911081
              ],
              [
                6.879997,
                50.911576
              ],
              [
                6.885155,
                50.909253
              ],
              [
                6.885226,
                50.909122
              ],
              [
                6.8856,
                50.90904
              ],
              [
                6.888849,
                50.907586
              ],
              [
                6.903303,
                50.900947
              ],
              [
                6.903413,
                50.901007
              ],
              [
                6.903586,
                50.900928
              ],
              [
                6.903534,
                50.900855
              ],
              [
                6.904088,
                50.90054
              ],
              [
                6.905367,
                50.89994
              ],
              [
                6.905913,
                50.899825
              ],
              [
                6.908254,
                50.898697
              ],
              [
                6.908378,
                50.898758
              ],
              [
                6.908588,
                50.898663
              ],
              [
                6.908516,
                50.898547
              ],
              [
                6.909033,
                50.898319
              ],
              [
                6.909158,
                50.898405
              ],
              [
                6.909408,
                50.898292
              ],
              [
                6.907928,
                50.896889
              ],
              [
                6.908018,
                50.896852
              ],
              [
                6.90864,
                50.897154
              ],
              [
                6.909238,
                50.897006
              ],
              [
                6.911084,
                50.896171
              ],
              [
                6.912706,
                50.896331
              ],
              [
                6.913266,
                50.896262
              ],
              [
                6.915352,
                50.895421
              ],
              [
                6.919984,
                50.893245
              ],
              [
                6.920272,
                50.893648
              ],
              [
                6.920361,
                50.893608
              ],
              [
                6.922539,
                50.89671
              ],
              [
                6.923205,
                50.897815
              ],
              [
                6.92429,
                50.899929
              ],
              [
                6.929886,
                50.908
              ],
              [
                6.930011,
                50.908042
              ],
              [
                6.930384,
                50.908577
              ],
              [
                6.930362,
                50.908682
              ],
              [
                6.930508,
                50.90888
              ],
              [
                6.930414,
                50.908917
              ],
              [
                6.930666,
                50.909292
              ],
              [
                6.932681,
                50.912056
              ],
              [
                6.934161,
                50.913666
              ],
              [
                6.935145,
                50.914927
              ],
              [
                6.937433,
                50.91823
              ],
              [
                6.939654,
                50.921115
              ],
              [
                6.940263,
                50.922075
              ],
              [
                6.940464,
                50.922933
              ],
              [
                6.940215,
                50.922981
              ],
              [
                6.939734,
                50.922881
              ],
              [
                6.938187,
                50.923812
              ],
              [
                6.937673,
                50.923612
              ],
              [
                6.936594,
                50.924036
              ],
              [
                6.93697,
                50.924357
              ],
              [
                6.934943,
                50.925704
              ],
              [
                6.93365,
                50.927336
              ],
              [
                6.934254,
                50.927522
              ],
              [
                6.933805,
                50.928114
              ],
              [
                6.933395,
                50.92801
              ],
              [
                6.933217,
                50.928341
              ],
              [
                6.932115,
                50.927998
              ],
              [
                6.930147,
                50.930822
              ],
              [
                6.931502,
                50.931201
              ],
              [
                6.9313,
                50.931372
              ],
              [
                6.929976,
                50.93116
              ],
              [
                6.928181,
                50.931212
              ],
              [
                6.926517,
                50.930986
              ],
              [
                6.924866,
                50.933368
              ],
              [
                6.92478,
                50.933598
              ],
              [
                6.924721,
                50.936866
              ],
              [
                6.924808,
                50.937503
              ],
              [
                6.925272,
                50.939117
              ],
              [
                6.923649,
                50.939284
              ],
              [
                6.923692,
                50.939876
              ],
              [
                6.922361,
                50.940353
              ],
              [
                6.922415,
                50.940994
              ],
              [
                6.9192,
                50.942279
              ],
              [
                6.918587,
                50.941429
              ],
              [
                6.917337,
                50.941793
              ],
              [
                6.918146,
                50.942709
              ],
              [
                6.914841,
                50.943959
              ],
              [
                6.913756,
                50.942905
              ],
              [
                6.913642,
                50.94295
              ],
              [
                6.913134,
                50.942479
              ],
              [
                6.913832,
                50.942188
              ],
              [
                6.913186,
                50.941431
              ],
              [
                6.912736,
                50.941582
              ],
              [
                6.911036,
                50.939573
              ],
              [
                6.910799,
                50.939422
              ],
              [
                6.910304,
                50.940091
              ],
              [
                6.908913,
                50.939676
              ],
              [
                6.908356,
                50.940425
              ],
              [
                6.908675,
                50.940517
              ],
              [
                6.908367,
                50.94092
              ],
              [
                6.908105,
                50.940847
              ],
              [
                6.90798,
                50.941027
              ],
              [
                6.908009,
                50.941102
              ],
              [
                6.908255,
                50.941071
              ],
              [
                6.908358,
                50.941347
              ],
              [
                6.90845,
                50.941386
              ],
              [
                6.908378,
                50.941396
              ],
              [
                6.908414,
                50.941483
              ],
              [
                6.908964,
                50.9414
              ],
              [
                6.909045,
                50.941609
              ],
              [
                6.908909,
                50.941629
              ],
              [
                6.908957,
                50.941762
              ],
              [
                6.908397,
                50.941853
              ],
              [
                6.908556,
                50.942266
              ],
              [
                6.907807,
                50.942347
              ],
              [
                6.907881,
                50.942648
              ],
              [
                6.904821,
                50.943002
              ],
              [
                6.904997,
                50.943609
              ],
              [
                6.903783,
                50.943788
              ],
              [
                6.903648,
                50.94427
              ],
              [
                6.903366,
                50.944333
              ],
              [
                6.903384,
                50.944416
              ],
              [
                6.902895,
                50.944461
              ],
              [
                6.902668,
                50.944123
              ],
              [
                6.901861,
                50.944363
              ],
              [
                6.901599,
                50.944137
              ],
              [
                6.902108,
                50.943879
              ],
              [
                6.902357,
                50.943658
              ],
              [
                6.900584,
                50.943536
              ],
              [
                6.9005,
                50.944024
              ],
              [
                6.899486,
                50.943965
              ],
              [
                6.899603,
                50.94327
              ],
              [
                6.89922,
                50.943245
              ],
              [
                6.899256,
                50.943027
              ],
              [
                6.898697,
                50.942988
              ],
              [
                6.89874,
                50.942743
              ],
              [
                6.899042,
                50.94276
              ],
              [
                6.899122,
                50.94219
              ],
              [
                6.898865,
                50.942164
              ],
              [
                6.898468,
                50.942162
              ],
              [
                6.89844,
                50.942319
              ],
              [
                6.898007,
                50.942306
              ],
              [
                6.898021,
                50.942517
              ],
              [
                6.89759,
                50.942529
              ],
              [
                6.897607,
                50.942796
              ],
              [
                6.897356,
                50.942777
              ],
              [
                6.897292,
                50.943151
              ],
              [
                6.895477,
                50.943136
              ],
              [
                6.89509,
                50.943366
              ],
              [
                6.893675,
                50.943506
              ],
              [
                6.893523,
                50.943712
              ],
              [
                6.893761,
                50.943743
              ],
              [
                6.893551,
                50.944303
              ],
              [
                6.892878,
                50.945741
              ],
              [
                6.892531,
                50.946684
              ],
              [
                6.89236,
                50.946941
              ],
              [
                6.891703,
                50.947585
              ],
              [
                6.891331,
                50.947798
              ],
              [
                6.890424,
                50.948118
              ],
              [
                6.890413,
                50.94819
              ],
              [
                6.889709,
                50.948509
              ],
              [
                6.889255,
                50.948906
              ],
              [
                6.878793,
                50.947523
              ],
              [
                6.87543,
                50.947217
              ],
              [
                6.875424,
                50.947305
              ],
              [
                6.874315,
                50.948325
              ],
              [
                6.87358,
                50.949185
              ],
              [
                6.872261,
                50.951341
              ],
              [
                6.872473,
                50.951379
              ],
              [
                6.871958,
                50.952162
              ],
              [
                6.871454,
                50.953167
              ],
              [
                6.870283,
                50.95615
              ],
              [
                6.869226,
                50.956248
              ],
              [
                6.868788,
                50.95707
              ],
              [
                6.868241,
                50.958711
              ],
              [
                6.868116,
                50.958851
              ],
              [
                6.865446,
                50.959553
              ],
              [
                6.863603,
                50.962011
              ],
              [
                6.863253,
                50.962289
              ],
              [
                6.863142,
                50.962258
              ],
              [
                6.859962,
                50.96373
              ],
              [
                6.859049,
                50.965076
              ],
              [
                6.857659,
                50.964886
              ],
              [
                6.853809,
                50.969691
              ],
              [
                6.852891,
                50.974895
              ],
              [
                6.852758,
                50.97511
              ],
              [
                6.852057,
                50.975384
              ],
              [
                6.850594,
                50.975554
              ],
              [
                6.85092,
                50.976158
              ],
              [
                6.851763,
                50.977185
              ],
              [
                6.851881,
                50.977565
              ],
              [
                6.849661,
                50.978302
              ],
              [
                6.8468,
                50.976577
              ],
              [
                6.845668,
                50.976987
              ],
              [
                6.840662,
                50.973936
              ],
              [
                6.837039,
                50.976726
              ],
              [
                6.834855,
                50.975444
              ],
              [
                6.83255,
                50.977554
              ],
              [
                6.832486,
                50.977514
              ],
              [
                6.832418,
                50.977578
              ],
              [
                6.82786,
                50.974758
              ],
              [
                6.830718,
                50.971949
              ],
              [
                6.830559,
                50.971939
              ],
              [
                6.827892,
                50.970219
              ],
              [
                6.827819,
                50.970098
              ],
              [
                6.827733,
                50.97018
              ],
              [
                6.823738,
                50.96766
              ],
              [
                6.823828,
                50.967602
              ],
              [
                6.819124,
                50.965539
              ],
              [
                6.818734,
                50.965259
              ],
              [
                6.818605,
                50.964997
              ],
              [
                6.818697,
                50.964621
              ],
              [
                6.821137,
                50.961518
              ],
              [
                6.821315,
                50.961422
              ],
              [
                6.820977,
                50.961154
              ],
              [
                6.824249,
                50.957046
              ],
              [
                6.823057,
                50.956653
              ],
              [
                6.821181,
                50.955884
              ],
              [
                6.819656,
                50.955063
              ],
              [
                6.817712,
                50.953864
              ],
              [
                6.81791,
                50.953736
              ],
              [
                6.817565,
                50.953522
              ],
              [
                6.816701,
                50.953075
              ],
              [
                6.815318,
                50.952676
              ],
              [
                6.816433,
                50.95196
              ],
              [
                6.811718,
                50.948217
              ],
              [
                6.8095,
                50.948535
              ],
              [
                6.812501,
                50.945481
              ],
              [
                6.811333,
                50.945286
              ],
              [
                6.812663,
                50.94224
              ],
              [
                6.814309,
                50.941032
              ],
              [
                6.814423,
                50.940602
              ],
              [
                6.805285,
                50.93968
              ]
            ]
          ]
        ]
      }
    },
    {
      "type": "Feature",
      "properties": {
        "name": "Ehrenfeld",
        "slug": "ehrenfeld",
        "osm_relation": 2613797,
        "in": {
          "en": "in Ehrenfeld",
          "de": "in Ehrenfeld"
        }
      },
      "geometry": {
        "type": "MultiPolygon",
        "coordinates": [
          [
            [
              [
                6.83255,
                50.977554
              ],
              [
                6.836906,
                50.980203
              ],
              [
                6.836921,
                50.980357
              ],
              [
                6.839437,
                50.982487
              ],
              [
                6.838439,
                50.983014
              ],
              [
                6.843318,
                50.987088
              ],
              [
                6.844623,
                50.98882
              ],
              [
                6.846522,
                50.988116
              ],
              [
                6.846443,
                50.987825
              ],
              [
                6.846673,
                50.987605
              ],
              [
                6.850891,
                50.985759
              ],
              [
                6.862348,
                50.993029
              ],
              [
                6.863595,
                50.99363
              ],
              [
                6.866115,
                50.991817
              ],
              [
                6.86634,
                50.99185
              ],
              [
                6.866349,
                50.991763
              ],
              [
                6.867317,
                50.990894
              ],
              [
                6.868084,
                50.989873
              ],
              [
                6.868528,
                50.989632
              ],
              [
                6.869174,
                50.988641
              ],
              [
                6.880765,
                50.991991
              ],
              [
                6.881213,
                50.991436
              ],
              [
                6.882368,
                50.990885
              ],
              [
                6.883746,
                50.990716
              ],
              [
                6.884523,
                50.989842
              ],
              [
                6.884531,
                50.989743
              ],
              [
                6.890329,
                50.991504
              ],
              [
                6.891665,
                50.992102
              ],
              [
                6.890794,
                50.992758
              ],
              [
                6.889092,
                50.994853
              ],
              [
                6.886289,
                50.993886
              ],
              [
                6.885261,
                50.995156
              ],
              [
                6.891479,
                50.997006
              ],
              [
                6.899556,
                50.990801
              ],
              [
                6.901741,
                50.988965
              ],
              [
                6.901981,
                50.988888
              ],
              [
                6.902283,
                50.988527
              ],
              [
                6.908182,
                50.983708
              ],
              [
                6.90872,
                50.983162
              ],
              [
                6.908624,
                50.983066
              ],
              [
                6.908848,
                50.982862
              ],
              [
                6.908904,
                50.982917
              ],
              [
                6.909028,
                50.982868
              ],
              [
                6.911813,
                50.980311
              ],
              [
                6.914902,
                50.977125
              ],
              [
                6.916262,
                50.975484
              ],
              [
                6.917871,
                50.97314
              ],
              [
                6.918074,
                50.972553
              ],
              [
                6.92028,
                50.96848
              ],
              [
                6.921858,
                50.966377
              ],
              [
                6.923273,
                50.964978
              ],
              [
                6.927267,
                50.96138
              ],
              [
                6.928418,
                50.959961
              ],
              [
                6.930195,
                50.960959
              ],
              [
                6.930712,
                50.961349
              ],
              [
                6.931666,
                50.962209
              ],
              [
                6.932176,
                50.962803
              ],
              [
                6.932721,
                50.962577
              ],
              [
                6.934563,
                50.961464
              ],
              [
                6.934122,
                50.961197
              ],
              [
                6.935071,
                50.960628
              ],
              [
                6.935051,
                50.96055
              ],
              [
                6.935582,
                50.960475
              ],
              [
                6.937121,
                50.959462
              ],
              [
                6.934806,
                50.958397
              ],
              [
                6.934926,
                50.958227
              ],
              [
                6.936392,
                50.958736
              ],
              [
                6.936566,
                50.958611
              ],
              [
                6.935393,
                50.958224
              ],
              [
                6.935653,
                50.95791
              ],
              [
                6.936991,
                50.958351
              ],
              [
                6.937286,
                50.958055
              ],
              [
                6.936633,
                50.957842
              ],
              [
                6.936872,
                50.957549
              ],
              [
                6.93771,
                50.957824
              ],
              [
                6.93799,
                50.957484
              ],
              [
                6.938173,
                50.957549
              ],
              [
                6.938304,
                50.957408
              ],
              [
                6.938689,
                50.957533
              ],
              [
                6.939026,
                50.957121
              ],
              [
                6.940027,
                50.957446
              ],
              [
                6.940282,
                50.957291
              ],
              [
                6.93951,
                50.956582
              ],
              [
                6.939546,
                50.956463
              ],
              [
                6.93947,
                50.9564
              ],
              [
                6.940006,
                50.956082
              ],
              [
                6.940088,
                50.956139
              ],
              [
                6.941131,
                50.956032
              ],
              [
                6.941078,
                50.955078
              ],
              [
                6.941193,
                50.954703
              ],
              [
                6.941911,
                50.953744
              ],
              [
                6.939522,
                50.953609
              ],
              [
                6.938779,
                50.953351
              ],
              [
                6.93504,
                50.950557
              ],
              [
                6.929288,
                50.945685
              ],
              [
                6.928447,
                50.945152
              ],
              [
                6.926617,
                50.942579
              ],
              [
                6.925272,
                50.939117
              ],
              [
                6.923649,
                50.939284
              ],
              [
                6.923692,
                50.939876
              ],
              [
                6.922361,
                50.940353
              ],
              [
                6.922415,
                50.940994
              ],
              [
                6.9192,
                50.942279
              ],
              [
                6.918587,
                50.941429
              ],
              [
                6.917337,
                50.941793
              ],
              [
                6.918146,
                50.942709
              ],
              [
                6.914841,
                50.943959
              ],
              [
                6.913756,
                50.942905
              ],
              [
                6.913642,
                50.94295
              ],
              [
                6.913134,
                50.942479
              ],
              [
                6.913832,
                50.942188
              ],
              [
                6.913186,
                50.941431
              ],
              [
                6.912736,
                50.941582
              ],
              [
                6.911036,
                50.939573
              ],
              [
                6.910799,
                50.939422
              ],
              [
                6.910304,
                50.940091
              ],
              [
                6.908913,
                50.939676
              ],
              [
                6.908356,
                50.940425
              ],
              [
                6.908675,
                50.940517
              ],
              [
                6.908367,
                50.94092
              ],
              [
                6.908105,
                50.940847
              ],
              [
                6.90798,
                50.941027
              ],
              [
                6.908009,
                50.941102
              ],
              [
                6.908255,
                50.941071
              ],
              [
                6.908358,
                50.941347
              ],
              [
                6.90845,
                50.941386
              ],
              [
                6.908378,
                50.941396
              ],
              [
                6.908414,
                50.941483
              ],
              [
                6.908964,
                50.9414
              ],
              [
                6.909045,
                50.941609
              ],
              [
                6.908909,
                50.941629
              ],
              [
                6.908957,
                50.941762
              ],
              [
                6.908397,
                50.941853
              ],
              [
                6.908556,
                50.942266
              ],
              [
                6.907807,
                50.942347
              ],
              [
                6.907881,
                50.942648
              ],
              [
                6.904821,
                50.943002
              ],
              [
                6.904997,
                50.943609
              ],
              [
                6.903783,
                50.943788
              ],
              [
                6.903648,
                50.94427
              ],
              [
                6.903366,
                50.944333
              ],
              [
                6.903384,
                50.944416
              ],
              [
                6.902895,
                50.944461
              ],
              [
                6.902668,
                50.944123
              ],
              [
                6.901861,
                50.944363
              ],
              [
                6.901599,
                50.944137
              ],
              [
                6.902108,
                50.943879
              ],
              [
                6.902357,
                50.943658
              ],
              [
                6.900584,
                50.943536
              ],
              [
                6.9005,
                50.944024
              ],
              [
                6.899486,
                50.943965
              ],
              [
                6.899603,
                50.94327
              ],
              [
                6.89922,
                50.943245
              ],
              [
                6.899256,
                50.943027
              ],
              [
                6.898697,
                50.942988
              ],
              [
                6.89874,
                50.942743
              ],
              [
                6.899042,
                50.94276
              ],
              [
                6.899122,
                50.94219
              ],
              [
                6.898865,
                50.942164
              ],
              [
                6.898468,
                50.942162
              ],
              [
                6.89844,
                50.942319
              ],
              [
                6.898007,
                50.942306
              ],
              [
                6.898021,
                50.942517
              ],
              [
                6.89759,
                50.942529
              ],
              [
                6.897607,
                50.942796
              ],
              [
                6.897356,
                50.942777
              ],
              [
                6.897292,
                50.943151
              ],
              [
                6.895477,
                50.943136
              ],
              [
                6.89509,
                50.943366
              ],
              [
                6.893675,
                50.943506
              ],
              [
                6.893523,
                50.943712
              ],
              [
                6.893761,
                50.943743
              ],
              [
                6.893551,
                50.944303
              ],
              [
                6.892878,
                50.945741
              ],
              [
                6.892531,
                50.946684
              ],
              [
                6.89236,
                50.946941
              ],
              [
                6.891703,
                50.947585
              ],
              [
                6.891331,
                50.947798
              ],
              [
                6.890424,
                50.948118
              ],
              [
                6.890413,
                50.94819
              ],
              [
                6.889709,
                50.948509
              ],
              [
                6.889255,
                50.948906
              ],
              [
                6.878793,
                50.947523
              ],
              [
                6.87543,
                50.947217
              ],
              [
                6.875424,
                50.947305
              ],
              [
                6.874315,
                50.948325
              ],
              [
                6.87358,
                50.949185
              ],
              [
                6.872261,
                50.951341
              ],
              [
                6.872473,
                50.951379
              ],
              [
                6.871958,
                50.952162
              ],
              [
                6.871454,
                50.953167
              ],
              [
                6.870283,
                50.95615
              ],
              [
                6.869226,
                50.956248
              ],
              [
                6.868788,
                50.95707
              ],
              [
                6.868241,
                50.958711
              ],
              [
                6.868116,
                50.958851
              ],
              [
                6.865446,
                50.959553
              ],
              [
                6.863603,
                50.962011
              ],
              [
                6.863253,
                50.962289
              ],
              [
                6.863142,
                50.962258
              ],
              [
                6.859962,
                50.96373
              ],
              [
                6.859049,
                50.965076
              ],
              [
                6.857659,
                50.964886
              ],
              [
                6.853809,
                50.969691
              ],
              [
                6.852891,
                50.974895
              ],
              [
                6.852758,
                50.97511
              ],
              [
                6.852225,
                50.975347
              ],
              [
                6.850594,
                50.975554
              ],
              [
                6.85092,
                50.976158
              ],
              [
                6.851763,
                50.977185
              ],
              [
                6.851881,
                50.977565
              ],
              [
                6.849661,
                50.978302
              ],
              [
                6.8468,
                50.976577
              ],
              [
                6.845668,
                50.976987
              ],
              [
                6.840662,
                50.973936
              ],
              [
                6.837039,
                50.976726
              ],
              [
                6.834855,
                50.975444
              ],
              [
                6.83255,
                50.977554
              ]
            ]
          ]
        ]
      }
    },
    {
      "type": "Feature",
      "properties": {
        "name": "Nippes",
        "slug": "nippes",
        "osm_relation": 2613803,
        "in": {
          "en": "in Nippes",
          "de": "in Nippes"
        }
      },
      "geometry": {
        "type": "Polygon",
        "coordinates": [
          [
            [
              6.8914791,
              50.9970062
            ],
            [
              6.8921769,
              50.9964701
            ],
            [
              6.8928061,
              50.9959866
            ],
            [
              6.8940251,
              50.9950347
            ],
            [
              6.89427,
              50.9948453
            ],
            [
              6.8943157,
              50.99481
            ],
            [
              6.8952087,
              50.9941199
            ],
            [
              6.8953423,
              50.9940167
            ],
            [
              6.8954992,
              50.9938957
            ],
            [
              6.8961443,
              50.9934057
            ],
            [
              6.8966596,
              50.9930142
            ],
            [
              6.8983276,
              50.9917469
            ],
            [
              6.8995563,
              50.9908006
            ],
            [
              6.8999133,
              50.9904793
            ],
            [
              6.9004391,
              50.9900152
            ],
            [
              6.9017412,
              50.9889654
            ],
            [
              6.9019497,
              50.9888947
            ],
            [
              6.901981,
              50.9888883
            ],
            [
              6.9021118,
              50.9887709
            ],
            [
              6.9022831,
              50.988527
            ],
            [
              6.9028469,
              50.9880737
            ],
            [
              6.9043884,
              50.9868575
            ],
            [
              6.9081816,
              50.9837077
            ],
            [
              6.9087149,
              50.9831664
            ],
            [
              6.9087197,
              50.9831619
            ],
            [
              6.9086239,
              50.983066
            ],
            [
              6.9088484,
              50.9828616
            ],
            [
              6.9089043,
              50.9829174
            ],
            [
              6.9090282,
              50.982868
            ],
            [
              6.9101698,
              50.9818382
            ],
            [
              6.910785,
              50.9812831
            ],
            [
              6.9118126,
              50.9803109
            ],
            [
              6.9121642,
              50.9799359
            ],
            [
              6.9125393,
              50.979536
            ],
            [
              6.9128845,
              50.9791832
            ],
            [
              6.9132793,
              50.9787803
            ],
            [
              6.9138685,
              50.9781864
            ],
            [
              6.914138,
              50.9779097
            ],
            [
              6.9149021,
              50.9771253
            ],
            [
              6.9151665,
              50.976809
            ],
            [
              6.9153332,
              50.9766096
            ],
            [
              6.9162395,
              50.9755109
            ],
            [
              6.9162577,
              50.9754884
            ],
            [
              6.9162615,
              50.9754837
            ],
            [
              6.916419,
              50.9752636
            ],
            [
              6.9169496,
              50.9745215
            ],
            [
              6.917027,
              50.9744133
            ],
            [
              6.9172525,
              50.9741076
            ],
            [
              6.9178706,
              50.9731402
            ],
            [
              6.9178906,
              50.9730825
            ],
            [
              6.9179819,
              50.9728194
            ],
            [
              6.9180742,
              50.9725534
            ],
            [
              6.9191128,
              50.9707104
            ],
            [
              6.9192903,
              50.970355
            ],
            [
              6.919949,
              50.969034
            ],
            [
              6.92028,
              50.9684804
            ],
            [
              6.9203933,
              50.9683348
            ],
            [
              6.9208486,
              50.9677497
            ],
            [
              6.9209883,
              50.96757
            ],
            [
              6.9212332,
              50.9672616
            ],
            [
              6.9218582,
              50.9663768
            ],
            [
              6.9221171,
              50.9660766
            ],
            [
              6.9222978,
              50.9659266
            ],
            [
              6.9223537,
              50.9658801
            ],
            [
              6.9223828,
              50.9658557
            ],
            [
              6.9225794,
              50.9656634
            ],
            [
              6.9225534,
              50.9656517
            ],
            [
              6.9225714,
              50.9656393
            ],
            [
              6.9227984,
              50.9654254
            ],
            [
              6.9232731,
              50.9649779
            ],
            [
              6.9236113,
              50.9646691
            ],
            [
              6.9246949,
              50.9636796
            ],
            [
              6.9247643,
              50.9636361
            ],
            [
              6.9248109,
              50.9635963
            ],
            [
              6.9248195,
              50.9635889
            ],
            [
              6.9248369,
              50.9635521
            ],
            [
              6.9256773,
              50.9627834
            ],
            [
              6.9259762,
              50.9625249
            ],
            [
              6.9260141,
              50.9624921
            ],
            [
              6.9267443,
              50.9618531
            ],
            [
              6.9272666,
              50.9613804
            ],
            [
              6.9273286,
              50.9613092
            ],
            [
              6.9273818,
              50.9612424
            ],
            [
              6.9276626,
              50.9608898
            ],
            [
              6.927952,
              50.9605338
            ],
            [
              6.9280117,
              50.9604602
            ],
            [
              6.9284092,
              50.9599715
            ],
            [
              6.9284106,
              50.9599698
            ],
            [
              6.9284177,
              50.9599611
            ],
            [
              6.9284381,
              50.9599725
            ],
            [
              6.9290816,
              50.9603338
            ],
            [
              6.9301509,
              50.9609341
            ],
            [
              6.9301952,
              50.9609589
            ],
            [
              6.9303637,
              50.9610862
            ],
            [
              6.9307116,
              50.9613492
            ],
            [
              6.9310439,
              50.961627
            ],
            [
              6.9311075,
              50.9616801
            ],
            [
              6.9316657,
              50.9622094
            ],
            [
              6.932167,
              50.962792
            ],
            [
              6.9321761,
              50.9628026
            ],
            [
              6.9321945,
              50.9627947
            ],
            [
              6.932599,
              50.9626209
            ],
            [
              6.9326244,
              50.9626133
            ],
            [
              6.9327211,
              50.9625769
            ],
            [
              6.9328034,
              50.9625337
            ],
            [
              6.9339176,
              50.9618169
            ],
            [
              6.9339265,
              50.9618112
            ],
            [
              6.9339451,
              50.9618196
            ],
            [
              6.9339906,
              50.9618403
            ],
            [
              6.9345628,
              50.9614641
            ],
            [
              6.9344334,
              50.9613856
            ],
            [
              6.9341524,
              50.9612152
            ],
            [
              6.9341216,
              50.9611967
            ],
            [
              6.9347576,
              50.9607779
            ],
            [
              6.9347591,
              50.9607769
            ],
            [
              6.9349836,
              50.9606291
            ],
            [
              6.9350706,
              50.9606284
            ],
            [
              6.9350661,
              50.9606101
            ],
            [
              6.9350513,
              50.9605499
            ],
            [
              6.9355409,
              50.9604809
            ],
            [
              6.9355825,
              50.960475
            ],
            [
              6.9370877,
              50.9594832
            ],
            [
              6.9371128,
              50.9594667
            ],
            [
              6.9371207,
              50.9594616
            ],
            [
              6.9371037,
              50.9594534
            ],
            [
              6.9370971,
              50.9594503
            ],
            [
              6.9370942,
              50.959449
            ],
            [
              6.936772,
              50.9592946
            ],
            [
              6.9361728,
              50.9590077
            ],
            [
              6.9361604,
              50.9590201
            ],
            [
              6.9361421,
              50.9590386
            ],
            [
              6.9348061,
              50.9583974
            ],
            [
              6.9348298,
              50.9583637
            ],
            [
              6.9349257,
              50.9582272
            ],
            [
              6.9354822,
              50.9584111
            ],
            [
              6.9362276,
              50.9586573
            ],
            [
              6.9362279,
              50.9586588
            ],
            [
              6.9362302,
              50.9586693
            ],
            [
              6.9362356,
              50.9586809
            ],
            [
              6.9362425,
              50.9586906
            ],
            [
              6.9362524,
              50.958701
            ],
            [
              6.9362629,
              50.9587092
            ],
            [
              6.9362767,
              50.9587176
            ],
            [
              6.9362882,
              50.9587231
            ],
            [
              6.9363029,
              50.9587284
            ],
            [
              6.9363205,
              50.9587331
            ],
            [
              6.936339,
              50.9587362
            ],
            [
              6.9363484,
              50.9587371
            ],
            [
              6.9363653,
              50.9587377
            ],
            [
              6.9363795,
              50.9587372
            ],
            [
              6.9363916,
              50.958736
            ],
            [
              6.9364077,
              50.9587334
            ],
            [
              6.9364233,
              50.9587294
            ],
            [
              6.936438,
              50.9587243
            ],
            [
              6.9364517,
              50.9587181
            ],
            [
              6.9364656,
              50.9587098
            ],
            [
              6.9364768,
              50.9587012
            ],
            [
              6.9365662,
              50.958611
            ],
            [
              6.9353929,
              50.9582243
            ],
            [
              6.9353969,
              50.9582194
            ],
            [
              6.9354156,
              50.958197
            ],
            [
              6.935653,
              50.9579096
            ],
            [
              6.9357252,
              50.9579332
            ],
            [
              6.9359503,
              50.9580077
            ],
            [
              6.9367324,
              50.958266
            ],
            [
              6.9368649,
              50.9583098
            ],
            [
              6.9369913,
              50.9583515
            ],
            [
              6.9369985,
              50.9583469
            ],
            [
              6.9372859,
              50.9580553
            ],
            [
              6.9366328,
              50.9578424
            ],
            [
              6.9366619,
              50.9578066
            ],
            [
              6.936872,
              50.957549
            ],
            [
              6.9377097,
              50.9578239
            ],
            [
              6.9378204,
              50.9576951
            ],
            [
              6.9379048,
              50.9575676
            ],
            [
              6.9379062,
              50.9575656
            ],
            [
              6.9379102,
              50.9575596
            ],
            [
              6.9379899,
              50.9574839
            ],
            [
              6.9381731,
              50.9575488
            ],
            [
              6.9383041,
              50.9574079
            ],
            [
              6.938524,
              50.9574797
            ],
            [
              6.938588,
              50.9575004
            ],
            [
              6.9386886,
              50.9575326
            ],
            [
              6.9389807,
              50.9571746
            ],
            [
              6.9390262,
              50.9571213
            ],
            [
              6.9391487,
              50.9571611
            ],
            [
              6.9394979,
              50.9572744
            ],
            [
              6.9399713,
              50.9574321
            ],
            [
              6.940003,
              50.9574384
            ],
            [
              6.940027,
              50.9574462
            ],
            [
              6.9400489,
              50.9574326
            ],
            [
              6.9402385,
              50.9573148
            ],
            [
              6.9402817,
              50.9572907
            ],
            [
              6.9401216,
              50.9571186
            ],
            [
              6.9400861,
              50.9570804
            ],
            [
              6.9399571,
              50.9569419
            ],
            [
              6.9398892,
              50.956912
            ],
            [
              6.9398459,
              50.9568696
            ],
            [
              6.939658,
              50.9567019
            ],
            [
              6.9395815,
              50.9566329
            ],
            [
              6.9395522,
              50.9566128
            ],
            [
              6.9395097,
              50.9565818
            ],
            [
              6.939542,
              50.9564776
            ],
            [
              6.9395465,
              50.9564631
            ],
            [
              6.9394704,
              50.9564
            ],
            [
              6.9400063,
              50.9560817
            ],
            [
              6.9400877,
              50.9561385
            ],
            [
              6.9411307,
              50.956032
            ],
            [
              6.941078,
              50.9550783
            ],
            [
              6.9411601,
              50.9548105
            ],
            [
              6.9411932,
              50.9547027
            ],
            [
              6.9413191,
              50.9545101
            ],
            [
              6.941707,
              50.9539791
            ],
            [
              6.9417148,
              50.9539708
            ],
            [
              6.941833,
              50.9538337
            ],
            [
              6.9418365,
              50.9538297
            ],
            [
              6.9419107,
              50.9537445
            ],
            [
              6.9451427,
              50.9539165
            ],
            [
              6.9456711,
              50.9539586
            ],
            [
              6.9464581,
              50.9540491
            ],
            [
              6.9470083,
              50.9542184
            ],
            [
              6.9473174,
              50.954359
            ],
            [
              6.9479973,
              50.954803
            ],
            [
              6.9480389,
              50.9548274
            ],
            [
              6.948204,
              50.9549145
            ],
            [
              6.9483012,
              50.9549584
            ],
            [
              6.949226,
              50.9553276
            ],
            [
              6.9496687,
              50.9555044
            ],
            [
              6.9497311,
              50.9555275
            ],
            [
              6.9499111,
              50.9555835
            ],
            [
              6.9502627,
              50.9556781
            ],
            [
              6.950799,
              50.9558192
            ],
            [
              6.9540198,
              50.9566635
            ],
            [
              6.9554868,
              50.9570482
            ],
            [
              6.955544,
              50.9570592
            ],
            [
              6.9560652,
              50.9571944
            ],
            [
              6.957443,
              50.9576184
            ],
            [
              6.9579309,
              50.9577647
            ],
            [
              6.9581567,
              50.9578642
            ],
            [
              6.9587598,
              50.9581682
            ],
            [
              6.9601117,
              50.9589407
            ],
            [
              6.9603286,
              50.9590369
            ],
            [
              6.9606052,
              50.959129
            ],
            [
              6.960935,
              50.9591979
            ],
            [
              6.9611767,
              50.9592453
            ],
            [
              6.9611859,
              50.9592471
            ],
            [
              6.9616357,
              50.9592684
            ],
            [
              6.9619198,
              50.9592734
            ],
            [
              6.9636859,
              50.9592877
            ],
            [
              6.964182,
              50.9592714
            ],
            [
              6.964415,
              50.9592868
            ],
            [
              6.9649459,
              50.9592688
            ],
            [
              6.9652412,
              50.9592389
            ],
            [
              6.9655119,
              50.9592115
            ],
            [
              6.9657729,
              50.9591759
            ],
            [
              6.9657817,
              50.9591747
            ],
            [
              6.9659253,
              50.9591551
            ],
            [
              6.9664463,
              50.9590448
            ],
            [
              6.9668887,
              50.9589205
            ],
            [
              6.9672986,
              50.9587924
            ],
            [
              6.9676769,
              50.9586543
            ],
            [
              6.9680786,
              50.9585033
            ],
            [
              6.9690854,
              50.9580699
            ],
            [
              6.9698033,
              50.9577365
            ],
            [
              6.9705876,
              50.9573494
            ],
            [
              6.9718073,
              50.9568619
            ],
            [
              6.9734966,
              50.9559558
            ],
            [
              6.9736096,
              50.955895
            ],
            [
              6.9737738,
              50.9558067
            ],
            [
              6.9740666,
              50.955614
            ],
            [
              6.9740892,
              50.9555994
            ],
            [
              6.9741093,
              50.9555864
            ],
            [
              6.9741117,
              50.9555848
            ],
            [
              6.9755545,
              50.9546524
            ],
            [
              6.9757859,
              50.9547818
            ],
            [
              6.9760054,
              50.9549007
            ],
            [
              6.9760607,
              50.9549301
            ],
            [
              6.9760883,
              50.9549448
            ],
            [
              6.9761158,
              50.9549595
            ],
            [
              6.9764669,
              50.9551434
            ],
            [
              6.9768254,
              50.9553216
            ],
            [
              6.9777266,
              50.9557501
            ],
            [
              6.9787889,
              50.9561906
            ],
            [
              6.9793694,
              50.9564166
            ],
            [
              6.9799629,
              50.9566285
            ],
            [
              6.9800314,
              50.9566514
            ],
            [
              6.9800657,
              50.9566628
            ],
            [
              6.9800999,
              50.9566743
            ],
            [
              6.9801626,
              50.9566953
            ],
            [
              6.980194,
              50.9567058
            ],
            [
              6.9801984,
              50.9567074
            ],
            [
              6.9802252,
              50.9567164
            ],
            [
              6.9809526,
              50.9569649
            ],
            [
              6.981672,
              50.957223
            ],
            [
              6.9816959,
              50.9572317
            ],
            [
              6.9817028,
              50.9572341
            ],
            [
              6.9817123,
              50.9572376
            ],
            [
              6.9817335,
              50.9572453
            ],
            [
              6.9817949,
              50.9572678
            ],
            [
              6.9818414,
              50.9572847
            ],
            [
              6.9818534,
              50.9572892
            ],
            [
              6.9818646,
              50.9572933
            ],
            [
              6.9818877,
              50.9573018
            ],
            [
              6.9835918,
              50.9579018
            ],
            [
              6.9852994,
              50.9584977
            ],
            [
              6.9853204,
              50.958505
            ],
            [
              6.985331,
              50.9585087
            ],
            [
              6.9853624,
              50.9585196
            ],
            [
              6.9854253,
              50.9585415
            ],
            [
              6.9861013,
              50.9587766
            ],
            [
              6.9867778,
              50.959011
            ],
            [
              6.98686,
              50.9590404
            ],
            [
              6.9871438,
              50.9591416
            ],
            [
              6.9883308,
              50.9595995
            ],
            [
              6.9894589,
              50.9601223
            ],
            [
              6.9896653,
              50.9602235
            ],
            [
              6.9897777,
              50.9602797
            ],
            [
              6.9906316,
              50.960728
            ],
            [
              6.9908225,
              50.9608282
            ],
            [
              6.9917921,
              50.9614294
            ],
            [
              6.9925778,
              50.961955
            ],
            [
              6.9933037,
              50.9625139
            ],
            [
              6.9933203,
              50.9625274
            ],
            [
              6.9933816,
              50.9625765
            ],
            [
              6.9934258,
              50.9626123
            ],
            [
              6.9934364,
              50.9626209
            ],
            [
              6.9935766,
              50.9627362
            ],
            [
              6.9937936,
              50.9629185
            ],
            [
              6.9940042,
              50.9631037
            ],
            [
              6.9940289,
              50.9631256
            ],
            [
              6.9941309,
              50.963217
            ],
            [
              6.9946757,
              50.9637189
            ],
            [
              6.9951552,
              50.9642054
            ],
            [
              6.9952307,
              50.964282
            ],
            [
              6.995376,
              50.9644355
            ],
            [
              6.9953966,
              50.9644572
            ],
            [
              6.9954019,
              50.964463
            ],
            [
              6.9954591,
              50.9645245
            ],
            [
              6.9955331,
              50.9646049
            ],
            [
              6.9957715,
              50.9648684
            ],
            [
              6.9960008,
              50.965135
            ],
            [
              6.9966357,
              50.9659132
            ],
            [
              6.9971982,
              50.9667179
            ],
            [
              6.9977891,
              50.9676481
            ],
            [
              6.9981159,
              50.9682928
            ],
            [
              6.9982986,
              50.9686531
            ],
            [
              6.9987643,
              50.9697957
            ],
            [
              6.9989664,
              50.9709686
            ],
            [
              6.9989688,
              50.9709895
            ],
            [
              6.9989689,
              50.9709908
            ],
            [
              6.9989715,
              50.9710129
            ],
            [
              6.9989761,
              50.9710574
            ],
            [
              6.9989782,
              50.9710784
            ],
            [
              6.9989783,
              50.9710798
            ],
            [
              6.9989801,
              50.9710982
            ],
            [
              6.9989845,
              50.9711429
            ],
            [
              6.9989864,
              50.9711654
            ],
            [
              6.9989883,
              50.9711877
            ],
            [
              6.9990251,
              50.9719982
            ],
            [
              6.9989352,
              50.9728071
            ],
            [
              6.9988934,
              50.973064
            ],
            [
              6.9988388,
              50.97332
            ],
            [
              6.998824,
              50.973384
            ],
            [
              6.9986964,
              50.9738697
            ],
            [
              6.9985494,
              50.974287
            ],
            [
              6.9984307,
              50.9745919
            ],
            [
              6.9982831,
              50.9749158
            ],
            [
              6.9980895,
              50.9753028
            ],
            [
              6.9979202,
              50.9755984
            ],
            [
              6.9975952,
              50.9761213
            ],
            [
              6.9972012,
              50.9766459
            ],
            [
              6.997186,
              50.9766652
            ],
            [
              6.9971852,
              50.9766661
            ],
            [
              6.9971693,
              50.9766862
            ],
            [
              6.9971371,
              50.9767265
            ],
            [
              6.997123,
              50.976744
            ],
            [
              6.997121,
              50.9767465
            ],
            [
              6.9971088,
              50.9767615
            ],
            [
              6.9970307,
              50.9768578
            ],
            [
              6.9970139,
              50.976878
            ],
            [
              6.9969972,
              50.9768981
            ],
            [
              6.9962604,
              50.9777169
            ],
            [
              6.9954275,
              50.9784426
            ],
            [
              6.9953398,
              50.9785142
            ],
            [
              6.9952726,
              50.9785672
            ],
            [
              6.9949224,
              50.978843
            ],
            [
              6.9944787,
              50.9791581
            ],
            [
              6.9944549,
              50.9791747
            ],
            [
              6.994431,
              50.9791911
            ],
            [
              6.9943829,
              50.979224
            ],
            [
              6.9942894,
              50.9792869
            ],
            [
              6.9941948,
              50.9793492
            ],
            [
              6.9941916,
              50.9793517
            ],
            [
              6.9941894,
              50.9793536
            ],
            [
              6.9941815,
              50.9793587
            ],
            [
              6.9941597,
              50.9793729
            ],
            [
              6.9930332,
              50.9800663
            ],
            [
              6.9918189,
              50.9806545
            ],
            [
              6.9909867,
              50.9810164
            ],
            [
              6.9902388,
              50.9812953
            ],
            [
              6.9900727,
              50.9813543
            ],
            [
              6.9899055,
              50.9814118
            ],
            [
              6.9897774,
              50.981455
            ],
            [
              6.9895893,
              50.9815168
            ],
            [
              6.9893995,
              50.9815767
            ],
            [
              6.9886977,
              50.9817977
            ],
            [
              6.9884427,
              50.981878
            ],
            [
              6.9874661,
              50.9821829
            ],
            [
              6.986491,
              50.9824881
            ],
            [
              6.9855089,
              50.9827956
            ],
            [
              6.9854324,
              50.9828196
            ],
            [
              6.9845408,
              50.983099
            ],
            [
              6.9834825,
              50.9834307
            ],
            [
              6.9806434,
              50.9843218
            ],
            [
              6.9796706,
              50.9846274
            ],
            [
              6.9795876,
              50.9846535
            ],
            [
              6.978698,
              50.9849332
            ],
            [
              6.9777189,
              50.9852411
            ],
            [
              6.9776424,
              50.9852652
            ],
            [
              6.9767529,
              50.9855452
            ],
            [
              6.9757742,
              50.9858534
            ],
            [
              6.9756977,
              50.9858773
            ],
            [
              6.9748083,
              50.9861578
            ],
            [
              6.9743157,
              50.9863156
            ],
            [
              6.9738313,
              50.9864836
            ],
            [
              6.9737052,
              50.9865283
            ],
            [
              6.9735962,
              50.9865682
            ],
            [
              6.9734917,
              50.9866066
            ],
            [
              6.9715559,
              50.9873809
            ],
            [
              6.9710569,
              50.9876479
            ],
            [
              6.9710561,
              50.9876483
            ],
            [
              6.9700997,
              50.9881601
            ],
            [
              6.9698077,
              50.9883163
            ],
            [
              6.9697448,
              50.9883528
            ],
            [
              6.9685507,
              50.9890785
            ],
            [
              6.9674776,
              50.9898759
            ],
            [
              6.9673731,
              50.9899582
            ],
            [
              6.9670255,
              50.9902388
            ],
            [
              6.9667085,
              50.9905126
            ],
            [
              6.9666154,
              50.9905965
            ],
            [
              6.9662931,
              50.9908897
            ],
            [
              6.965987,
              50.9911896
            ],
            [
              6.965646,
              50.9915368
            ],
            [
              6.9653266,
              50.9918921
            ],
            [
              6.9652393,
              50.9919931
            ],
            [
              6.9651536,
              50.9920947
            ],
            [
              6.9650854,
              50.9921756
            ],
            [
              6.964662,
              50.9927022
            ],
            [
              6.9642991,
              50.9932173
            ],
            [
              6.9642615,
              50.9932726
            ],
            [
              6.9642266,
              50.9933247
            ],
            [
              6.9636456,
              50.9942911
            ],
            [
              6.9631729,
              50.9952808
            ],
            [
              6.9628111,
              50.996289
            ],
            [
              6.9627912,
              50.9963476
            ],
            [
              6.9625767,
              50.9971819
            ],
            [
              6.962465,
              50.9979579
            ],
            [
              6.9624598,
              50.9980036
            ],
            [
              6.9624548,
              50.9980494
            ],
            [
              6.9624484,
              50.9981115
            ],
            [
              6.9623841,
              50.9991364
            ],
            [
              6.9624698,
              51.0001606
            ],
            [
              6.9624726,
              51.000183
            ],
            [
              6.9624754,
              51.0002054
            ],
            [
              6.9624811,
              51.0002502
            ],
            [
              6.9624841,
              51.0002724
            ],
            [
              6.962487,
              51.0002946
            ],
            [
              6.9625571,
              51.0006939
            ],
            [
              6.9625724,
              51.0007813
            ],
            [
              6.9626755,
              51.001369
            ],
            [
              6.9630092,
              51.0023837
            ],
            [
              6.9630835,
              51.0025796
            ],
            [
              6.9632752,
              51.0030515
            ],
            [
              6.9634997,
              51.0035177
            ],
            [
              6.963823,
              51.0041298
            ],
            [
              6.9642003,
              51.0047294
            ],
            [
              6.9642141,
              51.0047505
            ],
            [
              6.9642278,
              51.0047715
            ],
            [
              6.9646496,
              51.0053845
            ],
            [
              6.9650387,
              51.0058799
            ],
            [
              6.9659332,
              51.0069635
            ],
            [
              6.9659875,
              51.0070295
            ],
            [
              6.9660553,
              51.0071115
            ],
            [
              6.9667263,
              51.0079245
            ],
            [
              6.9668032,
              51.0080176
            ],
            [
              6.9671354,
              51.0084202
            ],
            [
              6.9672192,
              51.0085216
            ],
            [
              6.9687162,
              51.0103349
            ],
            [
              6.9698135,
              51.011664
            ],
            [
              6.9706251,
              51.0126476
            ],
            [
              6.9683352,
              51.0133995
            ],
            [
              6.9682525,
              51.0134267
            ],
            [
              6.9682837,
              51.01348
            ],
            [
              6.9683037,
              51.0135359
            ],
            [
              6.9683569,
              51.013685
            ],
            [
              6.9683793,
              51.0137481
            ],
            [
              6.9683782,
              51.0137811
            ],
            [
              6.9683891,
              51.0138073
            ],
            [
              6.9684032,
              51.013841
            ],
            [
              6.9684254,
              51.0139675
            ],
            [
              6.9684368,
              51.0139808
            ],
            [
              6.9689937,
              51.0146337
            ],
            [
              6.9682022,
              51.0145808
            ],
            [
              6.9658742,
              51.0145435
            ],
            [
              6.9657977,
              51.0145423
            ],
            [
              6.9655422,
              51.0145381
            ],
            [
              6.9639322,
              51.0149886
            ],
            [
              6.963767,
              51.0150092
            ],
            [
              6.9638858,
              51.015375
            ],
            [
              6.9638209,
              51.0153916
            ],
            [
              6.961057,
              51.0162776
            ],
            [
              6.9559208,
              51.0179175
            ],
            [
              6.9555414,
              51.0178909
            ],
            [
              6.9552776,
              51.017864
            ],
            [
              6.9548972,
              51.0178253
            ],
            [
              6.9548782,
              51.0178234
            ],
            [
              6.9546218,
              51.0178233
            ],
            [
              6.9476481,
              51.0173161
            ],
            [
              6.9475285,
              51.0173074
            ],
            [
              6.9471572,
              51.0172859
            ],
            [
              6.947031,
              51.0172785
            ],
            [
              6.947041,
              51.0180509
            ],
            [
              6.9470398,
              51.0180701
            ],
            [
              6.9470215,
              51.0183536
            ],
            [
              6.9468736,
              51.019377
            ],
            [
              6.9467711,
              51.0198655
            ],
            [
              6.9467688,
              51.0198816
            ],
            [
              6.9467676,
              51.0198897
            ],
            [
              6.9465764,
              51.0203681
            ],
            [
              6.9464467,
              51.0206244
            ],
            [
              6.9460576,
              51.021316
            ],
            [
              6.9450735,
              51.0223269
            ],
            [
              6.9448559,
              51.0225473
            ],
            [
              6.9448006,
              51.0225806
            ],
            [
              6.9436617,
              51.023413
            ],
            [
              6.9429972,
              51.0237591
            ],
            [
              6.9429753,
              51.0237721
            ],
            [
              6.9394479,
              51.0220507
            ],
            [
              6.9386342,
              51.0216853
            ],
            [
              6.9381682,
              51.021474
            ],
            [
              6.9376381,
              51.0212531
            ],
            [
              6.9364131,
              51.0207308
            ],
            [
              6.9353519,
              51.02028
            ],
            [
              6.9329993,
              51.0193374
            ],
            [
              6.928132,
              51.0174194
            ],
            [
              6.9271625,
              51.0170444
            ],
            [
              6.9256707,
              51.0164095
            ],
            [
              6.9242315,
              51.0157498
            ],
            [
              6.9229206,
              51.015121
            ],
            [
              6.9226764,
              51.0149934
            ],
            [
              6.922418,
              51.0148697
            ],
            [
              6.91983,
              51.01339
            ],
            [
              6.9196915,
              51.0133102
            ],
            [
              6.9195264,
              51.0132152
            ],
            [
              6.9191374,
              51.0129845
            ],
            [
              6.9189883,
              51.0128752
            ],
            [
              6.9189432,
              51.0128421
            ],
            [
              6.9186261,
              51.0126091
            ],
            [
              6.9177535,
              51.012135
            ],
            [
              6.9174248,
              51.0119564
            ],
            [
              6.9168151,
              51.0115418
            ],
            [
              6.9167575,
              51.0115027
            ],
            [
              6.916603,
              51.0113977
            ],
            [
              6.9165674,
              51.0113735
            ],
            [
              6.9164725,
              51.0113089
            ],
            [
              6.915759,
              51.0108232
            ],
            [
              6.915531,
              51.0106678
            ],
            [
              6.9134707,
              51.009239
            ],
            [
              6.9130265,
              51.0089306
            ],
            [
              6.9129566,
              51.0088615
            ],
            [
              6.9129322,
              51.0088374
            ],
            [
              6.9115639,
              51.00792
            ],
            [
              6.9113605,
              51.0077836
            ],
            [
              6.9111976,
              51.0076546
            ],
            [
              6.9110819,
              51.0075552
            ],
            [
              6.9097268,
              51.006583
            ],
            [
              6.9085086,
              51.0057413
            ],
            [
              6.9078576,
              51.005283
            ],
            [
              6.9073202,
              51.0049034
            ],
            [
              6.9068649,
              51.004582
            ],
            [
              6.906681,
              51.0045123
            ],
            [
              6.9066126,
              51.0044665
            ],
            [
              6.9065254,
              51.0043581
            ],
            [
              6.9065073,
              51.004345
            ],
            [
              6.9065047,
              51.0043437
            ],
            [
              6.9051495,
              51.0033964
            ],
            [
              6.9048755,
              51.003205
            ],
            [
              6.903669,
              51.0024311
            ],
            [
              6.9030888,
              51.002099
            ],
            [
              6.9018732,
              51.0014032
            ],
            [
              6.901268,
              51.0010524
            ],
            [
              6.9011752,
              51.0010319
            ],
            [
              6.9008501,
              51.0008579
            ],
            [
              6.8999803,
              51.0003804
            ],
            [
              6.8996716,
              51.0002101
            ],
            [
              6.8994966,
              51.0002596
            ],
            [
              6.8994951,
              51.000259
            ],
            [
              6.8991632,
              51.000099
            ],
            [
              6.8987748,
              50.9999124
            ],
            [
              6.8984542,
              50.9997803
            ],
            [
              6.8983626,
              50.999641
            ],
            [
              6.897214,
              50.9990751
            ],
            [
              6.896524,
              50.9987587
            ],
            [
              6.8956063,
              50.9984036
            ],
            [
              6.8935946,
              50.9976795
            ],
            [
              6.8925495,
              50.9973211
            ],
            [
              6.8914791,
              50.9970062
            ]
          ]
        ]
      }
    },
    {
      "type": "Feature",
      "properties": {
        "name": "Chorweiler",
        "slug": "chorweiler",
        "osm_relation": 2613796,
        "in": {
          "en": "in Chorweiler",
          "de": "in Chorweiler"
        }
      },
      "geometry": {
        "type": "Polygon",
        "coordinates": [
          [
            [
              6.7725303,
              51.0616154
            ],
            [
              6.7725304,
              51.0616153
            ],
            [
              6.7725455,
              51.0615759
            ],
            [
              6.7728852,
              51.0606878
            ],
            [
              6.7728848,
              51.0606166
            ],
            [
              6.7728838,
              51.0604188
            ],
            [
              6.7728827,
              51.0601714
            ],
            [
              6.7728822,
              51.0600616
            ],
            [
              6.772882,
              51.0600249
            ],
            [
              6.7729238,
              51.0599368
            ],
            [
              6.7736176,
              51.0593788
            ],
            [
              6.7738383,
              51.0591715
            ],
            [
              6.7740657,
              51.0589122
            ],
            [
              6.7741958,
              51.0587583
            ],
            [
              6.7741959,
              51.0587582
            ],
            [
              6.7742009,
              51.0587509
            ],
            [
              6.774322,
              51.0585746
            ],
            [
              6.7744734,
              51.0583541
            ],
            [
              6.7745011,
              51.05832
            ],
            [
              6.7746367,
              51.0581533
            ],
            [
              6.7748052,
              51.0579523
            ],
            [
              6.7748353,
              51.0579164
            ],
            [
              6.7748656,
              51.0578813
            ],
            [
              6.775026,
              51.0576951
            ],
            [
              6.7750285,
              51.0576927
            ],
            [
              6.7751217,
              51.0576025
            ],
            [
              6.7752682,
              51.0574607
            ],
            [
              6.7754771,
              51.0572793
            ],
            [
              6.7762204,
              51.0567244
            ],
            [
              6.77668,
              51.0563486
            ],
            [
              6.7767803,
              51.056291
            ],
            [
              6.7771942,
              51.0561392
            ],
            [
              6.7771949,
              51.0561389
            ],
            [
              6.7775916,
              51.0564469
            ],
            [
              6.7775917,
              51.056447
            ],
            [
              6.7775921,
              51.0564473
            ],
            [
              6.7779851,
              51.0562667
            ],
            [
              6.779063,
              51.0557716
            ],
            [
              6.7797383,
              51.0553419
            ],
            [
              6.780022,
              51.0551614
            ],
            [
              6.7802262,
              51.0550129
            ],
            [
              6.7808154,
              51.0545397
            ],
            [
              6.7813898,
              51.05416
            ],
            [
              6.7829433,
              51.0533706
            ],
            [
              6.7837177,
              51.0529183
            ],
            [
              6.784478,
              51.0525308
            ],
            [
              6.7851459,
              51.0521571
            ],
            [
              6.7853995,
              51.0520019
            ],
            [
              6.7857811,
              51.0516866
            ],
            [
              6.7863327,
              51.0512586
            ],
            [
              6.7867306,
              51.0509274
            ],
            [
              6.7870442,
              51.050641
            ],
            [
              6.7872275,
              51.0504735
            ],
            [
              6.7874184,
              51.0503622
            ],
            [
              6.787672,
              51.0502709
            ],
            [
              6.7877854,
              51.0502
            ],
            [
              6.7882381,
              51.0499167
            ],
            [
              6.7888111,
              51.0493361
            ],
            [
              6.7890343,
              51.0490485
            ],
            [
              6.7891775,
              51.0489045
            ],
            [
              6.7894716,
              51.0486007
            ],
            [
              6.7897577,
              51.0480182
            ],
            [
              6.7898299,
              51.0477953
            ],
            [
              6.7898978,
              51.0474356
            ],
            [
              6.7900858,
              51.0469098
            ],
            [
              6.7901072,
              51.0468551
            ],
            [
              6.7902605,
              51.0464728
            ],
            [
              6.7904251,
              51.0461922
            ],
            [
              6.7905479,
              51.0460049
            ],
            [
              6.7907002,
              51.0457733
            ],
            [
              6.790701,
              51.0457708
            ],
            [
              6.7907322,
              51.0456721
            ],
            [
              6.7907386,
              51.0456517
            ],
            [
              6.7907917,
              51.0454832
            ],
            [
              6.7908339,
              51.0453497
            ],
            [
              6.7909345,
              51.0451173
            ],
            [
              6.7909643,
              51.0450484
            ],
            [
              6.790966,
              51.0450446
            ],
            [
              6.7911909,
              51.0447334
            ],
            [
              6.7914525,
              51.0444273
            ],
            [
              6.7918287,
              51.0439956
            ],
            [
              6.7920813,
              51.0437056
            ],
            [
              6.7926359,
              51.0431906
            ],
            [
              6.7926361,
              51.0431904
            ],
            [
              6.7926452,
              51.0431779
            ],
            [
              6.792713,
              51.0430853
            ],
            [
              6.7929128,
              51.0429338
            ],
            [
              6.7929218,
              51.0429274
            ],
            [
              6.7929427,
              51.0429125
            ],
            [
              6.7929454,
              51.0429105
            ],
            [
              6.793225,
              51.0427126
            ],
            [
              6.7935914,
              51.0424509
            ],
            [
              6.7937643,
              51.0422632
            ],
            [
              6.7939312,
              51.0419114
            ],
            [
              6.7940533,
              51.0417574
            ],
            [
              6.7944417,
              51.0415126
            ],
            [
              6.7949287,
              51.0412064
            ],
            [
              6.794966,
              51.0410484
            ],
            [
              6.794942,
              51.0408544
            ],
            [
              6.7949678,
              51.0407641
            ],
            [
              6.7949814,
              51.0407461
            ],
            [
              6.7952525,
              51.0403889
            ],
            [
              6.7953934,
              51.0401495
            ],
            [
              6.7955832,
              51.0397519
            ],
            [
              6.795855,
              51.0394959
            ],
            [
              6.7959824,
              51.0391614
            ],
            [
              6.7959947,
              51.0391316
            ],
            [
              6.7960046,
              51.0391119
            ],
            [
              6.7961608,
              51.0387933
            ],
            [
              6.7967596,
              51.038107
            ],
            [
              6.7971246,
              51.0377968
            ],
            [
              6.7971849,
              51.0377559
            ],
            [
              6.7973989,
              51.0376114
            ],
            [
              6.7974623,
              51.0375684
            ],
            [
              6.7978217,
              51.037271
            ],
            [
              6.7980764,
              51.0369848
            ],
            [
              6.7981985,
              51.0367319
            ],
            [
              6.8028726,
              51.0386789
            ],
            [
              6.8053817,
              51.0394925
            ],
            [
              6.8054982,
              51.0393926
            ],
            [
              6.806127,
              51.0388546
            ],
            [
              6.8061514,
              51.0388312
            ],
            [
              6.8078392,
              51.0361432
            ],
            [
              6.808319,
              51.03533
            ],
            [
              6.8083921,
              51.035335
            ],
            [
              6.8083926,
              51.0353351
            ],
            [
              6.8084431,
              51.0352342
            ],
            [
              6.808491,
              51.0352874
            ],
            [
              6.8123923,
              51.0366361
            ],
            [
              6.8127517,
              51.0367603
            ],
            [
              6.8127832,
              51.0367636
            ],
            [
              6.812873,
              51.0367512
            ],
            [
              6.812886,
              51.0367446
            ],
            [
              6.8128971,
              51.0367305
            ],
            [
              6.8139987,
              51.0353559
            ],
            [
              6.8140527,
              51.035376
            ],
            [
              6.814104,
              51.0353943
            ],
            [
              6.8155757,
              51.0359093
            ],
            [
              6.8160518,
              51.0360947
            ],
            [
              6.8164224,
              51.0362735
            ],
            [
              6.8173669,
              51.0367612
            ],
            [
              6.8180316,
              51.0371277
            ],
            [
              6.8180409,
              51.0371329
            ],
            [
              6.8180779,
              51.0371527
            ],
            [
              6.8180805,
              51.0371541
            ],
            [
              6.8181425,
              51.0371889
            ],
            [
              6.818234,
              51.0372394
            ],
            [
              6.8189567,
              51.0376298
            ],
            [
              6.819059,
              51.0376851
            ],
            [
              6.8190655,
              51.0376886
            ],
            [
              6.8194396,
              51.0379292
            ],
            [
              6.8195759,
              51.0380374
            ],
            [
              6.8196714,
              51.0381131
            ],
            [
              6.8198678,
              51.0382873
            ],
            [
              6.8200448,
              51.0384818
            ],
            [
              6.8201141,
              51.0384572
            ],
            [
              6.8203551,
              51.0383716
            ],
            [
              6.8203921,
              51.0383585
            ],
            [
              6.820403,
              51.038354
            ],
            [
              6.8204629,
              51.0384297
            ],
            [
              6.8204683,
              51.0384366
            ],
            [
              6.8205434,
              51.0385313
            ],
            [
              6.8205436,
              51.0385316
            ],
            [
              6.8206185,
              51.0384551
            ],
            [
              6.82069,
              51.0383822
            ],
            [
              6.8225292,
              51.0365056
            ],
            [
              6.8226039,
              51.0364293
            ],
            [
              6.8241639,
              51.0373351
            ],
            [
              6.8241761,
              51.0373893
            ],
            [
              6.8270249,
              51.0344837
            ],
            [
              6.8270973,
              51.0344098
            ],
            [
              6.8271711,
              51.0343346
            ],
            [
              6.8272618,
              51.034242
            ],
            [
              6.8277274,
              51.0337671
            ],
            [
              6.8277983,
              51.0336949
            ],
            [
              6.8278034,
              51.0336896
            ],
            [
              6.8278134,
              51.0336882
            ],
            [
              6.8279385,
              51.0336711
            ],
            [
              6.8279458,
              51.03367
            ],
            [
              6.8289158,
              51.033537
            ],
            [
              6.8296505,
              51.0334362
            ],
            [
              6.8298887,
              51.0334036
            ],
            [
              6.8298967,
              51.0334025
            ],
            [
              6.8299375,
              51.0333601
            ],
            [
              6.8299374,
              51.03336
            ],
            [
              6.8299285,
              51.0333392
            ],
            [
              6.8298997,
              51.0332719
            ],
            [
              6.8298996,
              51.0332716
            ],
            [
              6.8298987,
              51.0332693
            ],
            [
              6.8298984,
              51.0332686
            ],
            [
              6.8298681,
              51.033194
            ],
            [
              6.8300379,
              51.0332836
            ],
            [
              6.830122,
              51.0332402
            ],
            [
              6.8301974,
              51.0332013
            ],
            [
              6.8302101,
              51.0331947
            ],
            [
              6.8302763,
              51.0331605
            ],
            [
              6.8302827,
              51.0331575
            ],
            [
              6.8303093,
              51.0331452
            ],
            [
              6.8304202,
              51.0330939
            ],
            [
              6.8323829,
              51.0321871
            ],
            [
              6.8326707,
              51.0320541
            ],
            [
              6.8334331,
              51.0317017
            ],
            [
              6.8334598,
              51.0316895
            ],
            [
              6.8336359,
              51.031608
            ],
            [
              6.8337452,
              51.0315576
            ],
            [
              6.8337859,
              51.0315387
            ],
            [
              6.836339,
              51.030359
            ],
            [
              6.8366682,
              51.0302063
            ],
            [
              6.8383407,
              51.0295168
            ],
            [
              6.8396906,
              51.0289603
            ],
            [
              6.8399062,
              51.0288713
            ],
            [
              6.8399619,
              51.0288483
            ],
            [
              6.8398641,
              51.0288488
            ],
            [
              6.8381057,
              51.0281621
            ],
            [
              6.8357284,
              51.0272336
            ],
            [
              6.8355995,
              51.0271447
            ],
            [
              6.8397851,
              51.0254279
            ],
            [
              6.8398849,
              51.0254294
            ],
            [
              6.8399466,
              51.025394
            ],
            [
              6.8399463,
              51.0253939
            ],
            [
              6.8397944,
              51.0253357
            ],
            [
              6.8398946,
              51.0253389
            ],
            [
              6.8415312,
              51.0247112
            ],
            [
              6.8408664,
              51.0241151
            ],
            [
              6.8405691,
              51.0238486
            ],
            [
              6.8370294,
              51.0206775
            ],
            [
              6.8369297,
              51.0205927
            ],
            [
              6.8369139,
              51.0205829
            ],
            [
              6.8368897,
              51.0205667
            ],
            [
              6.8368119,
              51.0204972
            ],
            [
              6.8365548,
              51.0202672
            ],
            [
              6.8362506,
              51.0199952
            ],
            [
              6.8359811,
              51.0197542
            ],
            [
              6.8356323,
              51.0194423
            ],
            [
              6.8352863,
              51.0191329
            ],
            [
              6.8352515,
              51.0191019
            ],
            [
              6.8352033,
              51.0190587
            ],
            [
              6.8351799,
              51.0190379
            ],
            [
              6.8348844,
              51.0187736
            ],
            [
              6.8348018,
              51.0186998
            ],
            [
              6.8346342,
              51.0185513
            ],
            [
              6.8342435,
              51.0182055
            ],
            [
              6.8341245,
              51.0181001
            ],
            [
              6.8341165,
              51.018093
            ],
            [
              6.8340949,
              51.0180739
            ],
            [
              6.8340823,
              51.0180627
            ],
            [
              6.8339983,
              51.0179883
            ],
            [
              6.8339609,
              51.017955
            ],
            [
              6.8339242,
              51.0179218
            ],
            [
              6.8338701,
              51.0178693
            ],
            [
              6.8338757,
              51.0178681
            ],
            [
              6.8340498,
              51.0178309
            ],
            [
              6.8340863,
              51.0178227
            ],
            [
              6.8341807,
              51.017808
            ],
            [
              6.8342219,
              51.0178016
            ],
            [
              6.8343304,
              51.0177848
            ],
            [
              6.8343479,
              51.0177824
            ],
            [
              6.8344802,
              51.017765
            ],
            [
              6.8347956,
              51.0177232
            ],
            [
              6.835477,
              51.0176332
            ],
            [
              6.8356339,
              51.0176123
            ],
            [
              6.8356583,
              51.0175894
            ],
            [
              6.8356812,
              51.0175674
            ],
            [
              6.8357559,
              51.0174962
            ],
            [
              6.8366763,
              51.0166173
            ],
            [
              6.8371335,
              51.0161828
            ],
            [
              6.8372084,
              51.0161117
            ],
            [
              6.8375092,
              51.0158259
            ],
            [
              6.8388722,
              51.0145229
            ],
            [
              6.8393406,
              51.0140743
            ],
            [
              6.8394151,
              51.0140029
            ],
            [
              6.8412836,
              51.012222
            ],
            [
              6.8412612,
              51.0121983
            ],
            [
              6.8414406,
              51.0121991
            ],
            [
              6.8415104,
              51.0121447
            ],
            [
              6.8414894,
              51.012123
            ],
            [
              6.8416039,
              51.0120117
            ],
            [
              6.8413581,
              51.0120106
            ],
            [
              6.8411378,
              51.0120097
            ],
            [
              6.8408165,
              51.011996
            ],
            [
              6.8404514,
              51.0119648
            ],
            [
              6.8401981,
              51.0119326
            ],
            [
              6.8399276,
              51.0118858
            ],
            [
              6.839797,
              51.0118634
            ],
            [
              6.8393493,
              51.011757
            ],
            [
              6.8386107,
              51.011539
            ],
            [
              6.8377246,
              51.0112791
            ],
            [
              6.837322,
              51.0111511
            ],
            [
              6.8375338,
              51.0109438
            ],
            [
              6.8375224,
              51.0109392
            ],
            [
              6.8376505,
              51.0108156
            ],
            [
              6.8382568,
              51.0102494
            ],
            [
              6.8383308,
              51.0101771
            ],
            [
              6.8385411,
              51.0099716
            ],
            [
              6.8387973,
              51.0097212
            ],
            [
              6.8392123,
              51.0093546
            ],
            [
              6.8394088,
              51.0091522
            ],
            [
              6.8394558,
              51.0091039
            ],
            [
              6.8395831,
              51.0089721
            ],
            [
              6.8403118,
              51.0082767
            ],
            [
              6.8414133,
              51.0072258
            ],
            [
              6.8418127,
              51.006844
            ],
            [
              6.8419415,
              51.0067212
            ],
            [
              6.8420245,
              51.0066459
            ],
            [
              6.8423495,
              51.0063512
            ],
            [
              6.8426838,
              51.0060164
            ],
            [
              6.8427668,
              51.0059333
            ],
            [
              6.8428475,
              51.0058595
            ],
            [
              6.8431304,
              51.0056011
            ],
            [
              6.843513,
              51.0052208
            ],
            [
              6.8436996,
              51.0050425
            ],
            [
              6.8445965,
              51.0041854
            ],
            [
              6.8446694,
              51.0041157
            ],
            [
              6.8446739,
              51.0041116
            ],
            [
              6.8447294,
              51.0040891
            ],
            [
              6.8447836,
              51.004067
            ],
            [
              6.8447668,
              51.0040466
            ],
            [
              6.8447645,
              51.004044
            ],
            [
              6.8447451,
              51.0040206
            ],
            [
              6.8447449,
              51.0040204
            ],
            [
              6.8447412,
              51.0040159
            ],
            [
              6.8443299,
              51.0040666
            ],
            [
              6.8439667,
              51.0041114
            ],
            [
              6.8437455,
              51.0041385
            ],
            [
              6.8435684,
              51.004161
            ],
            [
              6.8432482,
              51.0042005
            ],
            [
              6.8425465,
              51.0042873
            ],
            [
              6.8423396,
              51.0043101
            ],
            [
              6.8421909,
              51.0043265
            ],
            [
              6.8420121,
              51.0043462
            ],
            [
              6.8420122,
              51.0043459
            ],
            [
              6.8420125,
              51.0043453
            ],
            [
              6.8420293,
              51.0043128
            ],
            [
              6.8420291,
              51.0043126
            ],
            [
              6.8420241,
              51.0043092
            ],
            [
              6.8414865,
              51.003939
            ],
            [
              6.8405218,
              51.003277
            ],
            [
              6.8403163,
              51.0031357
            ],
            [
              6.8402514,
              51.0030912
            ],
            [
              6.8399081,
              51.0028556
            ],
            [
              6.8398354,
              51.0028057
            ],
            [
              6.8397438,
              51.0027427
            ],
            [
              6.8392677,
              51.0024159
            ],
            [
              6.8389633,
              51.0022068
            ],
            [
              6.8388717,
              51.002144
            ],
            [
              6.838421,
              51.0018344
            ],
            [
              6.8372011,
              51.0009971
            ],
            [
              6.8368408,
              51.0007497
            ],
            [
              6.8368022,
              51.0007231
            ],
            [
              6.8367965,
              51.0007191
            ],
            [
              6.8367064,
              51.0006572
            ],
            [
              6.8366556,
              51.0006223
            ],
            [
              6.8363161,
              51.0003894
            ],
            [
              6.8360209,
              51.0001867
            ],
            [
              6.8353873,
              50.9997519
            ],
            [
              6.8353307,
              50.9997649
            ],
            [
              6.8353706,
              50.9996887
            ],
            [
              6.8354298,
              50.9995746
            ],
            [
              6.835471,
              50.9994937
            ],
            [
              6.8358554,
              50.9987413
            ],
            [
              6.8361993,
              50.9980678
            ],
            [
              6.8362407,
              50.9979865
            ],
            [
              6.836385,
              50.9977041
            ],
            [
              6.8364264,
              50.9976228
            ],
            [
              6.8365103,
              50.9974586
            ],
            [
              6.8369767,
              50.9966075
            ],
            [
              6.8372847,
              50.9960256
            ],
            [
              6.8373581,
              50.995887
            ],
            [
              6.8374074,
              50.9957879
            ],
            [
              6.8375346,
              50.995576
            ],
            [
              6.8375589,
              50.9955357
            ],
            [
              6.8377081,
              50.9953528
            ],
            [
              6.8378902,
              50.9951661
            ],
            [
              6.838091,
              50.9949608
            ],
            [
              6.8381511,
              50.9948697
            ],
            [
              6.8382029,
              50.9947908
            ],
            [
              6.8388844,
              50.9937561
            ],
            [
              6.8390304,
              50.9936199
            ],
            [
              6.8391106,
              50.9935451
            ],
            [
              6.8391434,
              50.9935144
            ],
            [
              6.8391695,
              50.9934901
            ],
            [
              6.8391953,
              50.9933615
            ],
            [
              6.8392057,
              50.993309
            ],
            [
              6.8392227,
              50.9932243
            ],
            [
              6.8394024,
              50.9923261
            ],
            [
              6.839498,
              50.9919496
            ],
            [
              6.8395567,
              50.9917188
            ],
            [
              6.83956,
              50.991557
            ],
            [
              6.8395341,
              50.9914401
            ],
            [
              6.8394267,
              50.9910766
            ],
            [
              6.8394806,
              50.990963
            ],
            [
              6.8394845,
              50.9909544
            ],
            [
              6.8395415,
              50.9909091
            ],
            [
              6.8396954,
              50.9907835
            ],
            [
              6.8403279,
              50.9904339
            ],
            [
              6.8404829,
              50.9903709
            ],
            [
              6.840735,
              50.9902679
            ],
            [
              6.8407894,
              50.9902719
            ],
            [
              6.8408311,
              50.9902749
            ],
            [
              6.8413503,
              50.9900731
            ],
            [
              6.8414619,
              50.9900172
            ],
            [
              6.8415572,
              50.9899504
            ],
            [
              6.8416969,
              50.9898219
            ],
            [
              6.8418156,
              50.9897002
            ],
            [
              6.8426913,
              50.9894258
            ],
            [
              6.8444444,
              50.9888765
            ],
            [
              6.844565,
              50.9888387
            ],
            [
              6.8445726,
              50.9888363
            ],
            [
              6.8446235,
              50.9888203
            ],
            [
              6.8447477,
              50.9887741
            ],
            [
              6.8449743,
              50.98869
            ],
            [
              6.8463886,
              50.9881655
            ],
            [
              6.8465223,
              50.9881158
            ],
            [
              6.8464972,
              50.9880608
            ],
            [
              6.8464812,
              50.9880262
            ],
            [
              6.8464475,
              50.9879271
            ],
            [
              6.8464455,
              50.9878863
            ],
            [
              6.8464429,
              50.9878251
            ],
            [
              6.8464865,
              50.9877466
            ],
            [
              6.846566,
              50.9876689
            ],
            [
              6.8466726,
              50.9876046
            ],
            [
              6.8467536,
              50.987568
            ],
            [
              6.8475031,
              50.9872284
            ],
            [
              6.8476058,
              50.9871851
            ],
            [
              6.8476723,
              50.9871571
            ],
            [
              6.848222,
              50.9869257
            ],
            [
              6.8483892,
              50.9868596
            ],
            [
              6.8485927,
              50.9867793
            ],
            [
              6.8497859,
              50.9862386
            ],
            [
              6.8499733,
              50.9861583
            ],
            [
              6.8508024,
              50.9857976
            ],
            [
              6.8508909,
              50.985759
            ],
            [
              6.850958,
              50.9857952
            ],
            [
              6.8509498,
              50.9858522
            ],
            [
              6.8512044,
              50.9860124
            ],
            [
              6.852124,
              50.9865906
            ],
            [
              6.8529819,
              50.9871234
            ],
            [
              6.8531042,
              50.9871998
            ],
            [
              6.8535795,
              50.9874971
            ],
            [
              6.8538728,
              50.9876805
            ],
            [
              6.8548132,
              50.9882686
            ],
            [
              6.8551069,
              50.9884522
            ],
            [
              6.8552283,
              50.9885282
            ],
            [
              6.856181,
              50.9891238
            ],
            [
              6.8568287,
              50.9895287
            ],
            [
              6.8571109,
              50.9897053
            ],
            [
              6.8571882,
              50.989804
            ],
            [
              6.857284,
              50.9898634
            ],
            [
              6.8575116,
              50.9900059
            ],
            [
              6.8581074,
              50.9903786
            ],
            [
              6.8583852,
              50.9905521
            ],
            [
              6.8588546,
              50.9908457
            ],
            [
              6.8599478,
              50.9915291
            ],
            [
              6.8610977,
              50.992248
            ],
            [
              6.8612427,
              50.9923386
            ],
            [
              6.8622451,
              50.9929653
            ],
            [
              6.8623477,
              50.9930294
            ],
            [
              6.8635953,
              50.9936304
            ],
            [
              6.8636978,
              50.9935581
            ],
            [
              6.8638985,
              50.9934166
            ],
            [
              6.8640036,
              50.9933406
            ],
            [
              6.8649813,
              50.9926352
            ],
            [
              6.8650851,
              50.9925603
            ],
            [
              6.8651117,
              50.992541
            ],
            [
              6.8653064,
              50.9924005
            ],
            [
              6.8660846,
              50.9918388
            ],
            [
              6.8661012,
              50.991827
            ],
            [
              6.866115,
              50.9918168
            ],
            [
              6.8661151,
              50.9918168
            ],
            [
              6.8661572,
              50.9918556
            ],
            [
              6.8661853,
              50.9918352
            ],
            [
              6.8663402,
              50.9918503
            ],
            [
              6.8663304,
              50.9918279
            ],
            [
              6.8663272,
              50.9918164
            ],
            [
              6.8663299,
              50.9917953
            ],
            [
              6.8663385,
              50.9917788
            ],
            [
              6.8663494,
              50.9917626
            ],
            [
              6.8671364,
              50.9910891
            ],
            [
              6.8672676,
              50.9909347
            ],
            [
              6.8673167,
              50.9908944
            ],
            [
              6.8677669,
              50.9903516
            ],
            [
              6.8678585,
              50.9902411
            ],
            [
              6.8678958,
              50.9901142
            ],
            [
              6.8680841,
              50.9898732
            ],
            [
              6.8681991,
              50.9897697
            ],
            [
              6.8685281,
              50.9896325
            ],
            [
              6.8691737,
              50.9886406
            ],
            [
              6.8807649,
              50.9919906
            ],
            [
              6.8807669,
              50.9919911
            ],
            [
              6.8808586,
              50.9919227
            ],
            [
              6.8812133,
              50.9914364
            ],
            [
              6.8821819,
              50.9909743
            ],
            [
              6.8823681,
              50.9908853
            ],
            [
              6.8837463,
              50.9907164
            ],
            [
              6.8838033,
              50.9906529
            ],
            [
              6.8840296,
              50.9903943
            ],
            [
              6.8840482,
              50.9903668
            ],
            [
              6.8841099,
              50.9902755
            ],
            [
              6.8845048,
              50.9898376
            ],
            [
              6.8845054,
              50.989837
            ],
            [
              6.8845204,
              50.9898414
            ],
            [
              6.8845229,
              50.9898421
            ],
            [
              6.8845304,
              50.9898189
            ],
            [
              6.8845366,
              50.9897995
            ],
            [
              6.8845313,
              50.9897435
            ],
            [
              6.8845312,
              50.9897426
            ],
            [
              6.8850417,
              50.9899056
            ],
            [
              6.8853592,
              50.9899883
            ],
            [
              6.8856531,
              50.9900648
            ],
            [
              6.885909,
              50.9901544
            ],
            [
              6.8868383,
              50.9903938
            ],
            [
              6.8871193,
              50.9904956
            ],
            [
              6.8896727,
              50.9912981
            ],
            [
              6.8903293,
              50.9915045
            ],
            [
              6.8908823,
              50.9917153
            ],
            [
              6.8916654,
              50.9921021
            ],
            [
              6.8916315,
              50.9921275
            ],
            [
              6.8907943,
              50.9927584
            ],
            [
              6.890398,
              50.9932461
            ],
            [
              6.8902256,
              50.9934583
            ],
            [
              6.8899474,
              50.9938006
            ],
            [
              6.8897573,
              50.9940345
            ],
            [
              6.8891638,
              50.9947646
            ],
            [
              6.889135,
              50.9947999
            ],
            [
              6.8891132,
              50.9948267
            ],
            [
              6.8890961,
              50.9948478
            ],
            [
              6.8890923,
              50.9948527
            ],
            [
              6.8890913,
              50.9948506
            ],
            [
              6.8890734,
              50.994816
            ],
            [
              6.8873809,
              50.9942497
            ],
            [
              6.886514,
              50.9939582
            ],
            [
              6.886513,
              50.993958
            ],
            [
              6.8865119,
              50.9939575
            ],
            [
              6.8865108,
              50.9939572
            ],
            [
              6.8862898,
              50.9938856
            ],
            [
              6.8862893,
              50.9938863
            ],
            [
              6.8853973,
              50.9949878
            ],
            [
              6.8852875,
              50.9951234
            ],
            [
              6.8852614,
              50.9951555
            ],
            [
              6.8902308,
              50.9966343
            ],
            [
              6.8904325,
              50.9966943
            ],
            [
              6.8911377,
              50.9969045
            ],
            [
              6.8911742,
              50.9969153
            ],
            [
              6.8912684,
              50.9969434
            ],
            [
              6.8914791,
              50.9970062
            ],
            [
              6.8925495,
              50.9973211
            ],
            [
              6.8935946,
              50.9976795
            ],
            [
              6.8956063,
              50.9984036
            ],
            [
              6.896524,
              50.9987587
            ],
            [
              6.897214,
              50.9990751
            ],
            [
              6.8983626,
              50.999641
            ],
            [
              6.8984542,
              50.9997803
            ],
            [
              6.8987748,
              50.9999124
            ],
            [
              6.8991632,
              51.000099
            ],
            [
              6.8994951,
              51.000259
            ],
            [
              6.8994966,
              51.0002596
            ],
            [
              6.8996716,
              51.0002101
            ],
            [
              6.8999803,
              51.0003804
            ],
            [
              6.9008501,
              51.0008579
            ],
            [
              6.9011752,
              51.0010319
            ],
            [
              6.901268,
              51.0010524
            ],
            [
              6.9018732,
              51.0014032
            ],
            [
              6.9030888,
              51.002099
            ],
            [
              6.903669,
              51.0024311
            ],
            [
              6.9048755,
              51.003205
            ],
            [
              6.9051495,
              51.0033964
            ],
            [
              6.9065047,
              51.0043437
            ],
            [
              6.9065073,
              51.004345
            ],
            [
              6.9065254,
              51.0043581
            ],
            [
              6.9066126,
              51.0044665
            ],
            [
              6.906681,
              51.0045123
            ],
            [
              6.9068649,
              51.004582
            ],
            [
              6.9073202,
              51.0049034
            ],
            [
              6.9078576,
              51.005283
            ],
            [
              6.9085086,
              51.0057413
            ],
            [
              6.9097268,
              51.006583
            ],
            [
              6.9110819,
              51.0075552
            ],
            [
              6.9111976,
              51.0076546
            ],
            [
              6.9113605,
              51.0077836
            ],
            [
              6.9115639,
              51.00792
            ],
            [
              6.9129322,
              51.0088374
            ],
            [
              6.9129566,
              51.0088615
            ],
            [
              6.9130265,
              51.0089306
            ],
            [
              6.9134707,
              51.009239
            ],
            [
              6.915531,
              51.0106678
            ],
            [
              6.915759,
              51.0108232
            ],
            [
              6.9164725,
              51.0113089
            ],
            [
              6.9165674,
              51.0113735
            ],
            [
              6.916603,
              51.0113977
            ],
            [
              6.9167575,
              51.0115027
            ],
            [
              6.9168151,
              51.0115418
            ],
            [
              6.9174248,
              51.0119564
            ],
            [
              6.9177535,
              51.012135
            ],
            [
              6.9186261,
              51.0126091
            ],
            [
              6.9189432,
              51.0128421
            ],
            [
              6.9189883,
              51.0128752
            ],
            [
              6.9191374,
              51.0129845
            ],
            [
              6.9195264,
              51.0132152
            ],
            [
              6.9196915,
              51.0133102
            ],
            [
              6.91983,
              51.01339
            ],
            [
              6.922418,
              51.0148697
            ],
            [
              6.9226764,
              51.0149934
            ],
            [
              6.9229206,
              51.015121
            ],
            [
              6.9242315,
              51.0157498
            ],
            [
              6.9256707,
              51.0164095
            ],
            [
              6.9271625,
              51.0170444
            ],
            [
              6.928132,
              51.0174194
            ],
            [
              6.9329993,
              51.0193374
            ],
            [
              6.9353519,
              51.02028
            ],
            [
              6.9364131,
              51.0207308
            ],
            [
              6.9376381,
              51.0212531
            ],
            [
              6.9381682,
              51.021474
            ],
            [
              6.9386342,
              51.0216853
            ],
            [
              6.9394479,
              51.0220507
            ],
            [
              6.9429753,
              51.0237721
            ],
            [
              6.9429972,
              51.0237591
            ],
            [
              6.9436617,
              51.023413
            ],
            [
              6.9448006,
              51.0225806
            ],
            [
              6.9448559,
              51.0225473
            ],
            [
              6.9450735,
              51.0223269
            ],
            [
              6.9460576,
              51.021316
            ],
            [
              6.9464467,
              51.0206244
            ],
            [
              6.9465764,
              51.0203681
            ],
            [
              6.9467676,
              51.0198897
            ],
            [
              6.9467688,
              51.0198816
            ],
            [
              6.9467711,
              51.0198655
            ],
            [
              6.9468736,
              51.019377
            ],
            [
              6.9470215,
              51.0183536
            ],
            [
              6.9470398,
              51.0180701
            ],
            [
              6.947041,
              51.0180509
            ],
            [
              6.947031,
              51.0172785
            ],
            [
              6.9471572,
              51.0172859
            ],
            [
              6.9475285,
              51.0173074
            ],
            [
              6.9476481,
              51.0173161
            ],
            [
              6.9546218,
              51.0178233
            ],
            [
              6.9548782,
              51.0178234
            ],
            [
              6.9548972,
              51.0178253
            ],
            [
              6.9552776,
              51.017864
            ],
            [
              6.9555414,
              51.0178909
            ],
            [
              6.9559208,
              51.0179175
            ],
            [
              6.961057,
              51.0162776
            ],
            [
              6.9638209,
              51.0153916
            ],
            [
              6.9638858,
              51.015375
            ],
            [
              6.963767,
              51.0150092
            ],
            [
              6.9639322,
              51.0149886
            ],
            [
              6.9655422,
              51.0145381
            ],
            [
              6.9657977,
              51.0145423
            ],
            [
              6.9658742,
              51.0145435
            ],
            [
              6.9682022,
              51.0145808
            ],
            [
              6.9689937,
              51.0146337
            ],
            [
              6.9684368,
              51.0139808
            ],
            [
              6.9684254,
              51.0139675
            ],
            [
              6.9684032,
              51.013841
            ],
            [
              6.9683891,
              51.0138073
            ],
            [
              6.9683782,
              51.0137811
            ],
            [
              6.9683793,
              51.0137481
            ],
            [
              6.9683569,
              51.013685
            ],
            [
              6.9683037,
              51.0135359
            ],
            [
              6.9682837,
              51.01348
            ],
            [
              6.9682525,
              51.0134267
            ],
            [
              6.9683352,
              51.0133995
            ],
            [
              6.9706251,
              51.0126476
            ],
            [
              6.9718684,
              51.0141657
            ],
            [
              6.9719387,
              51.0142546
            ],
            [
              6.9720076,
              51.014344
            ],
            [
              6.9721554,
              51.0145447
            ],
            [
              6.9723299,
              51.0147973
            ],
            [
              6.9725119,
              51.0150743
            ],
            [
              6.9726829,
              51.0153538
            ],
            [
              6.9728436,
              51.0156357
            ],
            [
              6.9728637,
              51.0156709
            ],
            [
              6.9728931,
              51.0157263
            ],
            [
              6.9729175,
              51.0157717
            ],
            [
              6.9729346,
              51.0158043
            ],
            [
              6.9729517,
              51.015837
            ],
            [
              6.9729685,
              51.0158697
            ],
            [
              6.9729823,
              51.0158968
            ],
            [
              6.9730099,
              51.0159511
            ],
            [
              6.9730978,
              51.0161316
            ],
            [
              6.9731815,
              51.0163129
            ],
            [
              6.9732608,
              51.0164949
            ],
            [
              6.9733782,
              51.0167853
            ],
            [
              6.9734099,
              51.0168724
            ],
            [
              6.9734659,
              51.0170263
            ],
            [
              6.9734845,
              51.0170773
            ],
            [
              6.9735798,
              51.0173708
            ],
            [
              6.9736551,
              51.017632
            ],
            [
              6.9736691,
              51.0176873
            ],
            [
              6.9737032,
              51.0178211
            ],
            [
              6.9737218,
              51.0178942
            ],
            [
              6.9737796,
              51.0181571
            ],
            [
              6.9737861,
              51.0181911
            ],
            [
              6.9737925,
              51.0182249
            ],
            [
              6.9737988,
              51.0182588
            ],
            [
              6.9738045,
              51.0182882
            ],
            [
              6.9738101,
              51.0183176
            ],
            [
              6.9738155,
              51.018347
            ],
            [
              6.9738204,
              51.0183749
            ],
            [
              6.9738252,
              51.0184027
            ],
            [
              6.97383,
              51.0184306
            ],
            [
              6.9738663,
              51.0186716
            ],
            [
              6.9738952,
              51.0189128
            ],
            [
              6.9739168,
              51.0191544
            ],
            [
              6.9739335,
              51.0194538
            ],
            [
              6.973939,
              51.0197534
            ],
            [
              6.9739332,
              51.020053
            ],
            [
              6.9739266,
              51.0201949
            ],
            [
              6.9739176,
              51.0203367
            ],
            [
              6.973906,
              51.0204785
            ],
            [
              6.9738889,
              51.0206436
            ],
            [
              6.9738766,
              51.0207459
            ],
            [
              6.9738629,
              51.020848
            ],
            [
              6.9738479,
              51.02095
            ],
            [
              6.9737968,
              51.0212479
            ],
            [
              6.9737347,
              51.0215449
            ],
            [
              6.9736613,
              51.021841
            ],
            [
              6.973581,
              51.022122
            ],
            [
              6.9734907,
              51.0224018
            ],
            [
              6.9733903,
              51.0226803
            ],
            [
              6.9733814,
              51.0227034
            ],
            [
              6.9733612,
              51.0227552
            ],
            [
              6.9733346,
              51.0228231
            ],
            [
              6.9732277,
              51.023079
            ],
            [
              6.9731124,
              51.0233335
            ],
            [
              6.9729886,
              51.0235863
            ],
            [
              6.9728383,
              51.0238706
            ],
            [
              6.9726772,
              51.0241524
            ],
            [
              6.9725057,
              51.0244318
            ],
            [
              6.9723882,
              51.0246126
            ],
            [
              6.9722663,
              51.0247923
            ],
            [
              6.9721398,
              51.0249707
            ],
            [
              6.9721028,
              51.0250217
            ],
            [
              6.9719285,
              51.0252535
            ],
            [
              6.9716089,
              51.025655
            ],
            [
              6.9714468,
              51.0258379
            ],
            [
              6.9712753,
              51.0260292
            ],
            [
              6.9711858,
              51.0261264
            ],
            [
              6.9709683,
              51.0263579
            ],
            [
              6.9707478,
              51.0265879
            ],
            [
              6.9705242,
              51.0268167
            ],
            [
              6.9703731,
              51.0269687
            ],
            [
              6.9702196,
              51.0271198
            ],
            [
              6.9701568,
              51.027182
            ],
            [
              6.9701003,
              51.0272372
            ],
            [
              6.9700503,
              51.027286
            ],
            [
              6.9699518,
              51.0273818
            ],
            [
              6.9697532,
              51.0275729
            ],
            [
              6.9694884,
              51.0278217
            ],
            [
              6.9692197,
              51.0280687
            ],
            [
              6.9689471,
              51.0283142
            ],
            [
              6.9688592,
              51.0283914
            ],
            [
              6.9687708,
              51.0284682
            ],
            [
              6.968682,
              51.028545
            ],
            [
              6.9684921,
              51.0287109
            ],
            [
              6.9683003,
              51.0288759
            ],
            [
              6.9681069,
              51.0290402
            ],
            [
              6.9678193,
              51.0292787
            ],
            [
              6.967528,
              51.0295154
            ],
            [
              6.9672331,
              51.0297503
            ],
            [
              6.9669676,
              51.0299572
            ],
            [
              6.9667001,
              51.0301617
            ],
            [
              6.9664277,
              51.0303664
            ],
            [
              6.9656685,
              51.030924
            ],
            [
              6.9653916,
              51.03112
            ],
            [
              6.9648197,
              51.0315132
            ],
            [
              6.9644218,
              51.0317787
            ],
            [
              6.9638318,
              51.0321612
            ],
            [
              6.9634218,
              51.0324191
            ],
            [
              6.9628975,
              51.0327384
            ],
            [
              6.962857,
              51.0327629
            ],
            [
              6.9627912,
              51.0328024
            ],
            [
              6.9627584,
              51.0328221
            ],
            [
              6.9627289,
              51.0328397
            ],
            [
              6.9626996,
              51.0328573
            ],
            [
              6.9626702,
              51.0328748
            ],
            [
              6.9626378,
              51.0328941
            ],
            [
              6.9626055,
              51.0329134
            ],
            [
              6.9623886,
              51.0330412
            ],
            [
              6.9620392,
              51.0332443
            ],
            [
              6.9613305,
              51.0336434
            ],
            [
              6.9611749,
              51.0337291
            ],
            [
              6.9607807,
              51.0339431
            ],
            [
              6.9603827,
              51.0341538
            ],
            [
              6.9602447,
              51.0342258
            ],
            [
              6.9598768,
              51.0344154
            ],
            [
              6.959506,
              51.0346028
            ],
            [
              6.9591323,
              51.0347878
            ],
            [
              6.9588455,
              51.0349298
            ],
            [
              6.9583267,
              51.0351827
            ],
            [
              6.9581421,
              51.0352725
            ],
            [
              6.9580058,
              51.0353387
            ],
            [
              6.9579546,
              51.035364
            ],
            [
              6.9568794,
              51.0358892
            ],
            [
              6.9546216,
              51.0369943
            ],
            [
              6.9540608,
              51.0372678
            ],
            [
              6.9534999,
              51.0375421
            ],
            [
              6.9523732,
              51.0380929
            ],
            [
              6.95185,
              51.0383487
            ],
            [
              6.9517437,
              51.0384007
            ],
            [
              6.9516677,
              51.0384378
            ],
            [
              6.951591,
              51.0384753
            ],
            [
              6.9514853,
              51.038527
            ],
            [
              6.9512467,
              51.0386437
            ],
            [
              6.9501201,
              51.0391945
            ],
            [
              6.9496702,
              51.0394144
            ],
            [
              6.9489934,
              51.0397452
            ],
            [
              6.9478667,
              51.040296
            ],
            [
              6.9467401,
              51.0408468
            ],
            [
              6.9460745,
              51.0411715
            ],
            [
              6.9459627,
              51.0412268
            ],
            [
              6.9433596,
              51.042499
            ],
            [
              6.9422329,
              51.0430496
            ],
            [
              6.9409582,
              51.0436731
            ],
            [
              6.9408818,
              51.0437099
            ],
            [
              6.940768,
              51.043766
            ],
            [
              6.9403284,
              51.0439818
            ],
            [
              6.9402681,
              51.0440099
            ],
            [
              6.9382558,
              51.0449945
            ],
            [
              6.9368556,
              51.0456786
            ],
            [
              6.9365982,
              51.0458031
            ],
            [
              6.9354713,
              51.0463538
            ],
            [
              6.9326694,
              51.0477228
            ],
            [
              6.9311533,
              51.0484635
            ],
            [
              6.9309632,
              51.0485564
            ],
            [
              6.930725,
              51.0486727
            ],
            [
              6.9304555,
              51.0488044
            ],
            [
              6.9302791,
              51.0488906
            ],
            [
              6.9298361,
              51.049107
            ],
            [
              6.928709,
              51.0496576
            ],
            [
              6.9277977,
              51.0501027
            ],
            [
              6.9246951,
              51.0516181
            ],
            [
              6.9228046,
              51.0525414
            ],
            [
              6.9208183,
              51.0535114
            ],
            [
              6.9135788,
              51.0570465
            ],
            [
              6.9027773,
              51.0623183
            ],
            [
              6.9027747,
              51.0623196
            ],
            [
              6.9027723,
              51.0623208
            ],
            [
              6.9016496,
              51.0628686
            ],
            [
              6.9011065,
              51.0631336
            ],
            [
              6.9010954,
              51.0631391
            ],
            [
              6.9009885,
              51.0631908
            ],
            [
              6.9009488,
              51.0632097
            ],
            [
              6.9008544,
              51.0632566
            ],
            [
              6.9005218,
              51.063419
            ],
            [
              6.900382,
              51.0634872
            ],
            [
              6.8993939,
              51.0639693
            ],
            [
              6.8978324,
              51.0647314
            ],
            [
              6.8964242,
              51.0653757
            ],
            [
              6.8950583,
              51.0659573
            ],
            [
              6.8936613,
              51.0665087
            ],
            [
              6.8935966,
              51.0665331
            ],
            [
              6.8933989,
              51.0666076
            ],
            [
              6.8932702,
              51.0666554
            ],
            [
              6.8930667,
              51.0667309
            ],
            [
              6.8929245,
              51.0667853
            ],
            [
              6.892782,
              51.0668394
            ],
            [
              6.8926391,
              51.0668932
            ],
            [
              6.8926073,
              51.0669052
            ],
            [
              6.8925753,
              51.0669171
            ],
            [
              6.8925434,
              51.066929
            ],
            [
              6.8924731,
              51.0669552
            ],
            [
              6.8924027,
              51.0669813
            ],
            [
              6.8923323,
              51.0670073
            ],
            [
              6.8907977,
              51.0675203
            ],
            [
              6.8907337,
              51.0675399
            ],
            [
              6.890571,
              51.0675896
            ],
            [
              6.8892345,
              51.067998
            ],
            [
              6.8876448,
              51.0684395
            ],
            [
              6.8864632,
              51.0687483
            ],
            [
              6.8852733,
              51.0690439
            ],
            [
              6.8840753,
              51.0693266
            ],
            [
              6.8839742,
              51.0693498
            ],
            [
              6.8828512,
              51.0696
            ],
            [
              6.8817219,
              51.0698388
            ],
            [
              6.8805865,
              51.070066
            ],
            [
              6.8804825,
              51.0700861
            ],
            [
              6.8787539,
              51.0704059
            ],
            [
              6.8770133,
              51.070699
            ],
            [
              6.8752617,
              51.070965
            ],
            [
              6.8743025,
              51.0711025
            ],
            [
              6.8741913,
              51.0711183
            ],
            [
              6.8668487,
              51.0721699
            ],
            [
              6.8667374,
              51.0721858
            ],
            [
              6.8661555,
              51.0722691
            ],
            [
              6.8658978,
              51.072306
            ],
            [
              6.8656018,
              51.0723484
            ],
            [
              6.8650738,
              51.072437
            ],
            [
              6.8646615,
              51.0725063
            ],
            [
              6.8644084,
              51.0725488
            ],
            [
              6.8632424,
              51.0728057
            ],
            [
              6.8621108,
              51.0731175
            ],
            [
              6.8620745,
              51.0731286
            ],
            [
              6.862038,
              51.0731398
            ],
            [
              6.8620018,
              51.073151
            ],
            [
              6.8609411,
              51.0735116
            ],
            [
              6.859926,
              51.0739206
            ],
            [
              6.8589614,
              51.0743758
            ],
            [
              6.8589343,
              51.0743897
            ],
            [
              6.8588801,
              51.0744175
            ],
            [
              6.8588604,
              51.0744277
            ],
            [
              6.8588212,
              51.074448
            ],
            [
              6.8577951,
              51.0750305
            ],
            [
              6.8568511,
              51.0756656
            ],
            [
              6.855996,
              51.0763489
            ],
            [
              6.855971,
              51.0763708
            ],
            [
              6.855946,
              51.0763927
            ],
            [
              6.8559212,
              51.0764148
            ],
            [
              6.8558956,
              51.0764375
            ],
            [
              6.8558702,
              51.0764602
            ],
            [
              6.8558449,
              51.0764831
            ],
            [
              6.8555063,
              51.0768012
            ],
            [
              6.8551869,
              51.0771273
            ],
            [
              6.8548871,
              51.0774605
            ],
            [
              6.8548302,
              51.077527
            ],
            [
              6.8547428,
              51.0776443
            ],
            [
              6.854132,
              51.0784635
            ],
            [
              6.8535871,
              51.0794397
            ],
            [
              6.8532013,
              51.0804454
            ],
            [
              6.8531944,
              51.0804685
            ],
            [
              6.8531876,
              51.0804917
            ],
            [
              6.8531809,
              51.0805148
            ],
            [
              6.8531745,
              51.0805377
            ],
            [
              6.853168,
              51.0805605
            ],
            [
              6.8531616,
              51.0805834
            ],
            [
              6.8530507,
              51.0810524
            ],
            [
              6.8529773,
              51.0815242
            ],
            [
              6.8529407,
              51.0820214
            ],
            [
              6.85294,
              51.0820451
            ],
            [
              6.8529394,
              51.0820689
            ],
            [
              6.8529529,
              51.0826309
            ],
            [
              6.8529633,
              51.082719
            ],
            [
              6.8530128,
              51.0831366
            ],
            [
              6.8530193,
              51.0831916
            ],
            [
              6.8531387,
              51.0837487
            ],
            [
              6.8531597,
              51.0838263
            ],
            [
              6.8531902,
              51.0839433
            ],
            [
              6.8532228,
              51.08406
            ],
            [
              6.8532409,
              51.0841213
            ],
            [
              6.8532573,
              51.0841766
            ],
            [
              6.8506476,
              51.0845245
            ],
            [
              6.850546,
              51.0845076
            ],
            [
              6.8504971,
              51.0844996
            ],
            [
              6.8497309,
              51.0843729
            ],
            [
              6.8490663,
              51.084263
            ],
            [
              6.8489473,
              51.0842405
            ],
            [
              6.848855,
              51.084223
            ],
            [
              6.8487263,
              51.0841986
            ],
            [
              6.8487261,
              51.0841995
            ],
            [
              6.8486606,
              51.0844539
            ],
            [
              6.8486411,
              51.0845683
            ],
            [
              6.8485717,
              51.0849743
            ],
            [
              6.8485673,
              51.0849734
            ],
            [
              6.8485633,
              51.0849725
            ],
            [
              6.8485625,
              51.0849723
            ],
            [
              6.8484952,
              51.0849576
            ],
            [
              6.8484951,
              51.0849575
            ],
            [
              6.8474531,
              51.0847294
            ],
            [
              6.8469531,
              51.0846199
            ],
            [
              6.8451184,
              51.0842182
            ],
            [
              6.844966,
              51.0841845
            ],
            [
              6.8449085,
              51.084172
            ],
            [
              6.8448704,
              51.0841636
            ],
            [
              6.8447583,
              51.0841391
            ],
            [
              6.8447247,
              51.0841317
            ],
            [
              6.8434915,
              51.0838619
            ],
            [
              6.8434897,
              51.0838615
            ],
            [
              6.8430613,
              51.0837677
            ],
            [
              6.8430615,
              51.0837673
            ],
            [
              6.8430621,
              51.0837662
            ],
            [
              6.8431314,
              51.0836404
            ],
            [
              6.8433742,
              51.0832
            ],
            [
              6.8438608,
              51.082317
            ],
            [
              6.8441809,
              51.0817339
            ],
            [
              6.8441836,
              51.0817313
            ],
            [
              6.8441821,
              51.0817309
            ],
            [
              6.8441775,
              51.0817299
            ],
            [
              6.8440641,
              51.0817051
            ],
            [
              6.837274,
              51.0802191
            ],
            [
              6.8372369,
              51.080211
            ],
            [
              6.8372329,
              51.0802101
            ],
            [
              6.837218,
              51.0802068
            ],
            [
              6.8368329,
              51.0801225
            ],
            [
              6.8366099,
              51.0800737
            ],
            [
              6.8366104,
              51.0800728
            ],
            [
              6.8371122,
              51.0791647
            ],
            [
              6.8377031,
              51.0780944
            ],
            [
              6.8378073,
              51.0779053
            ],
            [
              6.8378238,
              51.0778757
            ],
            [
              6.8379001,
              51.0777372
            ],
            [
              6.8378983,
              51.0777368
            ],
            [
              6.8376452,
              51.0776813
            ],
            [
              6.8374922,
              51.0776478
            ],
            [
              6.8360181,
              51.0773252
            ],
            [
              6.8359372,
              51.0773074
            ],
            [
              6.8314202,
              51.0763185
            ],
            [
              6.831302,
              51.0762926
            ],
            [
              6.8301992,
              51.0760511
            ],
            [
              6.8293946,
              51.075875
            ],
            [
              6.8285279,
              51.0756852
            ],
            [
              6.8273516,
              51.0754277
            ],
            [
              6.8273224,
              51.0754213
            ],
            [
              6.8272329,
              51.0754016
            ],
            [
              6.8272145,
              51.0753976
            ],
            [
              6.827203,
              51.075395
            ],
            [
              6.8270762,
              51.0753672
            ],
            [
              6.8266821,
              51.075281
            ],
            [
              6.8258404,
              51.0750967
            ],
            [
              6.8257346,
              51.0750734
            ],
            [
              6.8256424,
              51.0750533
            ],
            [
              6.8254261,
              51.0748595
            ],
            [
              6.8253772,
              51.0748159
            ],
            [
              6.8252711,
              51.0747206
            ],
            [
              6.8251278,
              51.0746255
            ],
            [
              6.8251007,
              51.0746073
            ],
            [
              6.8250756,
              51.0745954
            ],
            [
              6.8250662,
              51.0745909
            ],
            [
              6.8249175,
              51.0745203
            ],
            [
              6.8246631,
              51.0744413
            ],
            [
              6.8246285,
              51.0744306
            ],
            [
              6.8245345,
              51.0744014
            ],
            [
              6.8246332,
              51.0743539
            ],
            [
              6.8254958,
              51.0736775
            ],
            [
              6.825815,
              51.073428
            ],
            [
              6.8258863,
              51.0733719
            ],
            [
              6.8258963,
              51.0733634
            ],
            [
              6.8259834,
              51.0732951
            ],
            [
              6.8260355,
              51.0732404
            ],
            [
              6.8261717,
              51.0730884
            ],
            [
              6.8261765,
              51.073083
            ],
            [
              6.8262527,
              51.0729595
            ],
            [
              6.8263244,
              51.0728432
            ],
            [
              6.8265858,
              51.0724196
            ],
            [
              6.8266449,
              51.0723235
            ],
            [
              6.8267562,
              51.0721784
            ],
            [
              6.8268429,
              51.0720654
            ],
            [
              6.8271382,
              51.0716803
            ],
            [
              6.8271752,
              51.0716218
            ],
            [
              6.8272562,
              51.0715049
            ],
            [
              6.8276808,
              51.0708715
            ],
            [
              6.8277255,
              51.0708053
            ],
            [
              6.8278263,
              51.0706571
            ],
            [
              6.8285133,
              51.0696355
            ],
            [
              6.829145,
              51.0684662
            ],
            [
              6.8291456,
              51.0684649
            ],
            [
              6.829146,
              51.0684642
            ],
            [
              6.8292503,
              51.0682706
            ],
            [
              6.8292581,
              51.0682561
            ],
            [
              6.8301955,
              51.0669973
            ],
            [
              6.8301967,
              51.0669962
            ],
            [
              6.8302064,
              51.0669877
            ],
            [
              6.8302074,
              51.0669867
            ],
            [
              6.8302124,
              51.0669823
            ],
            [
              6.8302269,
              51.0669695
            ],
            [
              6.8302439,
              51.0669545
            ],
            [
              6.8302456,
              51.066953
            ],
            [
              6.8302471,
              51.0669517
            ],
            [
              6.8302918,
              51.0669121
            ],
            [
              6.8302928,
              51.0669113
            ],
            [
              6.8306254,
              51.0666179
            ],
            [
              6.8306864,
              51.066564
            ],
            [
              6.830933,
              51.0663463
            ],
            [
              6.8312177,
              51.0660948
            ],
            [
              6.8312922,
              51.066029
            ],
            [
              6.8314111,
              51.065924
            ],
            [
              6.8314114,
              51.0658661
            ],
            [
              6.8314105,
              51.0658662
            ],
            [
              6.8314058,
              51.0658666
            ],
            [
              6.8313616,
              51.0658709
            ],
            [
              6.8313459,
              51.0658724
            ],
            [
              6.8313454,
              51.0658711
            ],
            [
              6.8313291,
              51.0658192
            ],
            [
              6.8313852,
              51.0657766
            ],
            [
              6.8314971,
              51.0654892
            ],
            [
              6.8315941,
              51.0652403
            ],
            [
              6.8319583,
              51.0643059
            ],
            [
              6.8319856,
              51.0642361
            ],
            [
              6.8319922,
              51.064219
            ],
            [
              6.8319966,
              51.0642078
            ],
            [
              6.8320127,
              51.0641663
            ],
            [
              6.832035,
              51.0641092
            ],
            [
              6.832378,
              51.0632288
            ],
            [
              6.8325068,
              51.0628987
            ],
            [
              6.832988,
              51.0616726
            ],
            [
              6.8330196,
              51.0615919
            ],
            [
              6.8330267,
              51.0615739
            ],
            [
              6.8330333,
              51.0615568
            ],
            [
              6.8330409,
              51.0615373
            ],
            [
              6.8330562,
              51.0614986
            ],
            [
              6.8330622,
              51.0614834
            ],
            [
              6.8330656,
              51.0614747
            ],
            [
              6.8330693,
              51.061465
            ],
            [
              6.8331986,
              51.0611322
            ],
            [
              6.833688,
              51.0598884
            ],
            [
              6.8336902,
              51.0598825
            ],
            [
              6.8337072,
              51.0598393
            ],
            [
              6.8337265,
              51.05979
            ],
            [
              6.8336049,
              51.0597209
            ],
            [
              6.8335195,
              51.0596732
            ],
            [
              6.8334662,
              51.0596446
            ],
            [
              6.8332645,
              51.0595319
            ],
            [
              6.8330988,
              51.0594393
            ],
            [
              6.8326364,
              51.0591808
            ],
            [
              6.832549,
              51.0591351
            ],
            [
              6.8324933,
              51.0591058
            ],
            [
              6.832491,
              51.0591046
            ],
            [
              6.8324776,
              51.0590976
            ],
            [
              6.8324694,
              51.0590939
            ],
            [
              6.832328,
              51.0590297
            ],
            [
              6.8323121,
              51.0590224
            ],
            [
              6.8322334,
              51.0589893
            ],
            [
              6.8313113,
              51.0586001
            ],
            [
              6.8312592,
              51.0585781
            ],
            [
              6.8310136,
              51.0584721
            ],
            [
              6.83002,
              51.0580428
            ],
            [
              6.8291879,
              51.0576824
            ],
            [
              6.8290545,
              51.0576246
            ],
            [
              6.8290463,
              51.0576209
            ],
            [
              6.8289216,
              51.0575653
            ],
            [
              6.8273758,
              51.0569058
            ],
            [
              6.8265723,
              51.0565629
            ],
            [
              6.8264675,
              51.0565182
            ],
            [
              6.8261759,
              51.0564089
            ],
            [
              6.8260844,
              51.0563829
            ],
            [
              6.8260346,
              51.0563678
            ],
            [
              6.8260021,
              51.0563583
            ],
            [
              6.8257371,
              51.0562701
            ],
            [
              6.8252576,
              51.0561103
            ],
            [
              6.8239356,
              51.0556698
            ],
            [
              6.8222851,
              51.0551937
            ],
            [
              6.8215559,
              51.0549836
            ],
            [
              6.8215388,
              51.0549786
            ],
            [
              6.8213791,
              51.0549326
            ],
            [
              6.8211589,
              51.0548692
            ],
            [
              6.8209167,
              51.0547994
            ],
            [
              6.820495,
              51.0546779
            ],
            [
              6.8191908,
              51.0542935
            ],
            [
              6.8184541,
              51.0540764
            ],
            [
              6.8178781,
              51.0539064
            ],
            [
              6.8178293,
              51.0538999
            ],
            [
              6.8177368,
              51.0539148
            ],
            [
              6.8167759,
              51.0538172
            ],
            [
              6.8164612,
              51.0538313
            ],
            [
              6.8165085,
              51.0536499
            ],
            [
              6.8166994,
              51.0536097
            ],
            [
              6.8162732,
              51.0518128
            ],
            [
              6.8158762,
              51.0518185
            ],
            [
              6.815779,
              51.0517957
            ],
            [
              6.8148622,
              51.0518643
            ],
            [
              6.8143843,
              51.05133
            ],
            [
              6.8142147,
              51.0510819
            ],
            [
              6.8139308,
              51.0506187
            ],
            [
              6.81365,
              51.050067
            ],
            [
              6.8136776,
              51.0500084
            ],
            [
              6.8136127,
              51.0497547
            ],
            [
              6.8131777,
              51.0491087
            ],
            [
              6.8130999,
              51.0486807
            ],
            [
              6.8131163,
              51.0485683
            ],
            [
              6.8132773,
              51.0482726
            ],
            [
              6.8136736,
              51.0478741
            ],
            [
              6.8137205,
              51.0477881
            ],
            [
              6.8136654,
              51.0470736
            ],
            [
              6.8137374,
              51.0460272
            ],
            [
              6.813741,
              51.0459735
            ],
            [
              6.8137736,
              51.0459468
            ],
            [
              6.8138267,
              51.0459031
            ],
            [
              6.8138036,
              51.0458912
            ],
            [
              6.8137914,
              51.0459006
            ],
            [
              6.8137242,
              51.0458959
            ],
            [
              6.8132486,
              51.0458632
            ],
            [
              6.8128132,
              51.0460408
            ],
            [
              6.8123344,
              51.0460221
            ],
            [
              6.8119406,
              51.0460822
            ],
            [
              6.8117032,
              51.0461801
            ],
            [
              6.8115841,
              51.0462128
            ],
            [
              6.8112148,
              51.0462139
            ],
            [
              6.8108774,
              51.0461837
            ],
            [
              6.8103421,
              51.046174
            ],
            [
              6.8100259,
              51.0462132
            ],
            [
              6.8097958,
              51.0462646
            ],
            [
              6.8097367,
              51.0462778
            ],
            [
              6.8094431,
              51.0462847
            ],
            [
              6.8092798,
              51.0462621
            ],
            [
              6.8088036,
              51.0462355
            ],
            [
              6.8080318,
              51.0462634
            ],
            [
              6.8077385,
              51.04641
            ],
            [
              6.8074658,
              51.0464921
            ],
            [
              6.8073298,
              51.0464958
            ],
            [
              6.8062692,
              51.0469394
            ],
            [
              6.8059268,
              51.0474058
            ],
            [
              6.8058275,
              51.0477746
            ],
            [
              6.8056792,
              51.0479088
            ],
            [
              6.8055217,
              51.0480086
            ],
            [
              6.8050458,
              51.0484475
            ],
            [
              6.8048768,
              51.0486492
            ],
            [
              6.8046194,
              51.0490664
            ],
            [
              6.804442,
              51.0493494
            ],
            [
              6.8042802,
              51.0496047
            ],
            [
              6.803785,
              51.0501155
            ],
            [
              6.8035864,
              51.05048
            ],
            [
              6.803507,
              51.0505929
            ],
            [
              6.8034851,
              51.0506239
            ],
            [
              6.803484,
              51.0506256
            ],
            [
              6.8034284,
              51.0508099
            ],
            [
              6.8034071,
              51.0508805
            ],
            [
              6.8029604,
              51.052362
            ],
            [
              6.8028177,
              51.0526195
            ],
            [
              6.8027939,
              51.0526625
            ],
            [
              6.8025082,
              51.0531781
            ],
            [
              6.8025004,
              51.053192
            ],
            [
              6.8024659,
              51.0532506
            ],
            [
              6.8021129,
              51.0538488
            ],
            [
              6.8020973,
              51.0538751
            ],
            [
              6.8018717,
              51.0542573
            ],
            [
              6.8017546,
              51.0544561
            ],
            [
              6.8016216,
              51.0546813
            ],
            [
              6.8015049,
              51.0548505
            ],
            [
              6.8014603,
              51.0549149
            ],
            [
              6.8012557,
              51.0552113
            ],
            [
              6.8011701,
              51.0553634
            ],
            [
              6.8011461,
              51.0554061
            ],
            [
              6.8011019,
              51.0554846
            ],
            [
              6.8008082,
              51.0560063
            ],
            [
              6.8009539,
              51.0573735
            ],
            [
              6.8009523,
              51.0575017
            ],
            [
              6.8009478,
              51.0577228
            ],
            [
              6.8009464,
              51.0577946
            ],
            [
              6.8009437,
              51.0579377
            ],
            [
              6.8009429,
              51.0579782
            ],
            [
              6.8009362,
              51.0583349
            ],
            [
              6.8007558,
              51.0593595
            ],
            [
              6.8007343,
              51.059482
            ],
            [
              6.8007167,
              51.059582
            ],
            [
              6.8006954,
              51.0595857
            ],
            [
              6.8006632,
              51.0595903
            ],
            [
              6.8005532,
              51.0596095
            ],
            [
              6.8004437,
              51.0596294
            ],
            [
              6.7999129,
              51.0597215
            ],
            [
              6.7999108,
              51.0597219
            ],
            [
              6.7999081,
              51.0597224
            ],
            [
              6.7996233,
              51.0596998
            ],
            [
              6.7988307,
              51.0594864
            ],
            [
              6.7988266,
              51.0594853
            ],
            [
              6.798823,
              51.0594843
            ],
            [
              6.7988204,
              51.0594887
            ],
            [
              6.798557,
              51.0599289
            ],
            [
              6.7989892,
              51.0600423
            ],
            [
              6.7972554,
              51.061337
            ],
            [
              6.7971157,
              51.0615435
            ],
            [
              6.7969045,
              51.0617692
            ],
            [
              6.7966864,
              51.061962
            ],
            [
              6.7964348,
              51.0621284
            ],
            [
              6.796286,
              51.0622271
            ],
            [
              6.7960384,
              51.0623909
            ],
            [
              6.7960249,
              51.0624032
            ],
            [
              6.795978,
              51.0624458
            ],
            [
              6.7952948,
              51.0631363
            ],
            [
              6.7948583,
              51.0633775
            ],
            [
              6.794743,
              51.0634286
            ],
            [
              6.7946209,
              51.0634558
            ],
            [
              6.794236,
              51.0634216
            ],
            [
              6.7940935,
              51.0634527
            ],
            [
              6.7939899,
              51.0635226
            ],
            [
              6.7936553,
              51.0636606
            ],
            [
              6.7934154,
              51.0637334
            ],
            [
              6.7930317,
              51.0639076
            ],
            [
              6.7929841,
              51.0639254
            ],
            [
              6.7929203,
              51.0639493
            ],
            [
              6.7927806,
              51.0640016
            ],
            [
              6.7925986,
              51.0641191
            ],
            [
              6.7923641,
              51.0643061
            ],
            [
              6.7923628,
              51.064307
            ],
            [
              6.792356,
              51.0643119
            ],
            [
              6.7920991,
              51.0644955
            ],
            [
              6.7920965,
              51.0645006
            ],
            [
              6.7919603,
              51.0647697
            ],
            [
              6.7919094,
              51.0648705
            ],
            [
              6.7919107,
              51.0648726
            ],
            [
              6.7919916,
              51.0650034
            ],
            [
              6.7920122,
              51.0650922
            ],
            [
              6.7920288,
              51.0651633
            ],
            [
              6.7920893,
              51.0654237
            ],
            [
              6.7920887,
              51.0654265
            ],
            [
              6.7920751,
              51.0654878
            ],
            [
              6.7920483,
              51.0656084
            ],
            [
              6.792004,
              51.0657527
            ],
            [
              6.7920017,
              51.0657556
            ],
            [
              6.7917358,
              51.0660678
            ],
            [
              6.7916519,
              51.0661997
            ],
            [
              6.7915434,
              51.0663322
            ],
            [
              6.7915241,
              51.0663557
            ],
            [
              6.7914855,
              51.0664028
            ],
            [
              6.7914535,
              51.0664418
            ],
            [
              6.7914515,
              51.0664479
            ],
            [
              6.7914481,
              51.0664587
            ],
            [
              6.7913885,
              51.0666448
            ],
            [
              6.7912897,
              51.0669531
            ],
            [
              6.7912919,
              51.0669699
            ],
            [
              6.7913235,
              51.0672103
            ],
            [
              6.7913051,
              51.0672822
            ],
            [
              6.7912765,
              51.0673941
            ],
            [
              6.791279,
              51.0673968
            ],
            [
              6.7912826,
              51.0674006
            ],
            [
              6.7912874,
              51.0674058
            ],
            [
              6.7912803,
              51.0674085
            ],
            [
              6.791275,
              51.0674104
            ],
            [
              6.790814,
              51.0675795
            ],
            [
              6.7901494,
              51.0678232
            ],
            [
              6.7887494,
              51.0680964
            ],
            [
              6.788637,
              51.0681183
            ],
            [
              6.7885308,
              51.0681518
            ],
            [
              6.7884287,
              51.0681841
            ],
            [
              6.7877896,
              51.0683857
            ],
            [
              6.7869773,
              51.0686775
            ],
            [
              6.7869177,
              51.0687014
            ],
            [
              6.7868151,
              51.0687426
            ],
            [
              6.7861229,
              51.0684947
            ],
            [
              6.7843777,
              51.0678695
            ],
            [
              6.7842228,
              51.067814
            ],
            [
              6.7840537,
              51.0677534
            ],
            [
              6.7810411,
              51.066674
            ],
            [
              6.7797741,
              51.0662201
            ],
            [
              6.773835,
              51.0640918
            ],
            [
              6.773698,
              51.0638463
            ],
            [
              6.7733996,
              51.0633111
            ],
            [
              6.7728046,
              51.0622438
            ],
            [
              6.7725643,
              51.0616932
            ],
            [
              6.7725303,
              51.0616154
            ]
          ]
        ]
      }
    },
    {
      "type": "Feature",
      "properties": {
        "name": "Porz",
        "slug": "porz",
        "osm_relation": 2613804,
        "in": {
          "en": "in Porz",
          "de": "in Porz"
        }
      },
      "geometry": {
        "type": "Polygon",
        "coordinates": [
          [
            [
              6.97334,
              50.9172265
            ],
            [
              6.9733787,
              50.917158
            ],
            [
              6.9734124,
              50.9170979
            ],
            [
              6.9734312,
              50.9170666
            ],
            [
              6.9759586,
              50.9128651
            ],
            [
              6.9790682,
              50.9087854
            ],
            [
              6.9794588,
              50.9083032
            ],
            [
              6.979792,
              50.907901
            ],
            [
              6.9798438,
              50.9078378
            ],
            [
              6.9798957,
              50.9077748
            ],
            [
              6.9799127,
              50.9077542
            ],
            [
              6.9799296,
              50.9077337
            ],
            [
              6.9799636,
              50.9076926
            ],
            [
              6.9802365,
              50.907364
            ],
            [
              6.9805464,
              50.9069968
            ],
            [
              6.9809614,
              50.906524
            ],
            [
              6.9814469,
              50.9060028
            ],
            [
              6.9828197,
              50.9046293
            ],
            [
              6.9842407,
              50.9034117
            ],
            [
              6.9853748,
              50.9025049
            ],
            [
              6.986536,
              50.9016706
            ],
            [
              6.9866132,
              50.9016169
            ],
            [
              6.986628,
              50.9016066
            ],
            [
              6.9866427,
              50.9015963
            ],
            [
              6.9871683,
              50.9012358
            ],
            [
              6.9877073,
              50.900883
            ],
            [
              6.9877321,
              50.900867
            ],
            [
              6.9877568,
              50.900851
            ],
            [
              6.987832,
              50.9008026
            ],
            [
              6.9878449,
              50.9007944
            ],
            [
              6.9878577,
              50.9007862
            ],
            [
              6.9879084,
              50.900754
            ],
            [
              6.9879338,
              50.9007379
            ],
            [
              6.9879592,
              50.9007217
            ],
            [
              6.9884891,
              50.9003901
            ],
            [
              6.989031,
              50.9000663
            ],
            [
              6.9894695,
              50.899811
            ],
            [
              6.9899389,
              50.8995511
            ],
            [
              6.9900088,
              50.8995135
            ],
            [
              6.9900612,
              50.8994849
            ],
            [
              6.9900873,
              50.8994707
            ],
            [
              6.9901033,
              50.899462
            ],
            [
              6.9901135,
              50.8994565
            ],
            [
              6.9901819,
              50.8994196
            ],
            [
              6.9902046,
              50.8994076
            ],
            [
              6.9902272,
              50.8993955
            ],
            [
              6.990294,
              50.8993599
            ],
            [
              6.9903199,
              50.8993463
            ],
            [
              6.990346,
              50.8993326
            ],
            [
              6.9903727,
              50.8993184
            ],
            [
              6.9903978,
              50.8993051
            ],
            [
              6.9904239,
              50.8992914
            ],
            [
              6.99045,
              50.8992778
            ],
            [
              6.9905459,
              50.8992278
            ],
            [
              6.9905584,
              50.8992213
            ],
            [
              6.9905752,
              50.8992126
            ],
            [
              6.9905833,
              50.8992084
            ],
            [
              6.9906387,
              50.8991798
            ],
            [
              6.9906664,
              50.8991655
            ],
            [
              6.9906665,
              50.8991655
            ],
            [
              6.9906941,
              50.8991513
            ],
            [
              6.9921367,
              50.8984452
            ],
            [
              6.9936468,
              50.8977975
            ],
            [
              6.9952125,
              50.8972054
            ],
            [
              6.9968293,
              50.8966706
            ],
            [
              6.9984914,
              50.8961951
            ],
            [
              7.0001972,
              50.8957863
            ],
            [
              7.0002095,
              50.8957835
            ],
            [
              7.0002218,
              50.8957807
            ],
            [
              7.000275,
              50.895769
            ],
            [
              7.0003282,
              50.8957572
            ],
            [
              7.0003423,
              50.8957541
            ],
            [
              7.0003563,
              50.895751
            ],
            [
              7.0004228,
              50.8957364
            ],
            [
              7.0004562,
              50.8957292
            ],
            [
              7.0004895,
              50.895722
            ],
            [
              7.001921,
              50.89543
            ],
            [
              7.0033749,
              50.8951861
            ],
            [
              7.0048471,
              50.8949912
            ],
            [
              7.005645,
              50.8948988
            ],
            [
              7.0080368,
              50.8946511
            ],
            [
              7.0116385,
              50.8944107
            ],
            [
              7.0135685,
              50.8943289
            ],
            [
              7.016851,
              50.8942751
            ],
            [
              7.0173728,
              50.8942757
            ],
            [
              7.0178947,
              50.8942799
            ],
            [
              7.0193097,
              50.8942937
            ],
            [
              7.019452,
              50.8942951
            ],
            [
              7.02377,
              50.8943371
            ],
            [
              7.0239767,
              50.894339
            ],
            [
              7.0267855,
              50.8943658
            ],
            [
              7.028024,
              50.8943775
            ],
            [
              7.0315837,
              50.8944106
            ],
            [
              7.0332131,
              50.8943974
            ],
            [
              7.0349067,
              50.8942887
            ],
            [
              7.0350632,
              50.8942759
            ],
            [
              7.0352662,
              50.8942579
            ],
            [
              7.0354352,
              50.8942421
            ],
            [
              7.0372664,
              50.8940404
            ],
            [
              7.0392316,
              50.8937021
            ],
            [
              7.0401275,
              50.8935204
            ],
            [
              7.0416048,
              50.8931629
            ],
            [
              7.0430006,
              50.8926924
            ],
            [
              7.0434695,
              50.8925157
            ],
            [
              7.0445614,
              50.8920646
            ],
            [
              7.0455745,
              50.891545
            ],
            [
              7.045937,
              50.8913436
            ],
            [
              7.0465707,
              50.8909687
            ],
            [
              7.0477464,
              50.8901408
            ],
            [
              7.0482393,
              50.8897311
            ],
            [
              7.0489417,
              50.8890921
            ],
            [
              7.0495137,
              50.8884531
            ],
            [
              7.0495297,
              50.8884342
            ],
            [
              7.0495393,
              50.8884228
            ],
            [
              7.0495479,
              50.8884125
            ],
            [
              7.049582,
              50.8883718
            ],
            [
              7.0495887,
              50.8883637
            ],
            [
              7.0495887,
              50.8883636
            ],
            [
              7.0496028,
              50.8883467
            ],
            [
              7.0496028,
              50.8883466
            ],
            [
              7.0496106,
              50.8883372
            ],
            [
              7.049631,
              50.8883122
            ],
            [
              7.049639,
              50.8883024
            ],
            [
              7.0496639,
              50.8882718
            ],
            [
              7.0496728,
              50.8882608
            ],
            [
              7.0497063,
              50.8882191
            ],
            [
              7.0502967,
              50.8874269
            ],
            [
              7.0507478,
              50.886599
            ],
            [
              7.0508135,
              50.8864639
            ],
            [
              7.0511444,
              50.885688
            ],
            [
              7.0513346,
              50.8850021
            ],
            [
              7.0513394,
              50.884982
            ],
            [
              7.0513429,
              50.8849675
            ],
            [
              7.0513429,
              50.8849673
            ],
            [
              7.0513451,
              50.8849582
            ],
            [
              7.0513553,
              50.8849141
            ],
            [
              7.0515439,
              50.8838345
            ],
            [
              7.0515014,
              50.8827483
            ],
            [
              7.0513893,
              50.8819338
            ],
            [
              7.0511872,
              50.8812277
            ],
            [
              7.0511802,
              50.881206
            ],
            [
              7.0511779,
              50.881199
            ],
            [
              7.0511721,
              50.8811812
            ],
            [
              7.051145,
              50.8811009
            ],
            [
              7.0508861,
              50.8804206
            ],
            [
              7.0505293,
              50.8797425
            ],
            [
              7.0505168,
              50.8797208
            ],
            [
              7.0505101,
              50.8797092
            ],
            [
              7.0505025,
              50.8796959
            ],
            [
              7.050478,
              50.8796536
            ],
            [
              7.0504707,
              50.8796412
            ],
            [
              7.0504645,
              50.8796307
            ],
            [
              7.0504533,
              50.8796115
            ],
            [
              7.050264,
              50.8793014
            ],
            [
              7.0500244,
              50.8789539
            ],
            [
              7.0499939,
              50.8789114
            ],
            [
              7.0499734,
              50.8788831
            ],
            [
              7.0499527,
              50.8788548
            ],
            [
              7.0497507,
              50.8785859
            ],
            [
              7.0494571,
              50.8782328
            ],
            [
              7.0487558,
              50.8774763
            ],
            [
              7.047994,
              50.8768143
            ],
            [
              7.047973,
              50.8767973
            ],
            [
              7.0479608,
              50.8767873
            ],
            [
              7.0479498,
              50.8767784
            ],
            [
              7.0478892,
              50.8767294
            ],
            [
              7.0478844,
              50.8767255
            ],
            [
              7.0478843,
              50.8767255
            ],
            [
              7.0478663,
              50.876711
            ],
            [
              7.047854,
              50.8767011
            ],
            [
              7.0477862,
              50.8766474
            ],
            [
              7.0477038,
              50.876583
            ],
            [
              7.0476338,
              50.8765291
            ],
            [
              7.0476108,
              50.8765116
            ],
            [
              7.0476106,
              50.8765115
            ],
            [
              7.0475877,
              50.876494
            ],
            [
              7.0461783,
              50.8755106
            ],
            [
              7.0445332,
              50.8746865
            ],
            [
              7.0444197,
              50.8746347
            ],
            [
              7.0434213,
              50.874207
            ],
            [
              7.0424285,
              50.87386
            ],
            [
              7.0424129,
              50.8738548
            ],
            [
              7.0424127,
              50.8738548
            ],
            [
              7.0423973,
              50.8738496
            ],
            [
              7.0422683,
              50.8738076
            ],
            [
              7.0421913,
              50.8737829
            ],
            [
              7.0421722,
              50.8737768
            ],
            [
              7.0421721,
              50.8737767
            ],
            [
              7.0421718,
              50.8737767
            ],
            [
              7.042153,
              50.8737706
            ],
            [
              7.0421061,
              50.8737559
            ],
            [
              7.0420769,
              50.8737467
            ],
            [
              7.0420384,
              50.8737347
            ],
            [
              7.0420001,
              50.8737228
            ],
            [
              7.0419656,
              50.8737123
            ],
            [
              7.0419312,
              50.8737017
            ],
            [
              7.0418654,
              50.8736817
            ],
            [
              7.0418301,
              50.8736711
            ],
            [
              7.0417994,
              50.8736619
            ],
            [
              7.0401043,
              50.8731198
            ],
            [
              7.0383282,
              50.8725889
            ],
            [
              7.0378456,
              50.8724483
            ],
            [
              7.0376713,
              50.872398
            ],
            [
              7.036634,
              50.8721042
            ],
            [
              7.0364233,
              50.8720445
            ],
            [
              7.0361847,
              50.8719765
            ],
            [
              7.0352449,
              50.8717056
            ],
            [
              7.0342494,
              50.8714096
            ],
            [
              7.0326006,
              50.870907
            ],
            [
              7.0311946,
              50.8704624
            ],
            [
              7.0289097,
              50.8696973
            ],
            [
              7.0266474,
              50.8686879
            ],
            [
              7.0255016,
              50.8681049
            ],
            [
              7.0244984,
              50.8675242
            ],
            [
              7.0243525,
              50.8674356
            ],
            [
              7.0232928,
              50.8667624
            ],
            [
              7.0223246,
              50.8660481
            ],
            [
              7.0222255,
              50.8659717
            ],
            [
              7.0220885,
              50.865865
            ],
            [
              7.0219533,
              50.8657572
            ],
            [
              7.0218135,
              50.8656443
            ],
            [
              7.0214577,
              50.8653549
            ],
            [
              7.0172294,
              50.8619148
            ],
            [
              7.0144302,
              50.8596367
            ],
            [
              7.0143279,
              50.859555
            ],
            [
              7.014305,
              50.8595368
            ],
            [
              7.0142822,
              50.8595186
            ],
            [
              7.0133225,
              50.8587482
            ],
            [
              7.0123311,
              50.8579362
            ],
            [
              7.0122968,
              50.8579081
            ],
            [
              7.0122874,
              50.8579004
            ],
            [
              7.0120066,
              50.8576688
            ],
            [
              7.011727,
              50.8574367
            ],
            [
              7.0109466,
              50.8568168
            ],
            [
              7.0108059,
              50.8567133
            ],
            [
              7.0101297,
              50.8562163
            ],
            [
              7.0100392,
              50.8561513
            ],
            [
              7.0098236,
              50.8559975
            ],
            [
              7.0097824,
              50.8559687
            ],
            [
              7.0096055,
              50.8558452
            ],
            [
              7.0093081,
              50.8556431
            ],
            [
              7.0089013,
              50.8553667
            ],
            [
              7.0081638,
              50.854891
            ],
            [
              7.0080352,
              50.854808
            ],
            [
              7.0073176,
              50.8543681
            ],
            [
              7.0068896,
              50.8541139
            ],
            [
              7.0063488,
              50.8538046
            ],
            [
              7.0054371,
              50.8533042
            ],
            [
              7.00399,
              50.8525645
            ],
            [
              7.0028355,
              50.8520184
            ],
            [
              7.0021254,
              50.8516983
            ],
            [
              7.0014021,
              50.8513903
            ],
            [
              6.9984977,
              50.8502092
            ],
            [
              6.9972345,
              50.8496929
            ],
            [
              6.9963121,
              50.8493158
            ],
            [
              6.9942402,
              50.8484593
            ],
            [
              6.9940051,
              50.8483619
            ],
            [
              6.9938324,
              50.8482902
            ],
            [
              6.9937144,
              50.8482412
            ],
            [
              6.9922803,
              50.8476442
            ],
            [
              6.9908498,
              50.8470439
            ],
            [
              6.9907713,
              50.8470117
            ],
            [
              6.99014,
              50.8467512
            ],
            [
              6.9894296,
              50.8464584
            ],
            [
              6.9892735,
              50.8463942
            ],
            [
              6.9891152,
              50.8463289
            ],
            [
              6.98872,
              50.846166
            ],
            [
              6.9885216,
              50.8460843
            ],
            [
              6.9884022,
              50.8460352
            ],
            [
              6.9880104,
              50.8458737
            ],
            [
              6.9872996,
              50.8455814
            ],
            [
              6.9866676,
              50.8453214
            ],
            [
              6.9864722,
              50.8452406
            ],
            [
              6.9859127,
              50.8449959
            ],
            [
              6.9850216,
              50.8445693
            ],
            [
              6.9842355,
              50.8441024
            ],
            [
              6.9839464,
              50.8439448
            ],
            [
              6.9839578,
              50.8439375
            ],
            [
              6.9854508,
              50.8429809
            ],
            [
              6.9859695,
              50.8426486
            ],
            [
              6.9860184,
              50.8426216
            ],
            [
              6.9861277,
              50.8425611
            ],
            [
              6.9862268,
              50.8425064
            ],
            [
              6.9862124,
              50.8424959
            ],
            [
              6.9861236,
              50.8424316
            ],
            [
              6.9857813,
              50.8421834
            ],
            [
              6.9854345,
              50.8419318
            ],
            [
              6.9853458,
              50.8418676
            ],
            [
              6.9853056,
              50.8418384
            ],
            [
              6.9850517,
              50.841466
            ],
            [
              6.9849959,
              50.8413841
            ],
            [
              6.9850331,
              50.8413633
            ],
            [
              6.9850681,
              50.8413438
            ],
            [
              6.9851691,
              50.8412874
            ],
            [
              6.9864571,
              50.8405682
            ],
            [
              6.9865619,
              50.8405098
            ],
            [
              6.9866059,
              50.8404851
            ],
            [
              6.9865214,
              50.840424
            ],
            [
              6.986499,
              50.8403799
            ],
            [
              6.9864332,
              50.8402625
            ],
            [
              6.9865002,
              50.8402409
            ],
            [
              6.9865197,
              50.8402347
            ],
            [
              6.9866033,
              50.8402077
            ],
            [
              6.9866615,
              50.840189
            ],
            [
              6.9866782,
              50.8401837
            ],
            [
              6.9866784,
              50.8401834
            ],
            [
              6.9867152,
              50.8400963
            ],
            [
              6.9868912,
              50.839701
            ],
            [
              6.9869292,
              50.8396159
            ],
            [
              6.9869333,
              50.8396144
            ],
            [
              6.9869377,
              50.8396128
            ],
            [
              6.9869515,
              50.8396079
            ],
            [
              6.9869532,
              50.8396072
            ],
            [
              6.9869917,
              50.839514
            ],
            [
              6.9870191,
              50.8394477
            ],
            [
              6.9870754,
              50.8393113
            ],
            [
              6.9871094,
              50.839229
            ],
            [
              6.9871106,
              50.8392262
            ],
            [
              6.987175,
              50.8391733
            ],
            [
              6.9875655,
              50.8390264
            ],
            [
              6.9876479,
              50.8389953
            ],
            [
              6.9876893,
              50.8389797
            ],
            [
              6.9878237,
              50.8389295
            ],
            [
              6.9886804,
              50.8386097
            ],
            [
              6.9886806,
              50.8386097
            ],
            [
              6.9898335,
              50.8381785
            ],
            [
              6.9899812,
              50.8381231
            ],
            [
              6.9901043,
              50.8380772
            ],
            [
              6.9923965,
              50.8372197
            ],
            [
              6.9925178,
              50.8371748
            ],
            [
              6.9926125,
              50.837191
            ],
            [
              6.9926726,
              50.8371589
            ],
            [
              6.992762,
              50.8372271
            ],
            [
              6.9936038,
              50.8378693
            ],
            [
              6.9936957,
              50.8379395
            ],
            [
              6.9937043,
              50.8379365
            ],
            [
              6.9938222,
              50.8378959
            ],
            [
              6.9946883,
              50.8375985
            ],
            [
              6.9952194,
              50.837416
            ],
            [
              6.9953004,
              50.8373882
            ],
            [
              6.9960933,
              50.8371158
            ],
            [
              6.9963649,
              50.8370225
            ],
            [
              6.9975667,
              50.8366096
            ],
            [
              6.998307,
              50.8363553
            ],
            [
              6.9983432,
              50.8364427
            ],
            [
              6.9986229,
              50.8371176
            ],
            [
              6.9987155,
              50.837341
            ],
            [
              6.9989021,
              50.8376549
            ],
            [
              6.9989748,
              50.8376371
            ],
            [
              6.9990071,
              50.8375903
            ],
            [
              7.0007685,
              50.8371441
            ],
            [
              7.0009233,
              50.8371049
            ],
            [
              7.0012672,
              50.837071
            ],
            [
              7.0022391,
              50.8369752
            ],
            [
              7.0023804,
              50.8369612
            ],
            [
              7.0023826,
              50.8369621
            ],
            [
              7.0024502,
              50.8369907
            ],
            [
              7.0024623,
              50.8370236
            ],
            [
              7.0025307,
              50.8370509
            ],
            [
              7.0025732,
              50.8370104
            ],
            [
              7.0025799,
              50.8370097
            ],
            [
              7.0041931,
              50.8368474
            ],
            [
              7.0042045,
              50.8368464
            ],
            [
              7.0042055,
              50.8368494
            ],
            [
              7.0043282,
              50.8371826
            ],
            [
              7.0044497,
              50.8375165
            ],
            [
              7.0045914,
              50.8375022
            ],
            [
              7.0057768,
              50.8373828
            ],
            [
              7.0059093,
              50.8373694
            ],
            [
              7.0059174,
              50.8373685
            ],
            [
              7.0059827,
              50.8373984
            ],
            [
              7.0059013,
              50.8370841
            ],
            [
              7.0059736,
              50.8370857
            ],
            [
              7.0060118,
              50.83707
            ],
            [
              7.0061329,
              50.8371179
            ],
            [
              7.0072648,
              50.8375643
            ],
            [
              7.0080241,
              50.8378638
            ],
            [
              7.0081388,
              50.8379092
            ],
            [
              7.0081463,
              50.8379122
            ],
            [
              7.0081674,
              50.8379204
            ],
            [
              7.0081762,
              50.837924
            ],
            [
              7.0082243,
              50.8379433
            ],
            [
              7.0082314,
              50.8379462
            ],
            [
              7.0083049,
              50.8379747
            ],
            [
              7.0083063,
              50.8379754
            ],
            [
              7.0083073,
              50.8379759
            ],
            [
              7.0083086,
              50.8379766
            ],
            [
              7.0083174,
              50.8379799
            ],
            [
              7.0083322,
              50.8379856
            ],
            [
              7.008339,
              50.8379881
            ],
            [
              7.008405,
              50.8380147
            ],
            [
              7.0084994,
              50.8380836
            ],
            [
              7.009437,
              50.8387677
            ],
            [
              7.0095385,
              50.8388245
            ],
            [
              7.0095908,
              50.8388537
            ],
            [
              7.0099791,
              50.8390419
            ],
            [
              7.0100698,
              50.8391312
            ],
            [
              7.0116676,
              50.8398857
            ],
            [
              7.011675,
              50.8398891
            ],
            [
              7.0118369,
              50.8399397
            ],
            [
              7.0119293,
              50.8399341
            ],
            [
              7.0120183,
              50.8398826
            ],
            [
              7.011889,
              50.8398622
            ],
            [
              7.0118688,
              50.8398092
            ],
            [
              7.0118731,
              50.8398045
            ],
            [
              7.0123463,
              50.8392821
            ],
            [
              7.0124523,
              50.8391651
            ],
            [
              7.0125195,
              50.8390911
            ],
            [
              7.0130876,
              50.8384646
            ],
            [
              7.0135158,
              50.837993
            ],
            [
              7.013587,
              50.8379144
            ],
            [
              7.0136729,
              50.8378792
            ],
            [
              7.0148,
              50.8378087
            ],
            [
              7.0154058,
              50.8377708
            ],
            [
              7.0155392,
              50.8377625
            ],
            [
              7.0155485,
              50.8377619
            ],
            [
              7.0155518,
              50.837766
            ],
            [
              7.0156138,
              50.8378413
            ],
            [
              7.0159779,
              50.8382817
            ],
            [
              7.016585,
              50.8390161
            ],
            [
              7.0166069,
              50.8390424
            ],
            [
              7.0166696,
              50.8391179
            ],
            [
              7.017015,
              50.8395336
            ],
            [
              7.0169855,
              50.8395684
            ],
            [
              7.0169933,
              50.8395769
            ],
            [
              7.0170161,
              50.8396019
            ],
            [
              7.0170245,
              50.8396112
            ],
            [
              7.0170807,
              50.8396078
            ],
            [
              7.0171374,
              50.839604
            ],
            [
              7.017194,
              50.8396005
            ],
            [
              7.0174538,
              50.8395844
            ],
            [
              7.0213307,
              50.8393385
            ],
            [
              7.0214716,
              50.8393295
            ],
            [
              7.0215287,
              50.8393258
            ],
            [
              7.0216626,
              50.8393173
            ],
            [
              7.0216764,
              50.8393164
            ],
            [
              7.0218096,
              50.839308
            ],
            [
              7.0231943,
              50.8392199
            ],
            [
              7.0232029,
              50.8392193
            ],
            [
              7.0232651,
              50.8392153
            ],
            [
              7.0233482,
              50.8392432
            ],
            [
              7.0234147,
              50.8393234
            ],
            [
              7.0234209,
              50.8393308
            ],
            [
              7.0234836,
              50.8394064
            ],
            [
              7.0240529,
              50.8400925
            ],
            [
              7.0243258,
              50.8404212
            ],
            [
              7.0244138,
              50.8405275
            ],
            [
              7.0245196,
              50.840655
            ],
            [
              7.0245819,
              50.8407301
            ],
            [
              7.0250993,
              50.8413536
            ],
            [
              7.025273,
              50.841563
            ],
            [
              7.0261605,
              50.8426319
            ],
            [
              7.0265384,
              50.8430877
            ],
            [
              7.0266301,
              50.8431984
            ],
            [
              7.0268622,
              50.8434783
            ],
            [
              7.0270739,
              50.8437335
            ],
            [
              7.0271278,
              50.8437987
            ],
            [
              7.0271353,
              50.8439391
            ],
            [
              7.0271657,
              50.8445143
            ],
            [
              7.0271704,
              50.8446045
            ],
            [
              7.0271825,
              50.8448363
            ],
            [
              7.0271863,
              50.8449142
            ],
            [
              7.0271968,
              50.8451073
            ],
            [
              7.0272012,
              50.845192
            ],
            [
              7.0272159,
              50.8454701
            ],
            [
              7.0272353,
              50.8458401
            ],
            [
              7.0272595,
              50.8462976
            ],
            [
              7.0272763,
              50.8466174
            ],
            [
              7.0272845,
              50.8467723
            ],
            [
              7.0272892,
              50.8468627
            ],
            [
              7.0272347,
              50.8468979
            ],
            [
              7.0272352,
              50.8469034
            ],
            [
              7.0272352,
              50.8469069
            ],
            [
              7.0272366,
              50.8469404
            ],
            [
              7.0272368,
              50.8469473
            ],
            [
              7.0272759,
              50.8469467
            ],
            [
              7.0273588,
              50.8469453
            ],
            [
              7.0273717,
              50.846945
            ],
            [
              7.0274281,
              50.8469392
            ],
            [
              7.0280928,
              50.8469018
            ],
            [
              7.0290748,
              50.8468467
            ],
            [
              7.029977,
              50.8467961
            ],
            [
              7.0313805,
              50.8467172
            ],
            [
              7.0315511,
              50.8467077
            ],
            [
              7.0342128,
              50.8465581
            ],
            [
              7.0343546,
              50.8465501
            ],
            [
              7.0344113,
              50.8465734
            ],
            [
              7.0344113,
              50.8465735
            ],
            [
              7.0342097,
              50.8475372
            ],
            [
              7.0341532,
              50.8478057
            ],
            [
              7.0341411,
              50.8478628
            ],
            [
              7.0341434,
              50.8478747
            ],
            [
              7.034133,
              50.8479005
            ],
            [
              7.0342397,
              50.8483742
            ],
            [
              7.0343587,
              50.8489914
            ],
            [
              7.0343588,
              50.848992
            ],
            [
              7.0343753,
              50.8489906
            ],
            [
              7.0344546,
              50.848984
            ],
            [
              7.0344792,
              50.848982
            ],
            [
              7.0344922,
              50.8490549
            ],
            [
              7.0344928,
              50.8490549
            ],
            [
              7.0345022,
              50.8490542
            ],
            [
              7.0346354,
              50.849045
            ],
            [
              7.0374585,
              50.8488504
            ],
            [
              7.041296,
              50.8490376
            ],
            [
              7.0413553,
              50.8490405
            ],
            [
              7.0435182,
              50.8491466
            ],
            [
              7.0438613,
              50.8491634
            ],
            [
              7.0500271,
              50.8499503
            ],
            [
              7.0500328,
              50.849951
            ],
            [
              7.0500585,
              50.8499541
            ],
            [
              7.0501394,
              50.8499495
            ],
            [
              7.0501676,
              50.849967
            ],
            [
              7.0502052,
              50.8499722
            ],
            [
              7.050337,
              50.8499899
            ],
            [
              7.0511236,
              50.8500948
            ],
            [
              7.0511382,
              50.8500509
            ],
            [
              7.0510886,
              50.8500075
            ],
            [
              7.0511016,
              50.8499273
            ],
            [
              7.0511366,
              50.84971
            ],
            [
              7.0511952,
              50.8493439
            ],
            [
              7.0513382,
              50.8493493
            ],
            [
              7.0546664,
              50.8494721
            ],
            [
              7.0547161,
              50.8494739
            ],
            [
              7.0547699,
              50.8491374
            ],
            [
              7.054912,
              50.8491425
            ],
            [
              7.0577166,
              50.8492413
            ],
            [
              7.0578583,
              50.8492463
            ],
            [
              7.0579038,
              50.8492824
            ],
            [
              7.0579059,
              50.8492769
            ],
            [
              7.0579358,
              50.8491945
            ],
            [
              7.0584746,
              50.847703
            ],
            [
              7.0585063,
              50.8476152
            ],
            [
              7.0585393,
              50.8475515
            ],
            [
              7.058588,
              50.8474818
            ],
            [
              7.0585987,
              50.847468
            ],
            [
              7.0593751,
              50.8463723
            ],
            [
              7.0598581,
              50.8456941
            ],
            [
              7.0599238,
              50.8456016
            ],
            [
              7.0599922,
              50.8455315
            ],
            [
              7.0608927,
              50.8445962
            ],
            [
              7.0612068,
              50.8442699
            ],
            [
              7.0613795,
              50.8440916
            ],
            [
              7.0613808,
              50.844086
            ],
            [
              7.0614299,
              50.8438594
            ],
            [
              7.0614743,
              50.8436583
            ],
            [
              7.0615655,
              50.8432513
            ],
            [
              7.0616299,
              50.8429137
            ],
            [
              7.061702,
              50.8425359
            ],
            [
              7.0617181,
              50.8424516
            ],
            [
              7.0617437,
              50.8423188
            ],
            [
              7.0617568,
              50.8422508
            ],
            [
              7.0617826,
              50.8421168
            ],
            [
              7.0619573,
              50.841215
            ],
            [
              7.0619788,
              50.8411031
            ],
            [
              7.0621106,
              50.840418
            ],
            [
              7.0621591,
              50.8401659
            ],
            [
              7.0621664,
              50.8399323
            ],
            [
              7.062173,
              50.839815
            ],
            [
              7.0622121,
              50.83878
            ],
            [
              7.0622229,
              50.8384932
            ],
            [
              7.0622264,
              50.8384573
            ],
            [
              7.0621696,
              50.8384568
            ],
            [
              7.0621698,
              50.8384514
            ],
            [
              7.0622261,
              50.8370283
            ],
            [
              7.0622295,
              50.8369387
            ],
            [
              7.0621751,
              50.8369019
            ],
            [
              7.0621767,
              50.8368482
            ],
            [
              7.0622351,
              50.8368142
            ],
            [
              7.0622361,
              50.8367919
            ],
            [
              7.0622925,
              50.8355523
            ],
            [
              7.0622963,
              50.8354672
            ],
            [
              7.062318,
              50.8349904
            ],
            [
              7.0623719,
              50.8338506
            ],
            [
              7.062376,
              50.8337655
            ],
            [
              7.0624063,
              50.8331253
            ],
            [
              7.0624107,
              50.8330345
            ],
            [
              7.0624484,
              50.8322371
            ],
            [
              7.062479,
              50.8315881
            ],
            [
              7.0624924,
              50.8315786
            ],
            [
              7.0625234,
              50.8304399
            ],
            [
              7.0660252,
              50.8309138
            ],
            [
              7.0661182,
              50.8309843
            ],
            [
              7.0661814,
              50.8310447
            ],
            [
              7.0664836,
              50.831074
            ],
            [
              7.0666678,
              50.8309597
            ],
            [
              7.066658,
              50.8308266
            ],
            [
              7.0666079,
              50.830781
            ],
            [
              7.0675872,
              50.830861
            ],
            [
              7.0681348,
              50.8308807
            ],
            [
              7.0684704,
              50.8308791
            ],
            [
              7.0685653,
              50.8308787
            ],
            [
              7.0687062,
              50.8308782
            ],
            [
              7.0688984,
              50.8308775
            ],
            [
              7.069307,
              50.830876
            ],
            [
              7.0701666,
              50.8308729
            ],
            [
              7.0707417,
              50.8308709
            ],
            [
              7.0710471,
              50.8308699
            ],
            [
              7.0713601,
              50.8308688
            ],
            [
              7.0714966,
              50.8308684
            ],
            [
              7.0716721,
              50.8308678
            ],
            [
              7.0718146,
              50.8308679
            ],
            [
              7.0719697,
              50.8308681
            ],
            [
              7.072319,
              50.8308685
            ],
            [
              7.0726254,
              50.8308689
            ],
            [
              7.0729171,
              50.8308692
            ],
            [
              7.0734775,
              50.8308699
            ],
            [
              7.0746594,
              50.8308145
            ],
            [
              7.0746899,
              50.8308132
            ],
            [
              7.0755506,
              50.8307756
            ],
            [
              7.0756469,
              50.830771
            ],
            [
              7.0765659,
              50.8307327
            ],
            [
              7.0767018,
              50.830727
            ],
            [
              7.0774185,
              50.8307248
            ],
            [
              7.0786097,
              50.8307659
            ],
            [
              7.0786833,
              50.8307683
            ],
            [
              7.0787443,
              50.8307703
            ],
            [
              7.0787529,
              50.8307706
            ],
            [
              7.0790537,
              50.8307695
            ],
            [
              7.0791098,
              50.8307692
            ],
            [
              7.0793108,
              50.8307681
            ],
            [
              7.0793186,
              50.8307691
            ],
            [
              7.0813099,
              50.8310448
            ],
            [
              7.085181,
              50.83158
            ],
            [
              7.0858685,
              50.8316752
            ],
            [
              7.0861085,
              50.8317083
            ],
            [
              7.0904077,
              50.8332181
            ],
            [
              7.0906342,
              50.8332968
            ],
            [
              7.0916656,
              50.8336809
            ],
            [
              7.0926677,
              50.8341062
            ],
            [
              7.0929652,
              50.8342149
            ],
            [
              7.0931443,
              50.8342804
            ],
            [
              7.0933803,
              50.8343666
            ],
            [
              7.0934274,
              50.8343837
            ],
            [
              7.09344,
              50.8343883
            ],
            [
              7.0935145,
              50.8344154
            ],
            [
              7.0941721,
              50.8345964
            ],
            [
              7.094727,
              50.8347982
            ],
            [
              7.0950064,
              50.8349009
            ],
            [
              7.0950472,
              50.8349173
            ],
            [
              7.0951364,
              50.8349903
            ],
            [
              7.0951367,
              50.8349918
            ],
            [
              7.095231,
              50.8350701
            ],
            [
              7.0954042,
              50.8352608
            ],
            [
              7.0974328,
              50.8372102
            ],
            [
              7.0978514,
              50.8376125
            ],
            [
              7.0979206,
              50.8376185
            ],
            [
              7.0979247,
              50.8376188
            ],
            [
              7.0979261,
              50.8376189
            ],
            [
              7.0979797,
              50.8376391
            ],
            [
              7.0979726,
              50.8376643
            ],
            [
              7.0979718,
              50.8376671
            ],
            [
              7.0979646,
              50.8376928
            ],
            [
              7.0986557,
              50.8379624
            ],
            [
              7.0994929,
              50.8382892
            ],
            [
              7.0998946,
              50.8384461
            ],
            [
              7.0999773,
              50.8384375
            ],
            [
              7.09999,
              50.8384834
            ],
            [
              7.1002875,
              50.8385821
            ],
            [
              7.1011061,
              50.8388757
            ],
            [
              7.1011306,
              50.8388845
            ],
            [
              7.1011349,
              50.8388862
            ],
            [
              7.1011554,
              50.8388942
            ],
            [
              7.1012382,
              50.8389829
            ],
            [
              7.1012661,
              50.8390129
            ],
            [
              7.1012637,
              50.8390155
            ],
            [
              7.1012603,
              50.8390192
            ],
            [
              7.1012128,
              50.8390707
            ],
            [
              7.1012846,
              50.8390812
            ],
            [
              7.1014029,
              50.8391316
            ],
            [
              7.101879,
              50.8393347
            ],
            [
              7.1020553,
              50.83941
            ],
            [
              7.1032267,
              50.8399106
            ],
            [
              7.1035659,
              50.8400551
            ],
            [
              7.1036832,
              50.8401052
            ],
            [
              7.1042675,
              50.8403553
            ],
            [
              7.1054529,
              50.8408614
            ],
            [
              7.105624,
              50.8409012
            ],
            [
              7.1080739,
              50.8412876
            ],
            [
              7.1082823,
              50.8413205
            ],
            [
              7.108437,
              50.8413449
            ],
            [
              7.1101575,
              50.8416159
            ],
            [
              7.1101659,
              50.8416171
            ],
            [
              7.1107494,
              50.8418838
            ],
            [
              7.1111022,
              50.842045
            ],
            [
              7.1111642,
              50.8420733
            ],
            [
              7.1111947,
              50.8420321
            ],
            [
              7.1113625,
              50.8421089
            ],
            [
              7.1117943,
              50.8424188
            ],
            [
              7.1118511,
              50.8424545
            ],
            [
              7.1119463,
              50.8424951
            ],
            [
              7.1120728,
              50.842545
            ],
            [
              7.1121019,
              50.8425565
            ],
            [
              7.112638,
              50.8427685
            ],
            [
              7.1127083,
              50.8427963
            ],
            [
              7.112724,
              50.8428272
            ],
            [
              7.1129092,
              50.8431903
            ],
            [
              7.1130731,
              50.8438095
            ],
            [
              7.113109,
              50.8439448
            ],
            [
              7.1131105,
              50.8439504
            ],
            [
              7.1131389,
              50.8439984
            ],
            [
              7.1131544,
              50.8440238
            ],
            [
              7.1131581,
              50.8440301
            ],
            [
              7.1132088,
              50.8441161
            ],
            [
              7.1132207,
              50.8441365
            ],
            [
              7.1132372,
              50.844246
            ],
            [
              7.1132455,
              50.8443017
            ],
            [
              7.1132468,
              50.8443102
            ],
            [
              7.1131995,
              50.8443983
            ],
            [
              7.1131688,
              50.8444555
            ],
            [
              7.1131887,
              50.8445324
            ],
            [
              7.1132085,
              50.8446115
            ],
            [
              7.1132107,
              50.8446203
            ],
            [
              7.1132266,
              50.8446823
            ],
            [
              7.1132625,
              50.8448233
            ],
            [
              7.1132912,
              50.844936
            ],
            [
              7.1133132,
              50.8450157
            ],
            [
              7.1133755,
              50.8452411
            ],
            [
              7.1133985,
              50.8453245
            ],
            [
              7.1134912,
              50.8456603
            ],
            [
              7.1136043,
              50.8457178
            ],
            [
              7.1136563,
              50.8457443
            ],
            [
              7.1137965,
              50.8458236
            ],
            [
              7.1160955,
              50.8469981
            ],
            [
              7.1166656,
              50.8472915
            ],
            [
              7.1172071,
              50.8475698
            ],
            [
              7.1174212,
              50.8476799
            ],
            [
              7.1192698,
              50.8486299
            ],
            [
              7.119639,
              50.8488194
            ],
            [
              7.1196443,
              50.8488221
            ],
            [
              7.1218625,
              50.8499595
            ],
            [
              7.1219681,
              50.8500136
            ],
            [
              7.1222044,
              50.8501348
            ],
            [
              7.1244137,
              50.8512738
            ],
            [
              7.1264504,
              50.8523209
            ],
            [
              7.1272479,
              50.8527308
            ],
            [
              7.1291893,
              50.8537283
            ],
            [
              7.1296085,
              50.8539437
            ],
            [
              7.1297345,
              50.8540084
            ],
            [
              7.129783,
              50.8540322
            ],
            [
              7.1298467,
              50.8540661
            ],
            [
              7.1304061,
              50.8543534
            ],
            [
              7.1307759,
              50.8545434
            ],
            [
              7.1308776,
              50.8545956
            ],
            [
              7.1309819,
              50.8546492
            ],
            [
              7.1315443,
              50.8549397
            ],
            [
              7.1316851,
              50.8550105
            ],
            [
              7.1346998,
              50.8565591
            ],
            [
              7.1348047,
              50.8566131
            ],
            [
              7.1349044,
              50.8566642
            ],
            [
              7.1378165,
              50.8581601
            ],
            [
              7.1378239,
              50.8581629
            ],
            [
              7.1379386,
              50.8582066
            ],
            [
              7.1381442,
              50.858285
            ],
            [
              7.1383084,
              50.8583454
            ],
            [
              7.1389283,
              50.858573
            ],
            [
              7.1439579,
              50.8604203
            ],
            [
              7.1449162,
              50.8607863
            ],
            [
              7.1483119,
              50.8622548
            ],
            [
              7.1488097,
              50.8624653
            ],
            [
              7.1522251,
              50.8639094
            ],
            [
              7.1530991,
              50.8642789
            ],
            [
              7.1550367,
              50.865098
            ],
            [
              7.1558291,
              50.8654333
            ],
            [
              7.1559412,
              50.8654808
            ],
            [
              7.1585702,
              50.8665923
            ],
            [
              7.1586307,
              50.8666175
            ],
            [
              7.1586594,
              50.8666298
            ],
            [
              7.1586896,
              50.8666427
            ],
            [
              7.1588085,
              50.866693
            ],
            [
              7.1593745,
              50.8669251
            ],
            [
              7.1596042,
              50.867032
            ],
            [
              7.1596128,
              50.8670615
            ],
            [
              7.1597107,
              50.8672633
            ],
            [
              7.1597162,
              50.8672694
            ],
            [
              7.1597823,
              50.8673429
            ],
            [
              7.1598898,
              50.8674623
            ],
            [
              7.1600107,
              50.8675745
            ],
            [
              7.160054,
              50.8676145
            ],
            [
              7.1601061,
              50.8676629
            ],
            [
              7.160817,
              50.8683147
            ],
            [
              7.1615203,
              50.868967
            ],
            [
              7.1616587,
              50.8691019
            ],
            [
              7.1616939,
              50.869136
            ],
            [
              7.1617383,
              50.8691867
            ],
            [
              7.1617928,
              50.8692594
            ],
            [
              7.161859,
              50.8693561
            ],
            [
              7.1618761,
              50.8693877
            ],
            [
              7.1619588,
              50.8696122
            ],
            [
              7.162028,
              50.8698688
            ],
            [
              7.1620073,
              50.8701465
            ],
            [
              7.1619208,
              50.8704073
            ],
            [
              7.1617554,
              50.8706557
            ],
            [
              7.1612035,
              50.8713829
            ],
            [
              7.1611408,
              50.8714652
            ],
            [
              7.1605465,
              50.8722573
            ],
            [
              7.1605315,
              50.8722773
            ],
            [
              7.1604706,
              50.8723583
            ],
            [
              7.1599971,
              50.8729894
            ],
            [
              7.1597039,
              50.8733293
            ],
            [
              7.1592789,
              50.8736111
            ],
            [
              7.1592543,
              50.8736238
            ],
            [
              7.1588122,
              50.8738531
            ],
            [
              7.158304,
              50.874052
            ],
            [
              7.1582831,
              50.8740602
            ],
            [
              7.1578178,
              50.8741473
            ],
            [
              7.1574006,
              50.8741599
            ],
            [
              7.1569724,
              50.8741357
            ],
            [
              7.1562375,
              50.8739896
            ],
            [
              7.1549042,
              50.8736791
            ],
            [
              7.1534341,
              50.8735007
            ],
            [
              7.1528977,
              50.8735328
            ],
            [
              7.1528892,
              50.8735333
            ],
            [
              7.1528222,
              50.8735461
            ],
            [
              7.1521039,
              50.8736832
            ],
            [
              7.1514369,
              50.8739738
            ],
            [
              7.1514343,
              50.873975
            ],
            [
              7.1514334,
              50.8739755
            ],
            [
              7.1505522,
              50.8744883
            ],
            [
              7.1503357,
              50.8746462
            ],
            [
              7.1502484,
              50.87471
            ],
            [
              7.1494747,
              50.8752498
            ],
            [
              7.1493733,
              50.8753126
            ],
            [
              7.1489397,
              50.875581
            ],
            [
              7.1488885,
              50.8756127
            ],
            [
              7.1487862,
              50.875676
            ],
            [
              7.1476075,
              50.876203
            ],
            [
              7.1474805,
              50.8762448
            ],
            [
              7.1463393,
              50.8766206
            ],
            [
              7.1454896,
              50.8768872
            ],
            [
              7.1442389,
              50.8773042
            ],
            [
              7.1430498,
              50.8777798
            ],
            [
              7.1420315,
              50.878288
            ],
            [
              7.1419273,
              50.8783502
            ],
            [
              7.1415389,
              50.8785814
            ],
            [
              7.1412687,
              50.8787425
            ],
            [
              7.1407082,
              50.8791159
            ],
            [
              7.1402939,
              50.8793919
            ],
            [
              7.1392634,
              50.8801033
            ],
            [
              7.1391993,
              50.8801475
            ],
            [
              7.1391724,
              50.880166
            ],
            [
              7.1381179,
              50.8808939
            ],
            [
              7.1378888,
              50.881052
            ],
            [
              7.1376488,
              50.8812168
            ],
            [
              7.1375876,
              50.8812594
            ],
            [
              7.137482,
              50.8830729
            ],
            [
              7.1375154,
              50.8832227
            ],
            [
              7.137626,
              50.883396
            ],
            [
              7.1381725,
              50.8838534
            ],
            [
              7.1384826,
              50.8841511
            ],
            [
              7.1388343,
              50.8846469
            ],
            [
              7.1389881,
              50.8848909
            ],
            [
              7.1392507,
              50.8853106
            ],
            [
              7.1398475,
              50.8861626
            ],
            [
              7.1403231,
              50.8867683
            ],
            [
              7.140943,
              50.8873953
            ],
            [
              7.141043,
              50.8883556
            ],
            [
              7.1410546,
              50.8886979
            ],
            [
              7.1410485,
              50.8895096
            ],
            [
              7.1404196,
              50.8908367
            ],
            [
              7.1403905,
              50.890894
            ],
            [
              7.1395525,
              50.8933415
            ],
            [
              7.1393959,
              50.8933197
            ],
            [
              7.1393924,
              50.8933193
            ],
            [
              7.1393372,
              50.8933116
            ],
            [
              7.1396713,
              50.8958736
            ],
            [
              7.139708,
              50.8961552
            ],
            [
              7.139717,
              50.8962242
            ],
            [
              7.1397882,
              50.8967698
            ],
            [
              7.1398045,
              50.8968954
            ],
            [
              7.1396223,
              50.8974408
            ],
            [
              7.1396105,
              50.8974758
            ],
            [
              7.1393007,
              50.8983931
            ],
            [
              7.1389433,
              50.8993632
            ],
            [
              7.1388781,
              50.8995402
            ],
            [
              7.1388355,
              50.8996559
            ],
            [
              7.1387811,
              50.8998033
            ],
            [
              7.138696,
              50.9000348
            ],
            [
              7.1386768,
              50.9000864
            ],
            [
              7.1387351,
              50.9000946
            ],
            [
              7.1388708,
              50.900141
            ],
            [
              7.1386617,
              50.9004242
            ],
            [
              7.138597,
              50.9004261
            ],
            [
              7.138534,
              50.9005115
            ],
            [
              7.1384911,
              50.9005698
            ],
            [
              7.1384369,
              50.9006432
            ],
            [
              7.1379783,
              50.9012649
            ],
            [
              7.1371705,
              50.9022499
            ],
            [
              7.1371224,
              50.9023487
            ],
            [
              7.1370564,
              50.902486
            ],
            [
              7.1370221,
              50.9025472
            ],
            [
              7.1364672,
              50.9026945
            ],
            [
              7.1361375,
              50.9027836
            ],
            [
              7.1359641,
              50.9028341
            ],
            [
              7.1357024,
              50.9029104
            ],
            [
              7.1354969,
              50.9029702
            ],
            [
              7.1347523,
              50.9031648
            ],
            [
              7.1345133,
              50.9032272
            ],
            [
              7.1343595,
              50.903269
            ],
            [
              7.1341034,
              50.9033275
            ],
            [
              7.1339144,
              50.9033788
            ],
            [
              7.1336473,
              50.9034514
            ],
            [
              7.1335314,
              50.9034836
            ],
            [
              7.133527,
              50.9034848
            ],
            [
              7.1336828,
              50.9037102
            ],
            [
              7.1337302,
              50.9037789
            ],
            [
              7.1337372,
              50.9037952
            ],
            [
              7.1338466,
              50.9039976
            ],
            [
              7.1338602,
              50.9040226
            ],
            [
              7.1338688,
              50.9040387
            ],
            [
              7.1339667,
              50.9042195
            ],
            [
              7.1340609,
              50.9043936
            ],
            [
              7.1341841,
              50.9046214
            ],
            [
              7.1345434,
              50.905297
            ],
            [
              7.1345583,
              50.9053235
            ],
            [
              7.1345929,
              50.9053892
            ],
            [
              7.1347565,
              50.9056937
            ],
            [
              7.1348023,
              50.9057791
            ],
            [
              7.1348411,
              50.9058515
            ],
            [
              7.1348706,
              50.9059063
            ],
            [
              7.1350153,
              50.9059066
            ],
            [
              7.1350358,
              50.9059067
            ],
            [
              7.1351258,
              50.9059068
            ],
            [
              7.1351939,
              50.905914
            ],
            [
              7.1354053,
              50.9059034
            ],
            [
              7.1356206,
              50.9058926
            ],
            [
              7.1359395,
              50.9058766
            ],
            [
              7.136123,
              50.9058827
            ],
            [
              7.1365896,
              50.9058984
            ],
            [
              7.1365899,
              50.9058963
            ],
            [
              7.1365925,
              50.9058792
            ],
            [
              7.1365964,
              50.9058537
            ],
            [
              7.1366443,
              50.9058618
            ],
            [
              7.1367311,
              50.9058989
            ],
            [
              7.1365914,
              50.9074464
            ],
            [
              7.1365871,
              50.9074936
            ],
            [
              7.1365995,
              50.9075466
            ],
            [
              7.1366007,
              50.9075519
            ],
            [
              7.1366318,
              50.9076844
            ],
            [
              7.1366355,
              50.9077049
            ],
            [
              7.136645,
              50.9077555
            ],
            [
              7.1366794,
              50.9079395
            ],
            [
              7.1366878,
              50.9079845
            ],
            [
              7.1367159,
              50.9080969
            ],
            [
              7.1367198,
              50.9081129
            ],
            [
              7.1367434,
              50.908207
            ],
            [
              7.1374244,
              50.9092604
            ],
            [
              7.137685,
              50.9098999
            ],
            [
              7.1379728,
              50.9108673
            ],
            [
              7.1379822,
              50.9108991
            ],
            [
              7.13813,
              50.911396
            ],
            [
              7.1382116,
              50.9116626
            ],
            [
              7.1382532,
              50.9117987
            ],
            [
              7.1382941,
              50.9119325
            ],
            [
              7.138444,
              50.9124223
            ],
            [
              7.1385957,
              50.9131455
            ],
            [
              7.1388342,
              50.9140424
            ],
            [
              7.1388382,
              50.9141227
            ],
            [
              7.1388453,
              50.9142601
            ],
            [
              7.1387956,
              50.9146389
            ],
            [
              7.1386437,
              50.9149549
            ],
            [
              7.1382503,
              50.9159787
            ],
            [
              7.1381688,
              50.9162877
            ],
            [
              7.1381838,
              50.9163735
            ],
            [
              7.1382339,
              50.9166641
            ],
            [
              7.1382595,
              50.9167825
            ],
            [
              7.1382964,
              50.9169543
            ],
            [
              7.1383243,
              50.9170835
            ],
            [
              7.1381887,
              50.9177535
            ],
            [
              7.1381923,
              50.9181725
            ],
            [
              7.1382212,
              50.9182881
            ],
            [
              7.1385185,
              50.918656
            ],
            [
              7.1385552,
              50.9187015
            ],
            [
              7.1387228,
              50.9188117
            ],
            [
              7.1389203,
              50.9189415
            ],
            [
              7.1389879,
              50.9189859
            ],
            [
              7.1390731,
              50.9190419
            ],
            [
              7.1396633,
              50.9195574
            ],
            [
              7.1397648,
              50.9198238
            ],
            [
              7.1397934,
              50.9198994
            ],
            [
              7.1396892,
              50.9198901
            ],
            [
              7.1396381,
              50.9198849
            ],
            [
              7.1394624,
              50.9198654
            ],
            [
              7.1387373,
              50.9198844
            ],
            [
              7.1378983,
              50.9197809
            ],
            [
              7.1374445,
              50.919719
            ],
            [
              7.1370733,
              50.9196684
            ],
            [
              7.1350797,
              50.9194066
            ],
            [
              7.1349997,
              50.9194041
            ],
            [
              7.1348505,
              50.9194133
            ],
            [
              7.1344985,
              50.9194673
            ],
            [
              7.1329641,
              50.9197027
            ],
            [
              7.132864,
              50.919718
            ],
            [
              7.1317698,
              50.9198861
            ],
            [
              7.1316877,
              50.9198916
            ],
            [
              7.1315729,
              50.9198826
            ],
            [
              7.1279099,
              50.9193762
            ],
            [
              7.1274182,
              50.9193081
            ],
            [
              7.1272463,
              50.9192925
            ],
            [
              7.1269874,
              50.9193019
            ],
            [
              7.126896,
              50.9193052
            ],
            [
              7.1260302,
              50.9193368
            ],
            [
              7.1244615,
              50.9193941
            ],
            [
              7.1244318,
              50.9193951
            ],
            [
              7.1241536,
              50.919414
            ],
            [
              7.1237815,
              50.9194273
            ],
            [
              7.121988,
              50.9194841
            ],
            [
              7.1219773,
              50.9194845
            ],
            [
              7.1219422,
              50.9194856
            ],
            [
              7.1209135,
              50.9195218
            ],
            [
              7.1167809,
              50.9197191
            ],
            [
              7.1157603,
              50.9199012
            ],
            [
              7.1144533,
              50.9201343
            ],
            [
              7.1097071,
              50.9209811
            ],
            [
              7.1054194,
              50.9201353
            ],
            [
              7.1046662,
              50.9201497
            ],
            [
              7.1039286,
              50.9202322
            ],
            [
              7.1035303,
              50.9202532
            ],
            [
              7.102515,
              50.9203068
            ],
            [
              7.1013545,
              50.9202583
            ],
            [
              7.0999958,
              50.9199664
            ],
            [
              7.0998792,
              50.9199414
            ],
            [
              7.0997569,
              50.9199151
            ],
            [
              7.0990661,
              50.9199203
            ],
            [
              7.0990337,
              50.9199206
            ],
            [
              7.0983581,
              50.919986
            ],
            [
              7.0980736,
              50.9200135
            ],
            [
              7.0982351,
              50.9194171
            ],
            [
              7.0983815,
              50.9186776
            ],
            [
              7.0983937,
              50.9186163
            ],
            [
              7.0984604,
              50.9182793
            ],
            [
              7.0985096,
              50.9176313
            ],
            [
              7.0985725,
              50.9168019
            ],
            [
              7.0985729,
              50.9167956
            ],
            [
              7.0985747,
              50.9167728
            ],
            [
              7.0985857,
              50.9165346
            ],
            [
              7.0985859,
              50.9165288
            ],
            [
              7.0985994,
              50.9162364
            ],
            [
              7.0985949,
              50.9162267
            ],
            [
              7.0985855,
              50.9162062
            ],
            [
              7.0985903,
              50.9155572
            ],
            [
              7.098607,
              50.9152576
            ],
            [
              7.0986183,
              50.9150566
            ],
            [
              7.0986275,
              50.9149088
            ],
            [
              7.0986387,
              50.9148548
            ],
            [
              7.0986607,
              50.914595
            ],
            [
              7.0986614,
              50.9145859
            ],
            [
              7.0986622,
              50.9145767
            ],
            [
              7.0986656,
              50.9145283
            ],
            [
              7.0987586,
              50.9139744
            ],
            [
              7.098763,
              50.9139621
            ],
            [
              7.0988109,
              50.9138267
            ],
            [
              7.0986686,
              50.9138291
            ],
            [
              7.0985199,
              50.9138515
            ],
            [
              7.0985012,
              50.913854
            ],
            [
              7.0984979,
              50.9138544
            ],
            [
              7.0984309,
              50.9138636
            ],
            [
              7.0954857,
              50.9142365
            ],
            [
              7.095454,
              50.9142405
            ],
            [
              7.0953764,
              50.9142504
            ],
            [
              7.0952753,
              50.9142633
            ],
            [
              7.0951725,
              50.9142762
            ],
            [
              7.0944025,
              50.914374
            ],
            [
              7.0939012,
              50.9144378
            ],
            [
              7.0935979,
              50.9144764
            ],
            [
              7.0935861,
              50.914478
            ],
            [
              7.0935782,
              50.914479
            ],
            [
              7.0927281,
              50.9145871
            ],
            [
              7.0926121,
              50.9146243
            ],
            [
              7.0925702,
              50.9146378
            ],
            [
              7.0919067,
              50.9147238
            ],
            [
              7.0914915,
              50.9147764
            ],
            [
              7.0914286,
              50.9147843
            ],
            [
              7.091115,
              50.9147951
            ],
            [
              7.0911197,
              50.9147818
            ],
            [
              7.0911245,
              50.914768
            ],
            [
              7.0903941,
              50.9148654
            ],
            [
              7.0903899,
              50.9148659
            ],
            [
              7.090395,
              50.91489
            ],
            [
              7.0903953,
              50.9148917
            ],
            [
              7.0901303,
              50.9149397
            ],
            [
              7.0897507,
              50.914994
            ],
            [
              7.0896881,
              50.9150032
            ],
            [
              7.0893834,
              50.9150479
            ],
            [
              7.0889166,
              50.9151036
            ],
            [
              7.0888224,
              50.9151149
            ],
            [
              7.0888085,
              50.9151166
            ],
            [
              7.0887999,
              50.9151104
            ],
            [
              7.0887616,
              50.9150826
            ],
            [
              7.0887239,
              50.9150878
            ],
            [
              7.0884532,
              50.9151249
            ],
            [
              7.0884364,
              50.9149592
            ],
            [
              7.0884266,
              50.9148634
            ],
            [
              7.0879343,
              50.9145441
            ],
            [
              7.0877551,
              50.9144761
            ],
            [
              7.0874222,
              50.9144057
            ],
            [
              7.0872981,
              50.9143876
            ],
            [
              7.0871673,
              50.9143645
            ],
            [
              7.0870337,
              50.9143535
            ],
            [
              7.0869329,
              50.9143357
            ],
            [
              7.0867109,
              50.9143356
            ],
            [
              7.0863388,
              50.9143235
            ],
            [
              7.085942,
              50.9142969
            ],
            [
              7.0854441,
              50.914303
            ],
            [
              7.0852929,
              50.9142853
            ],
            [
              7.0851399,
              50.9142524
            ],
            [
              7.0851137,
              50.9142496
            ],
            [
              7.0851125,
              50.9142455
            ],
            [
              7.0850582,
              50.9140765
            ],
            [
              7.0840092,
              50.9139011
            ],
            [
              7.0834417,
              50.9138015
            ],
            [
              7.0827785,
              50.9136867
            ],
            [
              7.0820051,
              50.9135629
            ],
            [
              7.0818184,
              50.913533
            ],
            [
              7.0818418,
              50.9132898
            ],
            [
              7.081853,
              50.9131082
            ],
            [
              7.0818765,
              50.9127262
            ],
            [
              7.0818772,
              50.9127155
            ],
            [
              7.0818914,
              50.9124206
            ],
            [
              7.0818557,
              50.9121791
            ],
            [
              7.0818092,
              50.9118653
            ],
            [
              7.0817791,
              50.911644
            ],
            [
              7.0817335,
              50.9114644
            ],
            [
              7.081693,
              50.9110915
            ],
            [
              7.0817302,
              50.9108908
            ],
            [
              7.0817643,
              50.9105574
            ],
            [
              7.0817581,
              50.9105115
            ],
            [
              7.081745,
              50.9101669
            ],
            [
              7.0812665,
              50.9101761
            ],
            [
              7.0811307,
              50.9102127
            ],
            [
              7.0809312,
              50.9102201
            ],
            [
              7.0808338,
              50.9102237
            ],
            [
              7.0807275,
              50.9102868
            ],
            [
              7.0807235,
              50.9102891
            ],
            [
              7.0806399,
              50.9102902
            ],
            [
              7.0806305,
              50.9102903
            ],
            [
              7.0806292,
              50.9102903
            ],
            [
              7.0806258,
              50.9102904
            ],
            [
              7.0806238,
              50.910305
            ],
            [
              7.0806116,
              50.9103973
            ],
            [
              7.0806115,
              50.9103986
            ],
            [
              7.0805756,
              50.9104106
            ],
            [
              7.0804915,
              50.9104387
            ],
            [
              7.0798915,
              50.9104246
            ],
            [
              7.0790796,
              50.9103956
            ],
            [
              7.078932,
              50.9103901
            ],
            [
              7.0785871,
              50.9103774
            ],
            [
              7.0781296,
              50.9103377
            ],
            [
              7.0780461,
              50.9103304
            ],
            [
              7.0780025,
              50.9103265
            ],
            [
              7.0776194,
              50.9102931
            ],
            [
              7.077181,
              50.910255
            ],
            [
              7.0761364,
              50.9101644
            ],
            [
              7.0758251,
              50.9101364
            ],
            [
              7.0755456,
              50.9101099
            ],
            [
              7.0753078,
              50.9100873
            ],
            [
              7.0748404,
              50.9100417
            ],
            [
              7.0748104,
              50.9101342
            ],
            [
              7.074723,
              50.9101938
            ],
            [
              7.074701,
              50.9102139
            ],
            [
              7.0727337,
              50.9124347
            ],
            [
              7.0725473,
              50.9126377
            ],
            [
              7.0722205,
              50.9129929
            ],
            [
              7.071625,
              50.9135868
            ],
            [
              7.0709405,
              50.9141707
            ],
            [
              7.0701672,
              50.9146753
            ],
            [
              7.0693256,
              50.9151387
            ],
            [
              7.0686229,
              50.915453
            ],
            [
              7.0678955,
              50.9157374
            ],
            [
              7.0668429,
              50.9160235
            ],
            [
              7.0663769,
              50.916138
            ],
            [
              7.066376,
              50.9161382
            ],
            [
              7.0663761,
              50.9161604
            ],
            [
              7.0663761,
              50.9161724
            ],
            [
              7.0663762,
              50.9162634
            ],
            [
              7.0663837,
              50.9163504
            ],
            [
              7.0663902,
              50.9164074
            ],
            [
              7.0662217,
              50.9164048
            ],
            [
              7.0660209,
              50.9164017
            ],
            [
              7.0659568,
              50.9164008
            ],
            [
              7.0649049,
              50.9163929
            ],
            [
              7.0644668,
              50.9163755
            ],
            [
              7.063953,
              50.9163803
            ],
            [
              7.0627214,
              50.9163917
            ],
            [
              7.0619863,
              50.9163249
            ],
            [
              7.0617556,
              50.916304
            ],
            [
              7.0617275,
              50.9163017
            ],
            [
              7.0615924,
              50.9162907
            ],
            [
              7.0610758,
              50.9162485
            ],
            [
              7.061073,
              50.9162483
            ],
            [
              7.0610422,
              50.9163286
            ],
            [
              7.060939,
              50.9165981
            ],
            [
              7.0609376,
              50.9166016
            ],
            [
              7.0608354,
              50.9168684
            ],
            [
              7.0608304,
              50.9168815
            ],
            [
              7.0607922,
              50.9173865
            ],
            [
              7.060791,
              50.9173946
            ],
            [
              7.0606966,
              50.9180639
            ],
            [
              7.0624335,
              50.9181671
            ],
            [
              7.0628291,
              50.9188392
            ],
            [
              7.0630712,
              50.919201
            ],
            [
              7.0631348,
              50.9192559
            ],
            [
              7.0632365,
              50.9193249
            ],
            [
              7.0632719,
              50.9193438
            ],
            [
              7.0633012,
              50.9193594
            ],
            [
              7.0632195,
              50.9195027
            ],
            [
              7.0629715,
              50.9199004
            ],
            [
              7.0629071,
              50.9199967
            ],
            [
              7.0629038,
              50.9200017
            ],
            [
              7.0628981,
              50.9200103
            ],
            [
              7.0625701,
              50.9204359
            ],
            [
              7.0622186,
              50.9208577
            ],
            [
              7.06169,
              50.9214918
            ],
            [
              7.0615738,
              50.9215762
            ],
            [
              7.061551,
              50.9215928
            ],
            [
              7.0615474,
              50.9215954
            ],
            [
              7.0615425,
              50.9215989
            ],
            [
              7.0615389,
              50.9216015
            ],
            [
              7.0615188,
              50.9216161
            ],
            [
              7.0615152,
              50.9216187
            ],
            [
              7.0614476,
              50.9216677
            ],
            [
              7.061444,
              50.9216703
            ],
            [
              7.0613951,
              50.9217129
            ],
            [
              7.0613762,
              50.9217293
            ],
            [
              7.0611538,
              50.9219234
            ],
            [
              7.0610766,
              50.9219908
            ],
            [
              7.0610739,
              50.9219932
            ],
            [
              7.0608941,
              50.9220068
            ],
            [
              7.0603399,
              50.9220084
            ],
            [
              7.0592039,
              50.9220118
            ],
            [
              7.0591361,
              50.922012
            ],
            [
              7.0587767,
              50.9218315
            ],
            [
              7.0585286,
              50.9217527
            ],
            [
              7.0583435,
              50.9216938
            ],
            [
              7.0582245,
              50.9216496
            ],
            [
              7.0580994,
              50.9216263
            ],
            [
              7.0578577,
              50.9215733
            ],
            [
              7.0578147,
              50.9215639
            ],
            [
              7.0576576,
              50.9215303
            ],
            [
              7.0574714,
              50.9214903
            ],
            [
              7.0570478,
              50.921419
            ],
            [
              7.0566257,
              50.9213826
            ],
            [
              7.0561237,
              50.921327
            ],
            [
              7.0554764,
              50.9212995
            ],
            [
              7.0522989,
              50.9208602
            ],
            [
              7.0513276,
              50.9207118
            ],
            [
              7.0490094,
              50.9203576
            ],
            [
              7.0487936,
              50.9203246
            ],
            [
              7.048651,
              50.9202996
            ],
            [
              7.048615,
              50.9202933
            ],
            [
              7.0485242,
              50.9202774
            ],
            [
              7.0483792,
              50.9202521
            ],
            [
              7.0478252,
              50.920155
            ],
            [
              7.0475774,
              50.9201116
            ],
            [
              7.0473951,
              50.9200805
            ],
            [
              7.0469304,
              50.9200012
            ],
            [
              7.0457058,
              50.9197922
            ],
            [
              7.044344,
              50.9195597
            ],
            [
              7.0442643,
              50.9195461
            ],
            [
              7.0430404,
              50.9193368
            ],
            [
              7.0424162,
              50.9192261
            ],
            [
              7.0401022,
              50.9188155
            ],
            [
              7.0399676,
              50.9187926
            ],
            [
              7.0366424,
              50.9182235
            ],
            [
              7.03527,
              50.9179902
            ],
            [
              7.034643,
              50.9178837
            ],
            [
              7.0346219,
              50.9178796
            ],
            [
              7.0332679,
              50.9176204
            ],
            [
              7.0331602,
              50.9176015
            ],
            [
              7.0330087,
              50.917575
            ],
            [
              7.0324711,
              50.9174811
            ],
            [
              7.0323265,
              50.9174559
            ],
            [
              7.0319826,
              50.9173682
            ],
            [
              7.0307272,
              50.9171548
            ],
            [
              7.0305737,
              50.9170789
            ],
            [
              7.0304161,
              50.9169927
            ],
            [
              7.0303309,
              50.9169285
            ],
            [
              7.030234,
              50.9168555
            ],
            [
              7.0302282,
              50.916851
            ],
            [
              7.0302227,
              50.9168464
            ],
            [
              7.0301659,
              50.9167932
            ],
            [
              7.0301443,
              50.9167609
            ],
            [
              7.030016,
              50.9165663
            ],
            [
              7.0298899,
              50.9163945
            ],
            [
              7.0296501,
              50.916048
            ],
            [
              7.0295966,
              50.9159706
            ],
            [
              7.0293965,
              50.9156049
            ],
            [
              7.0293591,
              50.9155346
            ],
            [
              7.0293144,
              50.9153544
            ],
            [
              7.029293,
              50.9151684
            ],
            [
              7.0293491,
              50.9149653
            ],
            [
              7.0294385,
              50.9147962
            ],
            [
              7.0294723,
              50.9147323
            ],
            [
              7.0295646,
              50.9145581
            ],
            [
              7.0296919,
              50.9144148
            ],
            [
              7.0296407,
              50.9143877
            ],
            [
              7.0296096,
              50.9143714
            ],
            [
              7.0296027,
              50.9143683
            ],
            [
              7.0294623,
              50.9143093
            ],
            [
              7.0293517,
              50.9142629
            ],
            [
              7.0292856,
              50.9142352
            ],
            [
              7.0292695,
              50.9142284
            ],
            [
              7.0291997,
              50.9141924
            ],
            [
              7.0291445,
              50.9141639
            ],
            [
              7.0288424,
              50.9143401
            ],
            [
              7.0288384,
              50.9143425
            ],
            [
              7.0284377,
              50.9145419
            ],
            [
              7.0277133,
              50.9148447
            ],
            [
              7.0271576,
              50.9150704
            ],
            [
              7.0266264,
              50.9152862
            ],
            [
              7.0260535,
              50.9155216
            ],
            [
              7.0256265,
              50.9157018
            ],
            [
              7.025473,
              50.9157628
            ],
            [
              7.0254453,
              50.9157738
            ],
            [
              7.0253263,
              50.9158166
            ],
            [
              7.0252876,
              50.9158304
            ],
            [
              7.0251216,
              50.9158671
            ],
            [
              7.0249791,
              50.9158934
            ],
            [
              7.0248334,
              50.9159083
            ],
            [
              7.024765,
              50.9159153
            ],
            [
              7.0245667,
              50.9159322
            ],
            [
              7.0243837,
              50.9159292
            ],
            [
              7.024368,
              50.9159289
            ],
            [
              7.0241135,
              50.9159211
            ],
            [
              7.0238827,
              50.915898
            ],
            [
              7.0235994,
              50.915878
            ],
            [
              7.0222369,
              50.9156958
            ],
            [
              7.0194585,
              50.915242
            ],
            [
              7.0175273,
              50.9149266
            ],
            [
              7.0174425,
              50.9149127
            ],
            [
              7.017396,
              50.9149051
            ],
            [
              7.0173164,
              50.9148922
            ],
            [
              7.017046,
              50.914848
            ],
            [
              7.0170424,
              50.9148505
            ],
            [
              7.0168929,
              50.9149542
            ],
            [
              7.0168745,
              50.914967
            ],
            [
              7.0165264,
              50.9152084
            ],
            [
              7.0165236,
              50.9152104
            ],
            [
              7.0165226,
              50.9152109
            ],
            [
              7.0161583,
              50.9154013
            ],
            [
              7.0159803,
              50.9154937
            ],
            [
              7.0159755,
              50.9154962
            ],
            [
              7.0157604,
              50.9156076
            ],
            [
              7.0157584,
              50.9156086
            ],
            [
              7.0157566,
              50.9156101
            ],
            [
              7.015706,
              50.9156505
            ],
            [
              7.0156784,
              50.9156724
            ],
            [
              7.0156773,
              50.9156732
            ],
            [
              7.0156746,
              50.9156748
            ],
            [
              7.0153464,
              50.9158709
            ],
            [
              7.0153427,
              50.9158734
            ],
            [
              7.0150826,
              50.9160425
            ],
            [
              7.0150787,
              50.916045
            ],
            [
              7.015075,
              50.9160474
            ],
            [
              7.0150224,
              50.9160816
            ],
            [
              7.0150186,
              50.9160841
            ],
            [
              7.0150148,
              50.9160865
            ],
            [
              7.0150125,
              50.916088
            ],
            [
              7.0150087,
              50.9160905
            ],
            [
              7.0149991,
              50.9160973
            ],
            [
              7.0144613,
              50.9165003
            ],
            [
              7.0144578,
              50.9165029
            ],
            [
              7.0144371,
              50.9165184
            ],
            [
              7.0144265,
              50.9165271
            ],
            [
              7.0144249,
              50.9165284
            ],
            [
              7.0143766,
              50.9165685
            ],
            [
              7.0143735,
              50.9165704
            ],
            [
              7.0143727,
              50.9165709
            ],
            [
              7.0142904,
              50.9166211
            ],
            [
              7.0139967,
              50.9169176
            ],
            [
              7.0137087,
              50.9172687
            ],
            [
              7.0136346,
              50.9173541
            ],
            [
              7.0135948,
              50.9174
            ],
            [
              7.0134962,
              50.9175137
            ],
            [
              7.0134011,
              50.9176233
            ],
            [
              7.0132074,
              50.9177985
            ],
            [
              7.0131363,
              50.9179558
            ],
            [
              7.0129051,
              50.9182968
            ],
            [
              7.0128932,
              50.918319
            ],
            [
              7.0128042,
              50.9184884
            ],
            [
              7.0127992,
              50.9184979
            ],
            [
              7.0127622,
              50.9185609
            ],
            [
              7.0126631,
              50.9187728
            ],
            [
              7.0126027,
              50.9189579
            ],
            [
              7.0125095,
              50.9192951
            ],
            [
              7.0125006,
              50.9193266
            ],
            [
              7.0124773,
              50.9194113
            ],
            [
              7.012407,
              50.9198087
            ],
            [
              7.0124004,
              50.9200156
            ],
            [
              7.0123781,
              50.9201727
            ],
            [
              7.0123693,
              50.9204433
            ],
            [
              7.0123657,
              50.9205551
            ],
            [
              7.0123655,
              50.9205624
            ],
            [
              7.0123652,
              50.9205698
            ],
            [
              7.0123364,
              50.9209831
            ],
            [
              7.0123259,
              50.9212616
            ],
            [
              7.0123207,
              50.9213972
            ],
            [
              7.0123198,
              50.9214285
            ],
            [
              7.0123175,
              50.9215039
            ],
            [
              7.012309,
              50.9217798
            ],
            [
              7.0123031,
              50.9221161
            ],
            [
              7.0122767,
              50.9225655
            ],
            [
              7.0123072,
              50.9228039
            ],
            [
              7.0122769,
              50.9234114
            ],
            [
              7.012408,
              50.9239595
            ],
            [
              7.0124081,
              50.9239601
            ],
            [
              7.0124042,
              50.9239619
            ],
            [
              7.0123434,
              50.9239895
            ],
            [
              7.0121735,
              50.9240665
            ],
            [
              7.0120307,
              50.9241304
            ],
            [
              7.0120269,
              50.9241321
            ],
            [
              7.0119515,
              50.9241626
            ],
            [
              7.0118599,
              50.9241996
            ],
            [
              7.0116567,
              50.9242825
            ],
            [
              7.0116346,
              50.9242915
            ],
            [
              7.0115558,
              50.9243206
            ],
            [
              7.0115409,
              50.9243249
            ],
            [
              7.0115398,
              50.9243252
            ],
            [
              7.0113102,
              50.924407
            ],
            [
              7.0113026,
              50.9244097
            ],
            [
              7.0112998,
              50.9244107
            ],
            [
              7.0112069,
              50.9244417
            ],
            [
              7.0108664,
              50.9245458
            ],
            [
              7.0104742,
              50.9246479
            ],
            [
              7.0103213,
              50.9246811
            ],
            [
              7.0102896,
              50.9246872
            ],
            [
              7.0098609,
              50.9247699
            ],
            [
              7.0096326,
              50.9248024
            ],
            [
              7.0094152,
              50.9248334
            ],
            [
              7.0092465,
              50.9248595
            ],
            [
              7.0091624,
              50.9248683
            ],
            [
              7.0088248,
              50.9248991
            ],
            [
              7.0084015,
              50.9249208
            ],
            [
              7.0081697,
              50.9249231
            ],
            [
              7.0081688,
              50.9249231
            ],
            [
              7.0081588,
              50.9249232
            ],
            [
              7.007622,
              50.9249213
            ],
            [
              7.0065202,
              50.9248253
            ],
            [
              7.0055488,
              50.924725
            ],
            [
              7.0050866,
              50.9246799
            ],
            [
              7.0038988,
              50.924564
            ],
            [
              7.0027185,
              50.924476
            ],
            [
              7.0021966,
              50.9244409
            ],
            [
              7.0014591,
              50.9244276
            ],
            [
              7.0014564,
              50.9244275
            ],
            [
              7.0010334,
              50.9244348
            ],
            [
              7.0006852,
              50.9244408
            ],
            [
              7.0001864,
              50.9244833
            ],
            [
              6.999721,
              50.9245282
            ],
            [
              6.999624,
              50.924538
            ],
            [
              6.9994956,
              50.9245526
            ],
            [
              6.9993874,
              50.9245654
            ],
            [
              6.9992319,
              50.9245854
            ],
            [
              6.999188,
              50.924591
            ],
            [
              6.9985223,
              50.9246767
            ],
            [
              6.9980445,
              50.9247598
            ],
            [
              6.9975362,
              50.9248761
            ],
            [
              6.9971656,
              50.9249701
            ],
            [
              6.9963229,
              50.9252217
            ],
            [
              6.9953344,
              50.9255402
            ],
            [
              6.994552,
              50.9258469
            ],
            [
              6.9936722,
              50.926272
            ],
            [
              6.9928471,
              50.9266151
            ],
            [
              6.9928366,
              50.9266194
            ],
            [
              6.9927532,
              50.9266461
            ],
            [
              6.9926591,
              50.9266874
            ],
            [
              6.9903345,
              50.9276078
            ],
            [
              6.9901255,
              50.9276968
            ],
            [
              6.9890828,
              50.9282208
            ],
            [
              6.9890746,
              50.9282249
            ],
            [
              6.9873956,
              50.9289032
            ],
            [
              6.9872825,
              50.9289523
            ],
            [
              6.9869567,
              50.9290941
            ],
            [
              6.986885,
              50.9290226
            ],
            [
              6.9867848,
              50.929027
            ],
            [
              6.9866955,
              50.9290076
            ],
            [
              6.9866928,
              50.929007
            ],
            [
              6.9866357,
              50.9289688
            ],
            [
              6.985554,
              50.9278892
            ],
            [
              6.9849883,
              50.9272844
            ],
            [
              6.9846953,
              50.9268342
            ],
            [
              6.9844457,
              50.9264937
            ],
            [
              6.9843664,
              50.9263856
            ],
            [
              6.9842834,
              50.9262422
            ],
            [
              6.9840453,
              50.9257441
            ],
            [
              6.9838746,
              50.9253551
            ],
            [
              6.9838017,
              50.92512
            ],
            [
              6.9838016,
              50.9251182
            ],
            [
              6.9838012,
              50.9251164
            ],
            [
              6.9838013,
              50.9251151
            ],
            [
              6.9838011,
              50.9251145
            ],
            [
              6.983762,
              50.9249707
            ],
            [
              6.9837038,
              50.9247039
            ],
            [
              6.9837052,
              50.9245207
            ],
            [
              6.9837039,
              50.923959
            ],
            [
              6.9837876,
              50.9228558
            ],
            [
              6.9837891,
              50.9228356
            ],
            [
              6.9837967,
              50.9226651
            ],
            [
              6.9838045,
              50.9224921
            ],
            [
              6.9838785,
              50.9224642
            ],
            [
              6.9838682,
              50.9219893
            ],
            [
              6.9838541,
              50.9218833
            ],
            [
              6.9838503,
              50.9218355
            ],
            [
              6.9837961,
              50.9216017
            ],
            [
              6.9837855,
              50.9215088
            ],
            [
              6.9837678,
              50.9214357
            ],
            [
              6.9837259,
              50.9212511
            ],
            [
              6.9836443,
              50.9210762
            ],
            [
              6.983486,
              50.9208097
            ],
            [
              6.9832852,
              50.9205283
            ],
            [
              6.9829726,
              50.920198
            ],
            [
              6.9829451,
              50.9201782
            ],
            [
              6.9828616,
              50.9201182
            ],
            [
              6.9828326,
              50.9200973
            ],
            [
              6.9827197,
              50.9200162
            ],
            [
              6.9827127,
              50.9200113
            ],
            [
              6.9824334,
              50.9198186
            ],
            [
              6.9820077,
              50.9195696
            ],
            [
              6.9816296,
              50.9193716
            ],
            [
              6.9813211,
              50.9192399
            ],
            [
              6.9809829,
              50.9191166
            ],
            [
              6.9805511,
              50.9189805
            ],
            [
              6.9804016,
              50.9189442
            ],
            [
              6.9803244,
              50.9189154
            ],
            [
              6.9793896,
              50.918695
            ],
            [
              6.9785053,
              50.9185037
            ],
            [
              6.9784374,
              50.9184738
            ],
            [
              6.9784368,
              50.9184729
            ],
            [
              6.9784021,
              50.9184195
            ],
            [
              6.9784188,
              50.9183857
            ],
            [
              6.9783043,
              50.91836
            ],
            [
              6.9783018,
              50.9183594
            ],
            [
              6.9783006,
              50.9183591
            ],
            [
              6.9782992,
              50.9183588
            ],
            [
              6.9781811,
              50.9183322
            ],
            [
              6.9781794,
              50.9183318
            ],
            [
              6.9781772,
              50.9183346
            ],
            [
              6.9781402,
              50.9183825
            ],
            [
              6.978138,
              50.9183854
            ],
            [
              6.9781364,
              50.918385
            ],
            [
              6.977949,
              50.9183418
            ],
            [
              6.9779806,
              50.9182849
            ],
            [
              6.9777499,
              50.9182327
            ],
            [
              6.9775136,
              50.9181791
            ],
            [
              6.9775117,
              50.9181786
            ],
            [
              6.9775103,
              50.9181806
            ],
            [
              6.9775097,
              50.9181815
            ],
            [
              6.9775091,
              50.9181826
            ],
            [
              6.9774779,
              50.9182297
            ],
            [
              6.977476,
              50.9182327
            ],
            [
              6.9774741,
              50.9182322
            ],
            [
              6.9772109,
              50.9181638
            ],
            [
              6.977131,
              50.9181126
            ],
            [
              6.9771373,
              50.9181011
            ],
            [
              6.9771436,
              50.9180899
            ],
            [
              6.9764907,
              50.9179394
            ],
            [
              6.9764767,
              50.9179634
            ],
            [
              6.9763533,
              50.9179869
            ],
            [
              6.976282,
              50.917922
            ],
            [
              6.9762916,
              50.9179046
            ],
            [
              6.9762964,
              50.9178957
            ],
            [
              6.9761503,
              50.9178622
            ],
            [
              6.9755962,
              50.9177344
            ],
            [
              6.9755582,
              50.9178001
            ],
            [
              6.97542,
              50.9177673
            ],
            [
              6.975455,
              50.9177051
            ],
            [
              6.9753523,
              50.91768
            ],
            [
              6.97334,
              50.9172265
            ]
          ]
        ]
      }
    },
    {
      "type": "Feature",
      "properties": {
        "name": "Kalk",
        "slug": "kalk",
        "osm_relation": 2613800,
        "in": {
          "en": "in Kalk",
          "de": "in Kalk"
        }
      },
      "geometry": {
        "type": "Polygon",
        "coordinates": [
          [
            [
              6.9869567,
              50.9290941
            ],
            [
              6.9872825,
              50.9289523
            ],
            [
              6.9873956,
              50.9289032
            ],
            [
              6.9890746,
              50.9282249
            ],
            [
              6.9890828,
              50.9282208
            ],
            [
              6.9901255,
              50.9276968
            ],
            [
              6.9903345,
              50.9276078
            ],
            [
              6.9926591,
              50.9266874
            ],
            [
              6.9927532,
              50.9266461
            ],
            [
              6.9928366,
              50.9266194
            ],
            [
              6.9928471,
              50.9266151
            ],
            [
              6.9936722,
              50.926272
            ],
            [
              6.994552,
              50.9258469
            ],
            [
              6.9953344,
              50.9255402
            ],
            [
              6.9963229,
              50.9252217
            ],
            [
              6.9971656,
              50.9249701
            ],
            [
              6.9975362,
              50.9248761
            ],
            [
              6.9980445,
              50.9247598
            ],
            [
              6.9985223,
              50.9246767
            ],
            [
              6.999188,
              50.924591
            ],
            [
              6.9992319,
              50.9245854
            ],
            [
              6.9993874,
              50.9245654
            ],
            [
              6.9994956,
              50.9245526
            ],
            [
              6.999624,
              50.924538
            ],
            [
              6.999721,
              50.9245282
            ],
            [
              7.0001864,
              50.9244833
            ],
            [
              7.0006852,
              50.9244408
            ],
            [
              7.0010334,
              50.9244348
            ],
            [
              7.0014564,
              50.9244275
            ],
            [
              7.0014591,
              50.9244276
            ],
            [
              7.0021966,
              50.9244409
            ],
            [
              7.0027185,
              50.924476
            ],
            [
              7.0038988,
              50.924564
            ],
            [
              7.0050866,
              50.9246799
            ],
            [
              7.0055488,
              50.924725
            ],
            [
              7.0065202,
              50.9248253
            ],
            [
              7.007622,
              50.9249213
            ],
            [
              7.0081588,
              50.9249232
            ],
            [
              7.0081688,
              50.9249231
            ],
            [
              7.0081697,
              50.9249231
            ],
            [
              7.0084015,
              50.9249208
            ],
            [
              7.0088248,
              50.9248991
            ],
            [
              7.0091624,
              50.9248683
            ],
            [
              7.0092465,
              50.9248595
            ],
            [
              7.0094152,
              50.9248334
            ],
            [
              7.0096326,
              50.9248024
            ],
            [
              7.0098609,
              50.9247699
            ],
            [
              7.0102896,
              50.9246872
            ],
            [
              7.0103213,
              50.9246811
            ],
            [
              7.0104742,
              50.9246479
            ],
            [
              7.0108664,
              50.9245458
            ],
            [
              7.0112069,
              50.9244417
            ],
            [
              7.0112998,
              50.9244107
            ],
            [
              7.0113026,
              50.9244097
            ],
            [
              7.0113102,
              50.924407
            ],
            [
              7.0115398,
              50.9243252
            ],
            [
              7.0115409,
              50.9243249
            ],
            [
              7.0115558,
              50.9243206
            ],
            [
              7.0116346,
              50.9242915
            ],
            [
              7.0116567,
              50.9242825
            ],
            [
              7.0118599,
              50.9241996
            ],
            [
              7.0119515,
              50.9241626
            ],
            [
              7.0120269,
              50.9241321
            ],
            [
              7.0120307,
              50.9241304
            ],
            [
              7.0121735,
              50.9240665
            ],
            [
              7.0123434,
              50.9239895
            ],
            [
              7.0124042,
              50.9239619
            ],
            [
              7.0124081,
              50.9239601
            ],
            [
              7.012408,
              50.9239595
            ],
            [
              7.0122769,
              50.9234114
            ],
            [
              7.0123072,
              50.9228039
            ],
            [
              7.0122767,
              50.9225655
            ],
            [
              7.0123031,
              50.9221161
            ],
            [
              7.012309,
              50.9217798
            ],
            [
              7.0123175,
              50.9215039
            ],
            [
              7.0123198,
              50.9214285
            ],
            [
              7.0123207,
              50.9213972
            ],
            [
              7.0123259,
              50.9212616
            ],
            [
              7.0123364,
              50.9209831
            ],
            [
              7.0123652,
              50.9205698
            ],
            [
              7.0123655,
              50.9205624
            ],
            [
              7.0123657,
              50.9205551
            ],
            [
              7.0123693,
              50.9204433
            ],
            [
              7.0123781,
              50.9201727
            ],
            [
              7.0124004,
              50.9200156
            ],
            [
              7.012407,
              50.9198087
            ],
            [
              7.0124773,
              50.9194113
            ],
            [
              7.0125006,
              50.9193266
            ],
            [
              7.0125095,
              50.9192951
            ],
            [
              7.0126027,
              50.9189579
            ],
            [
              7.0126631,
              50.9187728
            ],
            [
              7.0127622,
              50.9185609
            ],
            [
              7.0127992,
              50.9184979
            ],
            [
              7.0128042,
              50.9184884
            ],
            [
              7.0128932,
              50.918319
            ],
            [
              7.0129051,
              50.9182968
            ],
            [
              7.0131363,
              50.9179558
            ],
            [
              7.0132074,
              50.9177985
            ],
            [
              7.0134011,
              50.9176233
            ],
            [
              7.0134962,
              50.9175137
            ],
            [
              7.0135948,
              50.9174
            ],
            [
              7.0136346,
              50.9173541
            ],
            [
              7.0137087,
              50.9172687
            ],
            [
              7.0139967,
              50.9169176
            ],
            [
              7.0142904,
              50.9166211
            ],
            [
              7.0143727,
              50.9165709
            ],
            [
              7.0143735,
              50.9165704
            ],
            [
              7.0143766,
              50.9165685
            ],
            [
              7.0144249,
              50.9165284
            ],
            [
              7.0144265,
              50.9165271
            ],
            [
              7.0144371,
              50.9165184
            ],
            [
              7.0144578,
              50.9165029
            ],
            [
              7.0144613,
              50.9165003
            ],
            [
              7.0149991,
              50.9160973
            ],
            [
              7.0150087,
              50.9160905
            ],
            [
              7.0150125,
              50.916088
            ],
            [
              7.0150148,
              50.9160865
            ],
            [
              7.0150186,
              50.9160841
            ],
            [
              7.0150224,
              50.9160816
            ],
            [
              7.015075,
              50.9160474
            ],
            [
              7.0150787,
              50.916045
            ],
            [
              7.0150826,
              50.9160425
            ],
            [
              7.0153427,
              50.9158734
            ],
            [
              7.0153464,
              50.9158709
            ],
            [
              7.0156746,
              50.9156748
            ],
            [
              7.0156773,
              50.9156732
            ],
            [
              7.0156784,
              50.9156724
            ],
            [
              7.015706,
              50.9156505
            ],
            [
              7.0157566,
              50.9156101
            ],
            [
              7.0157584,
              50.9156086
            ],
            [
              7.0157604,
              50.9156076
            ],
            [
              7.0159755,
              50.9154962
            ],
            [
              7.0159803,
              50.9154937
            ],
            [
              7.0161583,
              50.9154013
            ],
            [
              7.0165226,
              50.9152109
            ],
            [
              7.0165236,
              50.9152104
            ],
            [
              7.0165264,
              50.9152084
            ],
            [
              7.0168745,
              50.914967
            ],
            [
              7.0168929,
              50.9149542
            ],
            [
              7.0170424,
              50.9148505
            ],
            [
              7.017046,
              50.914848
            ],
            [
              7.0173164,
              50.9148922
            ],
            [
              7.017396,
              50.9149051
            ],
            [
              7.0174425,
              50.9149127
            ],
            [
              7.0175273,
              50.9149266
            ],
            [
              7.0194585,
              50.915242
            ],
            [
              7.0222369,
              50.9156958
            ],
            [
              7.0235994,
              50.915878
            ],
            [
              7.0238827,
              50.915898
            ],
            [
              7.0241135,
              50.9159211
            ],
            [
              7.024368,
              50.9159289
            ],
            [
              7.0243837,
              50.9159292
            ],
            [
              7.0245667,
              50.9159322
            ],
            [
              7.024765,
              50.9159153
            ],
            [
              7.0248334,
              50.9159083
            ],
            [
              7.0249791,
              50.9158934
            ],
            [
              7.0251216,
              50.9158671
            ],
            [
              7.0252876,
              50.9158304
            ],
            [
              7.0253263,
              50.9158166
            ],
            [
              7.0254453,
              50.9157738
            ],
            [
              7.025473,
              50.9157628
            ],
            [
              7.0256265,
              50.9157018
            ],
            [
              7.0260535,
              50.9155216
            ],
            [
              7.0266264,
              50.9152862
            ],
            [
              7.0271576,
              50.9150704
            ],
            [
              7.0277133,
              50.9148447
            ],
            [
              7.0284377,
              50.9145419
            ],
            [
              7.0288384,
              50.9143425
            ],
            [
              7.0288424,
              50.9143401
            ],
            [
              7.0291445,
              50.9141639
            ],
            [
              7.0291997,
              50.9141924
            ],
            [
              7.0292695,
              50.9142284
            ],
            [
              7.0292856,
              50.9142352
            ],
            [
              7.0293517,
              50.9142629
            ],
            [
              7.0294623,
              50.9143093
            ],
            [
              7.0296027,
              50.9143683
            ],
            [
              7.0296096,
              50.9143714
            ],
            [
              7.0296407,
              50.9143877
            ],
            [
              7.0296919,
              50.9144148
            ],
            [
              7.0295646,
              50.9145581
            ],
            [
              7.0294723,
              50.9147323
            ],
            [
              7.0294385,
              50.9147962
            ],
            [
              7.0293491,
              50.9149653
            ],
            [
              7.029293,
              50.9151684
            ],
            [
              7.0293144,
              50.9153544
            ],
            [
              7.0293591,
              50.9155346
            ],
            [
              7.0293965,
              50.9156049
            ],
            [
              7.0295966,
              50.9159706
            ],
            [
              7.0296501,
              50.916048
            ],
            [
              7.0298899,
              50.9163945
            ],
            [
              7.030016,
              50.9165663
            ],
            [
              7.0301443,
              50.9167609
            ],
            [
              7.0301659,
              50.9167932
            ],
            [
              7.0302227,
              50.9168464
            ],
            [
              7.0302282,
              50.916851
            ],
            [
              7.030234,
              50.9168555
            ],
            [
              7.0303309,
              50.9169285
            ],
            [
              7.0304161,
              50.9169927
            ],
            [
              7.0305737,
              50.9170789
            ],
            [
              7.0307272,
              50.9171548
            ],
            [
              7.0319826,
              50.9173682
            ],
            [
              7.0323265,
              50.9174559
            ],
            [
              7.0324711,
              50.9174811
            ],
            [
              7.0330087,
              50.917575
            ],
            [
              7.0331602,
              50.9176015
            ],
            [
              7.0332679,
              50.9176204
            ],
            [
              7.0346219,
              50.9178796
            ],
            [
              7.034643,
              50.9178837
            ],
            [
              7.03527,
              50.9179902
            ],
            [
              7.0366424,
              50.9182235
            ],
            [
              7.0399676,
              50.9187926
            ],
            [
              7.0401022,
              50.9188155
            ],
            [
              7.0424162,
              50.9192261
            ],
            [
              7.0430404,
              50.9193368
            ],
            [
              7.0442643,
              50.9195461
            ],
            [
              7.044344,
              50.9195597
            ],
            [
              7.0457058,
              50.9197922
            ],
            [
              7.0469304,
              50.9200012
            ],
            [
              7.0473951,
              50.9200805
            ],
            [
              7.0475774,
              50.9201116
            ],
            [
              7.0478252,
              50.920155
            ],
            [
              7.0483792,
              50.9202521
            ],
            [
              7.0485242,
              50.9202774
            ],
            [
              7.048615,
              50.9202933
            ],
            [
              7.048651,
              50.9202996
            ],
            [
              7.0487936,
              50.9203246
            ],
            [
              7.0490094,
              50.9203576
            ],
            [
              7.0513276,
              50.9207118
            ],
            [
              7.0522989,
              50.9208602
            ],
            [
              7.0554764,
              50.9212995
            ],
            [
              7.0561237,
              50.921327
            ],
            [
              7.0566257,
              50.9213826
            ],
            [
              7.0570478,
              50.921419
            ],
            [
              7.0574714,
              50.9214903
            ],
            [
              7.0576576,
              50.9215303
            ],
            [
              7.0578147,
              50.9215639
            ],
            [
              7.0578577,
              50.9215733
            ],
            [
              7.0580994,
              50.9216263
            ],
            [
              7.0582245,
              50.9216496
            ],
            [
              7.0583435,
              50.9216938
            ],
            [
              7.0585286,
              50.9217527
            ],
            [
              7.0587767,
              50.9218315
            ],
            [
              7.0591361,
              50.922012
            ],
            [
              7.0592039,
              50.9220118
            ],
            [
              7.0603399,
              50.9220084
            ],
            [
              7.0608941,
              50.9220068
            ],
            [
              7.0610739,
              50.9219932
            ],
            [
              7.0610766,
              50.9219908
            ],
            [
              7.0611538,
              50.9219234
            ],
            [
              7.0613762,
              50.9217293
            ],
            [
              7.0613951,
              50.9217129
            ],
            [
              7.061444,
              50.9216703
            ],
            [
              7.0614476,
              50.9216677
            ],
            [
              7.0615152,
              50.9216187
            ],
            [
              7.0615188,
              50.9216161
            ],
            [
              7.0615389,
              50.9216015
            ],
            [
              7.0615425,
              50.9215989
            ],
            [
              7.0615474,
              50.9215954
            ],
            [
              7.061551,
              50.9215928
            ],
            [
              7.0615738,
              50.9215762
            ],
            [
              7.06169,
              50.9214918
            ],
            [
              7.0622186,
              50.9208577
            ],
            [
              7.0625701,
              50.9204359
            ],
            [
              7.0628981,
              50.9200103
            ],
            [
              7.0629038,
              50.9200017
            ],
            [
              7.0629071,
              50.9199967
            ],
            [
              7.0629715,
              50.9199004
            ],
            [
              7.0632195,
              50.9195027
            ],
            [
              7.0633012,
              50.9193594
            ],
            [
              7.0632719,
              50.9193438
            ],
            [
              7.0632365,
              50.9193249
            ],
            [
              7.0631348,
              50.9192559
            ],
            [
              7.0630712,
              50.919201
            ],
            [
              7.0628291,
              50.9188392
            ],
            [
              7.0624335,
              50.9181671
            ],
            [
              7.0606966,
              50.9180639
            ],
            [
              7.060791,
              50.9173946
            ],
            [
              7.0607922,
              50.9173865
            ],
            [
              7.0608304,
              50.9168815
            ],
            [
              7.0608354,
              50.9168684
            ],
            [
              7.0609376,
              50.9166016
            ],
            [
              7.060939,
              50.9165981
            ],
            [
              7.0610422,
              50.9163286
            ],
            [
              7.061073,
              50.9162483
            ],
            [
              7.0610758,
              50.9162485
            ],
            [
              7.0615924,
              50.9162907
            ],
            [
              7.0617275,
              50.9163017
            ],
            [
              7.0617556,
              50.916304
            ],
            [
              7.0619863,
              50.9163249
            ],
            [
              7.0627214,
              50.9163917
            ],
            [
              7.063953,
              50.9163803
            ],
            [
              7.0644668,
              50.9163755
            ],
            [
              7.0649049,
              50.9163929
            ],
            [
              7.0659568,
              50.9164008
            ],
            [
              7.0660209,
              50.9164017
            ],
            [
              7.0662217,
              50.9164048
            ],
            [
              7.0663902,
              50.9164074
            ],
            [
              7.0663837,
              50.9163504
            ],
            [
              7.0663762,
              50.9162634
            ],
            [
              7.0663761,
              50.9161724
            ],
            [
              7.0663761,
              50.9161604
            ],
            [
              7.066376,
              50.9161382
            ],
            [
              7.0663769,
              50.916138
            ],
            [
              7.0668429,
              50.9160235
            ],
            [
              7.0678955,
              50.9157374
            ],
            [
              7.0686229,
              50.915453
            ],
            [
              7.0693256,
              50.9151387
            ],
            [
              7.0701672,
              50.9146753
            ],
            [
              7.0709405,
              50.9141707
            ],
            [
              7.071625,
              50.9135868
            ],
            [
              7.0722205,
              50.9129929
            ],
            [
              7.0725473,
              50.9126377
            ],
            [
              7.0727337,
              50.9124347
            ],
            [
              7.074701,
              50.9102139
            ],
            [
              7.074723,
              50.9101938
            ],
            [
              7.0748104,
              50.9101342
            ],
            [
              7.0748404,
              50.9100417
            ],
            [
              7.0753078,
              50.9100873
            ],
            [
              7.0755456,
              50.9101099
            ],
            [
              7.0758251,
              50.9101364
            ],
            [
              7.0761364,
              50.9101644
            ],
            [
              7.077181,
              50.910255
            ],
            [
              7.0776194,
              50.9102931
            ],
            [
              7.0780025,
              50.9103265
            ],
            [
              7.0780461,
              50.9103304
            ],
            [
              7.0781296,
              50.9103377
            ],
            [
              7.0785871,
              50.9103774
            ],
            [
              7.078932,
              50.9103901
            ],
            [
              7.0790796,
              50.9103956
            ],
            [
              7.0798915,
              50.9104246
            ],
            [
              7.0804915,
              50.9104387
            ],
            [
              7.0805756,
              50.9104106
            ],
            [
              7.0806115,
              50.9103986
            ],
            [
              7.0806116,
              50.9103973
            ],
            [
              7.0806238,
              50.910305
            ],
            [
              7.0806258,
              50.9102904
            ],
            [
              7.0806292,
              50.9102903
            ],
            [
              7.0806305,
              50.9102903
            ],
            [
              7.0806399,
              50.9102902
            ],
            [
              7.0807235,
              50.9102891
            ],
            [
              7.0807275,
              50.9102868
            ],
            [
              7.0808338,
              50.9102237
            ],
            [
              7.0809312,
              50.9102201
            ],
            [
              7.0811307,
              50.9102127
            ],
            [
              7.0812665,
              50.9101761
            ],
            [
              7.081745,
              50.9101669
            ],
            [
              7.0817581,
              50.9105115
            ],
            [
              7.0817643,
              50.9105574
            ],
            [
              7.0817302,
              50.9108908
            ],
            [
              7.081693,
              50.9110915
            ],
            [
              7.0817335,
              50.9114644
            ],
            [
              7.0817791,
              50.911644
            ],
            [
              7.0818092,
              50.9118653
            ],
            [
              7.0818557,
              50.9121791
            ],
            [
              7.0818914,
              50.9124206
            ],
            [
              7.0818772,
              50.9127155
            ],
            [
              7.0818765,
              50.9127262
            ],
            [
              7.081853,
              50.9131082
            ],
            [
              7.0818418,
              50.9132898
            ],
            [
              7.0818184,
              50.913533
            ],
            [
              7.0820051,
              50.9135629
            ],
            [
              7.0827785,
              50.9136867
            ],
            [
              7.0834417,
              50.9138015
            ],
            [
              7.0840092,
              50.9139011
            ],
            [
              7.0850582,
              50.9140765
            ],
            [
              7.0851125,
              50.9142455
            ],
            [
              7.0851137,
              50.9142496
            ],
            [
              7.0851399,
              50.9142524
            ],
            [
              7.0852929,
              50.9142853
            ],
            [
              7.0854441,
              50.914303
            ],
            [
              7.085942,
              50.9142969
            ],
            [
              7.0863388,
              50.9143235
            ],
            [
              7.0867109,
              50.9143356
            ],
            [
              7.0869329,
              50.9143357
            ],
            [
              7.0870337,
              50.9143535
            ],
            [
              7.0871673,
              50.9143645
            ],
            [
              7.0872981,
              50.9143876
            ],
            [
              7.0874222,
              50.9144057
            ],
            [
              7.0877551,
              50.9144761
            ],
            [
              7.0879343,
              50.9145441
            ],
            [
              7.0884266,
              50.9148634
            ],
            [
              7.0884364,
              50.9149592
            ],
            [
              7.0884532,
              50.9151249
            ],
            [
              7.0887239,
              50.9150878
            ],
            [
              7.0887616,
              50.9150826
            ],
            [
              7.0887999,
              50.9151104
            ],
            [
              7.0888085,
              50.9151166
            ],
            [
              7.0888224,
              50.9151149
            ],
            [
              7.0889166,
              50.9151036
            ],
            [
              7.0893834,
              50.9150479
            ],
            [
              7.0896881,
              50.9150032
            ],
            [
              7.0897507,
              50.914994
            ],
            [
              7.0901303,
              50.9149397
            ],
            [
              7.0903953,
              50.9148917
            ],
            [
              7.090395,
              50.91489
            ],
            [
              7.0903899,
              50.9148659
            ],
            [
              7.0903941,
              50.9148654
            ],
            [
              7.0911245,
              50.914768
            ],
            [
              7.0911197,
              50.9147818
            ],
            [
              7.091115,
              50.9147951
            ],
            [
              7.0914286,
              50.9147843
            ],
            [
              7.0914915,
              50.9147764
            ],
            [
              7.0919067,
              50.9147238
            ],
            [
              7.0925702,
              50.9146378
            ],
            [
              7.0926121,
              50.9146243
            ],
            [
              7.0927281,
              50.9145871
            ],
            [
              7.0935782,
              50.914479
            ],
            [
              7.0935861,
              50.914478
            ],
            [
              7.0935979,
              50.9144764
            ],
            [
              7.0939012,
              50.9144378
            ],
            [
              7.0944025,
              50.914374
            ],
            [
              7.0951725,
              50.9142762
            ],
            [
              7.0952753,
              50.9142633
            ],
            [
              7.0953764,
              50.9142504
            ],
            [
              7.095454,
              50.9142405
            ],
            [
              7.0954857,
              50.9142365
            ],
            [
              7.0984309,
              50.9138636
            ],
            [
              7.0984979,
              50.9138544
            ],
            [
              7.0985012,
              50.913854
            ],
            [
              7.0985199,
              50.9138515
            ],
            [
              7.0986686,
              50.9138291
            ],
            [
              7.0988109,
              50.9138267
            ],
            [
              7.098763,
              50.9139621
            ],
            [
              7.0987586,
              50.9139744
            ],
            [
              7.0986656,
              50.9145283
            ],
            [
              7.0986622,
              50.9145767
            ],
            [
              7.0986614,
              50.9145859
            ],
            [
              7.0986607,
              50.914595
            ],
            [
              7.0986387,
              50.9148548
            ],
            [
              7.0986275,
              50.9149088
            ],
            [
              7.0986183,
              50.9150566
            ],
            [
              7.098607,
              50.9152576
            ],
            [
              7.0985903,
              50.9155572
            ],
            [
              7.0985855,
              50.9162062
            ],
            [
              7.0985949,
              50.9162267
            ],
            [
              7.0985994,
              50.9162364
            ],
            [
              7.0985859,
              50.9165288
            ],
            [
              7.0985857,
              50.9165346
            ],
            [
              7.0985747,
              50.9167728
            ],
            [
              7.0985729,
              50.9167956
            ],
            [
              7.0985725,
              50.9168019
            ],
            [
              7.0985096,
              50.9176313
            ],
            [
              7.0984604,
              50.9182793
            ],
            [
              7.0983937,
              50.9186163
            ],
            [
              7.0983815,
              50.9186776
            ],
            [
              7.0982351,
              50.9194171
            ],
            [
              7.0980736,
              50.9200135
            ],
            [
              7.0983581,
              50.919986
            ],
            [
              7.0990337,
              50.9199206
            ],
            [
              7.0990661,
              50.9199203
            ],
            [
              7.0997569,
              50.9199151
            ],
            [
              7.0998792,
              50.9199414
            ],
            [
              7.0999958,
              50.9199664
            ],
            [
              7.1013545,
              50.9202583
            ],
            [
              7.102515,
              50.9203068
            ],
            [
              7.1035303,
              50.9202532
            ],
            [
              7.1039286,
              50.9202322
            ],
            [
              7.1046662,
              50.9201497
            ],
            [
              7.1054194,
              50.9201353
            ],
            [
              7.1097071,
              50.9209811
            ],
            [
              7.1144533,
              50.9201343
            ],
            [
              7.1157603,
              50.9199012
            ],
            [
              7.1167809,
              50.9197191
            ],
            [
              7.1209135,
              50.9195218
            ],
            [
              7.1219422,
              50.9194856
            ],
            [
              7.1219773,
              50.9194845
            ],
            [
              7.121988,
              50.9194841
            ],
            [
              7.1237815,
              50.9194273
            ],
            [
              7.1241536,
              50.919414
            ],
            [
              7.1244318,
              50.9193951
            ],
            [
              7.1244615,
              50.9193941
            ],
            [
              7.1260302,
              50.9193368
            ],
            [
              7.126896,
              50.9193052
            ],
            [
              7.1269874,
              50.9193019
            ],
            [
              7.1272463,
              50.9192925
            ],
            [
              7.1274182,
              50.9193081
            ],
            [
              7.1279099,
              50.9193762
            ],
            [
              7.1315729,
              50.9198826
            ],
            [
              7.1316877,
              50.9198916
            ],
            [
              7.1317698,
              50.9198861
            ],
            [
              7.132864,
              50.919718
            ],
            [
              7.1329641,
              50.9197027
            ],
            [
              7.1344985,
              50.9194673
            ],
            [
              7.1348505,
              50.9194133
            ],
            [
              7.1349997,
              50.9194041
            ],
            [
              7.1350797,
              50.9194066
            ],
            [
              7.1370733,
              50.9196684
            ],
            [
              7.1374445,
              50.919719
            ],
            [
              7.1378983,
              50.9197809
            ],
            [
              7.1387373,
              50.9198844
            ],
            [
              7.1394624,
              50.9198654
            ],
            [
              7.1396381,
              50.9198849
            ],
            [
              7.1396892,
              50.9198901
            ],
            [
              7.1397934,
              50.9198994
            ],
            [
              7.1397941,
              50.9199918
            ],
            [
              7.1396626,
              50.9200378
            ],
            [
              7.1396054,
              50.9201429
            ],
            [
              7.1393187,
              50.9206677
            ],
            [
              7.1394975,
              50.9211254
            ],
            [
              7.1395489,
              50.921256
            ],
            [
              7.1396224,
              50.9214426
            ],
            [
              7.1397055,
              50.9216534
            ],
            [
              7.1398931,
              50.9221287
            ],
            [
              7.1399092,
              50.9224788
            ],
            [
              7.139819,
              50.9228482
            ],
            [
              7.1398156,
              50.9228617
            ],
            [
              7.1396224,
              50.9230729
            ],
            [
              7.1393508,
              50.9233129
            ],
            [
              7.1392487,
              50.9234518
            ],
            [
              7.1392299,
              50.9234774
            ],
            [
              7.1391011,
              50.9237022
            ],
            [
              7.1390076,
              50.9238654
            ],
            [
              7.1380752,
              50.9254941
            ],
            [
              7.137981,
              50.9256586
            ],
            [
              7.1378789,
              50.9258368
            ],
            [
              7.1375887,
              50.9263616
            ],
            [
              7.1375012,
              50.9264326
            ],
            [
              7.1374138,
              50.9265864
            ],
            [
              7.1371839,
              50.9269914
            ],
            [
              7.1369698,
              50.9272023
            ],
            [
              7.1368549,
              50.9273155
            ],
            [
              7.1367448,
              50.9274243
            ],
            [
              7.1367163,
              50.9274974
            ],
            [
              7.1366738,
              50.927606
            ],
            [
              7.1367257,
              50.9277401
            ],
            [
              7.136808,
              50.9279551
            ],
            [
              7.1369174,
              50.9282417
            ],
            [
              7.137282,
              50.9287437
            ],
            [
              7.1379077,
              50.9293327
            ],
            [
              7.1383438,
              50.9301049
            ],
            [
              7.1384531,
              50.930359
            ],
            [
              7.1385323,
              50.930543
            ],
            [
              7.1386751,
              50.9307981
            ],
            [
              7.1388408,
              50.931094
            ],
            [
              7.1388415,
              50.9310953
            ],
            [
              7.1389169,
              50.9312298
            ],
            [
              7.139042,
              50.9313958
            ],
            [
              7.1396017,
              50.9321384
            ],
            [
              7.1397836,
              50.9323798
            ],
            [
              7.1399103,
              50.9327438
            ],
            [
              7.139833,
              50.9330488
            ],
            [
              7.1398066,
              50.9333595
            ],
            [
              7.1398477,
              50.933498
            ],
            [
              7.1400121,
              50.9338462
            ],
            [
              7.1400776,
              50.9339291
            ],
            [
              7.1401083,
              50.9339713
            ],
            [
              7.1404177,
              50.934397
            ],
            [
              7.1405363,
              50.9345602
            ],
            [
              7.1405883,
              50.9346319
            ],
            [
              7.1406274,
              50.9346847
            ],
            [
              7.1408534,
              50.9349909
            ],
            [
              7.1410878,
              50.9353084
            ],
            [
              7.1410896,
              50.9353152
            ],
            [
              7.1411113,
              50.9353987
            ],
            [
              7.1411794,
              50.9356597
            ],
            [
              7.141166,
              50.9361137
            ],
            [
              7.1411091,
              50.9362929
            ],
            [
              7.1411621,
              50.9364167
            ],
            [
              7.1417575,
              50.9378002
            ],
            [
              7.1420889,
              50.9385919
            ],
            [
              7.1424252,
              50.9390407
            ],
            [
              7.142903,
              50.9395988
            ],
            [
              7.1439668,
              50.9410068
            ],
            [
              7.1440214,
              50.9411393
            ],
            [
              7.1440879,
              50.9413013
            ],
            [
              7.144348,
              50.9419335
            ],
            [
              7.1446512,
              50.9429422
            ],
            [
              7.144676,
              50.9430247
            ],
            [
              7.1447251,
              50.9432022
            ],
            [
              7.1448144,
              50.9435237
            ],
            [
              7.1448252,
              50.9435627
            ],
            [
              7.1448715,
              50.9437297
            ],
            [
              7.1450726,
              50.9444538
            ],
            [
              7.1450779,
              50.9444602
            ],
            [
              7.145109,
              50.9444971
            ],
            [
              7.1451315,
              50.9445238
            ],
            [
              7.1453536,
              50.9447881
            ],
            [
              7.1453019,
              50.9448617
            ],
            [
              7.1444657,
              50.9457239
            ],
            [
              7.1445259,
              50.9457976
            ],
            [
              7.1447316,
              50.9460496
            ],
            [
              7.1447084,
              50.9461817
            ],
            [
              7.1446711,
              50.9463937
            ],
            [
              7.1446253,
              50.9463875
            ],
            [
              7.144624,
              50.9464031
            ],
            [
              7.1445685,
              50.9463952
            ],
            [
              7.1445403,
              50.9463914
            ],
            [
              7.1444806,
              50.9462214
            ],
            [
              7.1444609,
              50.9462243
            ],
            [
              7.1443523,
              50.9462395
            ],
            [
              7.1442184,
              50.9461852
            ],
            [
              7.1441879,
              50.9461725
            ],
            [
              7.1440917,
              50.9461632
            ],
            [
              7.1438849,
              50.9460951
            ],
            [
              7.143456,
              50.9461679
            ],
            [
              7.1434559,
              50.9461679
            ],
            [
              7.1432686,
              50.9460986
            ],
            [
              7.1431993,
              50.9459844
            ],
            [
              7.1431978,
              50.9459849
            ],
            [
              7.1428171,
              50.9461105
            ],
            [
              7.1428713,
              50.9462012
            ],
            [
              7.1427093,
              50.9464045
            ],
            [
              7.1427076,
              50.9464048
            ],
            [
              7.1415675,
              50.946549
            ],
            [
              7.1415126,
              50.9468398
            ],
            [
              7.1415109,
              50.9468391
            ],
            [
              7.1415001,
              50.9468351
            ],
            [
              7.1412285,
              50.946718
            ],
            [
              7.1409165,
              50.9466792
            ],
            [
              7.140856,
              50.9466329
            ],
            [
              7.1408338,
              50.9466269
            ],
            [
              7.1406932,
              50.9466469
            ],
            [
              7.1407096,
              50.9466662
            ],
            [
              7.1407201,
              50.9467039
            ],
            [
              7.1406063,
              50.9466947
            ],
            [
              7.1405818,
              50.9466469
            ],
            [
              7.1405432,
              50.9465647
            ],
            [
              7.1404571,
              50.9465366
            ],
            [
              7.1404195,
              50.9464815
            ],
            [
              7.1403039,
              50.9464809
            ],
            [
              7.1402741,
              50.9464807
            ],
            [
              7.1402874,
              50.9464518
            ],
            [
              7.1403041,
              50.9464155
            ],
            [
              7.1402874,
              50.9463762
            ],
            [
              7.1402674,
              50.9463289
            ],
            [
              7.1402821,
              50.9462925
            ],
            [
              7.1402209,
              50.9462711
            ],
            [
              7.1402192,
              50.9462714
            ],
            [
              7.1399165,
              50.9463272
            ],
            [
              7.1399164,
              50.9463272
            ],
            [
              7.1397939,
              50.9462936
            ],
            [
              7.139784,
              50.9462907
            ],
            [
              7.1397835,
              50.9462913
            ],
            [
              7.1397419,
              50.9463442
            ],
            [
              7.1397406,
              50.9463436
            ],
            [
              7.1395434,
              50.9462631
            ],
            [
              7.1395412,
              50.9462622
            ],
            [
              7.1395222,
              50.9462545
            ],
            [
              7.1395252,
              50.946221
            ],
            [
              7.1395377,
              50.9461345
            ],
            [
              7.1395114,
              50.946114
            ],
            [
              7.139517,
              50.9461071
            ],
            [
              7.1395526,
              50.9460622
            ],
            [
              7.1395342,
              50.9460499
            ],
            [
              7.1394035,
              50.9460157
            ],
            [
              7.1394017,
              50.9459669
            ],
            [
              7.1393975,
              50.9458535
            ],
            [
              7.1393973,
              50.9458465
            ],
            [
              7.1394682,
              50.9457513
            ],
            [
              7.1394734,
              50.9457443
            ],
            [
              7.139369,
              50.9456953
            ],
            [
              7.1393677,
              50.9456958
            ],
            [
              7.1393491,
              50.945703
            ],
            [
              7.1392646,
              50.945736
            ],
            [
              7.1392642,
              50.9457356
            ],
            [
              7.1392303,
              50.9457113
            ],
            [
              7.1392767,
              50.9456938
            ],
            [
              7.139221,
              50.945651
            ],
            [
              7.1391927,
              50.9456293
            ],
            [
              7.1392423,
              50.9455388
            ],
            [
              7.1392259,
              50.9455258
            ],
            [
              7.1391864,
              50.9454908
            ],
            [
              7.1389065,
              50.9455882
            ],
            [
              7.138789,
              50.9456294
            ],
            [
              7.1387361,
              50.9456487
            ],
            [
              7.1387274,
              50.945666
            ],
            [
              7.1387534,
              50.9457791
            ],
            [
              7.1386964,
              50.9457919
            ],
            [
              7.1385435,
              50.9458055
            ],
            [
              7.1384291,
              50.945926
            ],
            [
              7.138353,
              50.9458616
            ],
            [
              7.1383537,
              50.9457886
            ],
            [
              7.1381999,
              50.9457727
            ],
            [
              7.1381997,
              50.945773
            ],
            [
              7.1381759,
              50.9458454
            ],
            [
              7.1380327,
              50.9458921
            ],
            [
              7.1380317,
              50.945892
            ],
            [
              7.1380083,
              50.9458913
            ],
            [
              7.1378493,
              50.9457884
            ],
            [
              7.1378077,
              50.9457464
            ],
            [
              7.1377572,
              50.9456954
            ],
            [
              7.1377995,
              50.9456892
            ],
            [
              7.1378015,
              50.9456889
            ],
            [
              7.1378663,
              50.9457035
            ],
            [
              7.1379321,
              50.9457182
            ],
            [
              7.1379341,
              50.9457187
            ],
            [
              7.1379359,
              50.9457191
            ],
            [
              7.1379547,
              50.9455484
            ],
            [
              7.1379571,
              50.9455426
            ],
            [
              7.1378929,
              50.945527
            ],
            [
              7.1378917,
              50.9455275
            ],
            [
              7.1378093,
              50.9455593
            ],
            [
              7.1378074,
              50.94556
            ],
            [
              7.1377947,
              50.9455649
            ],
            [
              7.1377943,
              50.9455645
            ],
            [
              7.1377736,
              50.9455473
            ],
            [
              7.1377705,
              50.9455447
            ],
            [
              7.1377052,
              50.9454905
            ],
            [
              7.1376741,
              50.9454392
            ],
            [
              7.1376933,
              50.9454041
            ],
            [
              7.1375777,
              50.9453415
            ],
            [
              7.137446,
              50.9453443
            ],
            [
              7.1372553,
              50.9453488
            ],
            [
              7.1372652,
              50.9452933
            ],
            [
              7.1371982,
              50.9452573
            ],
            [
              7.137111,
              50.9452582
            ],
            [
              7.1371161,
              50.9453237
            ],
            [
              7.1369894,
              50.945326
            ],
            [
              7.1368954,
              50.9453482
            ],
            [
              7.1366294,
              50.9451939
            ],
            [
              7.136582,
              50.9451616
            ],
            [
              7.1365875,
              50.945131
            ],
            [
              7.1366093,
              50.9451231
            ],
            [
              7.1366561,
              50.9451495
            ],
            [
              7.1366963,
              50.9450984
            ],
            [
              7.1368,
              50.9450571
            ],
            [
              7.1367557,
              50.9450109
            ],
            [
              7.1364779,
              50.9449701
            ],
            [
              7.1364564,
              50.944971
            ],
            [
              7.1364418,
              50.9449766
            ],
            [
              7.1363978,
              50.9450584
            ],
            [
              7.1364085,
              50.9450815
            ],
            [
              7.1363818,
              50.9450919
            ],
            [
              7.1363572,
              50.9451014
            ],
            [
              7.1362894,
              50.9451278
            ],
            [
              7.136113,
              50.9451706
            ],
            [
              7.1360944,
              50.9451642
            ],
            [
              7.1360552,
              50.9451284
            ],
            [
              7.1359337,
              50.9450571
            ],
            [
              7.1360586,
              50.9450225
            ],
            [
              7.1361091,
              50.9449384
            ],
            [
              7.1361014,
              50.9449238
            ],
            [
              7.1358032,
              50.9449586
            ],
            [
              7.1355945,
              50.9450266
            ],
            [
              7.1353893,
              50.9450522
            ],
            [
              7.1353868,
              50.9451008
            ],
            [
              7.1353603,
              50.9451151
            ],
            [
              7.1353141,
              50.945103
            ],
            [
              7.1352412,
              50.9451058
            ],
            [
              7.135085,
              50.9450834
            ],
            [
              7.1350812,
              50.9450643
            ],
            [
              7.1351334,
              50.945004
            ],
            [
              7.135202,
              50.9450179
            ],
            [
              7.1352134,
              50.9449338
            ],
            [
              7.1352155,
              50.9449335
            ],
            [
              7.1353357,
              50.9449607
            ],
            [
              7.1353525,
              50.944998
            ],
            [
              7.1354337,
              50.9449849
            ],
            [
              7.1354052,
              50.9448432
            ],
            [
              7.1352061,
              50.9447852
            ],
            [
              7.1351852,
              50.9447919
            ],
            [
              7.1351108,
              50.9448978
            ],
            [
              7.1349305,
              50.9448138
            ],
            [
              7.1349513,
              50.9447531
            ],
            [
              7.1349354,
              50.9447467
            ],
            [
              7.1349029,
              50.9447509
            ],
            [
              7.1345979,
              50.9449113
            ],
            [
              7.1344661,
              50.9448516
            ],
            [
              7.1344838,
              50.9446126
            ],
            [
              7.1344445,
              50.944611
            ],
            [
              7.1343871,
              50.9445366
            ],
            [
              7.1341728,
              50.9442487
            ],
            [
              7.1339574,
              50.9442755
            ],
            [
              7.1338477,
              50.944256
            ],
            [
              7.1337009,
              50.9442979
            ],
            [
              7.1335415,
              50.9443932
            ],
            [
              7.1334808,
              50.9443839
            ],
            [
              7.1334608,
              50.944364
            ],
            [
              7.1334903,
              50.9442624
            ],
            [
              7.1334793,
              50.9442118
            ],
            [
              7.1334697,
              50.9442025
            ],
            [
              7.133014,
              50.9441436
            ],
            [
              7.1328673,
              50.9441022
            ],
            [
              7.1327843,
              50.9441283
            ],
            [
              7.1327514,
              50.9441347
            ],
            [
              7.1326715,
              50.9439973
            ],
            [
              7.1326768,
              50.9439764
            ],
            [
              7.1327699,
              50.9439689
            ],
            [
              7.1327849,
              50.9439636
            ],
            [
              7.1327807,
              50.9439502
            ],
            [
              7.1326745,
              50.9439075
            ],
            [
              7.1325012,
              50.9439093
            ],
            [
              7.1325004,
              50.9438786
            ],
            [
              7.1323678,
              50.9438466
            ],
            [
              7.1322908,
              50.9439762
            ],
            [
              7.1322741,
              50.9439969
            ],
            [
              7.1322193,
              50.9439396
            ],
            [
              7.1321793,
              50.9438738
            ],
            [
              7.132032,
              50.9437674
            ],
            [
              7.1321354,
              50.9437337
            ],
            [
              7.1321297,
              50.9437168
            ],
            [
              7.1320306,
              50.9436453
            ],
            [
              7.1317264,
              50.9435919
            ],
            [
              7.1317306,
              50.943654
            ],
            [
              7.1315677,
              50.9436426
            ],
            [
              7.1315318,
              50.9436144
            ],
            [
              7.1314245,
              50.9436035
            ],
            [
              7.1313704,
              50.9436944
            ],
            [
              7.1315792,
              50.9438129
            ],
            [
              7.1315797,
              50.9439027
            ],
            [
              7.1314218,
              50.9439279
            ],
            [
              7.1312748,
              50.9439525
            ],
            [
              7.1311823,
              50.9440095
            ],
            [
              7.1310684,
              50.944009
            ],
            [
              7.131092,
              50.9440816
            ],
            [
              7.1309958,
              50.9441155
            ],
            [
              7.1308069,
              50.9440481
            ],
            [
              7.1307545,
              50.9439735
            ],
            [
              7.1306266,
              50.943908
            ],
            [
              7.1306215,
              50.9438702
            ],
            [
              7.1304856,
              50.9438267
            ],
            [
              7.1304127,
              50.9438358
            ],
            [
              7.1304504,
              50.9439172
            ],
            [
              7.13036,
              50.9439343
            ],
            [
              7.1303632,
              50.9439477
            ],
            [
              7.1304692,
              50.9439696
            ],
            [
              7.1304787,
              50.943983
            ],
            [
              7.1304591,
              50.9440633
            ],
            [
              7.1303962,
              50.9441194
            ],
            [
              7.130314,
              50.9441053
            ],
            [
              7.130291,
              50.9440409
            ],
            [
              7.1301285,
              50.9437433
            ],
            [
              7.129763,
              50.9438353
            ],
            [
              7.1295849,
              50.9437068
            ],
            [
              7.1296103,
              50.9436201
            ],
            [
              7.1295734,
              50.9436203
            ],
            [
              7.1295437,
              50.9436408
            ],
            [
              7.1294604,
              50.9437032
            ],
            [
              7.1293849,
              50.9437616
            ],
            [
              7.1292483,
              50.9438472
            ],
            [
              7.1292549,
              50.9438645
            ],
            [
              7.1293744,
              50.9438883
            ],
            [
              7.1293748,
              50.9439016
            ],
            [
              7.1292625,
              50.9439573
            ],
            [
              7.12923,
              50.9439663
            ],
            [
              7.1292348,
              50.9439854
            ],
            [
              7.1292117,
              50.9440049
            ],
            [
              7.1291438,
              50.9439961
            ],
            [
              7.1291547,
              50.9439388
            ],
            [
              7.1289473,
              50.9439137
            ],
            [
              7.1288168,
              50.9438696
            ],
            [
              7.1287323,
              50.943874
            ],
            [
              7.1287551,
              50.9439704
            ],
            [
              7.1286653,
              50.9441357
            ],
            [
              7.1286455,
              50.944139
            ],
            [
              7.1284918,
              50.9440356
            ],
            [
              7.1282265,
              50.9440521
            ],
            [
              7.1280857,
              50.9441063
            ],
            [
              7.1280364,
              50.9440758
            ],
            [
              7.1280443,
              50.9440544
            ],
            [
              7.1280753,
              50.9440147
            ],
            [
              7.128104,
              50.9439055
            ],
            [
              7.127985,
              50.9438934
            ],
            [
              7.1279629,
              50.9439655
            ],
            [
              7.1278424,
              50.9440235
            ],
            [
              7.1277976,
              50.9441058
            ],
            [
              7.1277147,
              50.9441421
            ],
            [
              7.1276951,
              50.9441413
            ],
            [
              7.1277121,
              50.9440569
            ],
            [
              7.1276893,
              50.9440405
            ],
            [
              7.1275614,
              50.9440839
            ],
            [
              7.1276129,
              50.9441284
            ],
            [
              7.1274427,
              50.9442258
            ],
            [
              7.1274032,
              50.9441987
            ],
            [
              7.1274272,
              50.9441555
            ],
            [
              7.1274239,
              50.9441451
            ],
            [
              7.1274037,
              50.9441061
            ],
            [
              7.1273637,
              50.9440657
            ],
            [
              7.1273608,
              50.9440425
            ],
            [
              7.1273532,
              50.9440297
            ],
            [
              7.1273286,
              50.9440109
            ],
            [
              7.127307,
              50.9440136
            ],
            [
              7.1272914,
              50.9440552
            ],
            [
              7.1270851,
              50.9441478
            ],
            [
              7.1269741,
              50.9441918
            ],
            [
              7.1268942,
              50.9441906
            ],
            [
              7.1266401,
              50.9441651
            ],
            [
              7.1265027,
              50.9441837
            ],
            [
              7.1263744,
              50.9442275
            ],
            [
              7.1263348,
              50.9442301
            ],
            [
              7.1263028,
              50.9442186
            ],
            [
              7.1262972,
              50.9442081
            ],
            [
              7.1262684,
              50.944174
            ],
            [
              7.1262666,
              50.9441718
            ],
            [
              7.1262164,
              50.9441122
            ],
            [
              7.1261477,
              50.9440788
            ],
            [
              7.1260732,
              50.944087
            ],
            [
              7.1260373,
              50.9441308
            ],
            [
              7.1260218,
              50.9441452
            ],
            [
              7.1260251,
              50.9441801
            ],
            [
              7.12605,
              50.9442075
            ],
            [
              7.126053,
              50.9442107
            ],
            [
              7.1260713,
              50.9442308
            ],
            [
              7.1260769,
              50.9442573
            ],
            [
              7.1260589,
              50.9442797
            ],
            [
              7.1260068,
              50.9442962
            ],
            [
              7.1259389,
              50.9443219
            ],
            [
              7.1258929,
              50.9443215
            ],
            [
              7.1258723,
              50.944311
            ],
            [
              7.1258696,
              50.9442954
            ],
            [
              7.1258693,
              50.9442941
            ],
            [
              7.1258665,
              50.9442782
            ],
            [
              7.1258801,
              50.9441857
            ],
            [
              7.1258747,
              50.9441453
            ],
            [
              7.1258268,
              50.9441073
            ],
            [
              7.1257506,
              50.9440719
            ],
            [
              7.1257208,
              50.9440685
            ],
            [
              7.1256575,
              50.9440715
            ],
            [
              7.1256034,
              50.9440824
            ],
            [
              7.1255886,
              50.9440964
            ],
            [
              7.1256083,
              50.9441534
            ],
            [
              7.1255824,
              50.9441787
            ],
            [
              7.125535,
              50.9441901
            ],
            [
              7.1255073,
              50.9441884
            ],
            [
              7.1254552,
              50.9441658
            ],
            [
              7.1254016,
              50.9441333
            ],
            [
              7.1253762,
              50.9441276
            ],
            [
              7.1252963,
              50.9441209
            ],
            [
              7.12526,
              50.9441321
            ],
            [
              7.125226,
              50.9441526
            ],
            [
              7.1250069,
              50.9441838
            ],
            [
              7.1249724,
              50.9441713
            ],
            [
              7.1248951,
              50.9441695
            ],
            [
              7.1248488,
              50.9441705
            ],
            [
              7.1247211,
              50.9442053
            ],
            [
              7.1247049,
              50.9442097
            ],
            [
              7.1246347,
              50.9442204
            ],
            [
              7.1245887,
              50.9442106
            ],
            [
              7.1245868,
              50.9442097
            ],
            [
              7.1245648,
              50.9442001
            ],
            [
              7.1245171,
              50.9441528
            ],
            [
              7.1244703,
              50.9441281
            ],
            [
              7.1244648,
              50.9441283
            ],
            [
              7.1244357,
              50.9441295
            ],
            [
              7.1243555,
              50.9441493
            ],
            [
              7.1243428,
              50.9441627
            ],
            [
              7.1243176,
              50.9441929
            ],
            [
              7.1243394,
              50.9442036
            ],
            [
              7.1244136,
              50.9442616
            ],
            [
              7.1244515,
              50.9443444
            ],
            [
              7.1244526,
              50.9443647
            ],
            [
              7.1244534,
              50.9443782
            ],
            [
              7.1244264,
              50.9443985
            ],
            [
              7.1243928,
              50.9444017
            ],
            [
              7.1242657,
              50.9443452
            ],
            [
              7.1241613,
              50.9442716
            ],
            [
              7.1241353,
              50.9442409
            ],
            [
              7.1241305,
              50.9442353
            ],
            [
              7.1241118,
              50.9442263
            ],
            [
              7.1241039,
              50.9442225
            ],
            [
              7.1240504,
              50.9442183
            ],
            [
              7.1240092,
              50.9442677
            ],
            [
              7.123898,
              50.9443629
            ],
            [
              7.1238171,
              50.9443896
            ],
            [
              7.1237348,
              50.9443969
            ],
            [
              7.1236807,
              50.9443924
            ],
            [
              7.1236509,
              50.9443909
            ],
            [
              7.1236436,
              50.944404
            ],
            [
              7.123647,
              50.9444288
            ],
            [
              7.1236578,
              50.9444752
            ],
            [
              7.123665,
              50.9444945
            ],
            [
              7.1237191,
              50.9445223
            ],
            [
              7.12376,
              50.9445765
            ],
            [
              7.1237567,
              50.9446109
            ],
            [
              7.1237501,
              50.9446241
            ],
            [
              7.1237101,
              50.9446354
            ],
            [
              7.1235847,
              50.9446073
            ],
            [
              7.1235032,
              50.9445865
            ],
            [
              7.1234724,
              50.9445851
            ],
            [
              7.1234212,
              50.9445949
            ],
            [
              7.1233511,
              50.9446345
            ],
            [
              7.1233151,
              50.94463
            ],
            [
              7.1233036,
              50.9446127
            ],
            [
              7.1232894,
              50.9446071
            ],
            [
              7.1232543,
              50.9446071
            ],
            [
              7.123151,
              50.9446764
            ],
            [
              7.1231086,
              50.9447069
            ],
            [
              7.1230419,
              50.9447349
            ],
            [
              7.1229749,
              50.9448283
            ],
            [
              7.1229238,
              50.9448602
            ],
            [
              7.1227793,
              50.9448714
            ],
            [
              7.122595,
              50.9449365
            ],
            [
              7.1225777,
              50.9449202
            ],
            [
              7.1225851,
              50.9448772
            ],
            [
              7.1225477,
              50.944816
            ],
            [
              7.1225009,
              50.9447132
            ],
            [
              7.1224686,
              50.9446861
            ],
            [
              7.1224401,
              50.9446822
            ],
            [
              7.1223997,
              50.9447035
            ],
            [
              7.1223023,
              50.9447713
            ],
            [
              7.1222688,
              50.9447786
            ],
            [
              7.1222388,
              50.9447773
            ],
            [
              7.1222111,
              50.9447437
            ],
            [
              7.1221766,
              50.9446955
            ],
            [
              7.1221571,
              50.9446936
            ],
            [
              7.1219896,
              50.9446694
            ],
            [
              7.1219451,
              50.9446833
            ],
            [
              7.1219021,
              50.9446839
            ],
            [
              7.1218259,
              50.9446556
            ],
            [
              7.1216312,
              50.9446337
            ],
            [
              7.1215067,
              50.9446344
            ],
            [
              7.1214291,
              50.944619
            ],
            [
              7.1213658,
              50.944598
            ],
            [
              7.1212715,
              50.9445994
            ],
            [
              7.121203,
              50.9446286
            ],
            [
              7.1210846,
              50.9446451
            ],
            [
              7.1209234,
              50.9446121
            ],
            [
              7.1207648,
              50.9445954
            ],
            [
              7.1206638,
              50.944564
            ],
            [
              7.1205981,
              50.9445268
            ],
            [
              7.1205332,
              50.9445159
            ],
            [
              7.1204807,
              50.9445161
            ],
            [
              7.1204563,
              50.9445341
            ],
            [
              7.1204651,
              50.9445466
            ],
            [
              7.1204675,
              50.9445638
            ],
            [
              7.1204485,
              50.9445765
            ],
            [
              7.1203779,
              50.9445908
            ],
            [
              7.1203217,
              50.9445861
            ],
            [
              7.1202733,
              50.9445543
            ],
            [
              7.1202425,
              50.9445156
            ],
            [
              7.1201692,
              50.9444842
            ],
            [
              7.1201042,
              50.9444895
            ],
            [
              7.1200824,
              50.9444898
            ],
            [
              7.1200681,
              50.9445076
            ],
            [
              7.1200671,
              50.9445323
            ],
            [
              7.1200418,
              50.9445546
            ],
            [
              7.1199832,
              50.9445442
            ],
            [
              7.1199063,
              50.9445054
            ],
            [
              7.1198726,
              50.9444614
            ],
            [
              7.1198569,
              50.9444519
            ],
            [
              7.1198107,
              50.9444441
            ],
            [
              7.119781,
              50.9444533
            ],
            [
              7.1197224,
              50.9444748
            ],
            [
              7.1197098,
              50.9444944
            ],
            [
              7.1197028,
              50.9445053
            ],
            [
              7.1196872,
              50.9445121
            ],
            [
              7.1196357,
              50.9445113
            ],
            [
              7.1196047,
              50.9444968
            ],
            [
              7.1195847,
              50.944506
            ],
            [
              7.1194863,
              50.9445514
            ],
            [
              7.1193345,
              50.9445643
            ],
            [
              7.1192291,
              50.9446005
            ],
            [
              7.1191859,
              50.9446257
            ],
            [
              7.1191698,
              50.9446351
            ],
            [
              7.1191332,
              50.9446565
            ],
            [
              7.119133,
              50.9446567
            ],
            [
              7.1191328,
              50.9446567
            ],
            [
              7.1190931,
              50.9446817
            ],
            [
              7.1190716,
              50.944693
            ],
            [
              7.1189519,
              50.9447453
            ],
            [
              7.1189341,
              50.944749
            ],
            [
              7.1188625,
              50.9447561
            ],
            [
              7.1188445,
              50.9447575
            ],
            [
              7.1187965,
              50.9447614
            ],
            [
              7.1187712,
              50.9447561
            ],
            [
              7.1186538,
              50.944731
            ],
            [
              7.1184998,
              50.9447663
            ],
            [
              7.1183634,
              50.944759
            ],
            [
              7.1181972,
              50.9446878
            ],
            [
              7.1181672,
              50.9446712
            ],
            [
              7.1180859,
              50.9446729
            ],
            [
              7.1180719,
              50.9446696
            ],
            [
              7.1180558,
              50.944663
            ],
            [
              7.1180806,
              50.944609
            ],
            [
              7.1180806,
              50.9446088
            ],
            [
              7.1180867,
              50.9446015
            ],
            [
              7.118117,
              50.9445641
            ],
            [
              7.1181072,
              50.9445464
            ],
            [
              7.1179437,
              50.9444594
            ],
            [
              7.1179195,
              50.9444465
            ],
            [
              7.117874,
              50.9444525
            ],
            [
              7.1178331,
              50.9444572
            ],
            [
              7.1178036,
              50.9444703
            ],
            [
              7.1177908,
              50.9444853
            ],
            [
              7.1177903,
              50.9444859
            ],
            [
              7.1177834,
              50.944494
            ],
            [
              7.1177823,
              50.9444953
            ],
            [
              7.1177787,
              50.9444997
            ],
            [
              7.1177573,
              50.9445063
            ],
            [
              7.1177176,
              50.9445319
            ],
            [
              7.1176119,
              50.9445866
            ],
            [
              7.1175856,
              50.944628
            ],
            [
              7.1175683,
              50.9446375
            ],
            [
              7.1175063,
              50.9446601
            ],
            [
              7.1173931,
              50.9446892
            ],
            [
              7.1173396,
              50.9446814
            ],
            [
              7.1173215,
              50.9446734
            ],
            [
              7.11723,
              50.944651
            ],
            [
              7.117178,
              50.9446543
            ],
            [
              7.1170821,
              50.9447148
            ],
            [
              7.1170625,
              50.9447187
            ],
            [
              7.1170275,
              50.9447077
            ],
            [
              7.1170164,
              50.944692
            ],
            [
              7.1170166,
              50.9446428
            ],
            [
              7.1170323,
              50.9446365
            ],
            [
              7.1170597,
              50.9445875
            ],
            [
              7.1170598,
              50.9445875
            ],
            [
              7.1170992,
              50.9444747
            ],
            [
              7.1170978,
              50.9444349
            ],
            [
              7.1170726,
              50.9444223
            ],
            [
              7.1170156,
              50.9444294
            ],
            [
              7.1169847,
              50.9444494
            ],
            [
              7.1169677,
              50.9444603
            ],
            [
              7.1169066,
              50.9444711
            ],
            [
              7.1168167,
              50.9444835
            ],
            [
              7.116751,
              50.9445074
            ],
            [
              7.1167486,
              50.9445093
            ],
            [
              7.1167304,
              50.9444952
            ],
            [
              7.1166826,
              50.9444582
            ],
            [
              7.1166896,
              50.9444313
            ],
            [
              7.116711,
              50.9443476
            ],
            [
              7.1167234,
              50.9442991
            ],
            [
              7.1167526,
              50.9441853
            ],
            [
              7.1169021,
              50.9436134
            ],
            [
              7.1169077,
              50.9435925
            ],
            [
              7.1169169,
              50.9435574
            ],
            [
              7.116922,
              50.9435384
            ],
            [
              7.1169393,
              50.943473
            ],
            [
              7.1169507,
              50.9434294
            ],
            [
              7.1169584,
              50.9434003
            ],
            [
              7.1169664,
              50.9433714
            ],
            [
              7.1169793,
              50.9433209
            ],
            [
              7.1170105,
              50.9432027
            ],
            [
              7.11738,
              50.9418024
            ],
            [
              7.1163669,
              50.9414742
            ],
            [
              7.1160161,
              50.9413333
            ],
            [
              7.1149054,
              50.9408873
            ],
            [
              7.1147837,
              50.9408384
            ],
            [
              7.1147818,
              50.9408421
            ],
            [
              7.11474,
              50.9409223
            ],
            [
              7.1146231,
              50.9411457
            ],
            [
              7.1146151,
              50.9411606
            ],
            [
              7.1145832,
              50.941219
            ],
            [
              7.1145605,
              50.9412607
            ],
            [
              7.1145212,
              50.9413357
            ],
            [
              7.114272,
              50.9418172
            ],
            [
              7.1142615,
              50.9418366
            ],
            [
              7.1142263,
              50.9419042
            ],
            [
              7.1142138,
              50.9419228
            ],
            [
              7.1142129,
              50.9419295
            ],
            [
              7.1141868,
              50.9419794
            ],
            [
              7.1141758,
              50.9420003
            ],
            [
              7.1141632,
              50.9420246
            ],
            [
              7.1141564,
              50.9420376
            ],
            [
              7.1140859,
              50.9421722
            ],
            [
              7.1134336,
              50.9434187
            ],
            [
              7.1133893,
              50.9435033
            ],
            [
              7.1133612,
              50.9434918
            ],
            [
              7.1125242,
              50.9431803
            ],
            [
              7.1120202,
              50.9429921
            ],
            [
              7.1118356,
              50.9429231
            ],
            [
              7.1118049,
              50.9429117
            ],
            [
              7.1117634,
              50.9428962
            ],
            [
              7.1117321,
              50.9428845
            ],
            [
              7.1117191,
              50.9428796
            ],
            [
              7.111687,
              50.9428676
            ],
            [
              7.1116651,
              50.9428594
            ],
            [
              7.1111437,
              50.9426647
            ],
            [
              7.1108398,
              50.9430154
            ],
            [
              7.1108341,
              50.943021
            ],
            [
              7.1108192,
              50.943039
            ],
            [
              7.1110662,
              50.9431545
            ],
            [
              7.1111049,
              50.9432469
            ],
            [
              7.1111116,
              50.9432635
            ],
            [
              7.1111291,
              50.9433056
            ],
            [
              7.1111408,
              50.9433334
            ],
            [
              7.1111496,
              50.9433548
            ],
            [
              7.1110812,
              50.9433694
            ],
            [
              7.1109152,
              50.9434044
            ],
            [
              7.1098667,
              50.943626
            ],
            [
              7.1098226,
              50.9436353
            ],
            [
              7.1097348,
              50.9436538
            ],
            [
              7.1095113,
              50.9437752
            ],
            [
              7.1092688,
              50.9439069
            ],
            [
              7.10921,
              50.9439389
            ],
            [
              7.1078386,
              50.944684
            ],
            [
              7.107284,
              50.9449814
            ],
            [
              7.1071761,
              50.9450404
            ],
            [
              7.1059517,
              50.9457091
            ],
            [
              7.1057128,
              50.9458388
            ],
            [
              7.1056157,
              50.9458917
            ],
            [
              7.1055428,
              50.9459312
            ],
            [
              7.1054966,
              50.9459563
            ],
            [
              7.1048255,
              50.946321
            ],
            [
              7.1040626,
              50.9467326
            ],
            [
              7.1032701,
              50.9471643
            ],
            [
              7.1031678,
              50.9472201
            ],
            [
              7.1021789,
              50.9477588
            ],
            [
              7.1018249,
              50.9480196
            ],
            [
              7.1014508,
              50.9483034
            ],
            [
              7.1014098,
              50.9483345
            ],
            [
              7.1014,
              50.9483461
            ],
            [
              7.101287,
              50.9483944
            ],
            [
              7.1012415,
              50.9484138
            ],
            [
              7.1011573,
              50.9484498
            ],
            [
              7.1011005,
              50.9484741
            ],
            [
              7.1010805,
              50.9484828
            ],
            [
              7.1008343,
              50.9485919
            ],
            [
              7.1007929,
              50.9486102
            ],
            [
              7.1007321,
              50.9486371
            ],
            [
              7.1007028,
              50.9486501
            ],
            [
              7.1004241,
              50.948696
            ],
            [
              7.0997651,
              50.948805
            ],
            [
              7.0991158,
              50.9489123
            ],
            [
              7.0984881,
              50.9490159
            ],
            [
              7.0978972,
              50.9491191
            ],
            [
              7.097836,
              50.9491943
            ],
            [
              7.0971787,
              50.9499912
            ],
            [
              7.0967093,
              50.9505812
            ],
            [
              7.096646,
              50.9506596
            ],
            [
              7.0965962,
              50.9507519
            ],
            [
              7.0965366,
              50.9508622
            ],
            [
              7.0965114,
              50.950909
            ],
            [
              7.0965113,
              50.950909
            ],
            [
              7.0964497,
              50.9510234
            ],
            [
              7.0964153,
              50.9510876
            ],
            [
              7.0964251,
              50.951085
            ],
            [
              7.0960394,
              50.9518016
            ],
            [
              7.0960139,
              50.9518493
            ],
            [
              7.0960479,
              50.9518348
            ],
            [
              7.0961608,
              50.9517869
            ],
            [
              7.0978345,
              50.9510767
            ],
            [
              7.097946,
              50.9510293
            ],
            [
              7.0979547,
              50.9510256
            ],
            [
              7.0979818,
              50.9510289
            ],
            [
              7.0983698,
              50.951091
            ],
            [
              7.0990698,
              50.9511898
            ],
            [
              7.0992006,
              50.9512083
            ],
            [
              7.0992543,
              50.9512525
            ],
            [
              7.0992106,
              50.9513567
            ],
            [
              7.0991369,
              50.9515564
            ],
            [
              7.0990945,
              50.951671
            ],
            [
              7.0990006,
              50.9519257
            ],
            [
              7.0989591,
              50.9520384
            ],
            [
              7.0989199,
              50.9521447
            ],
            [
              7.0989266,
              50.9521593
            ],
            [
              7.0988503,
              50.9521831
            ],
            [
              7.0987866,
              50.9522031
            ],
            [
              7.098512,
              50.9522904
            ],
            [
              7.0982897,
              50.9523581
            ],
            [
              7.0980865,
              50.9524224
            ],
            [
              7.0979336,
              50.9524707
            ],
            [
              7.0978232,
              50.9525039
            ],
            [
              7.0978143,
              50.9525078
            ],
            [
              7.0976382,
              50.9525627
            ],
            [
              7.0975553,
              50.9525885
            ],
            [
              7.0975051,
              50.9526042
            ],
            [
              7.0973221,
              50.9526612
            ],
            [
              7.0972777,
              50.952675
            ],
            [
              7.0971838,
              50.9527042
            ],
            [
              7.0969777,
              50.9527685
            ],
            [
              7.0968431,
              50.9528105
            ],
            [
              7.0966477,
              50.9528713
            ],
            [
              7.0965257,
              50.9529093
            ],
            [
              7.0964875,
              50.9529212
            ],
            [
              7.0964587,
              50.9529302
            ],
            [
              7.0964364,
              50.9529371
            ],
            [
              7.0963917,
              50.9529614
            ],
            [
              7.0963632,
              50.9529769
            ],
            [
              7.0963149,
              50.9530031
            ],
            [
              7.0962122,
              50.9530589
            ],
            [
              7.0961885,
              50.9530718
            ],
            [
              7.0961768,
              50.9530781
            ],
            [
              7.0961162,
              50.9531111
            ],
            [
              7.0954816,
              50.9532888
            ],
            [
              7.095352,
              50.9533245
            ],
            [
              7.0953521,
              50.9533247
            ],
            [
              7.095812,
              50.954264
            ],
            [
              7.0958284,
              50.9543051
            ],
            [
              7.0958363,
              50.9543232
            ],
            [
              7.0958529,
              50.9543608
            ],
            [
              7.0958643,
              50.9543868
            ],
            [
              7.095885,
              50.9544341
            ],
            [
              7.0958982,
              50.9544641
            ],
            [
              7.0959068,
              50.9544834
            ],
            [
              7.0959215,
              50.954517
            ],
            [
              7.0959534,
              50.9545897
            ],
            [
              7.0959534,
              50.9545926
            ],
            [
              7.0958599,
              50.9545997
            ],
            [
              7.0954121,
              50.9546235
            ],
            [
              7.0953649,
              50.9546261
            ],
            [
              7.0952374,
              50.9546328
            ],
            [
              7.0950867,
              50.9546413
            ],
            [
              7.0949907,
              50.9546466
            ],
            [
              7.0946576,
              50.9546652
            ],
            [
              7.0943475,
              50.9546826
            ],
            [
              7.0942133,
              50.954688
            ],
            [
              7.0941853,
              50.9546895
            ],
            [
              7.0941095,
              50.9547117
            ],
            [
              7.0938654,
              50.9547829
            ],
            [
              7.0934147,
              50.9549143
            ],
            [
              7.0929394,
              50.9550529
            ],
            [
              7.0926969,
              50.9551236
            ],
            [
              7.0925966,
              50.9551529
            ],
            [
              7.0924936,
              50.955193
            ],
            [
              7.092412,
              50.9552246
            ],
            [
              7.09236,
              50.9552456
            ],
            [
              7.0912976,
              50.955669
            ],
            [
              7.0911766,
              50.9557171
            ],
            [
              7.0910868,
              50.9557536
            ],
            [
              7.0902094,
              50.956111
            ],
            [
              7.0900965,
              50.956157
            ],
            [
              7.090063,
              50.9561707
            ],
            [
              7.0900151,
              50.9561899
            ],
            [
              7.0894518,
              50.9564162
            ],
            [
              7.0889607,
              50.9566135
            ],
            [
              7.088847,
              50.9566593
            ],
            [
              7.0881469,
              50.9570802
            ],
            [
              7.087606,
              50.9574065
            ],
            [
              7.0875074,
              50.957466
            ],
            [
              7.087501,
              50.9574699
            ],
            [
              7.0874483,
              50.9574552
            ],
            [
              7.0870403,
              50.9573426
            ],
            [
              7.0866037,
              50.9573309
            ],
            [
              7.0865962,
              50.9573306
            ],
            [
              7.0865925,
              50.9573343
            ],
            [
              7.0864102,
              50.9575082
            ],
            [
              7.0861362,
              50.9577695
            ],
            [
              7.0860588,
              50.9578499
            ],
            [
              7.0859853,
              50.9579264
            ],
            [
              7.0859402,
              50.9579162
            ],
            [
              7.0859242,
              50.9579124
            ],
            [
              7.084737,
              50.9576347
            ],
            [
              7.083198,
              50.9572746
            ],
            [
              7.0830097,
              50.9572293
            ],
            [
              7.0829532,
              50.9572151
            ],
            [
              7.0817235,
              50.9569052
            ],
            [
              7.0815159,
              50.9568529
            ],
            [
              7.0814993,
              50.9568482
            ],
            [
              7.0814842,
              50.9568436
            ],
            [
              7.0804452,
              50.9564752
            ],
            [
              7.080444,
              50.9564765
            ],
            [
              7.0796595,
              50.9572797
            ],
            [
              7.0796563,
              50.9572831
            ],
            [
              7.0796393,
              50.9573124
            ],
            [
              7.0795644,
              50.9572824
            ],
            [
              7.0784458,
              50.9568562
            ],
            [
              7.0784026,
              50.9568398
            ],
            [
              7.0771972,
              50.9563795
            ],
            [
              7.0762859,
              50.9560503
            ],
            [
              7.0762851,
              50.95605
            ],
            [
              7.0760828,
              50.9559759
            ],
            [
              7.0760882,
              50.955966
            ],
            [
              7.0763309,
              50.9555197
            ],
            [
              7.0763201,
              50.955433
            ],
            [
              7.0763123,
              50.9553707
            ],
            [
              7.0762978,
              50.955343
            ],
            [
              7.0762952,
              50.9553379
            ],
            [
              7.0762837,
              50.9553156
            ],
            [
              7.0762275,
              50.9552508
            ],
            [
              7.0761685,
              50.9551989
            ],
            [
              7.0760799,
              50.9551548
            ],
            [
              7.0760183,
              50.955134
            ],
            [
              7.0760051,
              50.9551295
            ],
            [
              7.0757419,
              50.955078
            ],
            [
              7.0755292,
              50.9550372
            ],
            [
              7.0753993,
              50.9550123
            ],
            [
              7.0753983,
              50.9550121
            ],
            [
              7.075233,
              50.9549804
            ],
            [
              7.0745513,
              50.9548463
            ],
            [
              7.0744673,
              50.9548294
            ],
            [
              7.0744596,
              50.9548279
            ],
            [
              7.073938,
              50.9547231
            ],
            [
              7.0736935,
              50.9546774
            ],
            [
              7.0735409,
              50.9545893
            ],
            [
              7.0729291,
              50.9542427
            ],
            [
              7.071559,
              50.9539221
            ],
            [
              7.0715582,
              50.9539219
            ],
            [
              7.0713793,
              50.95388
            ],
            [
              7.0710409,
              50.9545234
            ],
            [
              7.0704641,
              50.9556199
            ],
            [
              7.0697151,
              50.9570928
            ],
            [
              7.069641,
              50.9572386
            ],
            [
              7.0694233,
              50.9578268
            ],
            [
              7.0691488,
              50.9585938
            ],
            [
              7.0689154,
              50.9592148
            ],
            [
              7.0686448,
              50.9599503
            ],
            [
              7.0685057,
              50.960328
            ],
            [
              7.0685005,
              50.9603348
            ],
            [
              7.0684677,
              50.9603778
            ],
            [
              7.0684619,
              50.9603855
            ],
            [
              7.0684069,
              50.9604211
            ],
            [
              7.0683642,
              50.9604437
            ],
            [
              7.0683584,
              50.9604468
            ],
            [
              7.0681903,
              50.960349
            ],
            [
              7.0681823,
              50.9603425
            ],
            [
              7.0681179,
              50.9602899
            ],
            [
              7.0679722,
              50.9602355
            ],
            [
              7.0679136,
              50.9602137
            ],
            [
              7.0675781,
              50.9600885
            ],
            [
              7.0674597,
              50.9600444
            ],
            [
              7.0651508,
              50.9591835
            ],
            [
              7.0649321,
              50.9590871
            ],
            [
              7.0648414,
              50.9590138
            ],
            [
              7.0647991,
              50.9589559
            ],
            [
              7.0641577,
              50.9582369
            ],
            [
              7.0641258,
              50.9582617
            ],
            [
              7.0640806,
              50.9582969
            ],
            [
              7.0640507,
              50.9583205
            ],
            [
              7.0639829,
              50.958374
            ],
            [
              7.0639384,
              50.9584092
            ],
            [
              7.0639217,
              50.9584223
            ],
            [
              7.0634907,
              50.9589794
            ],
            [
              7.0631957,
              50.9593607
            ],
            [
              7.0629327,
              50.9597007
            ],
            [
              7.0627139,
              50.9599835
            ],
            [
              7.0627031,
              50.9600161
            ],
            [
              7.0624118,
              50.9608976
            ],
            [
              7.062053,
              50.9616542
            ],
            [
              7.0619177,
              50.9618756
            ],
            [
              7.0618853,
              50.9619286
            ],
            [
              7.0618628,
              50.9619655
            ],
            [
              7.0618032,
              50.9620631
            ],
            [
              7.0617546,
              50.9621018
            ],
            [
              7.0617124,
              50.9621263
            ],
            [
              7.0616889,
              50.9621304
            ],
            [
              7.0616611,
              50.9621353
            ],
            [
              7.0615938,
              50.9621373
            ],
            [
              7.0615396,
              50.9621264
            ],
            [
              7.0613039,
              50.962035
            ],
            [
              7.0609059,
              50.961802
            ],
            [
              7.0607264,
              50.9616842
            ],
            [
              7.0605355,
              50.9615588
            ],
            [
              7.0602184,
              50.9612245
            ],
            [
              7.0602096,
              50.9612151
            ],
            [
              7.059902,
              50.9608908
            ],
            [
              7.0590902,
              50.9599938
            ],
            [
              7.0590007,
              50.9599601
            ],
            [
              7.0584787,
              50.959814
            ],
            [
              7.0584513,
              50.9598125
            ],
            [
              7.0584247,
              50.9598109
            ],
            [
              7.0583844,
              50.9600249
            ],
            [
              7.0583318,
              50.9603037
            ],
            [
              7.0583311,
              50.9603076
            ],
            [
              7.0580223,
              50.9604196
            ],
            [
              7.0579735,
              50.9604615
            ],
            [
              7.0564357,
              50.9617828
            ],
            [
              7.0564085,
              50.9618069
            ],
            [
              7.0564077,
              50.9618077
            ],
            [
              7.0561915,
              50.9617408
            ],
            [
              7.0559219,
              50.9616575
            ],
            [
              7.0559193,
              50.9616567
            ],
            [
              7.0558237,
              50.9616271
            ],
            [
              7.0557353,
              50.9615968
            ],
            [
              7.0553362,
              50.9614741
            ],
            [
              7.0543458,
              50.9611433
            ],
            [
              7.053903,
              50.9609954
            ],
            [
              7.0539088,
              50.9609872
            ],
            [
              7.0534745,
              50.9608257
            ],
            [
              7.0532785,
              50.9607542
            ],
            [
              7.0530445,
              50.960668
            ],
            [
              7.052828,
              50.9605985
            ],
            [
              7.0525735,
              50.9605167
            ],
            [
              7.0522172,
              50.9604022
            ],
            [
              7.0522159,
              50.9604018
            ],
            [
              7.0522147,
              50.9604014
            ],
            [
              7.0522146,
              50.9604013
            ],
            [
              7.0520923,
              50.960366
            ],
            [
              7.0517281,
              50.9602544
            ],
            [
              7.0516638,
              50.960232
            ],
            [
              7.0516251,
              50.96022
            ],
            [
              7.0516234,
              50.9602199
            ],
            [
              7.0514049,
              50.9601522
            ],
            [
              7.0512681,
              50.9601101
            ],
            [
              7.0511631,
              50.9600773
            ],
            [
              7.0510033,
              50.9600277
            ],
            [
              7.0500293,
              50.9597257
            ],
            [
              7.0498369,
              50.9596706
            ],
            [
              7.0498036,
              50.9596612
            ],
            [
              7.0498021,
              50.9596607
            ],
            [
              7.0498012,
              50.9596605
            ],
            [
              7.0497999,
              50.9596601
            ],
            [
              7.0495711,
              50.9595949
            ],
            [
              7.049562,
              50.9595922
            ],
            [
              7.0494822,
              50.9595581
            ],
            [
              7.0494813,
              50.9595578
            ],
            [
              7.0494793,
              50.959557
            ],
            [
              7.0494785,
              50.9595566
            ],
            [
              7.0494713,
              50.9595535
            ],
            [
              7.0494619,
              50.9595496
            ],
            [
              7.0494612,
              50.9595492
            ],
            [
              7.0494493,
              50.9595442
            ],
            [
              7.0497285,
              50.9593314
            ],
            [
              7.0497427,
              50.9593201
            ],
            [
              7.0497676,
              50.9592992
            ],
            [
              7.0498165,
              50.9592582
            ],
            [
              7.0500677,
              50.9590455
            ],
            [
              7.0497896,
              50.9589345
            ],
            [
              7.0496922,
              50.9588956
            ],
            [
              7.0496232,
              50.9588681
            ],
            [
              7.0494826,
              50.9588114
            ],
            [
              7.0490474,
              50.9586359
            ],
            [
              7.0488734,
              50.9585649
            ],
            [
              7.0488405,
              50.9585517
            ],
            [
              7.0488129,
              50.9585405
            ],
            [
              7.0488121,
              50.9585401
            ],
            [
              7.0487163,
              50.958501
            ],
            [
              7.0483784,
              50.9583658
            ],
            [
              7.0484581,
              50.9582759
            ],
            [
              7.0485709,
              50.9581486
            ],
            [
              7.0486007,
              50.9581149
            ],
            [
              7.0487054,
              50.9579967
            ],
            [
              7.0484125,
              50.9579067
            ],
            [
              7.0483855,
              50.9578984
            ],
            [
              7.048385,
              50.9578983
            ],
            [
              7.048384,
              50.957898
            ],
            [
              7.0483377,
              50.9578837
            ],
            [
              7.0482291,
              50.9578503
            ],
            [
              7.0482053,
              50.957843
            ],
            [
              7.0479696,
              50.9577673
            ],
            [
              7.0479542,
              50.9577624
            ],
            [
              7.0474702,
              50.9576154
            ],
            [
              7.0473967,
              50.9575931
            ],
            [
              7.0471051,
              50.9575045
            ],
            [
              7.0464908,
              50.9574382
            ],
            [
              7.0464906,
              50.9574382
            ],
            [
              7.0459534,
              50.9573801
            ],
            [
              7.045724,
              50.9573553
            ],
            [
              7.0455776,
              50.9573392
            ],
            [
              7.0455693,
              50.9573383
            ],
            [
              7.0453158,
              50.9573104
            ],
            [
              7.0452411,
              50.9573021
            ],
            [
              7.0452139,
              50.9572991
            ],
            [
              7.0452135,
              50.9572991
            ],
            [
              7.0452003,
              50.9573352
            ],
            [
              7.0451283,
              50.9575328
            ],
            [
              7.0451039,
              50.9575996
            ],
            [
              7.0451038,
              50.9575998
            ],
            [
              7.0451022,
              50.9575991
            ],
            [
              7.0450891,
              50.9575941
            ],
            [
              7.0450883,
              50.9575937
            ],
            [
              7.0450142,
              50.9575651
            ],
            [
              7.0450127,
              50.9575645
            ],
            [
              7.0450118,
              50.9575641
            ],
            [
              7.0449453,
              50.9575384
            ],
            [
              7.0450106,
              50.9573222
            ],
            [
              7.0450724,
              50.957118
            ],
            [
              7.0450741,
              50.9571122
            ],
            [
              7.0450748,
              50.9571098
            ],
            [
              7.0450778,
              50.9571001
            ],
            [
              7.0450814,
              50.9570881
            ],
            [
              7.0450817,
              50.9570872
            ],
            [
              7.0450863,
              50.9570717
            ],
            [
              7.045087,
              50.9570694
            ],
            [
              7.0450888,
              50.9570634
            ],
            [
              7.0451029,
              50.9570167
            ],
            [
              7.0451318,
              50.956921
            ],
            [
              7.0451779,
              50.956768
            ],
            [
              7.0451782,
              50.956767
            ],
            [
              7.0451843,
              50.9567468
            ],
            [
              7.0451928,
              50.9567187
            ],
            [
              7.0451911,
              50.9567188
            ],
            [
              7.0449265,
              50.9567267
            ],
            [
              7.0447543,
              50.9567318
            ],
            [
              7.044582,
              50.9567369
            ],
            [
              7.0444097,
              50.956742
            ],
            [
              7.0442374,
              50.9567471
            ],
            [
              7.0440793,
              50.9567519
            ],
            [
              7.0440792,
              50.9567519
            ],
            [
              7.0440792,
              50.9567531
            ],
            [
              7.0440792,
              50.9567549
            ],
            [
              7.0440794,
              50.9567643
            ],
            [
              7.0440794,
              50.9567645
            ],
            [
              7.0440642,
              50.9567626
            ],
            [
              7.0440274,
              50.956758
            ],
            [
              7.0439952,
              50.9567541
            ],
            [
              7.0439919,
              50.9567538
            ],
            [
              7.0439852,
              50.9567528
            ],
            [
              7.0439475,
              50.9567488
            ],
            [
              7.0438448,
              50.9567378
            ],
            [
              7.043831,
              50.9567363
            ],
            [
              7.0438298,
              50.9567361
            ],
            [
              7.0436565,
              50.9567175
            ],
            [
              7.0435822,
              50.9567095
            ],
            [
              7.043582,
              50.9567094
            ],
            [
              7.0435824,
              50.9567038
            ],
            [
              7.0435856,
              50.9566654
            ],
            [
              7.0435866,
              50.9566532
            ],
            [
              7.0435827,
              50.9566526
            ],
            [
              7.0435482,
              50.9566468
            ],
            [
              7.0434107,
              50.9566238
            ],
            [
              7.0433907,
              50.9566205
            ],
            [
              7.0433079,
              50.9566069
            ],
            [
              7.0433017,
              50.9566056
            ],
            [
              7.0432985,
              50.9566052
            ],
            [
              7.0432953,
              50.9566045
            ],
            [
              7.0431609,
              50.9565821
            ],
            [
              7.0431202,
              50.9565753
            ],
            [
              7.0431193,
              50.9565751
            ],
            [
              7.043098,
              50.9565715
            ],
            [
              7.0430938,
              50.9565708
            ],
            [
              7.0430902,
              50.9565702
            ],
            [
              7.0429976,
              50.9565547
            ],
            [
              7.0429794,
              50.9565517
            ],
            [
              7.0428028,
              50.9565222
            ],
            [
              7.0427032,
              50.9565055
            ],
            [
              7.0423334,
              50.9564437
            ],
            [
              7.0420644,
              50.9563986
            ],
            [
              7.0420565,
              50.9563973
            ],
            [
              7.0419189,
              50.9563743
            ],
            [
              7.0417985,
              50.9563541
            ],
            [
              7.0417973,
              50.9563539
            ],
            [
              7.0417795,
              50.9563511
            ],
            [
              7.0417783,
              50.9563509
            ],
            [
              7.0417363,
              50.9563444
            ],
            [
              7.0417355,
              50.9563443
            ],
            [
              7.0417252,
              50.9563427
            ],
            [
              7.0417148,
              50.956341
            ],
            [
              7.0417135,
              50.9563407
            ],
            [
              7.041707,
              50.9563386
            ],
            [
              7.041621,
              50.9563107
            ],
            [
              7.0415803,
              50.9562975
            ],
            [
              7.0415654,
              50.9562926
            ],
            [
              7.0415588,
              50.9562904
            ],
            [
              7.0415439,
              50.9562855
            ],
            [
              7.0409335,
              50.9560879
            ],
            [
              7.0408423,
              50.9560584
            ],
            [
              7.0407157,
              50.9560173
            ],
            [
              7.0407081,
              50.9560149
            ],
            [
              7.0407104,
              50.9560125
            ],
            [
              7.0407853,
              50.9559362
            ],
            [
              7.0408241,
              50.9558967
            ],
            [
              7.0409032,
              50.955816
            ],
            [
              7.0409396,
              50.9557789
            ],
            [
              7.0409853,
              50.9557323
            ],
            [
              7.0410603,
              50.9556559
            ],
            [
              7.0410649,
              50.9556512
            ],
            [
              7.0406992,
              50.9556308
            ],
            [
              7.0401368,
              50.9556026
            ],
            [
              7.0399926,
              50.9555954
            ],
            [
              7.0399511,
              50.9555931
            ],
            [
              7.0399498,
              50.9555931
            ],
            [
              7.0397771,
              50.9555837
            ],
            [
              7.0397002,
              50.9555796
            ],
            [
              7.0396883,
              50.955579
            ],
            [
              7.039688,
              50.955579
            ],
            [
              7.0392274,
              50.9555567
            ],
            [
              7.0390651,
              50.9555478
            ],
            [
              7.0389127,
              50.9555408
            ],
            [
              7.0388112,
              50.9555347
            ],
            [
              7.038807,
              50.9555344
            ],
            [
              7.0387953,
              50.9555337
            ],
            [
              7.0388038,
              50.9555233
            ],
            [
              7.0388057,
              50.9555209
            ],
            [
              7.0388128,
              50.9555122
            ],
            [
              7.0388239,
              50.9554986
            ],
            [
              7.0389196,
              50.9553809
            ],
            [
              7.0389774,
              50.9552825
            ],
            [
              7.0389796,
              50.9552787
            ],
            [
              7.0389804,
              50.9552774
            ],
            [
              7.0389816,
              50.9552754
            ],
            [
              7.0389887,
              50.9552638
            ],
            [
              7.0393236,
              50.9547543
            ],
            [
              7.0394804,
              50.9546369
            ],
            [
              7.0398006,
              50.9543972
            ],
            [
              7.0399294,
              50.9542999
            ],
            [
              7.0400634,
              50.9541986
            ],
            [
              7.0400702,
              50.9541934
            ],
            [
              7.040081,
              50.9541852
            ],
            [
              7.0400812,
              50.9541851
            ],
            [
              7.0400814,
              50.954185
            ],
            [
              7.0401086,
              50.9541642
            ],
            [
              7.040239,
              50.9540648
            ],
            [
              7.0403146,
              50.9540384
            ],
            [
              7.0403747,
              50.9540175
            ],
            [
              7.0403749,
              50.9540174
            ],
            [
              7.0403766,
              50.9540169
            ],
            [
              7.0404098,
              50.9540064
            ],
            [
              7.0404315,
              50.9539996
            ],
            [
              7.0404535,
              50.9539926
            ],
            [
              7.0404487,
              50.9539844
            ],
            [
              7.0404378,
              50.9539631
            ],
            [
              7.0404275,
              50.953943
            ],
            [
              7.0404265,
              50.9539316
            ],
            [
              7.0404224,
              50.9538885
            ],
            [
              7.0404224,
              50.9538878
            ],
            [
              7.0404223,
              50.9538872
            ],
            [
              7.0404223,
              50.9538866
            ],
            [
              7.0404223,
              50.9538859
            ],
            [
              7.040415,
              50.9538049
            ],
            [
              7.0404148,
              50.9538017
            ],
            [
              7.040412,
              50.9537708
            ],
            [
              7.0404118,
              50.9537692
            ],
            [
              7.0404109,
              50.9537592
            ],
            [
              7.0404093,
              50.9537488
            ],
            [
              7.0404798,
              50.9537409
            ],
            [
              7.0404813,
              50.9537406
            ],
            [
              7.0405315,
              50.9537291
            ],
            [
              7.0405894,
              50.9537243
            ],
            [
              7.0405921,
              50.9537242
            ],
            [
              7.0406051,
              50.9537236
            ],
            [
              7.0406632,
              50.953721
            ],
            [
              7.0407184,
              50.9537241
            ],
            [
              7.0407185,
              50.953723
            ],
            [
              7.0407193,
              50.9537173
            ],
            [
              7.0407227,
              50.953692
            ],
            [
              7.0407231,
              50.9536892
            ],
            [
              7.0407249,
              50.9536758
            ],
            [
              7.0407254,
              50.9536724
            ],
            [
              7.0407271,
              50.9536588
            ],
            [
              7.0407267,
              50.9536572
            ],
            [
              7.0407265,
              50.9536563
            ],
            [
              7.0407263,
              50.9536555
            ],
            [
              7.0407262,
              50.9536554
            ],
            [
              7.0407139,
              50.9536004
            ],
            [
              7.0407081,
              50.9535747
            ],
            [
              7.0406869,
              50.9534806
            ],
            [
              7.0406103,
              50.9531409
            ],
            [
              7.04061,
              50.9531397
            ],
            [
              7.040608,
              50.9531309
            ],
            [
              7.0405978,
              50.9530855
            ],
            [
              7.0404557,
              50.9530668
            ],
            [
              7.0395249,
              50.9529445
            ],
            [
              7.0387266,
              50.9528396
            ],
            [
              7.0383156,
              50.9527855
            ],
            [
              7.0380613,
              50.9527491
            ],
            [
              7.0377052,
              50.952698
            ],
            [
              7.0372591,
              50.9526341
            ],
            [
              7.037132,
              50.9526158
            ],
            [
              7.0371236,
              50.9526146
            ],
            [
              7.0368895,
              50.9525811
            ],
            [
              7.0366646,
              50.9525488
            ],
            [
              7.0366497,
              50.9525467
            ],
            [
              7.0366398,
              50.9525453
            ],
            [
              7.0364649,
              50.9525202
            ],
            [
              7.0364057,
              50.9525117
            ],
            [
              7.0361304,
              50.9524671
            ],
            [
              7.0354015,
              50.9523487
            ],
            [
              7.0353159,
              50.9523348
            ],
            [
              7.0353155,
              50.9523348
            ],
            [
              7.0353154,
              50.9523348
            ],
            [
              7.0353151,
              50.9523347
            ],
            [
              7.035315,
              50.9523347
            ],
            [
              7.0345635,
              50.9522128
            ],
            [
              7.0321292,
              50.9518176
            ],
            [
              7.0321163,
              50.9518156
            ],
            [
              7.0316772,
              50.9517654
            ],
            [
              7.031664,
              50.9517639
            ],
            [
              7.0310647,
              50.9516955
            ],
            [
              7.0309979,
              50.9516878
            ],
            [
              7.0309848,
              50.9516863
            ],
            [
              7.0302447,
              50.9515685
            ],
            [
              7.0291743,
              50.9513981
            ],
            [
              7.0291617,
              50.9513961
            ],
            [
              7.0286253,
              50.9512974
            ],
            [
              7.0286129,
              50.9512951
            ],
            [
              7.0280436,
              50.9511654
            ],
            [
              7.0279305,
              50.9511397
            ],
            [
              7.0276373,
              50.951042
            ],
            [
              7.0274799,
              50.9510149
            ],
            [
              7.0273627,
              50.9509947
            ],
            [
              7.0273502,
              50.9509926
            ],
            [
              7.0273317,
              50.9509881
            ],
            [
              7.0268596,
              50.9508697
            ],
            [
              7.0268563,
              50.9508689
            ],
            [
              7.0268533,
              50.9508681
            ],
            [
              7.0263256,
              50.9507359
            ],
            [
              7.0256777,
              50.9505523
            ],
            [
              7.0251986,
              50.9504254
            ],
            [
              7.0243285,
              50.950195
            ],
            [
              7.0235857,
              50.9499983
            ],
            [
              7.0231817,
              50.9498702
            ],
            [
              7.0229248,
              50.9497888
            ],
            [
              7.0226332,
              50.949711
            ],
            [
              7.0219243,
              50.9495339
            ],
            [
              7.0195784,
              50.9489482
            ],
            [
              7.019495,
              50.9489273
            ],
            [
              7.0192892,
              50.9488848
            ],
            [
              7.0192737,
              50.9488816
            ],
            [
              7.0189219,
              50.9488088
            ],
            [
              7.0182251,
              50.9486394
            ],
            [
              7.0181806,
              50.9486286
            ],
            [
              7.0172399,
              50.9483999
            ],
            [
              7.0172359,
              50.9483989
            ],
            [
              7.0172341,
              50.9483985
            ],
            [
              7.0172282,
              50.948397
            ],
            [
              7.0166572,
              50.9483222
            ],
            [
              7.0164569,
              50.9483014
            ],
            [
              7.0164183,
              50.9482974
            ],
            [
              7.0162336,
              50.9482796
            ],
            [
              7.0141685,
              50.948081
            ],
            [
              7.0126289,
              50.9479065
            ],
            [
              7.0123132,
              50.9478707
            ],
            [
              7.0123051,
              50.9478698
            ],
            [
              7.012302,
              50.9478694
            ],
            [
              7.0122962,
              50.9478687
            ],
            [
              7.0122939,
              50.9478684
            ],
            [
              7.012292,
              50.9478682
            ],
            [
              7.0122807,
              50.9478669
            ],
            [
              7.0122766,
              50.9478663
            ],
            [
              7.0122712,
              50.9478655
            ],
            [
              7.0122679,
              50.947865
            ],
            [
              7.0122551,
              50.9478633
            ],
            [
              7.012145,
              50.9478589
            ],
            [
              7.0118611,
              50.9478475
            ],
            [
              7.0113504,
              50.9478398
            ],
            [
              7.0113435,
              50.9478398
            ],
            [
              7.0113366,
              50.9478398
            ],
            [
              7.0112957,
              50.9478398
            ],
            [
              7.0112889,
              50.9478397
            ],
            [
              7.0112821,
              50.9478396
            ],
            [
              7.0112525,
              50.9478396
            ],
            [
              7.0112456,
              50.9478396
            ],
            [
              7.0112387,
              50.9478396
            ],
            [
              7.0110969,
              50.9478343
            ],
            [
              7.0106525,
              50.9478477
            ],
            [
              7.0102036,
              50.9478814
            ],
            [
              7.0101896,
              50.9478824
            ],
            [
              7.0101753,
              50.9478833
            ],
            [
              7.00971,
              50.9478654
            ],
            [
              7.0094212,
              50.9478578
            ],
            [
              7.0089017,
              50.9478548
            ],
            [
              7.0086497,
              50.9478396
            ],
            [
              7.0084172,
              50.9478255
            ],
            [
              7.0080448,
              50.94779
            ],
            [
              7.0077453,
              50.9477467
            ],
            [
              7.0069046,
              50.9476007
            ],
            [
              7.0068973,
              50.9475994
            ],
            [
              7.0068783,
              50.9475961
            ],
            [
              7.0068746,
              50.9475955
            ],
            [
              7.0067872,
              50.947583
            ],
            [
              7.0067745,
              50.9475812
            ],
            [
              7.0067127,
              50.9475723
            ],
            [
              7.0067002,
              50.9475705
            ],
            [
              7.0054937,
              50.9473964
            ],
            [
              7.0054808,
              50.9473945
            ],
            [
              7.0051313,
              50.9473663
            ],
            [
              7.0051179,
              50.9473653
            ],
            [
              7.0035905,
              50.9472422
            ],
            [
              7.003577,
              50.9472412
            ],
            [
              7.0029088,
              50.9472058
            ],
            [
              7.0028951,
              50.947205
            ],
            [
              7.0023655,
              50.947177
            ],
            [
              7.0023518,
              50.9471763
            ],
            [
              7.0016708,
              50.9471244
            ],
            [
              7.0016572,
              50.9471234
            ],
            [
              7.0016132,
              50.9471201
            ],
            [
              7.0015997,
              50.947119
            ],
            [
              7.0015974,
              50.9471188
            ],
            [
              7.001592,
              50.9471183
            ],
            [
              7.0015228,
              50.9471126
            ],
            [
              7.0015228,
              50.9471134
            ],
            [
              7.0015219,
              50.9472042
            ],
            [
              7.0015199,
              50.9472636
            ],
            [
              7.0014585,
              50.9479814
            ],
            [
              7.0014494,
              50.9480204
            ],
            [
              7.0014158,
              50.9480538
            ],
            [
              7.0013715,
              50.9480815
            ],
            [
              7.0013709,
              50.9480816
            ],
            [
              7.0013704,
              50.9480817
            ],
            [
              7.0013131,
              50.9480956
            ],
            [
              7.0013121,
              50.9480957
            ],
            [
              7.0010981,
              50.948133
            ],
            [
              7.0010865,
              50.948135
            ],
            [
              7.0009844,
              50.9481528
            ],
            [
              7.0009783,
              50.9481539
            ],
            [
              7.0009773,
              50.9481541
            ],
            [
              7.0008996,
              50.9481699
            ],
            [
              7.0008986,
              50.9481702
            ],
            [
              7.0007428,
              50.948202
            ],
            [
              7.0007269,
              50.9482052
            ],
            [
              7.0007259,
              50.9482055
            ],
            [
              7.0006372,
              50.9482261
            ],
            [
              7.0006362,
              50.9482264
            ],
            [
              7.0004631,
              50.9482665
            ],
            [
              7.0004621,
              50.9482667
            ],
            [
              6.9999801,
              50.9483912
            ],
            [
              6.9999791,
              50.9483915
            ],
            [
              6.9997085,
              50.9484702
            ],
            [
              6.9997075,
              50.9484706
            ],
            [
              6.9992372,
              50.948627
            ],
            [
              6.999089,
              50.9486763
            ],
            [
              6.9990881,
              50.9486767
            ],
            [
              6.9990568,
              50.948691
            ],
            [
              6.9990558,
              50.9486914
            ],
            [
              6.9989306,
              50.9487391
            ],
            [
              6.9989296,
              50.9487395
            ],
            [
              6.9988277,
              50.9487803
            ],
            [
              6.9988219,
              50.9487825
            ],
            [
              6.9988209,
              50.948783
            ],
            [
              6.998775,
              50.9488013
            ],
            [
              6.998774,
              50.9488017
            ],
            [
              6.9987212,
              50.9488221
            ],
            [
              6.9987202,
              50.9488224
            ],
            [
              6.9987082,
              50.9488258
            ],
            [
              6.9986637,
              50.9488385
            ],
            [
              6.9986627,
              50.9488388
            ],
            [
              6.9986616,
              50.9488391
            ],
            [
              6.9986609,
              50.9488393
            ],
            [
              6.9986592,
              50.9488398
            ],
            [
              6.9986213,
              50.9488495
            ],
            [
              6.99862,
              50.9488499
            ],
            [
              6.9986059,
              50.9488535
            ],
            [
              6.9986049,
              50.9488536
            ],
            [
              6.9985455,
              50.9488635
            ],
            [
              6.9985053,
              50.9488684
            ],
            [
              6.9984837,
              50.948871
            ],
            [
              6.9984764,
              50.9488714
            ],
            [
              6.9984762,
              50.9488714
            ],
            [
              6.998472,
              50.9488716
            ],
            [
              6.998432,
              50.9488735
            ],
            [
              6.99843,
              50.9488736
            ],
            [
              6.9984291,
              50.9488736
            ],
            [
              6.9984252,
              50.9488738
            ],
            [
              6.998421,
              50.948874
            ],
            [
              6.9983587,
              50.9488751
            ],
            [
              6.9982772,
              50.9488689
            ],
            [
              6.9982665,
              50.9488681
            ],
            [
              6.9982559,
              50.9488673
            ],
            [
              6.9982552,
              50.9488672
            ],
            [
              6.9982015,
              50.9488631
            ],
            [
              6.9980362,
              50.9488505
            ],
            [
              6.9979693,
              50.9488497
            ],
            [
              6.9979685,
              50.9488497
            ],
            [
              6.9978878,
              50.9488487
            ],
            [
              6.9978868,
              50.9488487
            ],
            [
              6.9978727,
              50.9488486
            ],
            [
              6.9977193,
              50.9488467
            ],
            [
              6.9976926,
              50.9488494
            ],
            [
              6.9976907,
              50.9488496
            ],
            [
              6.9976892,
              50.9488497
            ],
            [
              6.9976883,
              50.9488498
            ],
            [
              6.9976871,
              50.9488499
            ],
            [
              6.997686,
              50.94885
            ],
            [
              6.9976377,
              50.9488549
            ],
            [
              6.9974067,
              50.9488785
            ],
            [
              6.9971568,
              50.9489138
            ],
            [
              6.9971154,
              50.9489196
            ],
            [
              6.9969757,
              50.9489394
            ],
            [
              6.9968851,
              50.9489522
            ],
            [
              6.996864,
              50.9489552
            ],
            [
              6.9968631,
              50.9489554
            ],
            [
              6.9967509,
              50.9489798
            ],
            [
              6.9959065,
              50.949163
            ],
            [
              6.9957269,
              50.9491865
            ],
            [
              6.9957158,
              50.949188
            ],
            [
              6.9955916,
              50.9492043
            ],
            [
              6.9955621,
              50.949206
            ],
            [
              6.995553,
              50.9492066
            ],
            [
              6.9955513,
              50.9492066
            ],
            [
              6.9955338,
              50.9492061
            ],
            [
              6.9955147,
              50.9492046
            ],
            [
              6.9954959,
              50.9492019
            ],
            [
              6.995495,
              50.9492018
            ],
            [
              6.9954776,
              50.9491983
            ],
            [
              6.9954698,
              50.9491963
            ],
            [
              6.9954611,
              50.949194
            ],
            [
              6.9954598,
              50.9491937
            ],
            [
              6.9954479,
              50.9491897
            ],
            [
              6.9954244,
              50.9491811
            ],
            [
              6.9953745,
              50.9491541
            ],
            [
              6.9953452,
              50.9491167
            ],
            [
              6.9952595,
              50.949013
            ],
            [
              6.9951884,
              50.9489182
            ],
            [
              6.9950132,
              50.9486844
            ],
            [
              6.9950128,
              50.9486839
            ],
            [
              6.9943939,
              50.9478582
            ],
            [
              6.9943295,
              50.9477722
            ],
            [
              6.9938796,
              50.947194
            ],
            [
              6.9936112,
              50.9468489
            ],
            [
              6.9934776,
              50.9467208
            ],
            [
              6.993307,
              50.946526
            ],
            [
              6.9932238,
              50.9464481
            ],
            [
              6.9930043,
              50.9462485
            ],
            [
              6.9927387,
              50.9459626
            ],
            [
              6.9925049,
              50.9457561
            ],
            [
              6.9924246,
              50.945675
            ],
            [
              6.9921916,
              50.9454397
            ],
            [
              6.9921797,
              50.9454276
            ],
            [
              6.992179,
              50.945427
            ],
            [
              6.9924775,
              50.945469
            ],
            [
              6.992658,
              50.9454979
            ],
            [
              6.9927168,
              50.9455073
            ],
            [
              6.9930599,
              50.9455711
            ],
            [
              6.9938299,
              50.9457411
            ],
            [
              6.9942689,
              50.9458484
            ],
            [
              6.9947771,
              50.9459921
            ],
            [
              6.9947671,
              50.9459679
            ],
            [
              6.994704,
              50.9458152
            ],
            [
              6.9947035,
              50.945814
            ],
            [
              6.9946897,
              50.9457805
            ],
            [
              6.9946681,
              50.9457284
            ],
            [
              6.9945806,
              50.9455168
            ],
            [
              6.9943037,
              50.944846
            ],
            [
              6.9941793,
              50.9445512
            ],
            [
              6.9941575,
              50.9444991
            ],
            [
              6.9937292,
              50.9433751
            ],
            [
              6.9936343,
              50.9431845
            ],
            [
              6.9935422,
              50.9430374
            ],
            [
              6.9934199,
              50.9428728
            ],
            [
              6.993284,
              50.9427179
            ],
            [
              6.9925179,
              50.9420154
            ],
            [
              6.9921052,
              50.9416674
            ],
            [
              6.991833,
              50.9414377
            ],
            [
              6.9912044,
              50.9410047
            ],
            [
              6.9905763,
              50.9406317
            ],
            [
              6.9896518,
              50.9401624
            ],
            [
              6.9887991,
              50.939862
            ],
            [
              6.9885952,
              50.9398067
            ],
            [
              6.9883859,
              50.9397599
            ],
            [
              6.9879586,
              50.9396842
            ],
            [
              6.987949,
              50.9396302
            ],
            [
              6.9879287,
              50.9395175
            ],
            [
              6.9882273,
              50.9394491
            ],
            [
              6.9886748,
              50.9393174
            ],
            [
              6.9892838,
              50.9391144
            ],
            [
              6.9899177,
              50.9388575
            ],
            [
              6.9900386,
              50.9387847
            ],
            [
              6.9901131,
              50.9387399
            ],
            [
              6.9903657,
              50.9386334
            ],
            [
              6.9905726,
              50.9386698
            ],
            [
              6.9912747,
              50.9383693
            ],
            [
              6.9916446,
              50.9382124
            ],
            [
              6.9922454,
              50.9379528
            ],
            [
              6.9936714,
              50.9373409
            ],
            [
              6.9936978,
              50.937316
            ],
            [
              6.9937894,
              50.9372301
            ],
            [
              6.993908,
              50.9371787
            ],
            [
              6.9939899,
              50.9371432
            ],
            [
              6.9940417,
              50.9371208
            ],
            [
              6.9935984,
              50.9370788
            ],
            [
              6.9934081,
              50.9370607
            ],
            [
              6.9933556,
              50.9370198
            ],
            [
              6.9933154,
              50.9369885
            ],
            [
              6.9931315,
              50.9368451
            ],
            [
              6.9929753,
              50.936683
            ],
            [
              6.9927934,
              50.9363651
            ],
            [
              6.9926381,
              50.9358236
            ],
            [
              6.9926044,
              50.9357063
            ],
            [
              6.9925824,
              50.9356404
            ],
            [
              6.9923986,
              50.9350909
            ],
            [
              6.992145,
              50.9345357
            ],
            [
              6.9918658,
              50.9341683
            ],
            [
              6.9913706,
              50.933615
            ],
            [
              6.9909854,
              50.9332459
            ],
            [
              6.9898046,
              50.9322465
            ],
            [
              6.9897107,
              50.9321204
            ],
            [
              6.9896822,
              50.9319843
            ],
            [
              6.9896982,
              50.9319375
            ],
            [
              6.9897352,
              50.9318009
            ],
            [
              6.9896051,
              50.9316817
            ],
            [
              6.9872578,
              50.9295189
            ],
            [
              6.9872284,
              50.9294739
            ],
            [
              6.9872463,
              50.9293957
            ],
            [
              6.9872557,
              50.9293844
            ],
            [
              6.9869567,
              50.9290941
            ]
          ]
        ]
      }
    },
    {
      "type": "Feature",
      "properties": {
        "name": "Mülheim",
        "slug": "muelheim",
        "osm_relation": 2613802,
        "in": {
          "en": "in Mülheim",
          "de": "in Mülheim"
        }
      },
      "geometry": {
        "type": "MultiPolygon",
        "coordinates": [
          [
            [
              [
                6.962791,
                50.996348
              ],
              [
                6.963173,
                50.995281
              ],
              [
                6.963646,
                50.994291
              ],
              [
                6.964662,
                50.992702
              ],
              [
                6.966293,
                50.99089
              ],
              [
                6.967373,
                50.989958
              ],
              [
                6.968551,
                50.989078
              ],
              [
                6.971556,
                50.987381
              ],
              [
                6.973596,
                50.986568
              ],
              [
                6.989777,
                50.981455
              ],
              [
                6.990987,
                50.981016
              ],
              [
                6.993033,
                50.980066
              ],
              [
                6.994922,
                50.978843
              ],
              [
                6.99626,
                50.977717
              ],
              [
                6.997595,
                50.976121
              ],
              [
                6.998431,
                50.974592
              ],
              [
                6.998839,
                50.97332
              ],
              [
                6.999025,
                50.971998
              ],
              [
                6.998969,
                50.97099
              ],
              [
                6.998764,
                50.969796
              ],
              [
                6.997789,
                50.967648
              ],
              [
                6.996636,
                50.965913
              ],
              [
                6.995231,
                50.964282
              ],
              [
                6.993794,
                50.962919
              ],
              [
                6.992578,
                50.961955
              ],
              [
                6.990823,
                50.960828
              ],
              [
                6.988331,
                50.9596
              ],
              [
                6.979369,
                50.956417
              ],
              [
                6.977727,
                50.95575
              ],
              [
                6.975555,
                50.954652
              ],
              [
                6.978132,
                50.952856
              ],
              [
                6.982841,
                50.949808
              ],
              [
                6.980719,
                50.949042
              ],
              [
                6.978495,
                50.947275
              ],
              [
                6.978162,
                50.946927
              ],
              [
                6.983453,
                50.94496
              ],
              [
                6.985603,
                50.947417
              ],
              [
                6.986531,
                50.947159
              ],
              [
                6.987827,
                50.947125
              ],
              [
                6.988842,
                50.946698
              ],
              [
                6.989518,
                50.946513
              ],
              [
                6.989843,
                50.94652
              ],
              [
                6.992722,
                50.948161
              ],
              [
                6.993874,
                50.94897
              ],
              [
                6.994273,
                50.949388
              ],
              [
                6.994701,
                50.949583
              ],
              [
                6.995611,
                50.949379
              ],
              [
                6.99546,
                50.949194
              ],
              [
                6.997407,
                50.948878
              ],
              [
                6.998605,
                50.948854
              ],
              [
                6.999979,
                50.948391
              ],
              [
                7.001372,
                50.948082
              ],
              [
                7.001459,
                50.947981
              ],
              [
                7.001523,
                50.947113
              ],
              [
                7.005494,
                50.947396
              ],
              [
                7.008417,
                50.947826
              ],
              [
                7.012255,
                50.947863
              ],
              [
                7.017228,
                50.948397
              ],
              [
                7.022633,
                50.949711
              ],
              [
                7.028613,
                50.951295
              ],
              [
                7.036406,
                50.952512
              ],
              [
                7.040598,
                50.953086
              ],
              [
                7.040718,
                50.953724
              ],
              [
                7.040409,
                50.953749
              ],
              [
                7.040453,
                50.953993
              ],
              [
                7.040239,
                50.954065
              ],
              [
                7.039324,
                50.954754
              ],
              [
                7.038795,
                50.955534
              ],
              [
                7.041065,
                50.955651
              ],
              [
                7.040708,
                50.956015
              ],
              [
                7.041714,
                50.956341
              ],
              [
                7.044064,
                50.956763
              ],
              [
                7.045193,
                50.956719
              ],
              [
                7.044945,
                50.957538
              ],
              [
                7.045104,
                50.9576
              ],
              [
                7.045214,
                50.957299
              ],
              [
                7.047105,
                50.957504
              ],
              [
                7.048705,
                50.957997
              ],
              [
                7.048378,
                50.958366
              ],
              [
                7.050068,
                50.959046
              ],
              [
                7.049449,
                50.959544
              ],
              [
                7.056408,
                50.961808
              ],
              [
                7.058022,
                50.96042
              ],
              [
                7.058331,
                50.960308
              ],
              [
                7.058451,
                50.959812
              ],
              [
                7.05909,
                50.959994
              ],
              [
                7.060536,
                50.961559
              ],
              [
                7.061304,
                50.962035
              ],
              [
                7.061712,
                50.962126
              ],
              [
                7.062053,
                50.961654
              ],
              [
                7.062412,
                50.960898
              ],
              [
                7.062714,
                50.959983
              ],
              [
                7.063922,
                50.958422
              ],
              [
                7.064158,
                50.958237
              ],
              [
                7.064932,
                50.959087
              ],
              [
                7.068118,
                50.96029
              ],
              [
                7.068364,
                50.960444
              ],
              [
                7.068506,
                50.960328
              ],
              [
                7.069641,
                50.957239
              ],
              [
                7.071379,
                50.95388
              ],
              [
                7.072929,
                50.954243
              ],
              [
                7.073694,
                50.954677
              ],
              [
                7.07608,
                50.955155
              ],
              [
                7.076284,
                50.955316
              ],
              [
                7.076331,
                50.95552
              ],
              [
                7.076083,
                50.955976
              ],
              [
                7.079639,
                50.957312
              ],
              [
                7.080445,
                50.956475
              ],
              [
                7.081516,
                50.956853
              ],
              [
                7.085985,
                50.957926
              ],
              [
                7.086612,
                50.958415
              ],
              [
                7.086751,
                50.958334
              ],
              [
                7.087636,
                50.958753
              ],
              [
                7.087333,
                50.959318
              ],
              [
                7.089594,
                50.959728
              ],
              [
                7.091891,
                50.960521
              ],
              [
                7.091462,
                50.960978
              ],
              [
                7.092284,
                50.961344
              ],
              [
                7.092057,
                50.961635
              ],
              [
                7.092804,
                50.961929
              ],
              [
                7.094835,
                50.963252
              ],
              [
                7.096616,
                50.963936
              ],
              [
                7.097638,
                50.96382
              ],
              [
                7.098718,
                50.96499
              ],
              [
                7.101134,
                50.967959
              ],
              [
                7.100976,
                50.970042
              ],
              [
                7.100665,
                50.971307
              ],
              [
                7.100511,
                50.971378
              ],
              [
                7.0997,
                50.97295
              ],
              [
                7.099148,
                50.972647
              ],
              [
                7.098531,
                50.973354
              ],
              [
                7.098483,
                50.973508
              ],
              [
                7.097028,
                50.975038
              ],
              [
                7.096411,
                50.974748
              ],
              [
                7.096179,
                50.97484
              ],
              [
                7.096069,
                50.975001
              ],
              [
                7.096496,
                50.975133
              ],
              [
                7.096365,
                50.975436
              ],
              [
                7.096373,
                50.975858
              ],
              [
                7.095824,
                50.976202
              ],
              [
                7.095879,
                50.976777
              ],
              [
                7.096077,
                50.977452
              ],
              [
                7.096506,
                50.97851
              ],
              [
                7.096745,
                50.978847
              ],
              [
                7.097544,
                50.979405
              ],
              [
                7.098283,
                50.979765
              ],
              [
                7.099,
                50.979983
              ],
              [
                7.098905,
                50.979973
              ],
              [
                7.100062,
                50.980982
              ],
              [
                7.099583,
                50.981566
              ],
              [
                7.099246,
                50.981604
              ],
              [
                7.098151,
                50.981354
              ],
              [
                7.096639,
                50.981352
              ],
              [
                7.096616,
                50.981497
              ],
              [
                7.095977,
                50.982061
              ],
              [
                7.094575,
                50.982302
              ],
              [
                7.09379,
                50.982535
              ],
              [
                7.095792,
                50.98277
              ],
              [
                7.096066,
                50.983646
              ],
              [
                7.096948,
                50.984299
              ],
              [
                7.096839,
                50.984925
              ],
              [
                7.096321,
                50.98498
              ],
              [
                7.096241,
                50.985532
              ],
              [
                7.094309,
                50.985517
              ],
              [
                7.093864,
                50.98587
              ],
              [
                7.092302,
                50.985869
              ],
              [
                7.091457,
                50.986268
              ],
              [
                7.089561,
                50.98643
              ],
              [
                7.087935,
                50.985655
              ],
              [
                7.087883,
                50.985855
              ],
              [
                7.088022,
                50.987927
              ],
              [
                7.084131,
                50.987777
              ],
              [
                7.081398,
                50.988646
              ],
              [
                7.078818,
                50.988738
              ],
              [
                7.075185,
                50.989201
              ],
              [
                7.069036,
                50.989484
              ],
              [
                7.069612,
                50.990418
              ],
              [
                7.069767,
                50.99084
              ],
              [
                7.069822,
                50.991336
              ],
              [
                7.069624,
                50.991635
              ],
              [
                7.068989,
                50.991528
              ],
              [
                7.068526,
                50.992433
              ],
              [
                7.068146,
                50.992801
              ],
              [
                7.067582,
                50.993575
              ],
              [
                7.067317,
                50.993695
              ],
              [
                7.066769,
                50.993594
              ],
              [
                7.067285,
                50.994482
              ],
              [
                7.068448,
                50.995784
              ],
              [
                7.070144,
                50.997188
              ],
              [
                7.072567,
                50.999599
              ],
              [
                7.073447,
                51.000083
              ],
              [
                7.074287,
                51.000382
              ],
              [
                7.075519,
                51.001052
              ],
              [
                7.076058,
                51.001992
              ],
              [
                7.071114,
                51.005293
              ],
              [
                7.061786,
                51.013331
              ],
              [
                7.065457,
                51.014932
              ],
              [
                7.068883,
                51.017099
              ],
              [
                7.068442,
                51.017425
              ],
              [
                7.068019,
                51.01807
              ],
              [
                7.068384,
                51.01835
              ],
              [
                7.067399,
                51.018709
              ],
              [
                7.062824,
                51.019061
              ],
              [
                7.061053,
                51.018843
              ],
              [
                7.058652,
                51.01773
              ],
              [
                7.057713,
                51.018967
              ],
              [
                7.055985,
                51.018707
              ],
              [
                7.055122,
                51.018684
              ],
              [
                7.053778,
                51.018916
              ],
              [
                7.050555,
                51.019172
              ],
              [
                7.043061,
                51.019295
              ],
              [
                7.042882,
                51.01986
              ],
              [
                7.041412,
                51.021116
              ],
              [
                7.038643,
                51.01978
              ],
              [
                7.036429,
                51.018282
              ],
              [
                7.025484,
                51.017722
              ],
              [
                7.0246,
                51.017196
              ],
              [
                7.021684,
                51.016005
              ],
              [
                7.021146,
                51.016447
              ],
              [
                7.019758,
                51.017853
              ],
              [
                7.01548,
                51.017414
              ],
              [
                7.015496,
                51.017532
              ],
              [
                7.015152,
                51.018348
              ],
              [
                7.014475,
                51.019009
              ],
              [
                7.014207,
                51.019568
              ],
              [
                7.013683,
                51.019808
              ],
              [
                7.012673,
                51.019878
              ],
              [
                7.012407,
                51.020193
              ],
              [
                7.012003,
                51.020456
              ],
              [
                7.011782,
                51.021916
              ],
              [
                7.013054,
                51.021802
              ],
              [
                7.013037,
                51.021944
              ],
              [
                7.013232,
                51.022075
              ],
              [
                7.013486,
                51.022002
              ],
              [
                7.013779,
                51.022332
              ],
              [
                7.00926,
                51.022612
              ],
              [
                7.008691,
                51.021405
              ],
              [
                7.008521,
                51.020633
              ],
              [
                7.007146,
                51.020639
              ],
              [
                7.004985,
                51.019873
              ],
              [
                7.004421,
                51.019734
              ],
              [
                7.003743,
                51.019712
              ],
              [
                7.002702,
                51.019475
              ],
              [
                7.002907,
                51.019034
              ],
              [
                6.995355,
                51.016418
              ],
              [
                6.995295,
                51.016148
              ],
              [
                6.995499,
                51.016042
              ],
              [
                6.996607,
                51.015945
              ],
              [
                6.996862,
                51.014383
              ],
              [
                6.997059,
                51.014092
              ],
              [
                6.995712,
                51.013987
              ],
              [
                6.996362,
                51.011805
              ],
              [
                6.994714,
                51.011848
              ],
              [
                6.992675,
                51.012185
              ],
              [
                6.990188,
                51.011982
              ],
              [
                6.988206,
                51.012401
              ],
              [
                6.986511,
                51.012186
              ],
              [
                6.98507,
                51.011472
              ],
              [
                6.985018,
                51.01148
              ],
              [
                6.985166,
                51.011772
              ],
              [
                6.982898,
                51.012133
              ],
              [
                6.981993,
                51.012004
              ],
              [
                6.981822,
                51.012347
              ],
              [
                6.979478,
                51.011482
              ],
              [
                6.979344,
                51.011749
              ],
              [
                6.978599,
                51.011473
              ],
              [
                6.977847,
                51.011328
              ],
              [
                6.975515,
                51.011125
              ],
              [
                6.975554,
                51.013012
              ],
              [
                6.971868,
                51.014166
              ],
              [
                6.965039,
                51.00588
              ],
              [
                6.964214,
                51.004751
              ],
              [
                6.9635,
                51.003518
              ],
              [
                6.963083,
                51.00258
              ],
              [
                6.962675,
                51.001369
              ],
              [
                6.96247,
                51.000161
              ],
              [
                6.962384,
                50.999136
              ],
              [
                6.962448,
                50.998112
              ],
              [
                6.962577,
                50.997182
              ],
              [
                6.962791,
                50.996348
              ]
            ]
          ]
        ]
      }
    }
  ]
}
