category,name,google_maps_url,google_rating,google_rating_count,address,phone,website,opening_hours,observed_at,notes
VET_CLINIC,Gulf Coast Veterinary Specialists (GCVS),https://www.google.com/maps/place/Gulf+Coast+Veterinary+Specialists+%28GCVS%29/data=!4m7!3m6!1s0x8640c1378ea445f3:0x983ab74f2296bd4a!8m2!3d29.785343!4d-95.4815496!16s%2Fg%2F1tfp_6l4!19sChIJ80WkjjfBQIYRSr2WIk-3Opg?authuser=0&hl=en&g_ep=EgoyMDI2MTAwNy4wIJJjKgBIAVAD&rclk=1,4.2,2740,"8042 Katy Fwy, Houston, TX 77024",+1 713-693-1111,https://www.gcvs.com/locations/houston?y_source=1_MjkzNDQyODMtNzE1LWxvY2F0aW9uLndlYnNpdGU%3D,mo 24h; tu 24h; we 24h; th 24h; fr 24h; sa 24h; su 24h,2026-10-10,
VET_CLINIC,The KAAWS Clinic,https://www.google.com/maps/place/The+KAAWS+Clinic/data=!4m7!3m6!1s0x8640d71458076fb9:0xc7728bb88bc799c3!8m2!3d29.8783322!4d-95.6700864!16s%2Fg%2F1tdfj1r8!19sChIJuW8HWBTXQIYRw5nHi7iLcsc?authuser=0&hl=en&g_ep=EgoyMDI2MTAwNy4wIJJjKgBIAVAD&rclk=1,4.6,2396,"17259 FM 529, Houston, TX 77095",+1 281-200-2325,https://www.kaawsclinic.com/?utm_source=gmb&utm_medium=organic&y_source=1_MjI0OTQ5NDMtNzE1LWxvY2F0aW9uLndlYnNpdGU%3D,mo 07:00-18:00; tu 09:00-18:00; we 07:00-18:00; th 07:00-18:00; fr 07:00-18:00; sa 08:00-13:00; su closed,2026-10-10,
VET_CLINIC,Emancipet,https://www.google.com/maps/place/Emancipet/data=!4m7!3m6!1s0x8640bebfd377fb23:0x5e7286da59d12d14!8m2!3d29.7301231!4d-95.3106931!16s%2Fg%2F11cjn0f9dc!19sChIJI_t307--QIYRFC3RWdqGcl4?authuser=0&hl=en&g_ep=EgoyMDI2MTAwNy4wIJJjKgBIAVAD&rclk=1,4.7,2131,"910 S Wayside Dr #100, Houston, TX 77023",+1 713-321-2713,http://emancipet.org/houston/,mo closed; tu 10:00-18:00; we 10:00-18:00; th 10:00-18:00; fr 10:00-18:00; sa 10:00-18:00; su closed,2026-10-10,
VET_CLINIC,Sunset Animal Hospital,https://www.google.com/maps/place/Sunset+Animal+Hospital/data=!4m7!3m6!1s0x8640c05f0eab3b5b:0x4200a407ce60a561!8m2!3d29.7295512!4d-95.4254967!16s%2Fg%2F1tf3p8k8!19sChIJWzurDl_AQIYRYaVgzgekAEI?authuser=0&hl=en&g_ep=EgoyMDI2MTAwNy4wIJJjKgBIAVAD&rclk=1,4.0,2082,"2959 Southwest Fwy, Houston, TX 77098",+1 713-526-5881,http://sunsetanytime.com/,mo 24h; tu 24h; we 24h; th 24h; fr 24h; sa 24h; su 24h,2026-10-10,
VET_CLINIC,Alief Animal Hospital,https://www.google.com/maps/place/Alief+Animal+Hospital/data=!4m7!3m6!1s0x8640dd1473b61a2d:0x1cb4e3e3037e34e1!8m2!3d29.6991378!4d-95.5873319!16s%2Fg%2F1thmlcpg!19sChIJLRq2cxTdQIYR4TR-A-PjtBw?authuser=0&hl=en&g_ep=EgoyMDI2MTAwNy4wIJJjKgBIAVAD&rclk=1,4.1,1905,"7311 S Kirkwood Rd, Houston, TX 77072",+1 281-498-6702,http://aliefanimalhospital.com/,mo 07:00-20:00; tu 07:00-20:00; we 07:00-20:00; th 07:00-20:00; fr 07:00-20:00; sa 08:00-16:00; su 09:00-16:00,2026-10-10,
VET_CLINIC,Affordable Pet Clinic,https://www.google.com/maps/place/Affordable+Pet+Clinic/data=!4m7!3m6!1s0x8640b763eb78beab:0xa74401ddb76e6501!8m2!3d29.8703227!4d-95.3377176!16s%2Fg%2F1tt1hlp5!19sChIJq75462O3QIYRAWVut90BRKc?authuser=0&hl=en&g_ep=EgoyMDI2MTAwNy4wIJJjKgBIAVAD&rclk=1,4.2,1895,"3004 Little York Rd, Houston, TX 77093",+1 713-692-5100,http://affordablepetclinic.net/,mo 08:00-17:30; tu 08:00-17:30; we 08:00-17:30; th 08:00-17:30; fr 08:00-17:30; sa 08:00-12:30; su closed,2026-10-10,
VET_CLINIC,SNAP Spay-Neuter & Animal Wellness Clinic,https://www.google.com/maps/place/SNAP+Spay-Neuter+%26+Animal+Wellness+Clinic/data=!4m7!3m6!1s0x8640c74bd8915e09:0xc4a44d2a5d8f6377!8m2!3d29.77652!4d-95.4115135!16s%2Fg%2F1td25v3b!19sChIJCV6R2EvHQIYRd2OPXSpNpMQ?authuser=0&hl=en&g_ep=EgoyMDI2MTAwNy4wIJJjKgBIAVAD&rclk=1,4.6,1824,"1801 Durham Dr #1A, Houston, TX 77007",+1 713-862-8001,http://www.snapus.org/,mo 09:00-17:00; tu 09:00-17:00; we 09:00-17:00; th 09:00-17:00; fr 09:00-17:00; sa closed; su closed,2026-10-10,
VET_CLINIC,North Loop Pet Clinic,https://www.google.com/maps/place/North+Loop+Pet+Clinic/data=!4m7!3m6!1s0x8640b8f4658fd7d5:0xd860d28c9535b235!8m2!3d29.8144245!4d-95.366544!16s%2Fg%2F1tj33hzz!19sChIJ1dePZfS4QIYRNbI1lYzSYNg?authuser=0&hl=en&g_ep=EgoyMDI2MTAwNy4wIJJjKgBIAVAD&rclk=1,4.5,1715,"407 N Loop E Fwy, Houston, TX 77022",+1 713-697-7387,http://northlooppetclinic.com/,mo 08:00-16:00; tu 08:00-16:00; we 08:00-16:00; th 08:00-16:00; fr 08:00-16:00; sa 08:00-16:00; su closed,2026-10-10,
VET_CLINIC,Long Drive Dog & Cat Hospital,https://www.google.com/maps/place/Long+Drive+Dog+%26+Cat+Hospital/data=!4m7!3m6!1s0x8640bdf64d831c39:0xf7eee3e41499dadc!8m2!3d29.6855034!4d-95.2974679!16s%2Fg%2F1tx1tkvd!19sChIJORyDTfa9QIYR3NqZFOTj7vc?authuser=0&hl=en&g_ep=EgoyMDI2MTAwNy4wIJJjKgBIAVAD&rclk=1,4.5,1576,"7327 Long Dr, Houston, TX 77087",+1 713-643-0633,http://longdrivedogcat.com/,mo 07:00-18:00; tu 07:00-18:00; we 07:00-18:00; th 07:00-18:00; fr 07:00-18:00; sa closed; su closed,2026-10-10,
VET_CLINIC,North Line Low Cost - Affordable Pet Clinic Tidwell,https://www.google.com/maps/place/North+Line+Low+Cost+-+Affordable+Pet+Clinic+Tidwell/data=!4m7!3m6!1s0x8640b813bfc72127:0xe9c54affdc632521!8m2!3d29.845879!4d-95.3793656!16s%2Fg%2F1z44b53f_!19sChIJJyHHvxO4QIYRISVj3P9Kxek?authuser=0&hl=en&g_ep=EgoyMDI2MTAwNy4wIJJjKgBIAVAD&rclk=1,4.4,1504,"51 Tidwell Rd, Houston, TX 77022",+1 713-697-3297,http://northlinevet.com/,mo 08:00-17:30; tu 08:00-17:30; we 08:00-17:30; th 08:00-17:30; fr 08:00-17:30; sa 08:00-12:00; su closed,2026-10-10,
VET_CLINIC,Petcare Express,https://www.google.com/maps/place/Petcare+Express/data=!4m7!3m6!1s0x8640c041bcee7bcd:0x11f6369b24bea440!8m2!3d29.7057855!4d-95.4167415!16s%2Fg%2F1tzvwypd!19sChIJzXvuvEHAQIYRQKS-JJs29hE?authuser=0&hl=en&g_ep=EgoyMDI2MTAwNy4wIJJjKgBIAVAD&rclk=1,4.4,1419,"2501 W Holcombe Blvd B, Houston, TX 77030",+1 713-592-9977,http://www.petcareexpress.net/,mo 10:00-19:00; tu 10:00-19:00; we 10:00-19:00; th 10:00-19:00; fr 10:00-18:00; sa closed; su closed,2026-10-10,
VET_CLINIC,North Channel Animal Hospital,https://www.google.com/maps/place/North+Channel+Animal+Hospital/data=!4m7!3m6!1s0x8640a4f47fdd0f69:0x62afd6cbad9ac4ee!8m2!3d29.8066828!4d-95.168431!16s%2Fg%2F1tf3bxz5!19sChIJaQ_df_SkQIYR7sSarcvWr2I?authuser=0&hl=en&g_ep=EgoyMDI2MTAwNy4wIJJjKgBIAVAD&rclk=1,4.7,1332,"15242 Wallisville Rd Ste A, Houston, TX 77049",+1 713-451-4206,https://www.northchannelanimalhospital.com/?utm_source=gmb&utm_medium=organic&y_source=1_MTE2Njg2NjQtNzE1LWxvY2F0aW9uLndlYnNpdGU%3D,mo 07:30-18:00; tu 07:30-18:00; we 07:30-18:00; th 07:30-18:00; fr 07:30-18:00; sa 07:30-12:00; su closed,2026-10-10,
VET_CLINIC,Gulfgate Animal Hospital.,https://www.google.com/maps/place/Gulfgate+Animal+Hospital./data=!4m7!3m6!1s0x8640bde8b0b10997:0xcd2024b3c39466bf!8m2!3d29.701259!4d-95.2988481!16s%2Fg%2F1tfhgsx3!19sChIJlwmxsOi9QIYRv2aUw7MkIM0?authuser=0&hl=en&g_ep=EgoyMDI2MTAwNy4wIJJjKgBIAVAD&rclk=1,4.3,1199,"216 Winkler Dr, Houston, TX 77087",+1 713-643-5723,http://www.gulfgateanimalhospital.com/,mo 08:00-18:00; tu 08:00-18:00; we 08:00-18:00; th 08:00-18:00; fr 08:00-18:00; sa 08:00-14:00; su closed,2026-10-10,
VET_CLINIC,Petcare Express,https://www.google.com/maps/place/Petcare+Express/data=!4m7!3m6!1s0x8640c5de94e97bb7:0xeebd63b5e7b485f9!8m2!3d29.8333627!4d-95.4818072!16s%2Fg%2F11f2643w6r!19sChIJt3vplN7FQIYR-YW057Vjve4?authuser=0&hl=en&g_ep=EgoyMDI2MTAwNy4wIJJjKgBIAVAD&rclk=1,4.5,1188,"6220 W 43rd St, Houston, TX 77092",+1 832-649-3179,http://petcareexpress.net/,mo 10:00-19:00; tu 10:00-19:00; we 10:00-19:00; th 10:00-19:00; fr 10:00-18:00; sa closed; su closed,2026-10-10,
VET_CLINIC,Garza Veterinary Clinic,https://www.google.com/maps/place/Garza+Veterinary+Clinic/data=!4m7!3m6!1s0x8640c80dabf164d3:0x10e22d1981d99eba!8m2!3d29.8723392!4d-95.4119884!16s%2Fg%2F1hc5c7vs1!19sChIJ02Txqw3IQIYRup7ZgRkt4hA?authuser=0&hl=en&g_ep=EgoyMDI2MTAwNy4wIJJjKgBIAVAD&rclk=1,4.4,1018,"7702 N Shepherd Dr, Houston, TX 77088",+1 281-445-3647,http://www.garzavetclinic.net/,,2026-10-10,hours: none (not published on Maps)
VET_CLINIC,Aldine Mail Route Animal Hospital,https://www.google.com/maps/place/Aldine+Mail+Route+Animal+Hospital/data=!4m7!3m6!1s0x8640b71af171adb3:0x49e81baec5e9a701!8m2!3d29.902875!4d-95.339516!16s%2Fg%2F1tgc04j6!19sChIJs61x8Rq3QIYRAafpxa4b6Ek?authuser=0&hl=en&g_ep=EgoyMDI2MTAwNy4wIJJjKgBIAVAD&rclk=1,4.5,986,"3409 Aldine Mail Rte Rd, Houston, TX 77039",+1 281-442-0290,http://aldinemailrouteanimalhospital.com/,mo 08:00-18:30; tu 08:00-18:30; we 08:00-18:30; th 08:00-18:30; fr 08:00-18:30; sa 08:00-17:30; su closed,2026-10-10,
VET_CLINIC,Vergi 24/7,https://www.google.com/maps/place/Vergi+24%2F7/data=!4m7!3m6!1s0x8640c46f50d459bd:0x40d5b4ac46886b46!8m2!3d29.7832197!4d-95.5069327!16s%2Fg%2F1tdp9_m4!19sChIJvVnUUG_EQIYRRmuIRqy01UA?authuser=0&hl=en&g_ep=EgoyMDI2MTAwNy4wIJJjKgBIAVAD&rclk=1,4.0,971,"8800 Katy Fwy Suite 107, Houston, TX 77024",+1 713-932-9589,http://www.vergi247.com/,mo 24h; tu 24h; we 24h; th 24h; fr 24h; sa 24h; su 24h,2026-10-10,
VET_CLINIC,Houston Humane Society Veterinary Clinic,https://www.google.com/maps/place/Houston+Humane+Society+Veterinary+Clinic/data=!4m7!3m6!1s0x8640eb7c7391c9d1:0xd3ce4e3d8b3c9a00!8m2!3d29.6138842!4d-95.423509!16s%2Fg%2F11dyzh3n8f!19sChIJ0cmRc3zrQIYRAJo8iz1OztM?authuser=0&hl=en&g_ep=EgoyMDI2MTAwNy4wIJJjKgBIAVAD&rclk=1,4.5,968,"3100 W Fuqua St, Houston, TX 77045",+1 713-433-6421,https://www.houstonhumane.org/clinic,mo 09:00-16:00; tu 09:00-16:00; we 09:00-16:00; th 09:00-16:00; fr 09:00-16:00; sa 09:00-16:00; su closed,2026-10-10,
VET_CLINIC,Westbury Animal Hospital,https://www.google.com/maps/place/Westbury+Animal+Hospital/data=!4m7!3m6!1s0x8640ea17185e6135:0xb722500182ab569a!8m2!3d29.6577855!4d-95.4651412!16s%2Fg%2F1tgc9x9d!19sChIJNWFeGBfqQIYRmlarggFQIrc?authuser=0&hl=en&g_ep=EgoyMDI2MTAwNy4wIJJjKgBIAVAD&rclk=1,4.3,915,"4917 S Willow Dr, Houston, TX 77035",+1 713-723-3666,http://www.westburyvets.com/,mo 24h; tu 24h; we 24h; th 24h; fr 24h; sa 24h; su 24h,2026-10-10,
VET_CLINIC,Northpark Animal Hospital,https://www.google.com/maps/place/Northpark+Animal+Hospital/data=!4m7!3m6!1s0x864752c555fd91f5:0x19c7daf5e304da68!8m2!3d30.0676554!4d-95.1959399!16s%2Fg%2F1w346_sy!19sChIJ9ZH9VcVSR4YRaNoE4_Xaxxk?authuser=0&hl=en&g_ep=EgoyMDI2MTAwNy4wIJJjKgBIAVAD&rclk=1,4.8,904,"3022 Northpark Dr, Kingwood, TX 77339",+1 281-360-1500,https://www.northparkvet.com/?utm_source=gmb&utm_medium=organic&y_source=1_MTE2Njg5NDUtNzE1LWxvY2F0aW9uLndlYnNpdGU%3D,mo 07:00-18:00; tu 07:00-16:00; we 07:00-16:00; th 07:00-16:00; fr 07:00-18:00; sa 08:00-13:00; su closed,2026-10-10,
VET_CLINIC,Veterans Memorial Drive Animal Hospital,https://www.google.com/maps/place/Veterans+Memorial+Drive+Animal+Hospital/data=!4m7!3m6!1s0x8640cc08c0eee657:0x133a17c0fc07aa40!8m2!3d29.965693!4d-95.4820753!16s%2Fg%2F1tdmqflx!19sChIJV-buwAjMQIYRQKoH_MAXOhM?authuser=0&hl=en&g_ep=EgoyMDI2MTAwNy4wIJJjKgBIAVAD&rclk=1,4.7,878,"12315 Veterans Memorial Dr, Houston, TX 77014",+1 281-440-4441,https://www.veteransmemorialdriveanimalhospital.com/?utm_source=gmb&utm_medium=organic&y_source=1_MTE2Njg5MDgtNzE1LWxvY2F0aW9uLndlYnNpdGU%3D,mo 07:00-19:00; tu 07:00-19:00; we 07:00-18:00; th 07:00-19:00; fr 07:00-19:00; sa 08:00-13:00; su closed,2026-10-10,
VET_CLINIC,Lakeside Animal Clinic,https://www.google.com/maps/place/Lakeside+Animal+Clinic/data=!4m7!3m6!1s0x8640dcec7f07167b:0xa60f420c72beb958!8m2!3d29.7376468!4d-95.5879121!16s%2Fg%2F1v8k__j6!19sChIJexYHf-zcQIYRWLm-cgxCD6Y?authuser=0&hl=en&g_ep=EgoyMDI2MTAwNy4wIJJjKgBIAVAD&rclk=1,4.8,876,"2501 S Kirkwood Rd, Houston, TX 77077",+1 281-493-9995,https://lakesidevets.com/?utm_source=gmb&utm_medium=organic,mo 07:00-18:00; tu 07:00-18:00; we 07:00-18:00; th 07:00-18:00; fr 07:00-18:00; sa 08:00-12:00; su closed,2026-10-10,
VET_CLINIC,Kings Crossing Animal Hospital,https://www.google.com/maps/place/Kings+Crossing+Animal+Hospital/data=!4m7!3m6!1s0x864752d529a08fdf:0x5076b3bbfc0cad89!8m2!3d30.0572809!4d-95.1874324!16s%2Fg%2F1tj4z2yg!19sChIJ34-gKdVSR4YRia0M_LuzdlA?authuser=0&hl=en&g_ep=EgoyMDI2MTAwNy4wIJJjKgBIAVAD&rclk=1,4.8,853,"3425 W Lake Houston Pkwy, Kingwood, TX 77339",+1 281-764-9204,https://veterinariankingwoodtx.com/?utm_source=gmb&utm_medium=Yext&cp=2817649204&y_source=1_MTYxMTMwMTEtNzE1LWxvY2F0aW9uLndlYnNpdGU%3D,mo 07:00-18:00; tu 07:00-18:00; we 07:00-18:00; th 07:00-18:00; fr 07:00-18:00; sa 08:00-13:00; su closed,2026-10-10,
VET_CLINIC,VEG ER for Pets,https://www.google.com/maps/place/VEG+ER+for+Pets/data=!4m7!3m6!1s0x8640b9bd5a61e37f:0x7cd755f0bb09fd3b!8m2!3d29.7761574!4d-95.3877794!16s%2Fg%2F11k3gb8bgg!19sChIJf-NhWr25QIYRO_0Ju_BV13w?authuser=0&hl=en&g_ep=EgoyMDI2MTAwNy4wIJJjKgBIAVAD&rclk=1,4.6,830,"2785 Katy Fwy, Houston, TX 77007",+1 346-355-6444,https://www.veg.com/locations/texas/houston?utm_source=organic_google&utm_medium=gbp_link&utm_campaign=locations_page&utm_content=houston,mo 24h; tu 24h; we 24h; th 24h; fr 24h; sa 24h; su 24h,2026-10-10,
VET_CLINIC,Bingle Veterinary Clinic,https://www.google.com/maps/place/Bingle+Veterinary+Clinic/data=!4m7!3m6!1s0x8640c44af91b036d:0x1ad04dbf1c9570f3!8m2!3d29.8101051!4d-95.5014995!16s%2Fg%2F1vd7695l!19sChIJbQMb-UrEQIYR83CVHL9N0Bo?authuser=0&hl=en&g_ep=EgoyMDI2MTAwNy4wIJJjKgBIAVAD&rclk=1,4.3,797,"2025 Bingle Rd, Houston, TX 77055",+1 713-468-1676,https://binglevet.com/,mo 07:00-19:00; tu 07:00-19:00; we 07:00-19:00; th 07:00-19:00; fr 07:00-19:00; sa 07:00-17:00; su closed,2026-10-10,
VET_CLINIC,VCA Jones Road Animal Hospital,https://www.google.com/maps/place/VCA+Jones+Road+Animal+Hospital/data=!4m7!3m6!1s0x8640d1b7c07c7fc1:0x7e5282a00b4e6b63!8m2!3d29.9122799!4d-95.584171!16s%2Fg%2F1tgqjt9w!19sChIJwX98wLfRQIYRY2tOC6CCUn4?authuser=0&hl=en&g_ep=EgoyMDI2MTAwNy4wIJJjKgBIAVAD&rclk=1,4.5,796,"9570 Jones Rd, Houston, TX 77065",+1 281-890-9525,https://vcahospitals.com/jones-road?utm_source=maps&utm_medium=organic&utm_campaign=AU_1158,mo 07:00-19:00; tu 07:00-19:00; we 07:00-19:00; th 07:00-19:00; fr 07:00-19:00; sa 08:00-17:00; su 08:00-17:00,2026-10-10,
VET_CLINIC,Thrive Pet Healthcare - Eldridge,https://www.google.com/maps/place/Thrive+Pet+Healthcare+-+Eldridge/data=!4m7!3m6!1s0x8640d1a1cedb0ecd:0x8644c92995db21d7!8m2!3d29.923349!4d-95.6003396!16s%2Fg%2F11c2lyhkzj!19sChIJzQ7bzqHRQIYR1yHblSnJRIY?authuser=0&hl=en&g_ep=EgoyMDI2MTAwNy4wIJJjKgBIAVAD&rclk=1,4.2,788,"12341 FM 1960 W C, Houston, TX 77065",+1 346-253-3517,https://www.thrivepetcare.com/locations/texas/houston/eldridge/?utm_source=gmb&utm_medium=web,mo 08:00-18:00; tu 08:00-18:00; we 08:00-18:00; th 08:00-18:00; fr 08:00-18:00; sa 08:00-18:00; su closed,2026-10-10,
VET_CLINIC,Emancipet,https://www.google.com/maps/place/Emancipet/data=!4m7!3m6!1s0x8640979908914191:0x163eb3eb8b2b690d!8m2!3d29.6688919!4d-95.2613837!16s%2Fg%2F11j8x8mgxd!19sChIJkUGRCJmXQIYRDWkri-uzPhY?authuser=0&hl=en&g_ep=EgoyMDI2MTAwNy4wIJJjKgBIAVAD&rclk=1,4.6,767,"8533 Gulf Fwy, Houston, TX 77017",+1 713-321-2713,https://emancipet.org/clinics/monroe-plaza/,mo 10:00-18:00; tu closed; we closed; th 10:00-18:00; fr 10:00-18:00; sa 10:00-18:00; su closed,2026-10-10,
VET_CLINIC,Brittmoore Animal Hospital,https://www.google.com/maps/place/Brittmoore+Animal+Hospital/data=!4m7!3m6!1s0x8640db36d710c721:0xc42f18464a9cb467!8m2!3d29.792802!4d-95.5693119!16s%2Fg%2F1tgns13d!19sChIJIccQ1zbbQIYRZ7ScSkYYL8Q?authuser=0&hl=en&g_ep=EgoyMDI2MTAwNy4wIJJjKgBIAVAD&rclk=1,4.5,761,"1236 Brittmoore Rd, Houston, TX 77043",+1 713-468-8253,https://www.brittmooreanimalhospital.com/,mo 07:30-18:00; tu 07:30-18:00; we 07:30-18:00; th 07:30-18:00; fr 07:30-18:00; sa 07:30-12:00; su closed,2026-10-10,
VET_CLINIC,Cat Veterinary Clinic,https://www.google.com/maps/place/Cat+Veterinary+Clinic/data=!4m7!3m6!1s0x8640c0925bf8be3d:0x27571e33dd24e5c8!8m2!3d29.7817424!4d-95.3917191!16s%2Fg%2F1tj1mxfx!19sChIJPb74W5LAQIYRyOUk3TMeVyc?authuser=0&hl=en&g_ep=EgoyMDI2MTAwNy4wIJJjKgBIAVAD&rclk=1,4.8,723,"3122 White Oak Dr Ste A, Houston, TX 77007",+1 713-523-5171,https://www.catvetclinic.com/?utm_source=google&utm_medium=gbp&utm_campaign=gbp,mo 07:45-18:00; tu 07:45-18:00; we 07:45-18:00; th 07:45-18:00; fr 07:45-18:00; sa 07:45-13:00; su 07:45-13:00,2026-10-10,
VET_CLINIC,North Durham Animal Hospital,https://www.google.com/maps/place/North+Durham+Animal+Hospital/data=!4m7!3m6!1s0x8640c76d9f3b698b:0xa1c34d81fbe4020!8m2!3d29.8043946!4d-95.4119873!16s%2Fg%2F11b6nlnlx3!19sChIJi2k7n23HQIYRIEC-H9g0HAo?authuser=0&hl=en&g_ep=EgoyMDI2MTAwNy4wIJJjKgBIAVAD&rclk=1,4.7,709,"2018 N Durham Dr, Houston, TX 77008",+1 713-863-7387,https://ndanimalhospital.com/?utm_source=gmb&utm_medium=organic,mo 07:00-17:00; tu 07:00-17:00; we 07:00-17:00; th 07:00-17:00; fr 07:00-17:00; sa closed; su closed,2026-10-10,
VET_CLINIC,VCA Prestonwood Animal Hospital,https://www.google.com/maps/place/VCA+Prestonwood+Animal+Hospital/data=!4m7!3m6!1s0x8640cd8ed5529137:0x6d82a88a74f9358e!8m2!3d29.97783!4d-95.555963!16s%2Fg%2F1tf5l0lj!19sChIJN5FS1Y7NQIYRjjX5dIqogm0?authuser=0&hl=en&g_ep=EgoyMDI2MTAwNy4wIJJjKgBIAVAD&rclk=1,4.8,697,"13720 Schroeder Rd, Houston, TX 77070",+1 281-890-1960,https://vcahospitals.com/prestonwood?utm_source=maps&utm_medium=organic&utm_campaign=AU_1318,mo 07:00-18:30; tu 07:00-18:30; we 07:00-18:30; th 07:00-18:30; fr 07:00-18:30; sa 08:00-12:00; su closed,2026-10-10,
VET_CLINIC,Fairbanks Animal Clinic,https://www.google.com/maps/place/Fairbanks+Animal+Clinic/data=!4m7!3m6!1s0x8640cf9bf978c91d:0x5c96e55e3ec139bb!8m2!3d29.8755176!4d-95.5253182!16s%2Fg%2F1tdw8fsd!19sChIJHcl4-ZvPQIYRuznBPl7lllw?authuser=0&hl=en&g_ep=EgoyMDI2MTAwNy4wIJJjKgBIAVAD&rclk=1,4.5,676,"7151 Fairbanks North Houston Rd, Houston, TX 77040",+1 713-937-7274,https://fairbanksvet.com/,mo 07:00-18:00; tu 07:00-18:00; we 07:00-18:00; th 07:00-18:00; fr 07:00-18:00; sa 08:00-13:00; su closed,2026-10-10,
VET_CLINIC,Champions Forest Animal Clinic,https://www.google.com/maps/place/Champions+Forest+Animal+Clinic/data=!4m7!3m6!1s0x8640cc4f5e9a7661:0xa766f0a654cc400d!8m2!3d29.980874!4d-95.508142!16s%2Fg%2F1tfqg5k6!19sChIJYXaaXk_MQIYRDUDMVKbwZqc?authuser=0&hl=en&g_ep=EgoyMDI2MTAwNy4wIJJjKgBIAVAD&rclk=1,4.7,666,"5211 Cypress Creek Pkwy Z, Houston, TX 77069",+1 281-586-9910,https://www.championforestvet.com/?utm_source=gmb&utm_medium=organic&y_source=1_MTE2Njg5NTgtNzE1LWxvY2F0aW9uLndlYnNpdGU%3D,mo 07:30-18:00; tu 07:30-18:00; we 07:30-18:00; th 07:30-18:00; fr 07:30-18:00; sa 08:00-12:00; su closed,2026-10-10,
VET_CLINIC,Safe Haven Animal Hospital,https://www.google.com/maps/place/Safe+Haven+Animal+Hospital/data=!4m7!3m6!1s0x8640bf1f677e0cf9:0xfd0c0b9261bfca6a!8m2!3d29.7021172!4d-95.3566374!16s%2Fg%2F11mh_5x284!19sChIJ-Qx-Zx-_QIYRasq_YZILDP0?authuser=0&hl=en&g_ep=EgoyMDI2MTAwNy4wIJJjKgBIAVAD&rclk=1,4.6,662,"3928 Old Spanish Trl Ste A, Houston, TX 77021",+1 346-240-3102,https://safehavenah.com/,mo closed; tu 10:00-15:00; we 10:00-15:00; th 10:00-15:00; fr closed; sa closed; su 10:00-14:00,2026-10-10,
VET_CLINIC,Loop 494 Animal Hospital,https://www.google.com/maps/place/Loop+494+Animal+Hospital/data=!4m7!3m6!1s0x8640b2c3ffbdcdeb:0xe69ad26d13fefb65!8m2!3d30.0370268!4d-95.2529924!16s%2Fg%2F1tl7p2nt!19sChIJ6829_8OyQIYRZfv-E23SmuY?authuser=0&hl=en&g_ep=EgoyMDI2MTAwNy4wIJJjKgBIAVAD&rclk=1,4.6,649,"22326 Loop 494, Kingwood, TX 77339",+1 281-358-8893,https://www.loop494vet.com/,mo 07:00-18:00; tu 07:00-19:00; we 07:00-19:00; th 07:00-19:00; fr 07:00-19:00; sa 08:00-13:00; su closed,2026-10-10,
VET_CLINIC,Copperfield Animal Clinic,https://www.google.com/maps/place/Copperfield+Animal+Clinic/data=!4m7!3m6!1s0x8640d192d08ca387:0xde2475eb90406f04!8m2!3d29.8865805!4d-95.6427378!16s%2Fg%2F1wg5yd0q!19sChIJh6OM0JLRQIYRBG9AkOt1JN4?authuser=0&hl=en&g_ep=EgoyMDI2MTAwNy4wIJJjKgBIAVAD&rclk=1,4.6,644,"15606 Ridge Park Dr, Houston, TX 77095",+1 281-859-4430,http://www.copperfieldanimalclinic.com/,mo 07:00-19:00; tu 07:00-19:00; we 07:00-19:00; th 07:00-19:00; fr 07:00-19:00; sa 08:00-13:00; su 08:00-13:00,2026-10-10,
VET_CLINIC,Mission Bend Animal Clinic,https://www.google.com/maps/place/Mission+Bend+Animal+Clinic/data=!4m7!3m6!1s0x8640de70e1635b73:0x47ed7768fd51f0a4!8m2!3d29.700563!4d-95.6526864!16s%2Fg%2F1tdk5kmc!19sChIJc1tj4XDeQIYRpPBR_Wh37Uc?authuser=0&hl=en&g_ep=EgoyMDI2MTAwNy4wIJJjKgBIAVAD&rclk=1,4.4,602,"7026 Winkleman Rd, Houston, TX 77083",+1 281-933-9777,https://www.missionbendanimalclinic.com/,mo 07:30-18:00; tu 07:30-18:00; we 07:30-18:00; th 07:30-18:00; fr 07:30-18:00; sa 08:00-17:00; su closed,2026-10-10,
VET_CLINIC,Jersey Village Animal Hospital,https://www.google.com/maps/place/Jersey+Village+Animal+Hospital/data=!4m7!3m6!1s0x8640d039cd33f2d5:0x92e124e6915fbba3!8m2!3d29.8901796!4d-95.5802522!16s%2Fg%2F1tdq6ddm!19sChIJ1fIzzTnQQIYRo7tfkeYk4ZI?authuser=0&hl=en&g_ep=EgoyMDI2MTAwNy4wIJJjKgBIAVAD&rclk=1,4.7,601,"17341 Village Green Dr, Houston, TX 77040",+1 713-466-8542,https://jvah.com/?utm_source=gmb&utm_medium=organic,mo 07:00-19:00; tu 07:00-19:00; we 07:00-17:00; th 07:00-19:00; fr 07:00-19:00; sa 08:00-14:00; su closed,2026-10-10,
VET_CLINIC,BluePearl Pet Hospital Katy,https://www.google.com/maps/place/BluePearl+Pet+Hospital+Katy/data=!4m7!3m6!1s0x8640d8948b14424d:0x9256aa800ee99b99!8m2!3d29.7860226!4d-95.7111979!16s%2Fg%2F1ptwlksfs!19sChIJTUIUi5TYQIYRmZvpDoCqVpI?authuser=0&hl=en&g_ep=EgoyMDI2MTAwNy4wIJJjKgBIAVAD&rclk=1,3.8,601,"19450 Katy Fwy #200, Houston, TX 77094",+1 281-675-6000,https://bluepearlvet.com/hospital/katy-tx/?utm_source=google&utm_medium=organic&utm_campaign=gbp,mo 24h; tu 24h; we 24h; th 24h; fr 24h; sa 24h; su 24h,2026-10-10,
VET_CLINIC,Vetco Total Care,https://www.google.com/maps/place/Vetco+Total+Care/data=!4m7!3m6!1s0x8640c095b8b25049:0xee7f405709511e9d!8m2!3d29.7462648!4d-95.4110047!16s%2Fg%2F11f_jbtcs8!19sChIJSVCyuJXAQIYRnR5RCVdAf-4?authuser=0&hl=en&g_ep=EgoyMDI2MTAwNy4wIJJjKgBIAVAD&rclk=1,3.9,596,"2110 S Shepherd Dr, Houston, TX 77019",+1 346-330-4872,https://stores.petco.com/tx/houston/vet-hospital-houston-tx-477.html?utm_source=google&utm_campaign=locallist_477_vtc,mo 08:00-18:00; tu 08:00-18:00; we closed; th 08:00-18:00; fr 08:00-18:00; sa 08:00-18:00; su closed,2026-10-10,
VET_CLINIC,Texas Litter Control DBA The Greater Good - Houston Memorial,https://www.google.com/maps/place/Texas+Litter+Control+DBA+The+Greater+Good+-+Houston+Memorial/data=!4m7!3m6!1s0x8640db731efbfa45:0xf41aea45eb283c8c!8m2!3d29.7779384!4d-95.6068541!16s%2Fg%2F1ptvrl437!19sChIJRfr7HnPbQIYRjDwo60XqGvQ?authuser=0&hl=en&g_ep=EgoyMDI2MTAwNy4wIJJjKgBIAVAD&rclk=1,4.7,593,"1001 Dairy Ashford Rd, Houston, TX 77079",+1 281-528-1238,http://www.texaslittercontrol.org/,mo 07:00-18:00; tu 07:00-19:00; we 07:00-18:00; th 07:00-19:00; fr 07:00-18:00; sa 07:00-18:00; su closed,2026-10-10,
VET_CLINIC,West Alabama Animal Clinic,https://www.google.com/maps/place/West+Alabama+Animal+Clinic/data=!4m7!3m6!1s0x8640c09185eaca59:0x2dc0f974ed894433!8m2!3d29.7387371!4d-95.4092366!16s%2Fg%2F1td4_73m!19sChIJWcrqhZHAQIYRM0SJ7XT5wC0?authuser=0&hl=en&g_ep=EgoyMDI2MTAwNy4wIJJjKgBIAVAD&rclk=1,4.6,590,"2030 W Alabama St, Houston, TX 77098",+1 713-528-0818,http://www.westalabamaanimalclinic.com/,mo 07:00-18:00; tu 07:00-18:00; we 07:00-18:00; th 07:00-18:00; fr 07:00-18:00; sa 08:00-14:00; su closed,2026-10-10,
VET_CLINIC,Memorial Cat Hospital,https://www.google.com/maps/place/Memorial+Cat+Hospital/data=!4m7!3m6!1s0x8640c4a777abd92f:0x2e8ae3b14edb0211!8m2!3d29.7668717!4d-95.5496572!16s%2Fg%2F1td_5kny!19sChIJL9mrd6fEQIYREQLbTrHjii4?authuser=0&hl=en&g_ep=EgoyMDI2MTAwNy4wIJJjKgBIAVAD&rclk=1,4.8,589,"12424 Memorial Dr, Houston, TX 77024",+1 713-461-2287,https://www.memorialcathospital.com/?utm_source=gmb&utm_medium=organic&y_source=1_MTE2Njg3NzItNzE1LWxvY2F0aW9uLndlYnNpdGU%3D,mo 07:00-18:00; tu 07:00-18:00; we 07:00-18:00; th 07:00-18:00; fr 07:00-18:00; sa 08:00-13:00; su closed,2026-10-10,
VET_CLINIC,South Belt Animal Hospital,https://www.google.com/maps/place/South+Belt+Animal+Hospital/data=!4m7!3m6!1s0x864090b4ced2b559:0x24cdc0087daf878!8m2!3d29.5925715!4d-95.2443479!16s%2Fg%2F11h13s09_!19sChIJWbXSzrSQQIYRePjahwDcTAI?authuser=0&hl=en&g_ep=EgoyMDI2MTAwNy4wIJJjKgBIAVAD&rclk=1,4.6,579,"10330 Blackhawk Blvd I, Houston, TX 77089",+1 281-506-8699,https://southbeltanimalhospital.com/?utm_source=gmb&utm_medium=organic&y_source=1_MTYwNzExMjAtNzE1LWxvY2F0aW9uLndlYnNpdGU%3D,mo 08:00-18:00; tu 08:00-18:00; we 08:00-18:00; th 08:00-18:00; fr 08:00-18:00; sa 08:00-13:00; su closed,2026-10-10,
VET_CLINIC,Animal Medical Center of the Village,https://www.google.com/maps/place/Animal+Medical+Center+of+the+Village/data=!4m7!3m6!1s0x8640c05f4377701d:0x44d240880ef13558!8m2!3d29.7236007!4d-95.4191538!16s%2Fg%2F11clr_lsw_!19sChIJHXB3Q1_AQIYRWDXxDohA0kQ?authuser=0&hl=en&g_ep=EgoyMDI2MTAwNy4wIJJjKgBIAVAD&rclk=1,4.7,572,"5406 Kirby Dr, Houston, TX 77005",+1 713-524-3800,https://amcofthevillage.com/?utm_source=gmb&utm_medium=organic,mo 07:00-19:00; tu 07:00-19:00; we 07:00-19:00; th 07:00-19:00; fr 07:00-19:00; sa 09:00-16:00; su closed,2026-10-10,
VET_CLINIC,VCA Spring Branch Animal Hospital,https://www.google.com/maps/place/VCA+Spring+Branch+Animal+Hospital/data=!4m7!3m6!1s0x8640c4c150d41959:0xee3eca5b02719c78!8m2!3d29.7941112!4d-95.5457665!16s%2Fg%2F1tslk2_3!19sChIJWRnUUMHEQIYReJxxAlvKPu4?authuser=0&hl=en&g_ep=EgoyMDI2MTAwNy4wIJJjKgBIAVAD&rclk=1,4.3,563,"10109 Long Point Rd, Houston, TX 77043",+1 713-461-1121,https://vcahospitals.com/spring-branch?utm_source=maps&utm_medium=organic&utm_campaign=AU_342,mo 07:00-19:00; tu 07:00-19:00; we 07:00-19:00; th 07:00-19:00; fr 07:00-19:00; sa 08:00-16:00; su closed,2026-10-10,
VET_CLINIC,Thrive Pet Healthcare - The Heights,https://www.google.com/maps/place/Thrive+Pet+Healthcare+-+The+Heights/data=!4m7!3m6!1s0x8640c7a995993771:0xbe6ed53515c79afc!8m2!3d29.8025328!4d-95.407794!16s%2Fg%2F11clln70sg!19sChIJcTeZlanHQIYR_JrHFTXVbr4?authuser=0&hl=en&g_ep=EgoyMDI2MTAwNy4wIJJjKgBIAVAD&rclk=1,4.3,563,"548 W 19th St A, Houston, TX 77008",+1 713-277-7500,https://www.thrivepetcare.com/locations/texas/houston/ella/?utm_source=gmb&utm_medium=web,mo 08:00-18:00; tu 08:00-18:00; we 08:00-18:00; th 08:00-18:00; fr 08:00-18:00; sa 08:00-18:00; su closed,2026-10-10,
VET_CLINIC,Houston SPCA's Wildlife Center,https://www.google.com/maps/place/Houston+SPCA%27s+Wildlife+Center/data=!4m7!3m6!1s0x8640c6d9dfe4a2af:0x6016e7695b2e01c1!8m2!3d29.781372!4d-95.441616!16s%2Fg%2F1hdz3hzk7!19sChIJr6Lk39nGQIYRwQEuW2nnFmA?authuser=0&hl=en&g_ep=EgoyMDI2MTAwNy4wIJJjKgBIAVAD&rclk=1,4.8,557,"7007 Old Katy Rd, Houston, TX 77024",+1 713-861-9453,http://www.houstonspca.org/wildlife,mo 09:00-18:00; tu 09:00-18:00; we 09:00-18:00; th 09:00-18:00; fr 09:00-18:00; sa 09:00-18:00; su 09:00-18:00,2026-10-10,
VET_CLINIC,Thrive Pet Healthcare - Fountainview,https://www.google.com/maps/place/Thrive+Pet+Healthcare+-+Fountainview/data=!4m7!3m6!1s0x8640c3a3f54ca09f:0x5149177eb9a76506!8m2!3d29.7472373!4d-95.4865396!16s%2Fg%2F11c15r17pt!19sChIJn6BM9aPDQIYRBmWnuX4XSVE?authuser=0&hl=en&g_ep=EgoyMDI2MTAwNy4wIJJjKgBIAVAD&rclk=1,4.3,552,"1928 Fountain View Dr, Houston, TX 77057",+1 832-862-3570,https://www.thrivepetcare.com/locations/texas/houston/fountainview/?utm_source=gmb&utm_medium=web,mo 08:00-15:00; tu 08:00-15:00; we 08:00-18:00; th 08:00-15:00; fr 08:00-15:00; sa 08:00-18:00; su closed,2026-10-10,
VET_CLINIC,UrgentVet,https://www.google.com/maps/place/UrgentVet/data=!4m7!3m6!1s0x86474d2acca1e935:0xde23f382e0125338!8m2!3d30.0684759!4d-95.2492571!16s%2Fg%2F11sjv54ghx!19sChIJNemhzCpNR4YROFMS4ILzI94?authuser=0&hl=en&g_ep=EgoyMDI2MTAwNy4wIJJjKgBIAVAD&rclk=1,4.8,548,"30129 Rock Creek Dr Ste 600, Kingwood, TX 77339",+1 281-768-7878,https://urgentvet.com/location/kingwood-tx/,mo 15:00-23:00; tu 15:00-23:00; we 15:00-23:00; th 15:00-23:00; fr 15:00-23:00; sa 10:00-20:00; su 10:00-20:00,2026-10-10,
VET_CLINIC,Panda Wellness Center - Low Cost Veterinary Clinic,https://www.google.com/maps/place/Panda+Wellness+Center+-+Low+Cost+Veterinary+Clinic/data=!4m7!3m6!1s0x8640d9e3db7f8cd7:0x5540137205fc04!8m2!3d29.8495392!4d-95.6613306!16s%2Fg%2F126178hym!19sChIJ14x_2-PZQIYRBPwFchNAVQA?authuser=0&hl=en&g_ep=EgoyMDI2MTAwNy4wIJJjKgBIAVAD&rclk=1,4.3,530,"17012 Kieth Harrow Blvd, Houston, TX 77084",+1 281-345-4101,http://www.pandahouston.com/,mo 08:00-17:00; tu 08:00-17:00; we 08:00-17:00; th 08:00-17:00; fr 08:00-17:00; sa 08:00-13:00; su closed,2026-10-10,
VET_CLINIC,Palm to Paws,https://www.google.com/maps/place/Palm+to+Paws/data=!4m7!3m6!1s0x8640c23475f91873:0xc1ef745c93cad264!8m2!3d29.7175359!4d-95.4935317!16s%2Fg%2F1pv615sly!19sChIJcxj5dTTCQIYRZNLKk1x078E?authuser=0&hl=en&g_ep=EgoyMDI2MTAwNy4wIJJjKgBIAVAD&rclk=1,4.6,519,"5860 Westward St, Houston, TX 77081",+1 713-981-6031,http://www.palmtopaws.com/,mo closed; tu 08:00-11:00; we 08:00-11:00; th 08:00-11:00; fr 08:00-14:00; sa 08:00-11:00; su closed,2026-10-10,
VET_CLINIC,Briarcrest Veterinary Clinic,https://www.google.com/maps/place/Briarcrest+Veterinary+Clinic/data=!4m7!3m6!1s0x8640dcb09d64c0ff:0x75905b36315397c6!8m2!3d29.7485271!4d-95.5731431!16s%2Fg%2F1wb8v231!19sChIJ_8BknbDcQIYRxpdTMTZbkHU?authuser=0&hl=en&g_ep=EgoyMDI2MTAwNy4wIJJjKgBIAVAD&rclk=1,4.6,518,"1492 Wilcrest Dr, Houston, TX 77042",+1 713-789-8320,http://www.briarcrestvet.com/,mo 07:00-18:00; tu 07:00-18:00; we 07:00-18:00; th 07:00-18:00; fr 07:00-18:00; sa 08:30-12:00; su closed,2026-10-10,
VET_CLINIC,Pet Check Animal Clinic,https://www.google.com/maps/place/Pet+Check+Animal+Clinic/data=!4m7!3m6!1s0x8640c4f389e75ec3:0x44dd0109015488aa!8m2!3d29.7931848!4d-95.5245304!16s%2Fg%2F11b6ntbs18!19sChIJw17nifPEQIYRqohUAQkB3UQ?authuser=0&hl=en&g_ep=EgoyMDI2MTAwNy4wIJJjKgBIAVAD&rclk=1,4.5,505,"9500 Westview Dr #103, Houston, TX 77055",+1 713-738-2432,http://www.petcheck.vet/,mo 10:00-18:00; tu 10:00-18:00; we 10:00-18:00; th 10:00-18:00; fr 10:00-18:00; sa 09:00-14:00; su closed,2026-10-10,
VET_CLINIC,Midtown Veterinary Hospital,https://www.google.com/maps/place/Midtown+Veterinary+Hospital/data=!4m7!3m6!1s0x8640c09ce593c099:0x13cf1e7f08a89192!8m2!3d29.738447!4d-95.400756!16s%2Fg%2F1tjpqwv1!19sChIJmcCT5ZzAQIYRkpGoCH8ezxM?authuser=0&hl=en&g_ep=EgoyMDI2MTAwNy4wIJJjKgBIAVAD&rclk=1,4.8,469,"1631 W Alabama St, Houston, TX 77006",+1 713-528-4900,http://midtownvethospital.com/,mo 08:00-18:00; tu 08:00-18:00; we 08:00-18:00; th 08:00-18:00; fr 08:00-18:00; sa 08:00-12:00; su closed,2026-10-10,
VET_CLINIC,Bay Glen Animal Hospital,https://www.google.com/maps/place/Bay+Glen+Animal+Hospital/data=!4m7!3m6!1s0x86409bf7614e9f1b:0x61c42cce2e19ffae!8m2!3d29.584891!4d-95.146598!16s%2Fg%2F1tl9mz28!19sChIJG59OYfebQIYRrv8ZLs4sxGE?authuser=0&hl=en&g_ep=EgoyMDI2MTAwNy4wIJJjKgBIAVAD&rclk=1,4.7,452,"1616 Clear Lake City Blvd Suite 105, Houston, TX 77062",+1 281-480-8800,https://www.bayglenvet.com/?utm_source=gmb&utm_medium=organic&y_source=1_MTE2Njg3NjItNzE1LWxvY2F0aW9uLndlYnNpdGU%3D,mo 07:30-18:00; tu 07:30-18:00; we 07:30-18:00; th 07:30-18:00; fr 07:30-18:00; sa 07:30-12:00; su closed,2026-10-10,
VET_CLINIC,VCA Ashford Animal Hospital,https://www.google.com/maps/place/VCA+Ashford+Animal+Hospital/data=!4m7!3m6!1s0x8640dc6162afe99f:0x12a9189a01de3ee0!8m2!3d29.745782!4d-95.607108!16s%2Fg%2F1tfd2ss9!19sChIJn-mvYmHcQIYR4D7eAZoYqRI?authuser=0&hl=en&g_ep=EgoyMDI2MTAwNy4wIJJjKgBIAVAD&rclk=1,4.6,450,"12633 Whittington Dr, Houston, TX 77077",+1 281-497-3917,https://vcahospitals.com/ashford?utm_source=maps&utm_medium=organic&utm_campaign=AU_620,mo 07:00-18:00; tu 07:00-18:00; we 07:00-18:00; th 07:00-18:00; fr 07:00-18:00; sa 08:00-12:00; su closed,2026-10-10,
VET_CLINIC,Elite Animal Hospital,https://www.google.com/maps/place/Elite+Animal+Hospital/data=!4m7!3m6!1s0x8640ddd64de0d675:0x1d19e74bbd7654f1!8m2!3d29.7042741!4d-95.6427562!16s%2Fg%2F1x6q241g!19sChIJddbgTdbdQIYR8VR2vUvnGR0?authuser=0&hl=en&g_ep=EgoyMDI2MTAwNy4wIJJjKgBIAVAD&rclk=1,4.4,445,"6763 S Texas 6 #1800, Houston, TX 77083",+1 281-561-0276,http://www.eliteanimalhospital.com/,mo 08:00-17:00; tu 08:00-17:00; we 08:00-17:00; th 08:00-17:00; fr 08:00-17:00; sa 08:00-12:00; su closed,2026-10-10,
VET_CLINIC,Feline Medical Center,https://www.google.com/maps/place/Feline+Medical+Center/data=!4m7!3m6!1s0x86409bf743407363:0xf9b87c64a14a608!8m2!3d29.5842371!4d-95.1471865!16s%2Fg%2F1tdnfmy4!19sChIJY3NAQ_ebQIYRCKYUSsaHmw8?authuser=0&hl=en&g_ep=EgoyMDI2MTAwNy4wIJJjKgBIAVAD&rclk=1,4.9,441,"1600B Clear Lake City Blvd, Houston, TX 77062",+1 281-480-5500,https://www.felinemedcenter.com/?utm_source=gmb&utm_medium=organic&y_source=1_MTE2Njg3NjEtNzE1LWxvY2F0aW9uLndlYnNpdGU%3D,mo 07:30-19:00; tu 07:30-18:00; we 07:30-18:00; th 07:30-18:00; fr 07:30-18:00; sa closed; su closed,2026-10-10,
VET_CLINIC,Heights Veterinary Clinic - Northwest,https://www.google.com/maps/place/Heights+Veterinary+Clinic+-+Northwest/data=!4m7!3m6!1s0x8640c7a497c38643:0x6afdbbdda5d28e83!8m2!3d29.8137653!4d-95.451892!16s%2Fg%2F11rgy4pzcj!19sChIJQ4bDl6THQIYRg47Spd27_Wo?authuser=0&hl=en&g_ep=EgoyMDI2MTAwNy4wIJJjKgBIAVAD&rclk=1,4.5,441,"4107 Sherwood Ln, Houston, TX 77092",+1 832-982-2365,https://heightsvet.com/,mo 07:00-18:00; tu 07:00-18:00; we 07:00-18:00; th 07:00-18:00; fr 07:00-18:00; sa 08:00-12:00; su closed,2026-10-10,
VET_CLINIC,PetWorks Express,https://www.google.com/maps/place/PetWorks+Express/data=!4m7!3m6!1s0x8640dcc137878251:0x49203dd684fa2031!8m2!3d29.7373476!4d-95.5784285!16s%2Fg%2F1tczw9_5!19sChIJUYKHN8HcQIYRMSD6hNY9IEk?authuser=0&hl=en&g_ep=EgoyMDI2MTAwNy4wIJJjKgBIAVAD&rclk=1,4.3,435,"11326 Westheimer Rd Ste c, Houston, TX 77077",+1 281-870-0570,http://www.petworksexpress.com/,mo 08:30-15:00; tu 08:30-15:00; we 08:30-15:00; th 08:30-15:00; fr 08:30-15:00; sa closed; su closed,2026-10-10,
VET_CLINIC,Suburbia North Animal Hospital,https://www.google.com/maps/place/Suburbia+North+Animal+Hospital/data=!4m7!3m6!1s0x8640caa033c9453b:0xbf5d5c4ca33cea04!8m2!3d30.0262992!4d-95.3963774!16s%2Fg%2F1vyswxz0!19sChIJO0XJM6DKQIYRBOo8o0xcXb8?authuser=0&hl=en&g_ep=EgoyMDI2MTAwNy4wIJJjKgBIAVAD&rclk=1,4.8,427,"2005 Farm to Market 1960 Rd E, Houston, TX 77073",+1 281-443-2362,http://www.suburbiavet.com/,mo 07:00-17:00; tu 07:00-17:00; we 07:00-17:00; th 07:00-17:00; fr 07:00-17:00; sa closed; su closed,2026-10-10,
VET_CLINIC,West Houston Veterinary Medical Associates,https://www.google.com/maps/place/West+Houston+Veterinary+Medical+Associates/data=!4m7!3m6!1s0x8640dc0c0aa06eab:0xa02d7859401993ad!8m2!3d29.756276!4d-95.628738!16s%2Fg%2F1tqclltg!19sChIJq26gCgzcQIYRrZMZQFl4LaA?authuser=0&hl=en&g_ep=EgoyMDI2MTAwNy4wIJJjKgBIAVAD&rclk=1,4.5,416,"13560 Briar Forest Dr, Houston, TX 77077",+1 281-493-4712,https://whvma.com/?utm_source=google&utm_medium=organic&utm_campaign=google_business_profile,mo 07:00-18:00; tu 07:00-18:00; we 07:00-18:00; th 07:00-18:00; fr 07:00-18:00; sa 08:00-12:00; su closed,2026-10-10,
VET_CLINIC,Kirkwood Veterinary Hospital,https://www.google.com/maps/place/Kirkwood+Veterinary+Hospital/data=!4m7!3m6!1s0x86409758d04620a7:0xb188d44cbf191d9d!8m2!3d29.6106241!4d-95.2292727!16s%2Fg%2F1tg870lr!19sChIJpyBG0FiXQIYRnR0Zv0zUiLE?authuser=0&hl=en&g_ep=EgoyMDI2MTAwNy4wIJJjKgBIAVAD&rclk=1,4.8,413,"10580 Fuqua St, Houston, TX 77089",+1 281-481-5900,https://kirkwoodveterinaryhospital.com/,mo 08:00-18:00; tu 08:00-17:00; we 08:00-17:00; th 08:00-17:00; fr 08:00-17:00; sa 08:00-13:00; su closed,2026-10-10,
VET_CLINIC,Houston Spay Neuter,https://www.google.com/maps/place/Houston+Spay+Neuter/data=!4m7!3m6!1s0x8640c7130fa0c8ab:0x7b25ac0fcb5dd43f!8m2!3d29.7938331!4d-95.4460576!16s%2Fg%2F11r9wdzqty!19sChIJq8igDxPHQIYRP9Rdyw-sJXs?authuser=0&hl=en&g_ep=EgoyMDI2MTAwNy4wIJJjKgBIAVAD&rclk=1,4.8,407,"7234 Wynnwood Ln, Houston, TX 77008",+1 888-410-7729,http://www.houstonspayneuter.com/,mo 07:00-17:00; tu 07:00-17:00; we 07:00-17:00; th 07:00-17:00; fr closed; sa closed; su closed,2026-10-10,
VET_CLINIC,Cy-Fair Animal Hospital,https://www.google.com/maps/place/Cy-Fair+Animal+Hospital/data=!4m7!3m6!1s0x8640b62045c5fc4b:0xe93fb205d39fcf9f!8m2!3d29.9316088!4d-95.3921548!16s%2Fg%2F1tlvpxpm!19sChIJS_zFRSC2QIYRn8-f0wWyP-k?authuser=0&hl=en&g_ep=EgoyMDI2MTAwNy4wIJJjKgBIAVAD&rclk=1,4.5,403,"440 Aldine Bender Rd, Houston, TX 77060",+1 281-519-2757,http://cyfairanimalhospital.com/?utm_source=GMBlisting&utm_medium=organic&utm_campaign=gmb,mo 08:00-18:00; tu 08:00-18:00; we 08:00-18:00; th 08:00-18:00; fr 08:00-18:00; sa 08:00-16:00; su closed,2026-10-10,
VET_CLINIC,Houston Veterinary Hospital,https://www.google.com/maps/place/Houston+Veterinary+Hospital/data=!4m7!3m6!1s0x8640b80339179851:0x3033f4d7bb039765!8m2!3d29.8604231!4d-95.3843769!16s%2Fg%2F1td_yzvt!19sChIJUZgXOQO4QIYRZZcDu9f0MzA?authuser=0&hl=en&g_ep=EgoyMDI2MTAwNy4wIJJjKgBIAVAD&rclk=1,4.2,399,"6730 Airline Dr, Houston, TX 77076",+1 713-694-0552,https://www.houstonvetclinic.com/,mo 07:30-18:00; tu 07:30-18:00; we closed; th 07:30-18:00; fr 07:30-18:00; sa 07:30-17:00; su closed,2026-10-10,
VET_CLINIC,Washington Heights Veterinary Clinic,https://www.google.com/maps/place/Washington+Heights+Veterinary+Clinic/data=!4m7!3m6!1s0x8640b8b28c880757:0x8bd7e7eeb376a60!8m2!3d29.7746197!4d-95.3823404!16s%2Fg%2F1tdqp0ls!19sChIJVweIjLK4QIYRYGo3635-vQg?authuser=0&hl=en&g_ep=EgoyMDI2MTAwNy4wIJJjKgBIAVAD&rclk=1,4.7,398,"2324 Shearn St, Houston, TX 77007",+1 713-802-2366,http://www.whvetclinic.com/,mo 07:30-18:00; tu 07:30-18:00; we 07:30-18:00; th 07:30-18:00; fr 07:30-18:00; sa 08:00-12:00; su closed,2026-10-10,
VET_CLINIC,Briargrove Animal Clinic,https://www.google.com/maps/place/Briargrove+Animal+Clinic/data=!4m7!3m6!1s0x8640c3db692ff4af:0x2e795ed585e6dc79!8m2!3d29.7383683!4d-95.4866905!16s%2Fg%2F1vljgqd0!19sChIJr_QvadvDQIYRedzmhdVeeS4?authuser=0&hl=en&g_ep=EgoyMDI2MTAwNy4wIJJjKgBIAVAD&rclk=1,4.8,396,"5924 Westheimer Rd, Houston, TX 77057",+1 713-782-0261,http://www.briargroveac.com/?utm_source=gmb&utm_medium=organic,mo 07:30-17:30; tu 07:30-17:30; we 07:30-17:30; th 07:30-17:30; fr 07:30-17:30; sa closed; su closed,2026-10-10,
VET_CLINIC,Houston Cat Hospital,https://www.google.com/maps/place/Houston+Cat+Hospital/data=!4m7!3m6!1s0x8640dcc66becf163:0x3540b91bd26f0ec7!8m2!3d29.7357689!4d-95.5729564!16s%2Fg%2F1tfcnq_2!19sChIJY_Hsa8bcQIYRxw5v0hu5QDU?authuser=0&hl=en&g_ep=EgoyMDI2MTAwNy4wIJJjKgBIAVAD&rclk=1,4.8,389,"11169 Westheimer Rd, Houston, TX 77042",+1 713-782-6369,https://www.houstoncathospital.com/?utm_source=gmb&utm_medium=organic&y_source=1_MjIzODg1MTgtNzE1LWxvY2F0aW9uLndlYnNpdGU%3D,mo 07:00-18:00; tu 07:00-18:00; we 07:00-18:00; th 07:00-16:00; fr 07:00-18:00; sa 08:00-13:00; su closed,2026-10-10,
VET_CLINIC,Animal Care Center-Lake Houston,https://www.google.com/maps/place/Animal+Care+Center-Lake+Houston/data=!4m7!3m6!1s0x8640ab03d1e5663b:0x29517d22858e39e0!8m2!3d30.0206338!4d-95.1045563!16s%2Fg%2F1tykvrxh!19sChIJO2bl0QOrQIYR4DmOhSJ9USk?authuser=0&hl=en&g_ep=EgoyMDI2MTAwNy4wIJJjKgBIAVAD&rclk=1,4.7,386,"11431 FM 1960, Huffman, TX 77336",+1 281-324-2615,http://acclh.net/,mo 07:00-18:00; tu 07:00-18:00; we 07:00-18:00; th 07:00-18:00; fr 07:00-15:00; sa closed; su closed,2026-10-10,
VET_CLINIC,Tanglewilde Veterinary Clinic,https://www.google.com/maps/place/Tanglewilde+Veterinary+Clinic/data=!4m7!3m6!1s0x8640c31190aa8ee9:0xced12346bba221ea!8m2!3d29.7361214!4d-95.5321526!16s%2Fg%2F1th49sh2!19sChIJ6Y6qkBHDQIYR6iGiu0Yj0c4?authuser=0&hl=en&g_ep=EgoyMDI2MTAwNy4wIJJjKgBIAVAD&rclk=1,4.8,383,"2717 Rockyridge Dr, Houston, TX 77063",+1 832-848-2898,https://tanglewildevet.com/,mo 07:30-17:00; tu 07:30-17:00; we 07:30-17:00; th 07:30-17:00; fr 07:30-17:00; sa 08:00-10:00; su closed,2026-10-10,
VET_CLINIC,Clay Road Animal Clinic,https://www.google.com/maps/place/Clay+Road+Animal+Clinic/data=!4m7!3m6!1s0x8640d9f162bc67d5:0x76808b6201e1e6df!8m2!3d29.8307712!4d-95.6703139!16s%2Fg%2F1w9y1h2_!19sChIJ1We8YvHZQIYR3-bhAWKLgHY?authuser=0&hl=en&g_ep=EgoyMDI2MTAwNy4wIJJjKgBIAVAD&rclk=1,4.6,382,"17711 Clay Rd, Houston, TX 77084",+1 281-550-2552,http://www.clayroadanimalclinic.com/,mo 08:00-17:00; tu 08:00-16:00; we 08:00-17:00; th 08:00-17:00; fr 08:00-17:00; sa closed; su closed,2026-10-10,
VET_CLINIC,MedVet Houston Bay Area,https://www.google.com/maps/place/MedVet+Houston+Bay+Area/data=!4m7!3m6!1s0x864099d9e4a0f9bd:0xfb9505754885302f!8m2!3d29.614211!4d-95.2120357!16s%2Fg%2F11qsmn16dv!19sChIJvfmg5NmZQIYRLzCFSHUFlfs?authuser=0&hl=en&g_ep=EgoyMDI2MTAwNy4wIJJjKgBIAVAD&rclk=1,4.5,379,"12855 Gulf Fwy, Houston, TX 77034",+1 281-464-3554,https://www.medvet.com/location/houston-bay-area/,mo 07:30-18:00; tu 07:30-18:00; we 07:30-18:00; th 07:30-18:00; fr 07:30-18:00; sa closed; su closed,2026-10-10,
VET_CLINIC,Oak Forest Veterinary Hospital,https://www.google.com/maps/place/Oak+Forest+Veterinary+Hospital/data=!4m7!3m6!1s0x8640c6556a5a07e1:0x293bb01609035d3f!8m2!3d29.8176804!4d-95.4374212!16s%2Fg%2F1th0bv1j!19sChIJ4QdaalXGQIYRP10DCRawOyk?authuser=0&hl=en&g_ep=EgoyMDI2MTAwNy4wIJJjKgBIAVAD&rclk=1,4.7,377,"2120 W 34th St, Houston, TX 77018",+1 713-682-6351,https://oakforestvet.com/,mo 07:00-18:00; tu 07:00-19:00; we 07:00-18:00; th 07:00-18:00; fr 07:00-18:00; sa closed; su closed,2026-10-10,
VET_CLINIC,Neartown Animal Clinic,https://www.google.com/maps/place/Neartown+Animal+Clinic/data=!4m7!3m6!1s0x8640c0bb5cbd5fa1:0xb884716cab1f3e73!8m2!3d29.7546795!4d-95.405324!16s%2Fg%2F1tj468x7!19sChIJoV-9XLvAQIYRcz4fq2xxhLg?authuser=0&hl=en&g_ep=EgoyMDI2MTAwNy4wIJJjKgBIAVAD&rclk=1,4.7,375,"1314 Woodhead St, Houston, TX 77019",+1 713-526-1502,https://neartownvet.com/?utm_source=gmb&utm_medium=organic,mo 07:30-18:00; tu 07:30-18:00; we 07:30-18:00; th 07:30-18:00; fr 07:30-18:00; sa 09:00-13:00; su closed,2026-10-10,
VET_CLINIC,FM 1960 Animal Hospital,https://www.google.com/maps/place/FM+1960+Animal+Hospital/data=!4m7!3m6!1s0x8640cdc6d314af7f:0x1de6ce3fd257f695!8m2!3d29.9703558!4d-95.5354193!16s%2Fg%2F1vhlykvj!19sChIJf68U08bNQIYRlfZX0j_O5h0?authuser=0&hl=en&g_ep=EgoyMDI2MTAwNy4wIJJjKgBIAVAD&rclk=1,4.7,368,"13221 Cutten Rd, Houston, TX 77069",+1 281-444-4170,https://www.1960petdocs.com/?utm_source=gmb&utm_medium=organic&y_source=1_MjI0OTUxNDgtNzE1LWxvY2F0aW9uLndlYnNpdGU%3D,mo 07:30-18:00; tu 07:30-18:00; we 07:30-18:00; th 07:30-18:00; fr 07:30-18:00; sa 09:00-13:00; su closed,2026-10-10,
VET_CLINIC,Garden Oaks Veterinary Center,https://www.google.com/maps/place/Garden+Oaks+Veterinary+Center/data=!4m7!3m6!1s0x8640c79e0700fc05:0x73aad7434ba6fd2c!8m2!3d29.8177701!4d-95.4098493!16s%2Fg%2F11byflk2rb!19sChIJBfwAB57HQIYRLP2mS0PXqnM?authuser=0&hl=en&g_ep=EgoyMDI2MTAwNy4wIJJjKgBIAVAD&rclk=1,4.6,368,"3408 N Shepherd Dr, Houston, TX 77018",+1 713-659-0650,https://gardenoaksvet.com/,mo 07:00-18:00; tu 07:00-18:00; we 07:00-18:00; th 07:00-18:00; fr 07:00-18:00; sa 08:00-16:00; su closed,2026-10-10,
VET_CLINIC,Memorial Veterinary Clinic,https://www.google.com/maps/place/Memorial+Veterinary+Clinic/data=!4m7!3m6!1s0x8640c393018a209b:0x57e5f5052645d19a!8m2!3d29.7535352!4d-95.4998432!16s%2Fg%2F1pp2vmvs4!19sChIJmyCKAZPDQIYRmtFFJgX15Vc?authuser=0&hl=en&g_ep=EgoyMDI2MTAwNy4wIJJjKgBIAVAD&rclk=1,4.8,359,"1379 S Voss Rd, Houston, TX 77057",+1 713-304-0525,https://memorialvetclinic.com/?utm_source=gmb&utm_medium=organic,mo 07:00-18:00; tu 07:00-18:00; we 07:00-18:00; th 07:00-18:00; fr 07:00-18:00; sa 08:00-13:00; su closed,2026-10-10,
VET_CLINIC,Emancipet,https://www.google.com/maps/place/Emancipet/data=!4m7!3m6!1s0x8640c585812011f3:0xc56ecfbc063f8b4a!8m2!3d29.8557342!4d-95.5135931!16s%2Fg%2F11pz8shnc3!19sChIJ8xEggYXFQIYRSos_BrzPbsU?authuser=0&hl=en&g_ep=EgoyMDI2MTAwNy4wIJJjKgBIAVAD&rclk=1,4.8,358,"13830 Northwest Fwy, Houston, TX 77040",+1 713-321-2713,https://emancipet.org/clinics/northwest-freeway/,mo closed; tu closed; we 10:00-18:00; th 10:00-18:00; fr 10:00-18:00; sa 10:00-18:00; su closed,2026-10-10,
VET_CLINIC,Central Houston Animal Hospital,https://www.google.com/maps/place/Central+Houston+Animal+Hospital/data=!4m7!3m6!1s0x8640c099637e7947:0xffa2d5820ac01b0a!8m2!3d29.7430383!4d-95.4010418!16s%2Fg%2F1tlwg0g0!19sChIJR3l-Y5nAQIYRChvACoLVov8?authuser=0&hl=en&g_ep=EgoyMDI2MTAwNy4wIJJjKgBIAVAD&rclk=1,4.7,357,"1638 Westheimer Rd, Houston, TX 77006",+1 713-526-1306,https://chahpets.com/?utm_source=gmb&utm_medium=organic,mo 07:00-18:00; tu 07:00-18:00; we 07:00-18:00; th 07:00-18:00; fr 07:00-18:00; sa 08:00-13:00; su closed,2026-10-10,
VET_CLINIC,Baxter and Cleo Veterinary Clinic,https://www.google.com/maps/place/Baxter+and+Cleo+Veterinary+Clinic/data=!4m7!3m6!1s0x8640c5d3ebd85165:0x66bf2c76fc28d51a!8m2!3d29.8088577!4d-95.5455596!16s%2Fg%2F11nl84lwgk!19sChIJZVHY69PFQIYRGtUo_HYsv2Y?authuser=0&hl=en&g_ep=EgoyMDI2MTAwNy4wIJJjKgBIAVAD&rclk=1,4.8,349,"2021 Gessner Rd, Houston, TX 77080",+1 713-461-3111,http://baxterandcleovet.com/,mo 08:00-18:00; tu 08:00-18:00; we 08:00-18:00; th 08:00-18:00; fr 08:00-18:00; sa 08:00-18:00; su closed,2026-10-10,
VET_CLINIC,EaDo Veterinary Clinic,https://www.google.com/maps/place/EaDo+Veterinary+Clinic/data=!4m7!3m6!1s0x8640bee1e271bb01:0x807230af0878714!8m2!3d29.7455976!4d-95.3520538!16s%2Fg%2F11hbl81hkn!19sChIJAbtx4uG-QIYRFIeH8AojBwg?authuser=0&hl=en&g_ep=EgoyMDI2MTAwNy4wIJJjKgBIAVAD&rclk=1,4.7,346,"2704 Polk St Ste c, Houston, TX 77003",+1 713-297-8200,http://www.eadovetclinic.com/,mo 08:00-18:00; tu 08:00-18:00; we 08:00-18:00; th 08:00-18:00; fr 08:00-18:00; sa closed; su closed,2026-10-10,
VET_CLINIC,Woodlake Pet Hospital,https://www.google.com/maps/place/Woodlake+Pet+Hospital/data=!4m7!3m6!1s0x8640c31437c374a1:0x890bb89c9ee273c4!8m2!3d29.7386639!4d-95.5355317!16s%2Fg%2F1w6_p62l!19sChIJoXTDNxTDQIYRxHPinpy4C4k?authuser=0&hl=en&g_ep=EgoyMDI2MTAwNy4wIJJjKgBIAVAD&rclk=1,4.3,346,"9630 Westheimer Rd #400, Houston, TX 77063",+1 713-497-5699,http://www.woodlakevet.com/,mo 08:00-18:00; tu 08:00-18:00; we 08:00-18:00; th 08:00-18:00; fr 08:00-18:00; sa 08:00-17:00; su closed,2026-10-10,
VET_CLINIC,East End Animal Surgery and Urgent Care,https://www.google.com/maps/place/East+End+Animal+Surgery+and+Urgent+Care/data=!4m7!3m6!1s0x8640be63aeba1051:0xa98b105409863d8b!8m2!3d29.7250578!4d-95.3238722!16s%2Fg%2F1tgx6_2s!19sChIJURC6rmO-QIYRiz2GCVQQi6k?authuser=0&hl=en&g_ep=EgoyMDI2MTAwNy4wIJJjKgBIAVAD&rclk=1,4.4,345,"1711 Telephone Rd, Houston, TX 77023",+1 713-913-7144,https://veturgentcarehtx.com/,mo 12:00-24:00; tu closed; we closed; th closed; fr 12:00-24:00; sa 12:00-24:00; su 12:00-24:00,2026-10-10,
VET_CLINIC,Vetco Total Care,https://www.google.com/maps/place/Vetco+Total+Care/data=!4m7!3m6!1s0x8640c9b5ba6cdd67:0x74f068e231b52ed8!8m2!3d29.9116921!4d-95.4158479!16s%2Fg%2F11f10pcq4w!19sChIJZ91surXJQIYR2C61MeJo8HQ?authuser=0&hl=en&g_ep=EgoyMDI2MTAwNy4wIJJjKgBIAVAD&rclk=1,4.3,338,"10245 North Fwy Ste 150, Houston, TX 77037",+1 832-415-1766,https://stores.petco.com/tx/houston/vet-hospital-houston-tx-2463.html?utm_source=google&utm_campaign=locallist_2463_vtc,mo 10:00-18:00; tu 10:00-15:00; we closed; th 10:00-18:00; fr 10:00-18:00; sa 10:00-18:00; su closed,2026-10-10,
VET_CLINIC,Best Care Animal Hospital,https://www.google.com/maps/place/Best+Care+Animal+Hospital/data=!4m7!3m6!1s0x8640d289a3f52f29:0xcbcacea955d1ab2b!8m2!3d29.9976764!4d-95.5758401!16s%2Fg%2F1ths9rbv!19sChIJKS_1o4nSQIYRK6vRVanOyss?authuser=0&hl=en&g_ep=EgoyMDI2MTAwNy4wIJJjKgBIAVAD&rclk=1,4.4,335,"10850 Louetta Rd #1200, Houston, TX 77070",+1 281-251-0893,https://www.bestcareanimalhospital.com/,mo 07:00-18:00; tu 07:00-18:00; we 07:00-18:00; th 07:00-18:00; fr 07:00-18:00; sa closed; su closed,2026-10-10,
VET_CLINIC,Bellaire-Richmond Pet Hospital,https://www.google.com/maps/place/Bellaire-Richmond+Pet+Hospital/data=!4m7!3m6!1s0x8640c2221e526b57:0xef31b31e7ad6e740!8m2!3d29.700238!4d-95.4831568!16s%2Fg%2F1td_hmwd!19sChIJV2tSHiLCQIYRQOfWeh6zMe8?authuser=0&hl=en&g_ep=EgoyMDI2MTAwNy4wIJJjKgBIAVAD&rclk=1,4.7,334,"5808 Bissonnet St, Houston, TX 77081",+1 713-668-6882,https://www.bellairerichmondvets.com/?utm_source=gmb&utm_medium=organic&y_source=1_MjIzODkzMTYtNzE1LWxvY2F0aW9uLndlYnNpdGU%3D,mo 08:00-18:00; tu 08:00-18:00; we 08:00-18:00; th 08:00-18:00; fr 08:00-18:00; sa 08:00-12:00; su closed,2026-10-10,
VET_CLINIC,Northwest Animal Hospital,https://www.google.com/maps/place/Northwest+Animal+Hospital/data=!4m7!3m6!1s0x8640cc642218ab05:0xad999593f6af37e!8m2!3d30.00029!4d-95.4754496!16s%2Fg%2F1tl1nv3g!19sChIJBasYImTMQIYRfvNqP1mZ2Qo?authuser=0&hl=en&g_ep=EgoyMDI2MTAwNy4wIJJjKgBIAVAD&rclk=1,4.6,333,"3031 Cypress Creek Pkwy, Houston, TX 77068",+1 281-444-1084,https://www.northwestanimalhospital.com/,mo 07:00-18:00; tu 07:00-18:00; we 07:00-18:00; th 07:00-18:00; fr 07:00-18:00; sa closed; su closed,2026-10-10,
VET_CLINIC,Braescroft Animal Clinic,https://www.google.com/maps/place/Braescroft+Animal+Clinic/data=!4m7!3m6!1s0x8640c20a201d0225:0x52010892468c5c66!8m2!3d29.6866!4d-95.4928915!16s%2Fg%2F1tdwf9l4!19sChIJJQIdIArCQIYRZlyMRpIIAVI?authuser=0&hl=en&g_ep=EgoyMDI2MTAwNy4wIJJjKgBIAVAD&rclk=1,4.8,328,"8510 Hillcroft Ave, Houston, TX 77096",+1 713-721-8081,http://www.braescroftanimalclinic.com/,mo 07:30-18:00; tu 07:30-18:00; we 08:00-15:00; th 07:30-18:00; fr 07:30-18:00; sa 08:00-12:00; su closed,2026-10-10,
VET_CLINIC,Forest West Animal Clinic,https://www.google.com/maps/place/Forest+West+Animal+Clinic/data=!4m7!3m6!1s0x8640c60bb9aa82f1:0xd556a59929b654e4!8m2!3d29.8415302!4d-95.4738078!16s%2Fg%2F1tf7h18v!19sChIJ8YKquQvGQIYR5FS2KZmlVtU?authuser=0&hl=en&g_ep=EgoyMDI2MTAwNy4wIJJjKgBIAVAD&rclk=1,4.7,328,"5315 Antoine Dr, Houston, TX 77091",+1 713-688-9625,http://www.forestwestvet.com/,mo 07:00-18:00; tu 07:00-18:00; we 07:00-18:00; th 07:00-18:00; fr 07:00-18:00; sa 07:00-12:00; su closed,2026-10-10,
VET_CLINIC,Abbott Animal Clinic,https://www.google.com/maps/place/Abbott+Animal+Clinic/data=!4m7!3m6!1s0x8640cb7288c26e7f:0xa46c62410ac001d6!8m2!3d30.010494!4d-95.4591248!16s%2Fg%2F1vnrq_b3!19sChIJf27CiHLLQIYR1gHACkFibKQ?authuser=0&hl=en&g_ep=EgoyMDI2MTAwNy4wIJJjKgBIAVAD&rclk=1,2.8,327,"17006 Sugar Pine Dr, Houston, TX 77090",+1 281-893-5000,http://www.abbottanimalclinic.org/,mo 07:00-20:00; tu 07:00-20:00; we 07:00-20:00; th 07:00-20:00; fr 07:00-20:00; sa 07:00-20:00; su 07:00-20:00,2026-10-10,
VET_CLINIC,The Corner Vet at Bellaire,https://www.google.com/maps/place/The+Corner+Vet+at+Bellaire/data=!4m7!3m6!1s0x8640c1ef46ad8dd9:0xe60f8790eafbdbd!8m2!3d29.6896188!4d-95.46146!16s%2Fg%2F11b6b70w29!19sChIJ2Y2tRu_BQIYRvb2vDnn4YA4?authuser=0&hl=en&g_ep=EgoyMDI2MTAwNy4wIJJjKgBIAVAD&rclk=1,4.4,325,"4832 Beechnut St, Houston, TX 77096",+1 713-893-0285,https://thecornervetbellaire.com/,mo 09:00-18:00; tu 09:00-18:00; we 09:00-18:00; th closed; fr 09:00-18:00; sa 08:00-13:30; su closed,2026-10-10,
VET_CLINIC,Falcon Pass Animal Hospital,https://www.google.com/maps/place/Falcon+Pass+Animal+Hospital/data=!4m7!3m6!1s0x86409c48028cbae5:0xb2c60a5bc85ea1d1!8m2!3d29.574853!4d-95.1114347!16s%2Fg%2F11c1xd41k_!19sChIJ5bqMAkicQIYR0aFeyFsKxrI?authuser=0&hl=en&g_ep=EgoyMDI2MTAwNy4wIJJjKgBIAVAD&rclk=1,4.9,323,"2409 Falcon Pass #100, Houston, TX 77062",+1 281-286-9838,http://falconpassanimalhospital.com/,mo 08:00-18:00; tu 08:00-18:00; we 08:00-18:00; th 08:00-18:00; fr 08:00-18:00; sa 07:30-12:00; su closed,2026-10-10,
VET_CLINIC,Dexter and Evie Veterinary Clinic + Urgent Care,https://www.google.com/maps/place/Dexter+and+Evie+Veterinary+Clinic+%2B+Urgent+Care/data=!4m7!3m6!1s0x8640c15743cb65b3:0x4b7c4264682c5158!8m2!3d29.7003301!4d-95.4008166!16s%2Fg%2F11khtjvd3d!19sChIJs2XLQ1fBQIYRWFEsaGRCfEs?authuser=0&hl=en&g_ep=EgoyMDI2MTAwNy4wIJJjKgBIAVAD&rclk=1,4.9,319,"1100 Lyndon St, Houston, TX 77030",+1 713-364-6611,https://dexterandevievet.com/,mo 08:00-18:30; tu 08:00-18:30; we 08:00-18:30; th 08:00-18:30; fr 08:00-18:30; sa closed; su closed,2026-10-10,
VET_CLINIC,Cypress Falls Animal Hospital,https://www.google.com/maps/place/Cypress+Falls+Animal+Hospital/data=!4m7!3m6!1s0x8640d13b3e158d3b:0x14ef3520ca744089!8m2!3d29.9136122!4d-95.6319099!16s%2Fg%2F1tf4fd_4!19sChIJO40VPjvRQIYRiUB0yiA17xQ?authuser=0&hl=en&g_ep=EgoyMDI2MTAwNy4wIJJjKgBIAVAD&rclk=1,4.8,315,"9405 Huffmeister Rd #170, Houston, TX 77095",+1 281-858-7700,https://cypressfallsah.com/?utm_source=gmb&utm_medium=organic,mo 07:00-17:30; tu 07:00-17:30; we 07:00-17:30; th 07:00-17:30; fr 07:00-17:30; sa 08:00-12:00; su closed,2026-10-10,
VET_CLINIC,Crossroads Animal Clinic,https://www.google.com/maps/place/Crossroads+Animal+Clinic/data=!4m7!3m6!1s0x8640d73907705b67:0xa73f6704f545368f!8m2!3d29.8794897!4d-95.6590072!16s%2Fg%2F1v2yz7j_!19sChIJZ1twBznXQIYRjzZF9QRnP6c?authuser=0&hl=en&g_ep=EgoyMDI2MTAwNy4wIJJjKgBIAVAD&rclk=1,4.8,314,"16500 FM 529, Houston, TX 77095",+1 281-859-3050,http://crossroads.pet/,mo 07:00-18:00; tu 07:00-18:00; we 07:00-18:00; th 07:00-18:00; fr 07:00-18:00; sa closed; su closed,2026-10-10,
VET_CLINIC,Beltway Animal Hospital PC,https://www.google.com/maps/place/Beltway+Animal+Hospital+PC/data=!4m7!3m6!1s0x8640a41366bad0cb:0x11220aa62f77b2b1!8m2!3d29.7980146!4d-95.1626297!16s%2Fg%2F1tgfw_wd!19sChIJy9C6ZhOkQIYRsbJ3L6YKIhE?authuser=0&hl=en&g_ep=EgoyMDI2MTAwNy4wIJJjKgBIAVAD&rclk=1,4.2,307,"5002 East Sam Houston Pkwy N, Houston, TX 77015",+1 281-452-1279,,"mo 08:00-12:00,14:00-18:00; tu 08:00-12:00,14:00-18:00; we 08:00-12:00,14:00-18:00; th 08:00-12:00,14:00-18:00; fr 08:00-12:00,14:00-18:00; sa closed; su closed",2026-10-10,
VET_CLINIC,Bayou City Veterinary Hospital,https://www.google.com/maps/place/Bayou+City+Veterinary+Hospital/data=!4m7!3m6!1s0x8640c0b34ddc1cb5:0x6bc4fdddcb456f5c!8m2!3d29.7707732!4d-95.4087583!16s%2Fg%2F124syr919!19sChIJtRzcTbPAQIYRXG9Fy939xGs?authuser=0&hl=en&g_ep=EgoyMDI2MTAwNy4wIJJjKgBIAVAD&rclk=1,4.4,304,"4720 Washington Ave Ste d, Houston, TX 77007",+1 713-343-9909,http://www.bayoucityvets.com/,mo 07:00-18:00; tu 07:00-18:00; we 07:00-18:00; th 07:00-18:00; fr 07:00-18:00; sa closed; su closed,2026-10-10,
GROOMING,Woof Gang Bakery & Grooming West U,https://www.google.com/maps/place/Woof+Gang+Bakery+%26+Grooming+West+U/data=!4m7!3m6!1s0x8640c19e4c404605:0xca2a2cc0bc71733c!8m2!3d29.704863!4d-95.4263476!16s%2Fg%2F11f5v23_q1!19sChIJBUZATJ7BQIYRPHNxvMAsKso?authuser=0&hl=en&g_ep=EgoyMDI2MTAwNy4wIJJjKgBIAVAD&rclk=1,4.7,734,"3135 W Holcombe Blvd, Houston, TX 77025",+1 832-742-9138,http://woofgangbakery.com/pages/locations/west-u,mo 09:00-20:00; tu 09:00-20:00; we 09:00-20:00; th 09:00-20:00; fr 09:00-20:00; sa 09:00-20:00; su 10:00-18:00,2026-10-10,
GROOMING,The Puppy Ranch,https://www.google.com/maps/place/The+Puppy+Ranch/data=!4m7!3m6!1s0x8640b9e4303afbe1:0xefd4df912b89ab3a!8m2!3d29.8627018!4d-95.3802114!16s%2Fg%2F11m78m1ldl!19sChIJ4fs6MOS5QIYROquJK5Hf1O8?authuser=0&hl=en&g_ep=EgoyMDI2MTAwNy4wIJJjKgBIAVAD&rclk=1,5.0,620,"116 Bucan St, Houston, TX 77076",+1 713-677-4339,https://thepuppyranch.us/,mo 09:00-17:00; tu 09:00-17:00; we 09:00-17:00; th 09:00-17:00; fr 09:00-17:00; sa 09:00-17:00; su closed,2026-10-10,
GROOMING,Woof Gang Bakery & Grooming Heights,https://www.google.com/maps/place/Woof+Gang+Bakery+%26+Grooming+Heights/data=!4m7!3m6!1s0x8640c702f57d011b:0x47f55747a7cda0cd!8m2!3d29.7823373!4d-95.408528!16s%2Fg%2F11v_9_s3zw!19sChIJGwF99QLHQIYRzaDNp0dX9Uc?authuser=0&hl=en&g_ep=EgoyMDI2MTAwNy4wIJJjKgBIAVAD&rclk=1,4.8,620,"600 N Shepherd Dr Ste 122, Houston, TX 77007",+1 281-270-9560,http://woofgangbakery.com/heightstx,mo 09:00-19:00; tu 09:00-19:00; we 09:00-19:00; th 09:00-19:00; fr 08:00-21:00; sa 08:00-21:00; su 08:00-18:00,2026-10-10,
GROOMING,"Big Tex Feed, Pet Supply, Dog Grooming Houston Tx","https://www.google.com/maps/place/Big+Tex+Feed,+Pet+Supply,+Dog+Grooming+Houston+Tx/data=!4m7!3m6!1s0x8640bfd4689096a3:0xc62a66a149b28195!8m2!3d29.6823746!4d-95.3532796!16s%2Fg%2F1th5jvh7!19sChIJo5aQaNS_QIYRlYGySaFmKsY?authuser=0&hl=en&g_ep=EgoyMDI2MTAwNy4wIJJjKgBIAVAD&rclk=1",4.5,616,"4652 Holmes Rd, Houston, TX 77033",+1 713-734-3232,http://www.bigtexfeed.com/,mo 09:00-18:00; tu 09:00-18:00; we 09:00-18:00; th 09:00-18:00; fr 09:00-18:00; sa 09:00-18:00; su 10:00-16:00,2026-10-10,
GROOMING,Kontota of Central Houston - Mobile Dog Grooming,https://www.google.com/maps/place/Kontota+of+Central+Houston+-+Mobile+Dog+Grooming/data=!4m7!3m6!1s0x8640b97cee5ee27b:0xcf46ae43fb409bec!8m2!3d29.7956627!4d-95.3643973!16s%2Fg%2F11sdy131qy!19sChIJe-Je7ny5QIYR7JtA-0OuRs8?authuser=0&hl=en&g_ep=EgoyMDI2MTAwNy4wIJJjKgBIAVAD&rclk=1,5.0,560,"3905 Hain St, Houston, TX 77009",+1 713-331-5486,https://kontota.com/mobile-dog-grooming-houston/,mo 24h; tu 24h; we 24h; th 24h; fr 24h; sa 24h; su 24h,2026-10-10,
GROOMING,Woof Gang Bakery & Grooming Tanglewood,https://www.google.com/maps/place/Woof+Gang+Bakery+%26+Grooming+Tanglewood/data=!4m7!3m6!1s0x8640c3e6b7ff4ecf:0x6f2f5fcfdd654895!8m2!3d29.7492329!4d-95.4843312!16s%2Fg%2F11n12j2mwd!19sChIJz07_t-bDQIYRlUhl3c9fL28?authuser=0&hl=en&g_ep=EgoyMDI2MTAwNy4wIJJjKgBIAVAD&rclk=1,4.7,480,"5885 San Felipe St #250, Houston, TX 77057",+1 713-783-9663,https://www.woofgangbakery.com/tanglewood?utm_source=google&utm_medium=gmb,mo 09:00-19:00; tu 09:00-19:00; we 09:00-19:00; th 09:00-19:00; fr 09:00-19:00; sa 09:00-19:00; su 10:00-18:00,2026-10-10,
GROOMING,Chaneke's Dogs Grooming,https://www.google.com/maps/place/Chaneke%27s+Dogs+Grooming/data=!4m7!3m6!1s0x8640a51795cef11b:0x422d087b781f5f43!8m2!3d29.7743075!4d-95.1868541!16s%2Fg%2F11spdmjfr5!19sChIJG_HOlRelQIYRQ18feHsILUI?authuser=0&hl=en&g_ep=EgoyMDI2MTAwNy4wIJJjKgBIAVAD&rclk=1,4.8,454,"1114 Uvalde Rd, Houston, TX 77015",+1 832-387-0085,,mo 07:30-18:00; tu 07:30-17:00; we 07:30-17:00; th 07:30-17:00; fr 07:30-18:00; sa 07:30-18:00; su closed,2026-10-10,
GROOMING,Petbar Boutique - The Heights,https://www.google.com/maps/place/Petbar+Boutique+-+The+Heights/data=!4m7!3m6!1s0x8640b9effca8dcaf:0x7c6752901e938c87!8m2!3d29.7817458!4d-95.3914573!16s%2Fg%2F11szbh7pgy!19sChIJr9yo_O-5QIYRh4yTHpBSZ3w?authuser=0&hl=en&g_ep=EgoyMDI2MTAwNy4wIJJjKgBIAVAD&rclk=1,4.6,435,"3120 White Oak Dr, Houston, TX 77007",+1 346-571-2135,https://www.petbarinc.com/locations/houston-heights/?utm_source=gbp&utm_medium=organic&utm_campaign=houston+heights,mo 09:00-18:00; tu 09:00-18:00; we 09:00-18:00; th 09:00-18:00; fr 09:00-18:00; sa 09:00-18:00; su 09:00-18:00,2026-10-10,
GROOMING,Furrytails Dog Grooming,https://www.google.com/maps/place/Furrytails+Dog+Grooming/data=!4m7!3m6!1s0x8640b6286c574487:0xb4c382ff189dcd92!8m2!3d29.9208965!4d-95.392559!16s%2Fg%2F11cs1kp2ct!19sChIJh0RXbCi2QIYRks2dGP-Cw7Q?authuser=0&hl=en&g_ep=EgoyMDI2MTAwNy4wIJJjKgBIAVAD&rclk=1,4.7,392,"407 Noonday Ln, Houston, TX 77060",+1 281-445-9780,http://furrytailsdoggrooming.com/,mo 07:30-18:00; tu 07:30-18:00; we 07:30-18:00; th 07:30-18:00; fr 07:30-18:00; sa 07:30-18:00; su closed,2026-10-10,
GROOMING,Amaya's Grooming #1,https://www.google.com/maps/place/Amaya%27s+Grooming+%231/data=!4m7!3m6!1s0x8640dd0d2b52c9bd:0xd3cde7fd86643c79!8m2!3d29.6941726!4d-95.5955728!16s%2Fg%2F11hb3zkycl!19sChIJvclSKw3dQIYReTxkhv3nzdM?authuser=0&hl=en&g_ep=EgoyMDI2MTAwNy4wIJJjKgBIAVAD&rclk=1,4.2,359,"7631 Cook Rd, Houston, TX 77072",+1 832-398-2643,https://www.facebook.com/amayasgrooming17/,mo 08:00-17:00; tu 08:00-17:00; we 08:00-17:00; th 08:00-17:00; fr 08:00-17:00; sa 08:00-18:00; su 09:00-17:00,2026-10-10,
GROOMING,The Dog House Pet Salon - Galleria,https://www.google.com/maps/place/The+Dog+House+Pet+Salon+-+Galleria/data=!4m7!3m6!1s0x8640c3d0d3c86635:0x907f8ce8816292c5!8m2!3d29.7310973!4d-95.4832955!16s%2Fg%2F1vqth4yj!19sChIJNWbI09DDQIYRxZJigeiMf5A?authuser=0&hl=en&g_ep=EgoyMDI2MTAwNy4wIJJjKgBIAVAD&rclk=1,4.3,343,"5917 Richmond Ave, Houston, TX 77057",+1 713-820-6140,https://www.thedoghouseps.com/locations/galleria-pet-salon/?utm_source=gbp&utm_medium=organic&utm_campaign=gbp-listing&utm_content=galleria,"mo 07:00-19:00; tu 07:00-19:00; we 07:00-19:00; th 07:00-19:00; fr 07:00-19:00; sa 08:00-18:00; su 08:00-09:00,16:00-17:00",2026-10-10,
GROOMING,Scenthound Meyerland,https://www.google.com/maps/place/Scenthound+Meyerland/data=!4m7!3m6!1s0x8640c13c88c44f31:0xa40ef61dc5ea751b!8m2!3d29.6895946!4d-95.4625843!16s%2Fg%2F11rvg42_3s!19sChIJMU_EiDzBQIYRG3XqxR32DqQ?authuser=0&hl=en&g_ep=EgoyMDI2MTAwNy4wIJJjKgBIAVAD&rclk=1,4.6,336,"4850 Beechnut St, Houston, TX 77096",+1 281-884-9191,https://www.scenthound.com/meyerland,mo 09:00-18:00; tu 09:00-18:00; we 09:00-18:00; th 09:00-18:00; fr 09:00-18:00; sa 08:00-17:00; su closed,2026-10-10,
GROOMING,Ju Ju's Pet Grooming & Day Spa,https://www.google.com/maps/place/Ju+Ju%27s+Pet+Grooming+%26+Day+Spa/data=!4m7!3m6!1s0x8640dc7b9966e43d:0xfb2e097b13fb0ca9!8m2!3d29.7543093!4d-95.6073273!16s%2Fg%2F1vqth50x!19sChIJPeRmmXvcQIYRqQz7E3sJLvs?authuser=0&hl=en&g_ep=EgoyMDI2MTAwNy4wIJJjKgBIAVAD&rclk=1,4.5,323,"12624 Briar Forest Dr, Houston, TX 77077",+1 281-496-7878,,mo 08:00-17:00; tu 08:00-17:00; we 08:00-17:00; th 08:00-17:00; fr 08:00-17:00; sa 08:00-16:00; su closed,2026-10-10,
GROOMING,"Jackson's Place Unleashed Pet Resort & Bakery - Dog Daycare, Dog Boarding, Dog Grooming & Dog Training","https://www.google.com/maps/place/Jackson%27s+Place+Unleashed+Pet+Resort+%26+Bakery+-+Dog+Daycare,+Dog+Boarding,+Dog+Grooming+%26+Dog+Training/data=!4m7!3m6!1s0x8640bf9790aa98d9:0x8d0d6e595b52b8d6!8m2!3d29.740181!4d-95.3804523!16s%2Fg%2F11h79n9pyh!19sChIJ2ZiqkJe_QIYR1rhSW1luDY0?authuser=0&hl=en&g_ep=EgoyMDI2MTAwNy4wIJJjKgBIAVAD&rclk=1",4.9,301,"3511 Milam St, Houston, TX 77002",+1 713-529-1200,https://houstondogdaycare.com/,mo 06:30-19:00; tu 06:30-19:00; we 06:30-19:00; th 06:30-19:00; fr 06:30-19:00; sa 08:00-19:00; su 08:00-19:00,2026-10-10,
GROOMING,Groomingdales Spaw,https://www.google.com/maps/place/Groomingdales+Spaw/data=!4m7!3m6!1s0x8640d770ce414ff1:0x2d091ee2981f9ffc!8m2!3d29.8784764!4d-95.66697!16s%2Fg%2F1wc31mrq!19sChIJ8U9BznDXQIYR_J8fmOIeCS0?authuser=0&hl=en&g_ep=EgoyMDI2MTAwNy4wIJJjKgBIAVAD&rclk=1,4.2,295,"17115 FM 529, Houston, TX 77095",+1 281-345-6800,http://www.groomingdalesspaw.com/,mo 08:00-18:00; tu 08:00-18:00; we 08:00-18:00; th 08:00-18:00; fr 08:00-18:00; sa 08:00-18:00; su closed,2026-10-10,
GROOMING,Kennedy's Pet Services,https://www.google.com/maps/place/Kennedy%27s+Pet+Services/data=!4m7!3m6!1s0x8640d3df58249173:0x2488424ad0002baf!8m2!3d29.9781823!4d-95.5707938!16s%2Fg%2F11jtt344yq!19sChIJc5EkWN_TQIYRrysA0EpCiCQ?authuser=0&hl=en&g_ep=EgoyMDI2MTAwNy4wIJJjKgBIAVAD&rclk=1,4.7,289,"10211 Cypresswood Dr Ste 200, Houston, TX 77070",+1 832-688-8874,http://kennedyspetservices.com/,mo 09:00-16:00; tu 09:00-18:00; we 09:00-18:00; th 09:00-18:00; fr 09:00-18:00; sa 09:00-16:00; su 09:00-16:00,2026-10-10,
GROOMING,Fur Babies Pet Spa & Market,https://www.google.com/maps/place/Fur+Babies+Pet+Spa+%26+Market/data=!4m7!3m6!1s0x8640ad4d1cb6252d:0x2fb880a47d95cd!8m2!3d30.0506755!4d-95.2376369!16s%2Fg%2F1tgcmp1q!19sChIJLSW2HE2tQIYRzZV9pIC4LwA?authuser=0&hl=en&g_ep=EgoyMDI2MTAwNy4wIJJjKgBIAVAD&rclk=1,4.6,285,"1267 Kingwood Dr, Kingwood, TX 77339",+1 281-359-7297,https://furbabieskingwood.com/,mo 09:00-18:00; tu 08:00-19:00; we 08:00-19:00; th 08:00-19:00; fr 08:00-19:00; sa 08:00-18:00; su 09:00-18:00,2026-10-10,
GROOMING,I pet you grooming,https://www.google.com/maps/place/I+pet+you+grooming/data=!4m7!3m6!1s0x8640dd73cb8327bd:0x660fa739ebb6d6e9!8m2!3d29.7379115!4d-95.5781365!16s%2Fg%2F11rsq_n_cf!19sChIJvSeDy3PdQIYR6da26zmnD2Y?authuser=0&hl=en&g_ep=EgoyMDI2MTAwNy4wIJJjKgBIAVAD&rclk=1,5.0,272,"11322 Westheimer Rd B, Houston, TX 77077",+1 832-345-0233,http://www.ipetyougrooming.com/,mo 09:00-16:00; tu 09:00-16:00; we 09:00-16:00; th 09:00-16:00; fr 09:00-17:00; sa 09:00-17:00; su closed,2026-10-10,
GROOMING,Pet Styling By Sherry Inc,https://www.google.com/maps/place/Pet+Styling+By+Sherry+Inc/data=!4m7!3m6!1s0x8640d0fe940df90d:0x899c488615cfadae!8m2!3d29.8968057!4d-95.6102225!16s%2Fg%2F1vq757b6!19sChIJDfkNlP7QQIYRrq3PFYZInIk?authuser=0&hl=en&g_ep=EgoyMDI2MTAwNy4wIJJjKgBIAVAD&rclk=1,4.6,250,"13707 West Rd, Houston, TX 77041",+1 832-237-2060,https://www.petstylingbysherry.com/,mo 07:00-18:00; tu 07:00-18:00; we 07:00-18:00; th 07:00-18:00; fr 07:00-18:00; sa 07:00-16:00; su closed,2026-10-10,
GROOMING,petbar Boutique - Oak Forest,https://www.google.com/maps/place/petbar+Boutique+-+Oak+Forest/data=!4m7!3m6!1s0x8640c77a9e210df1:0xab3f10f03200fbd5!8m2!3d29.8170498!4d-95.4286906!16s%2Fg%2F11t7t6s6rb!19sChIJ8Q0hnnrHQIYR1fsAMvAQP6s?authuser=0&hl=en&g_ep=EgoyMDI2MTAwNy4wIJJjKgBIAVAD&rclk=1,4.6,250,"1717 W 34th St Suite C1500, Houston, TX 77018",+1 281-406-0065,https://www.petbarinc.com/locations/houston-oak-forest/,mo 09:00-18:00; tu 09:00-18:00; we 09:00-18:00; th 09:00-18:00; fr 09:00-18:00; sa 10:00-18:00; su 11:00-17:00,2026-10-10,
GROOMING,Furry Land of Greater Houston,https://www.google.com/maps/place/Furry+Land+of+Greater+Houston/data=!4m7!3m6!1s0x4ee51a60f0c06f15:0x100026c51561e2a!8m2!3d29.7994482!4d-95.4005711!16s%2Fg%2F11svnp0lvj!19sChIJFW_A8GAa5U4RKh5WUWwCAAE?authuser=0&hl=en&g_ep=EgoyMDI2MTAwNy4wIJJjKgBIAVAD&rclk=1,5.0,224,"1539 Allston St, Houston, TX 77008",+1 713-982-8504,https://furryland.us/locations/houston-mobile-pet-groomers/,mo 08:00-18:00; tu 08:00-18:00; we 08:00-18:00; th 08:00-18:00; fr 08:00-18:00; sa 08:00-17:00; su 08:00-17:00,2026-10-10,
GROOMING,Barking Pet Spa（Chinatown),https://www.google.com/maps/place/Barking+Pet+Spa%EF%BC%88Chinatown%29/data=!4m7!3m6!1s0x8640c3a4797ace43:0x692d92a7c0004a01!8m2!3d29.7066134!4d-95.5548995!16s%2Fg%2F11txvr28rg!19sChIJQ856eaTDQIYRAUoAwKeSLWk?authuser=0&hl=en&g_ep=EgoyMDI2MTAwNy4wIJJjKgBIAVAD&rclk=1,4.6,221,"9968 Bellaire Blvd Ste 250a, Houston, TX 77036",+1 832-292-4766,https://barkingpetspa.com/,mo 10:00-18:00; tu 10:00-18:00; we 10:00-18:00; th closed; fr 10:00-18:00; sa 10:00-18:00; su 10:00-18:00,2026-10-10,
GROOMING,Furrever Love Pet Grooming,https://www.google.com/maps/place/Furrever+Love+Pet+Grooming/data=!4m7!3m6!1s0x8640d1fc4f8cae2f:0xc96b23136fdab948!8m2!3d29.8908821!4d-95.642585!16s%2Fg%2F11v1blnk8y!19sChIJL66MT_zRQIYRSLnabxMja8k?authuser=0&hl=en&g_ep=EgoyMDI2MTAwNy4wIJJjKgBIAVAD&rclk=1,4.9,215,"15703 Longenbaugh Dr Ste J suit j, Houston, TX 77095",+1 281-656-8493,https://furreverlovepetgroomingllc.godaddysites.com/,mo 08:00-17:00; tu 08:00-17:00; we 08:00-17:00; th 08:00-17:00; fr 08:00-17:00; sa closed; su closed,2026-10-10,
GROOMING,Fat Cat Flats,https://www.google.com/maps/place/Fat+Cat+Flats/data=!4m7!3m6!1s0x8640c09c908c0fdd:0xd6d91114806ddd5e!8m2!3d29.7389372!4d-95.3984719!16s%2Fg%2F1tjbsk5n!19sChIJ3Q-MkJzAQIYRXt1tgBQR2dY?authuser=0&hl=en&g_ep=EgoyMDI2MTAwNy4wIJJjKgBIAVAD&rclk=1,4.6,207,"1516 W Alabama St, Houston, TX 77006",+1 713-528-6369,http://www.fatcatflats.com/,mo 10:00-18:00; tu 10:00-18:00; we 10:00-18:00; th 10:00-18:00; fr 10:00-18:00; sa 10:00-17:00; su closed,2026-10-10,
GROOMING,Heights Grooming,https://www.google.com/maps/place/Heights+Grooming/data=!4m7!3m6!1s0x8640b8a5f1d9f151:0x956a0f11523606a5!8m2!3d29.784217!4d-95.387951!16s%2Fg%2F1tjgpzmy!19sChIJUfHZ8aW4QIYRpQY2UhEPapU?authuser=0&hl=en&g_ep=EgoyMDI2MTAwNy4wIJJjKgBIAVAD&rclk=1,4.3,207,"711 Studewood St, Houston, TX 77007",+1 713-489-2643,https://www.heightsgrooming.com/,mo 08:00-16:30; tu 07:00-16:30; we 07:00-16:30; th 07:00-16:30; fr 07:00-16:30; sa 07:00-15:00; su closed,2026-10-10,
GROOMING,Legacy Pet Care Houston All Star Groomers,https://www.google.com/maps/place/Legacy+Pet+Care+Houston+All+Star+Groomers/data=!4m7!3m6!1s0x8640cb1ffed13077:0xd36a8692af54a8ab!8m2!3d29.656041!4d-95.5269278!16s%2Fg%2F11fk1qg_zh!19sChIJdzDR_h_LQIYRq6hUr5KGatM?authuser=0&hl=en&g_ep=EgoyMDI2MTAwNy4wIJJjKgBIAVAD&rclk=1,5.0,200,"8542 W Bellfort Ave, Houston, TX 77071",+1 832-971-3348,,mo 11:00-19:00; tu 11:00-19:00; we 11:00-19:00; th 11:00-19:00; fr 11:00-19:00; sa 11:00-19:00; su closed,2026-10-10,
GROOMING,Norma Petcare,https://www.google.com/maps/place/Norma+Petcare/data=!4m7!3m6!1s0x8640de0b37613fbf:0xd5d50086cbd58d7a!8m2!3d29.6913288!4d-95.6516377!16s%2Fg%2F1262x6jw8!19sChIJvz9hNwveQIYReo3Vy4YA1dU?authuser=0&hl=en&g_ep=EgoyMDI2MTAwNy4wIJJjKgBIAVAD&rclk=1,4.4,200,"15014 Lindita Dr, Houston, TX 77083",+1 281-564-1270,http://www.normapetcare.com/,mo 09:00-17:00; tu 09:00-17:00; we 09:00-17:00; th 09:00-17:00; fr 09:00-17:00; sa 09:00-17:00; su closed,2026-10-10,
GROOMING,Hot Dog Grooming,https://www.google.com/maps/place/Hot+Dog+Grooming/data=!4m7!3m6!1s0x8640dca45bcf4ba9:0xac5e8932708a5456!8m2!3d29.7561051!4d-95.5763223!16s%2Fg%2F12hnv4j1f!19sChIJqUvPW6TcQIYRVlSKcDKJXqw?authuser=0&hl=en&g_ep=EgoyMDI2MTAwNy4wIJJjKgBIAVAD&rclk=1,4.2,199,"714 Wilcrest Dr, Houston, TX 77042",+1 713-952-9099,,mo 08:00-18:00; tu 08:00-18:00; we 08:00-18:00; th 08:00-18:00; fr 08:00-18:00; sa 09:00-16:00; su closed,2026-10-10,
GROOMING,Scenthound Houston River Oaks,https://www.google.com/maps/place/Scenthound+Houston+River+Oaks/data=!4m7!3m6!1s0x8640c14755b2192f:0x1ef80e6235fb553!8m2!3d29.7409159!4d-95.4103134!16s%2Fg%2F11ss4lgcfc!19sChIJLxmyVUfBQIYRU7VfI-aA7wE?authuser=0&hl=en&g_ep=EgoyMDI2MTAwNy4wIJJjKgBIAVAD&rclk=1,4.8,196,"2621 S Shepherd Dr #150, Houston, TX 77098",+1 281-884-9191,https://www.scenthound.com/houston-river-oaks,mo closed; tu 09:00-18:00; we 09:00-18:00; th 09:00-18:00; fr 09:00-18:00; sa 08:00-17:00; su closed,2026-10-10,
GROOMING,The Dog House Pet Salon - Memorial Park,https://www.google.com/maps/place/The+Dog+House+Pet+Salon+-+Memorial+Park/data=!4m7!3m6!1s0x8640c7e83d0cb97b:0x1f2f1ab59b6e03f0!8m2!3d29.7757978!4d-95.4268574!16s%2Fg%2F11g2whmhdt!19sChIJe7kMPejHQIYR8ANum7UaLx8?authuser=0&hl=en&g_ep=EgoyMDI2MTAwNy4wIJJjKgBIAVAD&rclk=1,4.5,195,"6434 Washington Ave, Houston, TX 77007",+1 713-820-6140,https://www.thedoghouseps.com/locations/memorial-park-location/?utm_source=gbp&utm_medium=organic&utm_campaign=gbp-listing&utm_content=memorial-park,"mo 07:00-19:00; tu 07:00-19:00; we 07:00-19:00; th 07:00-19:00; fr 07:00-19:00; sa 08:00-18:00; su 08:00-09:00,16:00-17:00",2026-10-10,
GROOMING,Fashion Pet Grooming,https://www.google.com/maps/place/Fashion+Pet+Grooming/data=!4m7!3m6!1s0x8640dc22e2bdb1df:0x34b6b7a06007ab27!8m2!3d29.7360455!4d-95.6374237!16s%2Fg%2F11bwpz28_j!19sChIJ37G94iLcQIYRJ6sHYKC3tjQ?authuser=0&hl=en&g_ep=EgoyMDI2MTAwNy4wIJJjKgBIAVAD&rclk=1,4.3,183,"13990 Westheimer Rd, Houston, TX 77077",+1 713-240-7766,https://fashionpetgrooming.top/,mo 09:00-16:00; tu 09:00-16:00; we 09:00-16:00; th 09:00-16:00; fr 09:00-16:00; sa 09:00-16:00; su closed,2026-10-10,
GROOMING,Precious and Snoopy Pet Salon,https://www.google.com/maps/place/Precious+and+Snoopy+Pet+Salon/data=!4m7!3m6!1s0x8640d2233da9e0f5:0x57909aef47c8edde!8m2!3d29.9586814!4d-95.5858521!16s%2Fg%2F11cmfhnl5l!19sChIJ9eCpPSPSQIYR3u3IR--akFc?authuser=0&hl=en&g_ep=EgoyMDI2MTAwNy4wIJJjKgBIAVAD&rclk=1,4.8,167,"12779 Jones Rd Suite 109A, Houston, TX 77070",+1 832-604-6644,,mo closed; tu 08:30-17:00; we 08:30-17:00; th 08:30-17:00; fr 08:30-17:00; sa 08:30-17:00; su closed,2026-10-10,
GROOMING,Natural Pawz - Washington Ave,https://www.google.com/maps/place/Natural+Pawz+-+Washington+Ave/data=!4m7!3m6!1s0x8640c187a76b59cd:0x88797b4604593763!8m2!3d29.7698272!4d-95.4017041!16s%2Fg%2F11r99t1j18!19sChIJzVlrp4fBQIYRYzdZBEZ7eYg?authuser=0&hl=en&g_ep=EgoyMDI2MTAwNy4wIJJjKgBIAVAD&rclk=1,4.6,166,"4015 Washington Ave Suite A, Houston, TX 77007",+1 346-692-2266,https://www.naturalpawz.com/,mo 09:00-19:00; tu 09:00-19:00; we 09:00-19:00; th 09:00-19:00; fr 09:00-19:00; sa 09:00-19:00; su 10:00-18:00,2026-10-10,
GROOMING,The Pet Barber,https://www.google.com/maps/place/The+Pet+Barber/data=!4m7!3m6!1s0x8640c4f01795248f:0x968512ff38ee5a16!8m2!3d29.7855491!4d-95.4831062!16s%2Fg%2F11j0sl5dhf!19sChIJjySVF_DEQIYRFlruOP8ShZY?authuser=0&hl=en&g_ep=EgoyMDI2MTAwNy4wIJJjKgBIAVAD&rclk=1,4.5,165,"1022 Wirt Rd, Houston, TX 77055",+1 713-393-7181,http://thepetbarberhouston.com/,mo 07:30-17:30; tu 07:30-17:30; we 07:30-17:30; th 07:30-17:30; fr 07:30-17:30; sa 09:00-17:00; su closed,2026-10-10,
GROOMING,Linda's Grooming Salon | Pet Groomer / Dog Boarding,https://www.google.com/maps/place/Linda%27s+Grooming+Salon+%7C+Pet+Groomer+%2F+Dog+Boarding/data=!4m7!3m6!1s0x8640d9f5d4939113:0x391c25611dffc6d!8m2!3d29.8307228!4d-95.6702821!16s%2Fg%2F1tcw3_qy!19sChIJE5GT1PXZQIYRbfzfEVbCkQM?authuser=0&hl=en&g_ep=EgoyMDI2MTAwNy4wIJJjKgBIAVAD&rclk=1,4.5,165,"17711 Clay Rd, Houston, TX 77084",+1 281-463-2199,,mo closed; tu 09:00-17:00; we 09:00-17:00; th 09:00-17:00; fr 09:00-17:00; sa 09:00-17:00; su closed,2026-10-10,
GROOMING,CityPaws Grooming,https://www.google.com/maps/place/CityPaws+Grooming/data=!4m7!3m6!1s0x8640c16cc01444c5:0xa4575b6b44e332f9!8m2!3d29.7549969!4d-95.4099054!16s%2Fg%2F11h4zfv5jc!19sChIJxUQUwGzBQIYR-TLjRGtbV6Q?authuser=0&hl=en&g_ep=EgoyMDI2MTAwNy4wIJJjKgBIAVAD&rclk=1,4.5,160,"1219 S Shepherd Dr, Houston, TX 77019",+1 713-438-2844,https://www.citypawshtx.com/,mo closed; tu 08:00-16:00; we 08:00-16:00; th 08:00-16:00; fr 08:00-16:00; sa 08:00-16:00; su closed,2026-10-10,
GROOMING,Four Paws Dig It,https://www.google.com/maps/place/Four+Paws+Dig+It/data=!4m7!3m6!1s0x8640d18c982b1679:0xe4bb3164bd64aef4!8m2!3d29.9420539!4d-95.5839618!16s%2Fg%2F1tv3p1tt!19sChIJeRYrmIzRQIYR9K5kvWQxu-Q?authuser=0&hl=en&g_ep=EgoyMDI2MTAwNy4wIJJjKgBIAVAD&rclk=1,4.8,153,"11600 Jones Rd Ste 115, Houston, TX 77070",+1 281-970-2000,https://fourpawstx.com/,mo 08:00-09:00; tu 08:00-17:00; we 08:00-17:00; th 08:00-17:00; fr 08:00-17:00; sa 08:00-16:00; su 08:00-09:00,2026-10-10,
GROOMING,Royalty Pet Center,https://www.google.com/maps/place/Royalty+Pet+Center/data=!4m7!3m6!1s0x8640cf3f28bc355d:0x994a5f93ae9fba7d!8m2!3d29.885671!4d-95.493994!16s%2Fg%2F1tf2sm0x!19sChIJXTW8KD_PQIYRfbqfrpNfSpk?authuser=0&hl=en&g_ep=EgoyMDI2MTAwNy4wIJJjKgBIAVAD&rclk=1,4.3,149,"9900 N Houston Rosslyn Rd, Houston, TX 77088",+1 713-849-9000,,mo closed; tu 08:00-16:00; we 08:00-16:00; th 08:00-16:00; fr 08:00-16:00; sa 08:00-16:00; su closed,2026-10-10,
GROOMING,Blue Bubbles Spa,https://www.google.com/maps/place/Blue+Bubbles+Spa/data=!4m7!3m6!1s0x8640c1393a830043:0x8cd15781e504a8a0!8m2!3d29.8052598!4d-95.5029976!16s%2Fg%2F11g6nrs3yv!19sChIJQwCDOjnBQIYRoKgE5YFX0Yw?authuser=0&hl=en&g_ep=EgoyMDI2MTAwNy4wIJJjKgBIAVAD&rclk=1,5.0,142,"8705 Varner Rd, Houston, TX 77080",+1 713-828-7889,http://bluebubblesspa.dog/,mo 06:30-18:00; tu 06:30-18:00; we 06:30-18:00; th 06:30-18:00; fr 06:30-18:00; sa 06:30-19:00; su 09:00-17:00,2026-10-10,
GROOMING,Mane & Minks Vet-Spa And Pet Hotel,https://www.google.com/maps/place/Mane+%26+Minks+Vet-Spa+And+Pet+Hotel/data=!4m7!3m6!1s0x8640bf9a1416bd3d:0xd00721eef9376625!8m2!3d29.6990583!4d-95.3408137!16s%2Fg%2F11h_4mw4j9!19sChIJPb0WFJq_QIYRJWY3-e4hB9A?authuser=0&hl=en&g_ep=EgoyMDI2MTAwNy4wIJJjKgBIAVAD&rclk=1,4.3,142,"4936 Griggs Rd, Houston, TX 77021",+1 832-598-8467,https://www.maneandminksproductions.com/,mo closed; tu 08:00-18:00; we 08:00-18:00; th 08:00-18:00; fr 08:00-18:00; sa 08:00-16:00; su closed,2026-10-10,
PET_SHOP,PetSmart,https://www.google.com/maps/place/PetSmart/data=!4m7!3m6!1s0x8640cae841a57311:0xc307a0e6f287fe48!8m2!3d30.0198336!4d-95.4271053!16s%2Fg%2F1wj_6dxc!19sChIJEXOlQejKQIYRSP6H8uagB8M?authuser=0&hl=en&g_ep=EgoyMDI2MTAwNy4wIJJjKgBIAVAD&rclk=1,4.3,2242,"140 Farm to Market 1960 Rd E, Houston, TX 77073",+1 281-821-4355,https://www.petsmart.com/stores/us/tx/houston-store0201.html?utm_source=google&utm_medium=organic&utm_campaign=google-my-business,,2026-10-10,hours: none (not published on Maps)
PET_SHOP,PetSmart,https://www.google.com/maps/place/PetSmart/data=!4m7!3m6!1s0x8640cde664abb54b:0xcdf6d1a17936a181!8m2!3d29.9577652!4d-95.5477831!16s%2Fg%2F1tlbpjpp!19sChIJS7WrZObNQIYRgaE2eaHR9s0?authuser=0&hl=en&g_ep=EgoyMDI2MTAwNy4wIJJjKgBIAVAD&rclk=1,4.4,1890,"17723 Tomball Pkwy, Houston, TX 77064",+1 281-807-6197,https://www.petsmart.com/stores/us/tx/houston-store1358.html?utm_source=google&utm_medium=organic&utm_campaign=google-my-business,,2026-10-10,hours: none (not published on Maps)
PET_SHOP,PetSmart,https://www.google.com/maps/place/PetSmart/data=!4m7!3m6!1s0x8640a446df7847ef:0x99aa3bb95c3d9425!8m2!3d29.8105826!4d-95.166752!16s%2Fg%2F1tfq9l_3!19sChIJ70d430akQIYRJZQ9XLk7qpk?authuser=0&hl=en&g_ep=EgoyMDI2MTAwNy4wIJJjKgBIAVAD&rclk=1,4.2,1730,"5941 East Sam Houston Pkwy N, Houston, TX 77049",+1 281-436-1249,https://www.petsmart.com/stores/us/tx/houston-store1101.html?utm_source=google&utm_medium=organic&utm_campaign=google-my-business,,2026-10-10,hours: none (not published on Maps)
PET_SHOP,Petco,https://www.google.com/maps/place/Petco/data=!4m7!3m6!1s0x8640cc6468dfc2af:0xfa1a307fe8dd85f5!8m2!3d29.9869311!4d-95.4964178!16s%2Fg%2F1wyc4qj3!19sChIJr8LfaGTMQIYR9YXd6H8wGvo?authuser=0&hl=en&g_ep=EgoyMDI2MTAwNy4wIJJjKgBIAVAD&rclk=1,4.3,1393,"4431 FM 1960 W, Houston, TX 77068",+1 281-580-3335,https://stores.petco.com/tx/houston/pet-supplies-houston-tx-467.html?utm_source=google&utm_campaign=locallist_467_pcc,,2026-10-10,hours: none (not published on Maps)
PET_SHOP,Pet City Houston,https://www.google.com/maps/place/Pet+City+Houston/data=!4m7!3m6!1s0x8640cae17a031de3:0xb268a13675495028!8m2!3d30.0189611!4d-95.4327833!16s%2Fg%2F1tg_xgvb!19sChIJ4x0DeuHKQIYRKFBJdTahaLI?authuser=0&hl=en&g_ep=EgoyMDI2MTAwNy4wIJJjKgBIAVAD&rclk=1,3.8,1300,"230 Bammel Westfield Rd, Houston, TX 77090",+1 281-519-4384,https://petcityhouston.com/?utm_source=GMBlisting&utm_medium=organic,mo 10:00-20:00; tu 10:00-20:00; we 10:00-20:00; th 10:00-20:00; fr 10:00-20:00; sa 10:00-20:00; su 10:00-18:00,2026-10-10,
PET_SHOP,Petco,https://www.google.com/maps/place/Petco/data=!4m7!3m6!1s0x8640c3bf200dd495:0x9b65865e9e9e40d9!8m2!3d29.73989!4d-95.5015687!16s%2Fg%2F1tgj9635!19sChIJldQNIL_DQIYR2UCenl6GZZs?authuser=0&hl=en&g_ep=EgoyMDI2MTAwNy4wIJJjKgBIAVAD&rclk=1,4.3,1276,"7510 Westheimer Rd, Houston, TX 77063",+1 713-781-9010,https://stores.petco.com/tx/houston/pet-supplies-houston-tx-468.html?utm_source=google&utm_campaign=locallist_468_pcc,,2026-10-10,hours: none (not published on Maps)
PET_SHOP,Petco,https://www.google.com/maps/place/Petco/data=!4m7!3m6!1s0x8640d2ee90e41977:0xa10429b0f8db5042!8m2!3d30.0100746!4d-95.5906754!16s%2Fg%2F1tnct8pf!19sChIJdxnkkO7SQIYRQlDb-LApBKE?authuser=0&hl=en&g_ep=EgoyMDI2MTAwNy4wIJJjKgBIAVAD&rclk=1,4.2,1249,"22511 TX-249, Houston, TX 77070",+1 281-257-8780,https://stores.petco.com/tx/houston/pet-supplies-houston-tx-1427.html?utm_source=google&utm_campaign=locallist_1427_pcc,,2026-10-10,hours: none (not published on Maps)
PET_SHOP,Animal Ark,https://www.google.com/maps/place/Animal+Ark/data=!4m7!3m6!1s0x864752cff6e61dbf:0x7e1ecc77f341f66!8m2!3d30.0676767!4d-95.1962546!16s%2Fg%2F1v6l7wxd!19sChIJvx3m9s9SR4YRZh80f8fs4Qc?authuser=0&hl=en&g_ep=EgoyMDI2MTAwNy4wIJJjKgBIAVAD&rclk=1,4.5,1082,"2730 Brookdale Dr, Kingwood, TX 77339",+1 281-361-7387,http://www.facebook.com/AnimalArkKingwood/,mo 09:00-21:00; tu 09:00-21:00; we 09:00-21:00; th 09:00-21:00; fr 09:00-21:00; sa 09:00-21:00; su 12:00-18:00,2026-10-10,
PET_SHOP,Fish-N-Pets Unlimited,https://www.google.com/maps/place/Fish-N-Pets+Unlimited/data=!4m7!3m6!1s0x8640dd60e537cd6d:0x3fdf4a15a541382a!8m2!3d29.675564!4d-95.5847541!16s%2Fg%2F1tm2b1fn!19sChIJbc035WDdQIYRKjhBpRVK3z8?authuser=0&hl=en&g_ep=EgoyMDI2MTAwNy4wIJJjKgBIAVAD&rclk=1,4.4,1017,"11710 Bissonnet St, Houston, TX 77099",+1 281-530-8563,http://fishnpetsunlimited.com/,mo 11:00-18:00; tu 11:00-18:00; we 11:00-18:00; th 11:00-18:00; fr 11:00-18:00; sa 11:00-18:00; su 11:00-18:00,2026-10-10,
PET_SHOP,City Pets,https://www.google.com/maps/place/City+Pets/data=!4m7!3m6!1s0x8640c2b13c265f4d:0x21903230df2c7bc9!8m2!3d29.6887858!4d-95.5547861!16s%2Fg%2F1tp0f19k!19sChIJTV8mPLHCQIYRyXss3zAykCE?authuser=0&hl=en&g_ep=EgoyMDI2MTAwNy4wIJJjKgBIAVAD&rclk=1,4.2,868,"9901 Beechnut St, Houston, TX 77036",+1 713-271-7387,,mo 10:00-19:00; tu 10:00-19:00; we 10:00-19:00; th 10:00-19:00; fr 10:00-19:00; sa 10:00-19:00; su 11:00-18:00,2026-10-10,
PET_SHOP,Hieden Feed & Supply,https://www.google.com/maps/place/Hieden+Feed+%26+Supply/data=!4m7!3m6!1s0x8640cc5ea1170133:0x4b2c627890824460!8m2!3d29.9927043!4d-95.5022901!16s%2Fg%2F1tfqg5k5!19sChIJMwEXoV7MQIYRYESCkHhiLEs?authuser=0&hl=en&g_ep=EgoyMDI2MTAwNy4wIJJjKgBIAVAD&rclk=1,4.7,861,"14403 Stuebner Airline Rd, Houston, TX 77069",+1 281-444-1010,https://hiedenfeed.com/,mo 08:00-17:30; tu 08:00-17:30; we 08:00-17:30; th 08:00-17:30; fr 08:00-17:30; sa 08:00-16:00; su closed,2026-10-10,
PET_SHOP,Xtreme Fish & Pets,https://www.google.com/maps/place/Xtreme+Fish+%26+Pets/data=!4m7!3m6!1s0x8640dd3daaf2e71d:0xef87245fd650414b!8m2!3d29.703545!4d-95.5802264!16s%2Fg%2F1vpq78df!19sChIJHefyqj3dQIYRS0FQ1l8kh-8?authuser=0&hl=en&g_ep=EgoyMDI2MTAwNy4wIJJjKgBIAVAD&rclk=1,4.0,746,"11415 Bellaire Blvd # A, Houston, TX 77072",+1 281-564-7855,https://google.com/url?q=https://business.google.com/website_shared/launch_bw.html?f=https://amzn.to/4m1evSe,mo 10:00-20:00; tu 10:00-20:00; we 10:00-20:00; th 10:00-20:00; fr 10:00-20:00; sa 10:00-20:00; su 10:00-19:00,2026-10-10,
PET_SHOP,Elsy's Birds & Feed Store,https://www.google.com/maps/place/Elsy%27s+Birds+%26+Feed+Store/data=!4m7!3m6!1s0x8640b79709b81643:0x4d585dce09ff3eff!8m2!3d29.8852226!4d-95.3643188!16s%2Fg%2F1tg9nj09!19sChIJQxa4CZe3QIYR_z7_Cc5dWE0?authuser=0&hl=en&g_ep=EgoyMDI2MTAwNy4wIJJjKgBIAVAD&rclk=1,4.6,689,"1441 Hartwick Rd, Houston, TX 77093",+1 281-442-5621,http://elsysbirdsandfeed.com/,mo 08:00-18:00; tu 08:00-18:00; we 08:00-18:00; th 08:00-18:00; fr 08:00-18:00; sa 08:00-18:00; su closed,2026-10-10,
PET_SHOP,Pet Supplies Plus Clear Lake,https://www.google.com/maps/place/Pet+Supplies+Plus+Clear+Lake/data=!4m7!3m6!1s0x86409d793f819807:0x14cd0b8d8e69320a!8m2!3d29.5539891!4d-95.1176012!16s%2Fg%2F11h760mqwc!19sChIJB5iBP3mdQIYRCjJpjo0LzRQ?authuser=0&hl=en&g_ep=EgoyMDI2MTAwNy4wIJJjKgBIAVAD&rclk=1,4.7,670,"16915 El Camino Real, Houston, TX 77058",+1 281-984-7284,https://www.petsuppliesplus.com/Store/TX/Houston/Clear-Lake/4202,mo 09:00-21:00; tu 09:00-21:00; we 09:00-21:00; th 09:00-21:00; fr 09:00-21:00; sa 09:00-21:00; su 09:00-20:00,2026-10-10,
PET_SHOP,Pet Supplies Plus Jersey Village,https://www.google.com/maps/place/Pet+Supplies+Plus+Jersey+Village/data=!4m7!3m6!1s0x8640d18263226ff3:0x9948c5a64005d2ed!8m2!3d29.908908!4d-95.585901!16s%2Fg%2F11gxtbbqb5!19sChIJ828iY4LRQIYR7dIFQKbFSJk?authuser=0&hl=en&g_ep=EgoyMDI2MTAwNy4wIJJjKgBIAVAD&rclk=1,4.7,658,"9431 Jones Rd, Houston, TX 77065",+1 281-899-8260,https://www.petsuppliesplus.com/store/tx/houston/4072-houston/4072,mo 09:00-21:00; tu 09:00-21:00; we 09:00-21:00; th 09:00-21:00; fr 09:00-21:00; sa 09:00-21:00; su 09:00-21:00,2026-10-10,
PET_SHOP,Pet Place Co.,https://www.google.com/maps/place/Pet+Place+Co./data=!4m7!3m6!1s0x86409a1bcfdedba1:0xf2714d53880b66a8!8m2!3d29.5762017!4d-95.2035762!16s%2Fg%2F12ll40krh!19sChIJodvezxuaQIYRqGYLiFNNcfI?authuser=0&hl=en&g_ep=EgoyMDI2MTAwNy4wIJJjKgBIAVAD&rclk=1,4.2,619,"13730 Beamer Rd, Houston, TX 77089",+1 281-922-7387,http://petplacehouston.com/,mo 10:00-19:00; tu 10:00-19:00; we 10:00-19:00; th 10:00-19:00; fr 10:00-19:00; sa 10:00-19:00; su 12:00-18:00,2026-10-10,
PET_SHOP,Pet Supermarket,https://www.google.com/maps/place/Pet+Supermarket/data=!4m7!3m6!1s0x8640c1e609a25f5b:0xda6c631655bd27f8!8m2!3d29.6855145!4d-95.4617625!16s%2Fg%2F11fxqxytn2!19sChIJW1-iCebBQIYR-Ce9VRZjbNo?authuser=0&hl=en&g_ep=EgoyMDI2MTAwNy4wIJJjKgBIAVAD&rclk=1,4.3,605,"4700 Beechnut St #265, Houston, TX 77096",+1 832-699-3843,https://www.petsupermarket.com/storelocator/?storeId=278,mo 09:00-20:00; tu 09:00-20:00; we 09:00-20:00; th 09:00-20:00; fr 09:00-20:00; sa 09:00-20:00; su 10:00-19:00,2026-10-10,
PET_SHOP,Three Dog Bakery Rice Village,https://www.google.com/maps/place/Three+Dog+Bakery+Rice+Village/data=!4m7!3m6!1s0x8640c1318b3de643:0x5e6a793f3ebd5abe!8m2!3d29.7176332!4d-95.4153257!16s%2Fg%2F11gmg3fd87!19sChIJQ-Y9izHBQIYRvlq9Pj95al4?authuser=0&hl=en&g_ep=EgoyMDI2MTAwNy4wIJJjKgBIAVAD&rclk=1,4.8,416,"2402 Rice Boulevard, Houston, TX 77005",+1 713-533-9933,http://www.threedogbakeryhtx.com/,,2026-10-10,hours: none (not published on Maps)
PET_SHOP,Pet Supplies Plus Houston - Memorial & Kirkwood,https://www.google.com/maps/place/Pet+Supplies+Plus+Houston+-+Memorial+%26+Kirkwood/data=!4m7!3m6!1s0x8640dba53c241a5d:0x6d91e361027df752!8m2!3d29.771633!4d-95.591193!16s%2Fg%2F11n0205mpc!19sChIJXRokPKXbQIYRUvd9AmHjkW0?authuser=0&hl=en&g_ep=EgoyMDI2MTAwNy4wIJJjKgBIAVAD&rclk=1,4.5,380,"14056 Memorial Dr, Houston, TX 77079",+1 346-570-2540,https://www.petsuppliesplus.com/store/tx/houston/4317-houston--memorial--kirkwood/4317,mo 09:00-21:00; tu 09:00-21:00; we 09:00-21:00; th 09:00-21:00; fr 09:00-21:00; sa 09:00-21:00; su 10:00-19:00,2026-10-10,
PET_SHOP,Giovanni's Pet Shop,https://www.google.com/maps/place/Giovanni%27s+Pet+Shop/data=!4m7!3m6!1s0x8640b791be76872b:0xef54ff9412108d69!8m2!3d29.8787977!4d-95.3662513!16s%2Fg%2F1tg5ch46!19sChIJK4d2vpG3QIYRaY0QEpT_VO8?authuser=0&hl=en&g_ep=EgoyMDI2MTAwNy4wIJJjKgBIAVAD&rclk=1,4.5,316,"11132 E Hardy Rd, Houston, TX 77093",+1 281-227-7841,,mo 11:00-17:00; tu 11:00-17:00; we 11:00-17:00; th 11:00-17:00; fr 11:00-17:00; sa 11:00-16:00; su closed,2026-10-10,
DOG_TRAINING,Stephanie Bennett's Believe in Dog,https://www.google.com/maps/place/Stephanie+Bennett%27s+Believe+in+Dog/data=!4m7!3m6!1s0x8640c767ba4398bf:0xd39c6ba526542a99!8m2!3d29.80986!4d-95.4170332!16s%2Fg%2F11fy5hnzgv!19sChIJv5hDumfHQIYRmSpUJqVrnNM?authuser=0&hl=en&g_ep=EgoyMDI2MTAwNy4wIJJjKgBIAVAD&rclk=1,4.9,274,"1029 W 26th St, Houston, TX 77008",+1 713-364-4439,http://www.believeindog.com/,mo 09:30-20:30; tu 09:30-18:30; we 09:30-20:30; th 09:30-20:30; fr 09:30-18:30; sa 09:00-16:30; su 09:00-16:30,2026-10-10,
DOG_TRAINING,"Beyond the Dog, LLC","https://www.google.com/maps/place/Beyond+the+Dog,+LLC/data=!4m7!3m6!1s0x86474a5f40b72f0d:0x9c44ab4ff6e144d0!8m2!3d29.7345024!4d-95.4232466!16s%2Fg%2F11dzdf5m_j!19sChIJDS-3QF9KR4YR0ETh9k-rRJw?authuser=0&hl=en&g_ep=EgoyMDI2MTAwNy4wIJJjKgBIAVAD&rclk=1",4.9,273,"2990 Richmond Ave Ste 620, Houston, TX 77098",+1 713-416-6102,https://beyondthedogtraining.com/houston/dog-training,mo 06:30-19:00; tu 06:30-19:00; we 06:30-19:00; th 06:30-19:00; fr 06:30-19:00; sa 07:00-12:00; su 07:00-12:00,2026-10-10,
DOG_TRAINING,Revival Dog Training - West University,https://www.google.com/maps/place/Revival+Dog+Training+-+West+University/data=!4m7!3m6!1s0x8640c1fb45d834cd:0x2c6d0a904a9b9265!8m2!3d29.7252633!4d-95.417075!16s%2Fg%2F11rd5ktzbl!19sChIJzTTYRfvBQIYRZZKbSpAKbSw?authuser=0&hl=en&g_ep=EgoyMDI2MTAwNy4wIJJjKgBIAVAD&rclk=1,4.9,236,"2507 Bissonnet St, Houston, TX 77005",+1 713-679-8850,https://revivaldogtraining.com/,mo 07:00-19:00; tu 07:00-19:00; we 07:00-19:00; th 07:00-19:00; fr 07:00-19:00; sa closed; su closed,2026-10-10,
DOG_TRAINING,Love For Dogs,https://www.google.com/maps/place/Love+For+Dogs/data=!4m7!3m6!1s0x8640b97ca4d0a81d:0x5ba053b49d13d3dd!8m2!3d29.8111326!4d-95.3616172!16s%2Fg%2F11fnszq4qd!19sChIJHajQpHy5QIYR3dMTnbRToFs?authuser=0&hl=en&g_ep=EgoyMDI2MTAwNy4wIJJjKgBIAVAD&rclk=1,4.7,210,"5701 Irvington Blvd, Houston, TX 77009",+1 832-329-0107,https://www.lovefordogscaninetraining.com/,mo 07:00-19:00; tu 07:00-19:00; we 07:00-19:00; th 07:00-19:00; fr 07:00-19:00; sa 09:00-16:00; su closed,2026-10-10,
DOG_TRAINING,Smarty Paws Dog Training,https://www.google.com/maps/place/Smarty+Paws+Dog+Training/data=!4m7!3m6!1s0x8665a3c36bea0621:0xcae3df302af5f1ce!8m2!3d29.6486018!4d-95.5829272!16s%2Fg%2F11h579kd53!19sChIJIQbqa8OjZYYRzvH1KjDf48o?authuser=0&hl=en&g_ep=EgoyMDI2MTAwNy4wIJJjKgBIAVAD&rclk=1,4.9,132,"W Airport Blvd &, S Kirkwood Rd, Meadows Place, TX 77477",+1 281-241-1692,https://smartypawsdogtraining.com/,mo 09:00-19:00; tu 09:00-19:00; we 09:00-19:00; th 09:00-19:00; fr 09:00-19:00; sa closed; su 11:00-17:00,2026-10-10,
DOG_TRAINING,Pupsties,https://www.google.com/maps/place/Pupsties/data=!4m7!3m6!1s0x8640dd309fe851b5:0xdc4b4c0e157c209a!8m2!3d29.7586861!4d-95.6104214!16s%2Fg%2F11l_f4brbv!19sChIJtVHonzDdQIYRmiB8FQ5MS9w?authuser=0&hl=en&g_ep=EgoyMDI2MTAwNy4wIJJjKgBIAVAD&rclk=1,4.9,126,"12711 Havant Cir, Houston, TX 77077",+1 346-313-9200,http://www.pupsties.com/,,2026-10-10,hours: none (not published on Maps)
DOG_TRAINING,Good DaweG,https://www.google.com/maps/place/Good+DaweG/data=!4m7!3m6!1s0x8640c158fa8ac1b3:0xfa55faa536d8241e!8m2!3d29.8392145!4d-95.408481!16s%2Fg%2F11k64lqbz8!19sChIJs8GK-ljBQIYRHiTYNqX6Vfo?authuser=0&hl=en&g_ep=EgoyMDI2MTAwNy4wIJJjKgBIAVAD&rclk=1,5.0,111,"504 Delz St, Houston, TX 77018",+1 281-900-2572,https://gooddaweg.com/?utm_source=Google+Business+Profile&utm_medium=Organic+GBP&utm_campaign=Good+Daweg+GBP+&utm_id=Google+Business,mo 08:00-18:00; tu 08:00-18:00; we 08:00-18:00; th 08:00-18:00; fr 08:00-18:00; sa 09:00-16:00; su closed,2026-10-10,
DOG_TRAINING,Houston DogWorks,https://www.google.com/maps/place/Houston+DogWorks/data=!4m7!3m6!1s0x8640c72045a516b1:0x9e58b7afb4719c9f!8m2!3d29.8154632!4d-95.3991507!16s%2Fg%2F11h3lymn6c!19sChIJsRalRSDHQIYRn5xxtK-3WJ4?authuser=0&hl=en&g_ep=EgoyMDI2MTAwNy4wIJJjKgBIAVAD&rclk=1,4.7,92,"3110 Yale St, Houston, TX 77018",+1 832-267-1188,http://www.houstondogworks.com/,,2026-10-10,hours: none (not published on Maps)
DOG_TRAINING,Houston Obedience Training (HOT) Dog Club,https://www.google.com/maps/place/Houston+Obedience+Training+%28HOT%29+Dog+Club/data=!4m7!3m6!1s0x8640c503daa2d139:0xcfbdd497bf97f0ef!8m2!3d29.8158964!4d-95.5247574!16s%2Fg%2F1vl9rwhm!19sChIJOdGi2gPFQIYR7_CXv5fUvc8?authuser=0&hl=en&g_ep=EgoyMDI2MTAwNy4wIJJjKgBIAVAD&rclk=1,4.5,80,"2400 Campbell Rd Unit H, Houston, TX 77080",+1 713-694-7446,https://thehotdogclub.org/,mo 07:00-22:00; tu 07:00-22:00; we 07:00-22:00; th 07:00-22:00; fr 07:00-22:00; sa 09:00-13:00; su closed,2026-10-10,
DOG_TRAINING,Good Vibes Dog Training,https://www.google.com/maps/place/Good+Vibes+Dog+Training/data=!4m7!3m6!1s0x8640c76dbc763759:0xd65e00f00792e962!8m2!3d29.8061962!4d-95.4917656!16s%2Fg%2F11hsz0vby2!19sChIJWTd2vG3HQIYRYumSB_AAXtY?authuser=0&hl=en&g_ep=EgoyMDI2MTAwNy4wIJJjKgBIAVAD&rclk=1,5.0,71,"1906 Lynnview Dr, Houston, TX 77055",+1 254-744-9345,https://www.goodvibesdogtraining.com/,,2026-10-10,hours: none (not published on Maps)
DOG_TRAINING,KraftyK9 Dog Sports,https://www.google.com/maps/place/KraftyK9+Dog+Sports/data=!4m7!3m6!1s0x8640c7bd805aaaab:0x2194d8668f43ad65!8m2!3d29.9457225!4d-95.447113!16s%2Fg%2F11h04n1523!19sChIJq6pagL3HQIYRZa1Dj2bYlCE?authuser=0&hl=en&g_ep=EgoyMDI2MTAwNy4wIJJjKgBIAVAD&rclk=1,4.9,61,"11237 Crown Park Dr D, Houston, TX 77067",+1 281-433-6994,http://kraftyk9dogsports.com/,,2026-10-10,hours: none (not published on Maps)
DOG_TRAINING,DOGMAN Training,https://www.google.com/maps/place/DOGMAN+Training/data=!4m7!3m6!1s0x8640c19fb7787f31:0xa75acfefc08d1f07!8m2!3d29.7228425!4d-95.4155161!16s%2Fg%2F11lxkvgzc9!19sChIJMX94t5_BQIYRBx-NwO_PWqc?authuser=0&hl=en&g_ep=EgoyMDI2MTAwNy4wIJJjKgBIAVAD&rclk=1,5.0,58,"2411 Sunset Blvd, Houston, TX 77005",+1 713-324-8850,http://www.dogmantraining.com/,mo 08:00-21:00; tu 08:00-21:00; we 08:00-21:00; th 08:00-21:00; fr 08:00-21:00; sa 08:00-21:00; su closed,2026-10-10,
DOG_TRAINING,Stealth K9 Dog Training,https://www.google.com/maps/place/Stealth+K9+Dog+Training/data=!4m7!3m6!1s0x8640bd62b4265275:0x7089772cccaabf58!8m2!3d29.6885049!4d-95.2820785!16s%2Fg%2F11y3yqgtcp!19sChIJdVImtGK9QIYRWL-qzCx3iXA?authuser=0&hl=en&g_ep=EgoyMDI2MTAwNy4wIJJjKgBIAVAD&rclk=1,5.0,53,"3710 Colgate St, Houston, TX 77087",+1 832-469-1693,https://www.stealthk9dogtraining.com/?utm_source=organic&utm_medium=google&utm_campaign=gbp,mo 08:00-19:00; tu 08:00-19:00; we 08:00-19:00; th 08:00-19:00; fr 08:00-19:00; sa 08:00-19:00; su closed,2026-10-10,
DOG_TRAINING,Smart Dog Training Center,https://www.google.com/maps/place/Smart+Dog+Training+Center/data=!4m7!3m6!1s0x8640c7bd7f11086f:0xe898bcd564386b7!8m2!3d29.8316738!4d-95.415023!16s%2Fg%2F1hc1jdwh_!19sChIJbwgRf73HQIYRt4ZDVs2LiQ4?authuser=0&hl=en&g_ep=EgoyMDI2MTAwNy4wIJJjKgBIAVAD&rclk=1,4.7,52,"910 Curtin St, Houston, TX 77018",+1 713-263-7339,http://www.smartdogtrainingcenter.com/,mo 06:00-22:00; tu 06:00-22:00; we 06:00-22:00; th 06:00-22:00; fr 06:00-22:00; sa 06:00-22:00; su 06:00-22:00,2026-10-10,
DOG_TRAINING,Revival Dog Training - The Heights,https://www.google.com/maps/place/Revival+Dog+Training+-+The+Heights/data=!4m7!3m6!1s0x8640c7d7db6af06f:0x60893d1a1779c14f!8m2!3d29.8039539!4d-95.4136015!16s%2Fg%2F11kpjh1n_h!19sChIJb_Bq29fHQIYRT8F5Fxo9iWA?authuser=0&hl=en&g_ep=EgoyMDI2MTAwNy4wIJJjKgBIAVAD&rclk=1,5.0,50,"835 W 20th St, Houston, TX 77008",+1 713-679-8850,https://revivalrecreationclub.com/,mo 07:00-18:00; tu 07:00-18:00; we 07:00-18:00; th 07:00-18:00; fr 07:00-18:00; sa closed; su closed,2026-10-10,
DOG_TRAINING,Club Canine Houston LLC,https://www.google.com/maps/place/Club+Canine+Houston+LLC/data=!4m7!3m6!1s0x8640c0b3730b8977:0xaf453ee154dfd54a!8m2!3d29.7689321!4d-95.4087441!16s%2Fg%2F1tfbyvp3!19sChIJd4kLc7PAQIYRStXfVOE-Ra8?authuser=0&hl=en&g_ep=EgoyMDI2MTAwNy4wIJJjKgBIAVAD&rclk=1,4.6,49,"4703 Rose St, Houston, TX 77007",+1 281-380-8175,http://clubcaninehouston.com/,mo 07:30-19:00; tu 07:30-19:00; we 07:30-19:00; th 07:30-19:00; fr 07:30-18:00; sa 08:00-12:00; su closed,2026-10-10,
DOG_TRAINING,All Dogs Training Co.,https://www.google.com/maps/place/All+Dogs+Training+Co./data=!4m7!3m6!1s0x4b0573679eb82791:0xc4108ae40d405f30!8m2!3d30.0599018!4d-95.9210874!16s%2Fg%2F11y6981j77!19sChIJkSe4nmdzBUsRMF9ADeSKEMQ?authuser=0&hl=en&g_ep=EgoyMDI2MTAwNy4wIJJjKgBIAVAD&rclk=1,4.9,40,"1410 Field Store Rd, Waller, TX 77484",+1 713-909-7968,https://alldogstraininghouston.com/,mo 07:00-19:00; tu 07:00-19:00; we 07:00-19:00; th 07:00-19:00; fr 07:00-19:00; sa 07:00-19:00; su closed,2026-10-10,
DOG_TRAINING,BossDog K9 Dog Training,https://www.google.com/maps/place/BossDog+K9+Dog+Training/data=!4m7!3m6!1s0x2f59f577d6751b8f:0x83d11d8c3280e136!8m2!3d29.8202207!4d-95.3029138!16s%2Fg%2F11swnbg4v2!19sChIJjxt11nf1WS8RNuGAMowd0YM?authuser=0&hl=en&g_ep=EgoyMDI2MTAwNy4wIJJjKgBIAVAD&rclk=1,5.0,39,"7050 Jay St, Houston, TX 77028",+1 337-390-1439,,mo 09:00-17:00; tu 09:00-17:00; we 09:00-17:00; th 09:00-17:00; fr 09:00-17:00; sa closed; su closed,2026-10-10,
DOG_TRAINING,Tail to Tail Training,https://www.google.com/maps/place/Tail+to+Tail+Training/data=!4m7!3m6!1s0x8640df22e4c01bdf:0x263096f18a71f73e!8m2!3d29.7031406!4d-95.6569076!16s%2Fg%2F11h3cfq8jm!19sChIJ3xvA5CLfQIYRPvdxivGWMCY?authuser=0&hl=en&g_ep=EgoyMDI2MTAwNy4wIJJjKgBIAVAD&rclk=1,5.0,37,"15303 La Paloma Dr, Houston, TX 77083",+1 832-216-5843,https://tailtotailtraining.com/,mo 09:00-17:00; tu 09:00-17:00; we 09:00-17:00; th 09:00-17:00; fr 09:00-17:00; sa 09:00-17:00; su 09:00-17:00,2026-10-10,
DOG_TRAINING,Hunters Creek Retrievers - Top Dog Training USA,https://www.google.com/maps/place/Hunters+Creek+Retrievers+-+Top+Dog+Training+USA/data=!4m7!3m6!1s0x8640c67cb99d8141:0xdf01d34e1d784578!8m2!3d29.7386443!4d-95.48304!16s%2Fg%2F1tdks5g3!19sChIJQYGduXzGQIYReEV4HU7TAd8?authuser=0&hl=en&g_ep=EgoyMDI2MTAwNy4wIJJjKgBIAVAD&rclk=1,4.7,37,"5868 Westheimer Rd Apt 404, Houston, TX 77057",+1 281-687-4859,http://www.hunterscreekretrievers.com/,mo 09:00-17:00; tu 09:00-17:00; we 09:00-17:00; th 09:00-17:00; fr 09:00-17:00; sa 09:00-17:00; su 09:00-17:00,2026-10-10,
PET_HOTEL,Meadowlake Pet Resort,https://www.google.com/maps/place/Meadowlake+Pet+Resort/data=!4m7!3m6!1s0x864094b85342dfb3:0x49f4e7c57be7d4ca!8m2!3d29.6117001!4d-95.3811891!16s%2Fg%2F1v26mh1c!19sChIJs99CU7iUQIYRytTne8Xn9Ek?authuser=0&hl=en&g_ep=EgoyMDI2MTAwNy4wIJJjKgBIAVAD&rclk=1,4.7,900,"13500 Furman Rd, Houston, TX 77047",+1 713-413-1633,https://www.meadowlakepetresort.com/?utm_source=GMB&utm_medium=local&utm_campaign=pearland,mo 06:00-20:00; tu 06:00-20:00; we 06:00-20:00; th 06:00-20:00; fr 06:00-20:00; sa 09:00-16:00; su 09:00-16:00,2026-10-10,
PET_HOTEL,"Rover Oaks Pet Resort, Houston","https://www.google.com/maps/place/Rover+Oaks+Pet+Resort,+Houston/data=!4m7!3m6!1s0x8640ebeaa5054967:0x5cb230b4b8183137!8m2!3d29.6736209!4d-95.4181234!16s%2Fg%2F1tmbwhrg!19sChIJZ0kFperrQIYRNzEYuLQwslw?authuser=0&hl=en&g_ep=EgoyMDI2MTAwNy4wIJJjKgBIAVAD&rclk=1",4.8,636,"2550 W Bellfort Ave, Houston, TX 77054",+1 936-249-2462,http://www.roveroaks.com/?utm_source=googlemb&utm_medium=organic&utm_campaign=weblink&utm_content=home&y_source=1_MTE2NjkwNTktNzE1LWxvY2F0aW9uLndlYnNpdGU%3D,mo 07:00-18:30; tu 07:00-18:30; we 07:00-18:30; th 07:00-18:30; fr 07:00-18:30; sa 09:00-16:00; su 14:00-18:00,2026-10-10,
PET_HOTEL,Meadowlake Pet Resort,https://www.google.com/maps/place/Meadowlake+Pet+Resort/data=!4m7!3m6!1s0x8640c1416706c7dd:0x340df44237f0fe2!8m2!3d29.7310947!4d-95.4977244!16s%2Fg%2F11f7r0fx9q!19sChIJ3ccGZ0HBQIYR4g9_I0TfQAM?authuser=0&hl=en&g_ep=EgoyMDI2MTAwNy4wIJJjKgBIAVAD&rclk=1,4.7,615,"6393 Richmond Ave, Houston, TX 77057",+1 713-413-1633,https://www.meadowlakepetresort.com/?utm_source=GMB&utm_medium=local&utm_campaign=houston,mo 06:00-20:00; tu 06:00-20:00; we 06:00-20:00; th 06:00-20:00; fr 06:00-20:00; sa 09:00-16:00; su 09:00-16:00,2026-10-10,
PET_HOTEL,PetSuites Cypress,https://www.google.com/maps/place/PetSuites+Cypress/data=!4m7!3m6!1s0x8640d120ce0dee5f:0x3d0c2e0ed0101802!8m2!3d29.921283!4d-95.6136439!16s%2Fg%2F11g0dh36fw!19sChIJX-4NziDRQIYRAhgQ0A4uDD0?authuser=0&hl=en&g_ep=EgoyMDI2MTAwNy4wIJJjKgBIAVAD&rclk=1,4.7,568,"13010 Wortham Center Dr, Houston, TX 77065",+1 281-971-4075,https://cypress.petsuitesofamerica.com/?utm_source=gmb&utm_medium=organic&y_source=1_MTE2NjkwNzAtNzE1LWxvY2F0aW9uLndlYnNpdGU%3D,mo 06:30-19:00; tu 06:30-19:00; we 06:30-19:00; th 06:30-19:00; fr 06:30-19:00; sa 07:00-17:00; su 12:00-17:00,2026-10-10,
PET_HOTEL,Pet Paradise Houston Hobby,https://www.google.com/maps/place/Pet+Paradise+Houston+Hobby/data=!4m7!3m6!1s0x864097b6041f0de5:0x7bd45e07434437e0!8m2!3d29.6602892!4d-95.2614857!16s%2Fg%2F1tdxl7md!19sChIJ5Q0fBLaXQIYR4DdEQwde1Hs?authuser=0&hl=en&g_ep=EgoyMDI2MTAwNy4wIJJjKgBIAVAD&rclk=1,4.6,555,"7511 Monroe Rd, Houston, TX 77061",+1 713-941-3647,https://www.petparadise.com/houston-hobby.htm,mo 06:30-19:00; tu 06:30-19:00; we 06:30-19:00; th 06:30-19:00; fr 06:30-19:00; sa 07:00-18:00; su 07:00-18:00,2026-10-10,
PET_HOTEL,Houston Bark Park and Daycare,https://www.google.com/maps/place/Houston+Bark+Park+and+Daycare/data=!4m7!3m6!1s0x8640c773ec957099:0x4c0b21af86fb5dcb!8m2!3d29.8107185!4d-95.4107786!16s%2Fg%2F11g9ngkc1k!19sChIJmXCV7HPHQIYRy137hq8hC0w?authuser=0&hl=en&g_ep=EgoyMDI2MTAwNy4wIJJjKgBIAVAD&rclk=1,4.7,547,"710 W 27th St, Houston, TX 77008",+1 281-888-1428,http://www.houstonbarkpark.com/,mo 07:00-19:00; tu 07:00-19:00; we 07:00-19:00; th 07:00-19:00; fr 07:00-19:00; sa 08:00-18:00; su closed,2026-10-10,
PET_HOTEL,ABC Pet Resort & Spa,https://www.google.com/maps/place/ABC+Pet+Resort+%26+Spa/data=!4m7!3m6!1s0x8640cb11480fb3e1:0xd46e7ac628980f5b!8m2!3d30.0168829!4d-95.4498325!16s%2Fg%2F1td53ttz!19sChIJ4bMPSBHLQIYRWw-YKMZ6btQ?authuser=0&hl=en&g_ep=EgoyMDI2MTAwNy4wIJJjKgBIAVAD&rclk=1,4.8,505,"17024 Bamwood Rd, Houston, TX 77090",+1 281-444-9414,https://www.abcpetresort.com/?utm_source=google_my_business&utm_medium=organic,mo 06:30-19:00; tu 06:30-19:00; we 06:30-19:00; th 06:30-19:00; fr 06:30-19:00; sa 09:00-16:00; su closed,2026-10-10,
PET_HOTEL,Houston Bark Park and Daycare,https://www.google.com/maps/place/Houston+Bark+Park+and+Daycare/data=!4m7!3m6!1s0x8640c74b753ef55b:0xe461dc526bb9fcf6!8m2!3d29.7738927!4d-95.4112994!16s%2Fg%2F11b8tn7yfd!19sChIJW_U-dUvHQIYR9vy5a1LcYeQ?authuser=0&hl=en&g_ep=EgoyMDI2MTAwNy4wIJJjKgBIAVAD&rclk=1,4.8,448,"4905 Maxie St, Houston, TX 77007",+1 713-864-2771,http://www.houstonbarkpark.com/,mo 07:00-19:00; tu 07:00-19:00; we 07:00-19:00; th 07:00-19:00; fr 07:00-19:00; sa 08:00-18:00; su 08:00-18:00,2026-10-10,
PET_HOTEL,Man's Best Friend - Houston,https://www.google.com/maps/place/Man%27s+Best+Friend+-+Houston/data=!4m7!3m6!1s0x8640c5b504fba0c5:0x156a64781973136a!8m2!3d29.8159855!4d-95.5016472!16s%2Fg%2F1pv5vyldx!19sChIJxaD7BLXFQIYRahNzGXhkahU?authuser=0&hl=en&g_ep=EgoyMDI2MTAwNy4wIJJjKgBIAVAD&rclk=1,4.7,448,"2331 Bingle Rd, Houston, TX 77055",+1 832-956-0918,https://www.mansbestfriend.com/?utm_source=gmb&utm_medium=Yext&cp=8329560918&y_source=1_MTU3OTA0NDQtNzE1LWxvY2F0aW9uLndlYnNpdGU%3D,mo 07:00-19:00; tu 07:00-19:00; we 07:00-19:00; th 07:00-19:00; fr 07:00-19:00; sa 08:00-17:00; su 08:00-17:00,2026-10-10,
PET_HOTEL,Dogtopia of Houston - Galleria,https://www.google.com/maps/place/Dogtopia+of+Houston+-+Galleria/data=!4m7!3m6!1s0x8640c3c6b0069937:0x948262c2896ed950!8m2!3d29.73804!4d-95.49427!16s%2Fg%2F11dzwp6jkd!19sChIJN5kGsMbDQIYRUNluicJigpQ?authuser=0&hl=en&g_ep=EgoyMDI2MTAwNy4wIJJjKgBIAVAD&rclk=1,4.7,427,"6240 Westheimer Rd, Houston, TX 77057",+1 346-209-2720,https://www.dogtopia.com/houston-galleria/,mo 06:00-19:30; tu 06:00-19:30; we 06:00-19:30; th 06:00-19:30; fr 06:00-19:30; sa 07:00-19:00; su 12:00-14:00,2026-10-10,
PET_SITTING,The Best Little Dog House In Texas,https://www.google.com/maps/place/The+Best+Little+Dog+House+In+Texas/data=!4m7!3m6!1s0x8640bf5eb8caa57f:0x24d5df96122846dc!8m2!3d29.7482531!4d-95.3907118!16s%2Fg%2F1hc7xxfzm!19sChIJf6XKuF6_QIYR3EYoEpbf1SQ?authuser=0&hl=en&g_ep=EgoyMDI2MTAwNy4wIJJjKgBIAVAD&rclk=1,4.7,327,"902 Fairview St, Houston, TX 77006",+1 713-533-1117,https://www.thebestlittledoghouseintexas.com/,mo 07:00-19:00; tu 07:00-19:00; we 07:00-19:00; th 07:00-19:00; fr 07:00-19:00; sa 09:00-17:00; su 11:00-17:00,2026-10-10,
PET_SITTING,Julia's Pet Services,https://www.google.com/maps/place/Julia%27s+Pet+Services/data=!4m7!3m6!1s0x8640c1c1ef2edea9:0x9856400c585ba281!8m2!3d29.7595059!4d-95.4818087!16s%2Fg%2F11h55mfy0q!19sChIJqd4u78HBQIYRgaJbWAxAVpg?authuser=0&hl=en&g_ep=EgoyMDI2MTAwNy4wIJJjKgBIAVAD&rclk=1,4.8,100,"5757 Woodway Dr unit 307, Houston, TX 77057",+1 281-935-6513,http://www.juliaspetservices.com/,mo 08:00-18:00; tu 08:00-18:00; we 08:00-18:00; th 08:00-18:00; fr 08:00-18:00; sa 08:00-16:00; su 08:00-16:00,2026-10-10,
PET_SITTING,The Doghouse 24/7,https://www.google.com/maps/place/The+Doghouse+24%2F7/data=!4m7!3m6!1s0x8640be95138349d5:0x7f92024cd706cbb9!8m2!3d29.7497087!4d-95.3295403!16s%2Fg%2F11c50mg7b_!19sChIJ1UmDE5W-QIYRucsG10wCkn8?authuser=0&hl=en&g_ep=EgoyMDI2MTAwNy4wIJJjKgBIAVAD&rclk=1,5.0,38,"124 Christensen St, Houston, TX 77003",+1 832-954-5986,,,2026-10-10,hours: none (not published on Maps)
PET_SITTING,Kendra's Pet Sitting,https://www.google.com/maps/place/Kendra%27s+Pet+Sitting/data=!4m7!3m6!1s0x863f5d7b18f3cefd:0x128cbe8cfa186636!8m2!3d29.7741679!4d-95.6115616!16s%2Fg%2F11sdkc5800!19sChIJ_c7zGHtdP4YRNmYY-oy-jBI?authuser=0&hl=en&g_ep=EgoyMDI2MTAwNy4wIJJjKgBIAVAD&rclk=1,4.7,38,"14814 Perthshire Rd, Houston, TX 77079",+1 832-808-5736,https://www.facebook.com/profile.php?id=100087651617580&mibextid=LQQJ4d,,2026-10-10,hours: none (not published on Maps)
PET_SITTING,LOVING-CARE PET SITTING by LYNN VIRSHUP,https://www.google.com/maps/place/LOVING-CARE+PET+SITTING+by+LYNN+VIRSHUP/data=!4m7!3m6!1s0x8640c5a612c87a53:0x5f472e973915d2f9!8m2!3d29.8085308!4d-95.4914574!16s%2Fg%2F11qmp_4nky!19sChIJU3rIEqbFQIYR-dIVOZcuR18?authuser=0&hl=en&g_ep=EgoyMDI2MTAwNy4wIJJjKgBIAVAD&rclk=1,4.9,35,"8042 Montridge Dr, Houston, TX 77055",+1 346-833-6282,https://www.loving-carepetsitting.com/,,2026-10-10,hours: none (not published on Maps)
PET_SITTING,Moonwalks Dog Walking & Pet Sitting,https://www.google.com/maps/place/Moonwalks+Dog+Walking+%26+Pet+Sitting/data=!4m7!3m6!1s0x8640c716d6b5a909:0x4ec3a587c5e30ac4!8m2!3d29.8315377!4d-95.4238382!16s%2Fg%2F11pvc3hrsb!19sChIJCam11hbHQIYRxArjxYelw04?authuser=0&hl=en&g_ep=EgoyMDI2MTAwNy4wIJJjKgBIAVAD&rclk=1,5.0,32,"Curtin St, Houston, TX 77018",+1 832-564-9594,https://www.moonwalksdogwalks.com/,mo 06:00-22:00; tu 06:00-22:00; we 06:00-22:00; th 06:00-22:00; fr 06:00-22:00; sa 06:00-22:00; su 06:00-22:00,2026-10-10,
PET_SITTING,Canine Comfort,https://www.google.com/maps/place/Canine+Comfort/data=!4m7!3m6!1s0x86409bce8fe48f95:0x26f81ea73cc0ed86!8m2!3d29.57338!4d-95.2454101!16s%2Fg%2F11fm73w2kv!19sChIJlY_kj86bQIYRhu3APKce-CY?authuser=0&hl=en&g_ep=EgoyMDI2MTAwNy4wIJJjKgBIAVAD&rclk=1,5.0,32,"1924 Dry Willow Ln, Houston, TX 77089",+1 832-425-6702,,mo 24h; tu 24h; we 24h; th 24h; fr 24h; sa 24h; su 24h,2026-10-10,
PET_SITTING,K-9 Companion Pet Services,https://www.google.com/maps/place/K-9+Companion+Pet+Services/data=!4m7!3m6!1s0x8640de5cc0493d65:0x744ced30ab84445c!8m2!3d29.8395776!4d-95.6571736!16s%2Fg%2F1thqb7bw!19sChIJZT1JwFzeQIYRXESEqzDtTHQ?authuser=0&hl=en&g_ep=EgoyMDI2MTAwNy4wIJJjKgBIAVAD&rclk=1,4.5,21,"4427 Kevinkay Dr, Houston, TX 77084",+1 832-427-1838,http://www.k9companionps.com/,mo 09:00-21:00; tu 09:00-21:00; we 09:00-21:00; th 09:00-21:00; fr 09:00-21:00; sa 09:00-21:00; su 09:00-21:00,2026-10-10,
PET_SITTING,All Star Pet Sitting,https://www.google.com/maps/place/All+Star+Pet+Sitting/data=!4m7!3m6!1s0x8640d252a7e4eab3:0x40112daf446e3014!8m2!3d29.9823088!4d-95.6030487!16s%2Fg%2F11clhs7y46!19sChIJs-rkp1LSQIYRFDBuRK8tEUA?authuser=0&hl=en&g_ep=EgoyMDI2MTAwNy4wIJJjKgBIAVAD&rclk=1,4.7,15,"12019 Cypresswood Dr, Houston, TX 77070",+1 713-899-9959,http://www.allstarpetsit.com/,mo 06:00-21:00; tu 06:00-21:00; we 06:00-21:00; th 06:00-21:00; fr 06:00-21:00; sa 06:00-21:00; su 06:00-21:00,2026-10-10,
PET_SITTING,ABBEYS AFFORDABLE PET NANNY,https://www.google.com/maps/place/ABBEYS+AFFORDABLE+PET+NANNY/data=!4m7!3m6!1s0x864752ba4f3a2687:0xecb625e967d00a24!8m2!3d30.0696868!4d-95.2126879!16s%2Fg%2F11c1pgn4w3!19sChIJhyY6T7pSR4YRJArQZ-kltuw?authuser=0&hl=en&g_ep=EgoyMDI2MTAwNy4wIJJjKgBIAVAD&rclk=1,4.7,15,"2261 Northpark Dr #214, Kingwood, TX 77339",+1 281-360-4936,http://abilorispetnanny.com/,mo 24h; tu 24h; we 24h; th 24h; fr 24h; sa 24h; su 24h,2026-10-10,
